model,image_idx,global_index,target,clean_correct,budget,method,lambda_factor,trace_HJ_per_ds,lambda_absolute,compressed_correct,compressed_prediction,logit_l2_damage,true_margin_clean,true_margin_compressed,true_margin_change,operator_residual_JE,carrier_displacement_fro
DeiT-Tiny,0,42140,842,1,32,operator_aware,0.01,0.6520890149468547,0.006520890149468547,0,977,14.475393295288086,1.069037914276123,-0.6571998596191406,-1.7262377738952637,0.22420446574687958,5.875259876251221
DeiT-Tiny,0,42140,842,1,32,operator_aware,0.1,0.6520890149468547,0.06520890149468547,0,977,13.014713287353516,1.069037914276123,-0.4835810661315918,-1.5526189804077148,1.1916685104370117,4.7531633377075195
DeiT-Tiny,0,42140,842,1,32,operator_aware,1.0,0.6520890149468547,0.6520890149468547,1,842,8.544227600097656,1.069037914276123,0.19050312042236328,-0.8785347938537598,3.975557565689087,2.7062079906463623
DeiT-Tiny,0,42140,842,1,32,operator_aware,3.0,0.6520890149468547,1.9562670448405641,1,842,6.26771354675293,1.069037914276123,0.5385832786560059,-0.5304546356201172,5.926795482635498,1.7676585912704468
DeiT-Tiny,0,42140,842,1,32,operator_aware,10.0,0.6520890149468547,6.5208901494685465,1,842,6.105525016784668,1.069037914276123,0.782435417175293,-0.2866024971008301,8.202177047729492,0.9348604679107666
DeiT-Tiny,0,42140,842,1,32,operator_aware,30.0,0.6520890149468547,19.56267044840564,1,842,7.207415580749512,1.069037914276123,0.91015625,-0.15888166427612305,9.85539436340332,0.42639610171318054
DeiT-Tiny,0,42140,842,1,32,operator_aware,100.0,0.6520890149468547,65.20890149468546,1,842,7.993863105773926,1.069037914276123,0.9783620834350586,-0.09067583084106445,10.825145721435547,0.14990487694740295
DeiT-Tiny,0,42140,842,1,98,operator_aware,0.01,0.9721004546270705,0.009721004546270706,1,842,3.0287272930145264,1.069037914276123,0.9632754325866699,-0.10576248168945312,0.0737524926662445,3.031820774078369
DeiT-Tiny,0,42140,842,1,98,operator_aware,0.1,0.9721004546270705,0.09721004546270706,1,842,2.6530380249023438,1.069037914276123,0.9795503616333008,-0.08948755264282227,0.45217886567115784,2.5134096145629883
DeiT-Tiny,0,42140,842,1,98,operator_aware,1.0,0.9721004546270705,0.9721004546270705,1,842,1.698222279548645,1.069037914276123,1.037482738494873,-0.03155517578125,1.62592613697052,1.3863261938095093
DeiT-Tiny,0,42140,842,1,98,operator_aware,3.0,0.9721004546270705,2.9163013638812116,1,842,1.4940459728240967,1.069037914276123,1.0787181854248047,0.00968027114868164,2.3983120918273926,0.8466196060180664
DeiT-Tiny,0,42140,842,1,98,operator_aware,10.0,0.9721004546270705,9.721004546270706,1,842,2.0353827476501465,1.069037914276123,1.1081905364990234,0.03915262222290039,3.170893430709839,0.39681294560432434
DeiT-Tiny,0,42140,842,1,98,operator_aware,30.0,0.9721004546270705,29.163013638812114,1,842,2.5892295837402344,1.069037914276123,1.1167840957641602,0.04774618148803711,3.6195576190948486,0.16311931610107422
DeiT-Tiny,0,42140,842,1,98,operator_aware,100.0,0.9721004546270705,97.21004546270706,1,842,2.896336317062378,1.069037914276123,1.1184172630310059,0.04937934875488281,3.8402974605560303,0.053795166313648224
DeiT-Tiny,0,42140,842,1,32,group_mean,,0.6520890149468547,,1,842,8.452869415283203,1.069037914276123,1.0140738487243652,-0.05496406555175781,11.367167472839355,0.0
DeiT-Tiny,0,42140,842,1,98,group_mean,,0.9721004546270705,,1,842,3.057229995727539,1.069037914276123,1.1184916496276855,0.0494537353515625,3.951399803161621,0.0
DeiT-Tiny,1,49647,992,1,32,operator_aware,0.01,0.03752093156282494,0.0003752093156282494,1,992,4.597319602966309,1.659919261932373,1.9068222045898438,0.2469029426574707,0.057678911834955215,8.755841255187988
DeiT-Tiny,1,49647,992,1,32,operator_aware,0.1,0.03752093156282494,0.003752093156282494,1,992,4.120875835418701,1.659919261932373,1.8453354835510254,0.18541622161865234,0.41221338510513306,7.247642517089844
DeiT-Tiny,1,49647,992,1,32,operator_aware,1.0,0.03752093156282494,0.03752093156282494,1,992,2.8337059020996094,1.659919261932373,1.6711311340332031,0.011211872100830078,1.5548676252365112,3.853135108947754
DeiT-Tiny,1,49647,992,1,32,operator_aware,3.0,0.03752093156282494,0.11256279468847483,1,992,2.6924643516540527,1.659919261932373,1.558814525604248,-0.101104736328125,2.3093631267547607,2.372886896133423
DeiT-Tiny,1,49647,992,1,32,operator_aware,10.0,0.03752093156282494,0.3752093156282494,1,992,2.736147165298462,1.659919261932373,1.4822678565979004,-0.17765140533447266,3.0517024993896484,1.243093490600586
DeiT-Tiny,1,49647,992,1,32,operator_aware,30.0,0.03752093156282494,1.125627946884748,1,992,2.6956984996795654,1.659919261932373,1.4788613319396973,-0.18105792999267578,3.552624225616455,0.6256842613220215
DeiT-Tiny,1,49647,992,1,32,operator_aware,100.0,0.03752093156282494,3.752093156282494,1,992,2.9302620887756348,1.659919261932373,1.4999728202819824,-0.15994644165039062,3.919924736022949,0.2476610690355301
DeiT-Tiny,1,49647,992,1,98,operator_aware,0.01,0.0769036572741541,0.000769036572741541,1,992,1.1481318473815918,1.659919261932373,1.736131191253662,0.07621192932128906,0.025290124118328094,3.939033269882202
DeiT-Tiny,1,49647,992,1,98,operator_aware,0.1,0.0769036572741541,0.00769036572741541,1,992,0.9873087406158447,1.659919261932373,1.7198781967163086,0.05995893478393555,0.16942298412322998,3.2801079750061035
DeiT-Tiny,1,49647,992,1,98,operator_aware,1.0,0.0769036572741541,0.0769036572741541,1,992,0.4827633798122406,1.659919261932373,1.670323371887207,0.010404109954833984,0.6301698684692383,1.7329826354980469
DeiT-Tiny,1,49647,992,1,98,operator_aware,3.0,0.0769036572741541,0.2307109718224623,1,992,0.48081693053245544,1.659919261932373,1.6404542922973633,-0.019464969635009766,0.9196661114692688,0.9744412899017334
DeiT-Tiny,1,49647,992,1,98,operator_aware,10.0,0.0769036572741541,0.769036572741541,1,992,0.7288652062416077,1.659919261932373,1.6214957237243652,-0.03842353820800781,1.16033935546875,0.4163089990615845
DeiT-Tiny,1,49647,992,1,98,operator_aware,30.0,0.0769036572741541,2.307109718224623,1,992,0.8735058903694153,1.659919261932373,1.6164612770080566,-0.043457984924316406,1.2770649194717407,0.16796933114528656
DeiT-Tiny,1,49647,992,1,98,operator_aware,100.0,0.0769036572741541,7.6903657274154105,1,992,0.9412173628807068,1.659919261932373,1.6153216361999512,-0.044597625732421875,1.3319976329803467,0.05731121078133583
DeiT-Tiny,1,49647,992,1,32,group_mean,,0.03752093156282494,,1,992,3.2368030548095703,1.659919261932373,1.5181999206542969,-0.14171934127807617,4.197682857513428,0.0
DeiT-Tiny,1,49647,992,1,98,group_mean,,0.0769036572741541,,1,992,0.9764685034751892,1.659919261932373,1.6147713661193848,-0.04514789581298828,1.3613221645355225,0.0
DeiT-Tiny,2,20341,406,1,32,operator_aware,0.01,0.07805268340836584,0.0007805268340836584,1,406,6.103357791900635,3.0067825317382812,3.0520286560058594,0.045246124267578125,0.10341638326644897,9.284399032592773
DeiT-Tiny,2,20341,406,1,32,operator_aware,0.1,0.07805268340836584,0.007805268340836584,1,406,5.433774948120117,3.0067825317382812,3.051398277282715,0.044615745544433594,0.6109662652015686,7.306851863861084
DeiT-Tiny,2,20341,406,1,32,operator_aware,1.0,0.07805268340836584,0.07805268340836584,1,406,3.9623489379882812,3.0067825317382812,3.115410804748535,0.1086282730102539,2.0936338901519775,3.873711109161377
DeiT-Tiny,2,20341,406,1,32,operator_aware,3.0,0.07805268340836584,0.2341580502250975,1,406,3.1727516651153564,3.0067825317382812,3.1297388076782227,0.1229562759399414,3.0610873699188232,2.4359054565429688
DeiT-Tiny,2,20341,406,1,32,operator_aware,10.0,0.07805268340836584,0.7805268340836584,1,406,2.885232925415039,3.0067825317382812,3.096259593963623,0.0894770622253418,4.075924873352051,1.2735940217971802
DeiT-Tiny,2,20341,406,1,32,operator_aware,30.0,0.07805268340836584,2.341580502250975,1,406,3.2794761657714844,3.0067825317382812,3.04628324508667,0.03950071334838867,4.766912460327148,0.5985857248306274
DeiT-Tiny,2,20341,406,1,32,operator_aware,100.0,0.07805268340836584,7.805268340836584,1,406,3.7058522701263428,3.0067825317382812,3.0072078704833984,0.0004253387451171875,5.167496681213379,0.22106969356536865
DeiT-Tiny,2,20341,406,1,98,operator_aware,0.01,0.10218317639017997,0.0010218317639017998,1,406,1.9131662845611572,3.0067825317382812,3.021289825439453,0.014507293701171875,0.040974799543619156,4.332071781158447
DeiT-Tiny,2,20341,406,1,98,operator_aware,0.1,0.10218317639017997,0.010218317639017998,1,406,1.7168000936508179,3.0067825317382812,3.021967887878418,0.015185356140136719,0.23273439705371857,3.532763719558716
DeiT-Tiny,2,20341,406,1,98,operator_aware,1.0,0.10218317639017997,0.10218317639017997,1,406,1.1824544668197632,3.0067825317382812,3.038048267364502,0.0312657356262207,0.8179547786712646,2.0049655437469482
DeiT-Tiny,2,20341,406,1,98,operator_aware,3.0,0.10218317639017997,0.3065495291705399,1,406,0.8943769931793213,3.0067825317382812,3.0412392616271973,0.034456729888916016,1.2279529571533203,1.3000274896621704
DeiT-Tiny,2,20341,406,1,98,operator_aware,10.0,0.10218317639017997,1.0218317639017998,1,406,0.9568864703178406,3.0067825317382812,3.027477264404297,0.020694732666015625,1.6846461296081543,0.6785028576850891
DeiT-Tiny,2,20341,406,1,98,operator_aware,30.0,0.10218317639017997,3.0654952917053993,1,406,1.2768335342407227,3.0067825317382812,3.0077996253967285,0.0010170936584472656,1.9990466833114624,0.3067528009414673
DeiT-Tiny,2,20341,406,1,98,operator_aware,100.0,0.10218317639017997,10.218317639017997,1,406,1.5186783075332642,3.0067825317382812,2.9930944442749023,-0.013688087463378906,2.1781294345855713,0.10771182179450989
DeiT-Tiny,2,20341,406,1,32,group_mean,,0.07805268340836584,,1,406,4.023381233215332,3.0067825317382812,2.9815139770507812,-0.0252685546875,5.3958353996276855,0.0
DeiT-Tiny,2,20341,406,1,98,group_mean,,0.10218317639017997,,1,406,1.667991042137146,3.0067825317382812,2.9838576316833496,-0.02292490005493164,2.2773587703704834,0.0
DeiT-Tiny,3,29530,590,1,32,operator_aware,0.01,0.838477354898607,0.00838477354898607,1,590,13.386964797973633,1.89186429977417,1.9850473403930664,0.09318304061889648,0.2487657219171524,5.774707794189453
DeiT-Tiny,3,29530,590,1,32,operator_aware,0.1,0.838477354898607,0.0838477354898607,1,590,11.62930679321289,1.89186429977417,2.043551445007324,0.1516871452331543,1.3464456796646118,4.48220682144165
DeiT-Tiny,3,29530,590,1,32,operator_aware,1.0,0.838477354898607,0.838477354898607,1,590,7.7244133949279785,1.89186429977417,2.1672492027282715,0.27538490295410156,4.236476421356201,2.3609182834625244
DeiT-Tiny,3,29530,590,1,32,operator_aware,3.0,0.838477354898607,2.515432064695821,1,590,5.996343612670898,1.89186429977417,2.1234254837036133,0.23156118392944336,6.076009750366211,1.4547359943389893
DeiT-Tiny,3,29530,590,1,32,operator_aware,10.0,0.838477354898607,8.38477354898607,1,590,6.444787979125977,1.89186429977417,1.9522294998168945,0.06036520004272461,7.943368911743164,0.7189688682556152
DeiT-Tiny,3,29530,590,1,32,operator_aware,30.0,0.838477354898607,25.154320646958208,1,590,7.721606731414795,1.89186429977417,1.7989816665649414,-0.09288263320922852,9.149506568908691,0.3209766745567322
DeiT-Tiny,3,29530,590,1,32,operator_aware,100.0,0.838477354898607,83.8477354898607,1,590,8.690022468566895,1.89186429977417,1.6992526054382324,-0.1926116943359375,9.863394737243652,0.11435680091381073
DeiT-Tiny,3,29530,590,1,98,operator_aware,0.01,1.2814930197899776,0.012814930197899777,1,590,3.6274704933166504,1.89186429977417,1.9262633323669434,0.03439903259277344,0.10165950655937195,3.0911977291107178
DeiT-Tiny,3,29530,590,1,98,operator_aware,0.1,1.2814930197899776,0.12814930197899776,1,590,3.1469662189483643,1.89186429977417,1.938952922821045,0.047088623046875,0.5515928268432617,2.46213436126709
DeiT-Tiny,3,29530,590,1,98,operator_aware,1.0,1.2814930197899776,1.2814930197899776,1,590,1.8880339860916138,1.89186429977417,2.002869129180908,0.11100482940673828,1.846815824508667,1.2376188039779663
DeiT-Tiny,3,29530,590,1,98,operator_aware,3.0,1.2814930197899776,3.8444790593699327,1,590,1.850062608718872,1.89186429977417,2.0130252838134766,0.12116098403930664,2.616179943084717,0.7063410878181458
DeiT-Tiny,3,29530,590,1,98,operator_aware,10.0,1.2814930197899776,12.814930197899777,1,590,2.5722126960754395,1.89186429977417,1.976130485534668,0.08426618576049805,3.304077386856079,0.32289090752601624
DeiT-Tiny,3,29530,590,1,98,operator_aware,30.0,1.2814930197899776,38.44479059369933,1,590,3.1898081302642822,1.89186429977417,1.932136058807373,0.040271759033203125,3.7017295360565186,0.13663716614246368
DeiT-Tiny,3,29530,590,1,98,operator_aware,100.0,1.2814930197899776,128.14930197899776,1,590,3.5491745471954346,1.89186429977417,1.9035983085632324,0.0117340087890625,3.913400650024414,0.04656152054667473
DeiT-Tiny,3,29530,590,1,32,group_mean,,0.838477354898607,,1,590,9.343600273132324,1.89186429977417,1.6370773315429688,-0.25478696823120117,10.296603202819824,0.0
DeiT-Tiny,3,29530,590,1,98,group_mean,,1.2814930197899776,,1,590,3.749433755874634,1.89186429977417,1.887247085571289,-0.004617214202880859,4.028174877166748,0.0
DeiT-Tiny,4,38707,774,0,32,operator_aware,0.01,0.7161504382000238,0.007161504382000238,0,459,12.53933048248291,-3.9108946323394775,-3.7328927516937256,0.17800188064575195,0.24277301132678986,6.118557929992676
DeiT-Tiny,4,38707,774,0,32,operator_aware,0.1,0.7161504382000238,0.07161504382000237,0,459,10.93291187286377,-3.9108946323394775,-3.7591631412506104,0.1517314910888672,1.3816711902618408,4.9258246421813965
DeiT-Tiny,4,38707,774,0,32,operator_aware,1.0,0.7161504382000238,0.7161504382000238,0,459,8.180533409118652,-3.9108946323394775,-3.6377265453338623,0.27316808700561523,4.554585933685303,2.5580031871795654
DeiT-Tiny,4,38707,774,0,32,operator_aware,3.0,0.7161504382000238,2.1484513146000714,0,459,7.764147758483887,-3.9108946323394775,-3.422442674636841,0.4884519577026367,6.473283290863037,1.5595258474349976
DeiT-Tiny,4,38707,774,0,32,operator_aware,10.0,0.7161504382000238,7.1615043820002375,0,445,8.406344413757324,-3.9108946323394775,-3.5088424682617188,0.4020521640777588,8.37241268157959,0.7988527417182922
DeiT-Tiny,4,38707,774,0,32,operator_aware,30.0,0.7161504382000238,21.48451314600071,0,445,9.248903274536133,-3.9108946323394775,-3.8770949840545654,0.03379964828491211,9.67628002166748,0.37976372241973877
DeiT-Tiny,4,38707,774,0,32,operator_aware,100.0,0.7161504382000238,71.61504382000238,0,445,9.96960163116455,-3.9108946323394775,-4.14097261428833,-0.23007798194885254,10.52247142791748,0.14085030555725098
DeiT-Tiny,4,38707,774,0,98,operator_aware,0.01,1.2101801164501078,0.012101801164501078,0,459,4.165865421295166,-3.9108946323394775,-4.117532730102539,-0.20663809776306152,0.11596573889255524,3.754415512084961
DeiT-Tiny,4,38707,774,0,98,operator_aware,0.1,1.2101801164501078,0.12101801164501079,0,459,3.543170690536499,-3.9108946323394775,-4.084003448486328,-0.17310881614685059,0.6734609603881836,3.0047857761383057
DeiT-Tiny,4,38707,774,0,98,operator_aware,1.0,1.2101801164501078,1.2101801164501078,0,459,2.4838979244232178,-3.9108946323394775,-3.987578868865967,-0.07668423652648926,2.2279272079467773,1.5236396789550781
DeiT-Tiny,4,38707,774,0,98,operator_aware,3.0,1.2101801164501078,3.6305403493503237,0,459,2.4653992652893066,-3.9108946323394775,-3.8793373107910156,0.031557321548461914,3.1245038509368896,0.9237004518508911
DeiT-Tiny,4,38707,774,0,98,operator_aware,10.0,1.2101801164501078,12.101801164501078,0,445,2.9245989322662354,-3.9108946323394775,-3.7756502628326416,0.13524436950683594,3.9981744289398193,0.4739007353782654
DeiT-Tiny,4,38707,774,0,98,operator_aware,30.0,1.2101801164501078,36.305403493503235,0,445,3.5325775146484375,-3.9108946323394775,-3.8662455081939697,0.04464912414550781,4.608042240142822,0.22184748947620392
DeiT-Tiny,4,38707,774,0,98,operator_aware,100.0,1.2101801164501078,121.01801164501079,0,445,4.032943248748779,-3.9108946323394775,-3.9307849407196045,-0.019890308380126953,4.99869441986084,0.08040793985128403
DeiT-Tiny,4,38707,774,0,32,group_mean,,0.7161504382000238,,0,445,10.498650550842285,-3.9108946323394775,-4.303038597106934,-0.39214396476745605,11.058595657348633,0.0
DeiT-Tiny,4,38707,774,0,98,group_mean,,1.2101801164501078,,0,445,4.367356777191162,-3.9108946323394775,-3.9703850746154785,-0.05949044227600098,5.237250328063965,0.0
DeiT-Tiny,5,13879,277,1,32,operator_aware,0.01,0.23054002011993502,0.00230540020119935,1,277,6.275967597961426,0.9633069038391113,0.7968192100524902,-0.1664876937866211,0.11900940537452698,5.756978511810303
DeiT-Tiny,5,13879,277,1,32,operator_aware,0.1,0.23054002011993502,0.023054002011993504,1,277,5.335845470428467,0.9633069038391113,0.8043007850646973,-0.15900611877441406,0.6902031302452087,4.897701740264893
DeiT-Tiny,5,13879,277,1,32,operator_aware,1.0,0.23054002011993502,0.23054002011993502,1,277,3.302732229232788,0.9633069038391113,0.8062453269958496,-0.15706157684326172,2.6308603286743164,2.7903711795806885
DeiT-Tiny,5,13879,277,1,32,operator_aware,3.0,0.23054002011993502,0.6916200603598051,1,277,3.1705849170684814,0.9633069038391113,0.7982468605041504,-0.16506004333496094,3.8790841102600098,1.7017569541931152
DeiT-Tiny,5,13879,277,1,32,operator_aware,10.0,0.23054002011993502,2.30540020119935,1,277,4.130930423736572,0.9633069038391113,0.8223686218261719,-0.14093828201293945,5.03123140335083,0.8281669020652771
DeiT-Tiny,5,13879,277,1,32,operator_aware,30.0,0.23054002011993502,6.9162006035980506,1,277,5.000004768371582,0.9633069038391113,0.883124828338623,-0.08018207550048828,5.709493160247803,0.3697190284729004
DeiT-Tiny,5,13879,277,1,32,operator_aware,100.0,0.23054002011993502,23.054002011993504,1,277,5.547488212585449,0.9633069038391113,0.938819408416748,-0.02448749542236328,6.088025093078613,0.13098138570785522
DeiT-Tiny,5,13879,277,1,98,operator_aware,0.01,0.2948591415762498,0.002948591415762498,1,277,1.6848747730255127,0.9633069038391113,0.9636483192443848,0.0003414154052734375,0.05066364258527756,3.2183377742767334
DeiT-Tiny,5,13879,277,1,98,operator_aware,0.1,0.2948591415762498,0.029485914157624984,1,277,1.4059373140335083,0.9633069038391113,0.9538965225219727,-0.009410381317138672,0.3060309886932373,2.65762996673584
DeiT-Tiny,5,13879,277,1,98,operator_aware,1.0,0.2948591415762498,0.2948591415762498,1,277,0.7989745736122131,0.9633069038391113,0.9326510429382324,-0.030655860900878906,1.104899525642395,1.323603868484497
DeiT-Tiny,5,13879,277,1,98,operator_aware,3.0,0.2948591415762498,0.8845774247287495,1,277,0.9757933020591736,0.9633069038391113,0.9293875694274902,-0.033919334411621094,1.5457751750946045,0.7294014096260071
DeiT-Tiny,5,13879,277,1,98,operator_aware,10.0,0.2948591415762498,2.948591415762498,1,277,1.4021191596984863,0.9633069038391113,0.9352240562438965,-0.028082847595214844,1.8999552726745605,0.31566038727760315
DeiT-Tiny,5,13879,277,1,98,operator_aware,30.0,0.2948591415762498,8.845774247287494,1,277,1.6751760244369507,0.9633069038391113,0.949364185333252,-0.013942718505859375,2.0810282230377197,0.12978065013885498
DeiT-Tiny,5,13879,277,1,98,operator_aware,100.0,0.2948591415762498,29.485914157624983,1,277,1.8231464624404907,0.9633069038391113,0.9627909660339355,-0.0005159378051757812,2.173259973526001,0.04408033937215805
DeiT-Tiny,5,13879,277,1,32,group_mean,,0.23054002011993502,,1,277,5.876224040985107,0.9633069038391113,0.9772648811340332,0.013957977294921875,6.304501533508301,0.0
DeiT-Tiny,5,13879,277,1,98,group_mean,,0.2948591415762498,,1,277,1.906335473060608,0.9633069038391113,0.9722771644592285,0.008970260620117188,2.2240428924560547,0.0
DeiT-Tiny,6,5234,104,1,32,operator_aware,0.01,0.38504703064070805,0.0038504703064070806,1,104,6.8969573974609375,6.1470417976379395,6.211910247802734,0.06486845016479492,0.12796825170516968,7.770776271820068
DeiT-Tiny,6,5234,104,1,32,operator_aware,0.1,0.38504703064070805,0.038504703064070805,1,104,6.264348983764648,6.1470417976379395,6.158200263977051,0.011158466339111328,0.9053344130516052,6.459052562713623
DeiT-Tiny,6,5234,104,1,32,operator_aware,1.0,0.38504703064070805,0.38504703064070805,1,104,4.886107444763184,6.1470417976379395,6.2099456787109375,0.06290388107299805,3.350642681121826,3.396156072616577
DeiT-Tiny,6,5234,104,1,32,operator_aware,3.0,0.38504703064070805,1.155141091922124,1,104,4.531403064727783,6.1470417976379395,6.2327165603637695,0.08567476272583008,4.883679389953613,2.050945281982422
DeiT-Tiny,6,5234,104,1,32,operator_aware,10.0,0.38504703064070805,3.8504703064070807,1,104,5.256632328033447,6.1470417976379395,5.99759578704834,-0.1494460105895996,6.399339199066162,0.9897143840789795
DeiT-Tiny,6,5234,104,1,32,operator_aware,30.0,0.38504703064070805,11.551410919221242,1,104,6.103549480438232,6.1470417976379395,5.774054527282715,-0.3729872703552246,7.292043685913086,0.4427085220813751
DeiT-Tiny,6,5234,104,1,32,operator_aware,100.0,0.38504703064070805,38.5047030640708,1,104,6.6586833000183105,6.1470417976379395,5.622901916503906,-0.5241398811340332,7.768401145935059,0.15946805477142334
DeiT-Tiny,6,5234,104,1,98,operator_aware,0.01,0.555456031194993,0.00555456031194993,1,104,2.103876829147339,6.1470417976379395,6.278768539428711,0.13172674179077148,0.059545014053583145,3.3456993103027344
DeiT-Tiny,6,5234,104,1,98,operator_aware,0.1,0.555456031194993,0.0555456031194993,1,104,1.7608368396759033,6.1470417976379395,6.258641242980957,0.11159944534301758,0.40557625889778137,2.6637063026428223
DeiT-Tiny,6,5234,104,1,98,operator_aware,1.0,0.555456031194993,0.555456031194993,1,104,1.0121289491653442,6.1470417976379395,6.200592994689941,0.05355119705200195,1.2969030141830444,1.2928344011306763
DeiT-Tiny,6,5234,104,1,98,operator_aware,3.0,0.555456031194993,1.666368093584979,1,104,1.0480526685714722,6.1470417976379395,6.172309875488281,0.025268077850341797,1.77847158908844,0.7310472726821899
DeiT-Tiny,6,5234,104,1,98,operator_aware,10.0,0.555456031194993,5.554560311949929,1,104,1.4413951635360718,6.1470417976379395,6.154651641845703,0.007609844207763672,2.1949234008789062,0.3178226351737976
DeiT-Tiny,6,5234,104,1,98,operator_aware,30.0,0.555456031194993,16.66368093584979,1,104,1.7175486087799072,6.1470417976379395,6.148482799530029,0.0014410018920898438,2.4097769260406494,0.12616953253746033
DeiT-Tiny,6,5234,104,1,98,operator_aware,100.0,0.555456031194993,55.5456031194993,1,104,1.8584460020065308,6.1470417976379395,6.146186828613281,-0.0008549690246582031,2.5102458000183105,0.04106374457478523
DeiT-Tiny,6,5234,104,1,32,group_mean,,0.38504703064070805,,1,104,7.00106954574585,6.1470417976379395,5.531353950500488,-0.6156878471374512,8.034981727600098,0.0
DeiT-Tiny,6,5234,104,1,98,group_mean,,0.555456031194993,,1,104,1.9308171272277832,6.1470417976379395,6.145110607147217,-0.0019311904907226562,2.5599217414855957,0.0
DeiT-Tiny,7,22077,441,0,32,operator_aware,0.01,0.46745096179589574,0.004674509617958958,0,470,8.542834281921387,-2.929715156555176,-2.5368127822875977,0.3929023742675781,0.21015211939811707,6.635930061340332
DeiT-Tiny,7,22077,441,0,32,operator_aware,0.1,0.46745096179589574,0.04674509617958958,0,470,7.281041622161865,-2.929715156555176,-2.5488672256469727,0.3808479309082031,1.2108031511306763,5.307104587554932
DeiT-Tiny,7,22077,441,0,32,operator_aware,1.0,0.46745096179589574,0.46745096179589574,0,470,5.827083110809326,-2.929715156555176,-2.6010184288024902,0.32869672775268555,3.8535239696502686,2.865260124206543
DeiT-Tiny,7,22077,441,0,32,operator_aware,3.0,0.46745096179589574,1.4023528853876872,0,470,5.297693252563477,-2.929715156555176,-2.6694998741149902,0.26021528244018555,5.464313983917236,1.8154834508895874
DeiT-Tiny,7,22077,441,0,32,operator_aware,10.0,0.46745096179589574,4.674509617958957,0,470,5.572337627410889,-2.929715156555176,-2.838752269744873,0.09096288681030273,7.122594356536865,0.9278187155723572
DeiT-Tiny,7,22077,441,0,32,operator_aware,30.0,0.46745096179589574,14.023528853876872,0,470,6.667255878448486,-2.929715156555176,-3.019291400909424,-0.08957624435424805,8.208508491516113,0.41543030738830566
DeiT-Tiny,7,22077,441,0,32,operator_aware,100.0,0.46745096179589574,46.745096179589574,0,470,7.553745269775391,-2.929715156555176,-3.139313220977783,-0.20959806442260742,8.822731971740723,0.1445954293012619
DeiT-Tiny,7,22077,441,0,98,operator_aware,0.01,0.7233640230611617,0.007233640230611617,0,470,2.5600831508636475,-2.929715156555176,-3.0723094940185547,-0.1425943374633789,0.081245556473732,2.9455411434173584
DeiT-Tiny,7,22077,441,0,98,operator_aware,0.1,0.7233640230611617,0.07233640230611617,0,470,2.2318601608276367,-2.929715156555176,-3.0266456604003906,-0.09693050384521484,0.439788818359375,2.2967183589935303
DeiT-Tiny,7,22077,441,0,98,operator_aware,1.0,0.7233640230611617,0.7233640230611617,0,470,1.7121961116790771,-2.929715156555176,-2.9470438957214355,-0.017328739166259766,1.3221180438995361,1.1757889986038208
DeiT-Tiny,7,22077,441,0,98,operator_aware,3.0,0.7233640230611617,2.170092069183485,0,470,1.5528959035873413,-2.929715156555176,-2.9025626182556152,0.027152538299560547,1.8187546730041504,0.7247201800346375
DeiT-Tiny,7,22077,441,0,98,operator_aware,10.0,0.7233640230611617,7.233640230611616,0,470,1.5743441581726074,-2.929715156555176,-2.8441519737243652,0.08556318283081055,2.3263156414031982,0.3676746189594269
DeiT-Tiny,7,22077,441,0,98,operator_aware,30.0,0.7233640230611617,21.70092069183485,0,470,1.8254395723342896,-2.929715156555176,-2.798732280731201,0.1309828758239746,2.6815733909606934,0.16396048665046692
DeiT-Tiny,7,22077,441,0,98,operator_aware,100.0,0.7233640230611617,72.33640230611617,0,470,2.0525972843170166,-2.929715156555176,-2.770885944366455,0.1588292121887207,2.889787435531616,0.05683218687772751
DeiT-Tiny,7,22077,441,0,32,group_mean,,0.46745096179589574,,0,470,8.100118637084961,-2.929715156555176,-3.20889949798584,-0.27918434143066406,9.162872314453125,0.0
DeiT-Tiny,7,22077,441,0,98,group_mean,,0.7233640230611617,,0,470,2.1975443363189697,-2.929715156555176,-2.7549538612365723,0.17476129531860352,3.0061309337615967,0.0
DeiT-Small,0,42140,842,1,32,operator_aware,0.01,0.03869583724644398,0.0003869583724644398,1,842,10.584294319152832,2.027188301086426,1.5652923583984375,-0.4618959426879883,0.2519057095050812,22.71807861328125
DeiT-Small,0,42140,842,1,32,operator_aware,0.1,0.03869583724644398,0.003869583724644398,1,842,9.033873558044434,2.027188301086426,1.6350088119506836,-0.3921794891357422,1.1440788507461548,18.324228286743164
DeiT-Small,0,42140,842,1,32,operator_aware,1.0,0.03869583724644398,0.03869583724644398,1,842,6.025269508361816,2.027188301086426,1.8695669174194336,-0.1576213836669922,3.7453131675720215,10.107658386230469
DeiT-Small,0,42140,842,1,32,operator_aware,3.0,0.03869583724644398,0.11608751173933193,1,842,5.397421360015869,2.027188301086426,1.9456357955932617,-0.08155250549316406,5.447041988372803,6.410369396209717
DeiT-Small,0,42140,842,1,32,operator_aware,10.0,0.03869583724644398,0.3869583724644398,1,842,6.169532299041748,2.027188301086426,1.923649787902832,-0.10353851318359375,7.271360874176025,3.3490467071533203
DeiT-Small,0,42140,842,1,32,operator_aware,30.0,0.03869583724644398,1.1608751173933194,1,842,7.372400760650635,2.027188301086426,1.9742870330810547,-0.052901268005371094,8.552388191223145,1.5697529315948486
DeiT-Small,0,42140,842,1,32,operator_aware,100.0,0.03869583724644398,3.869583724644398,1,842,8.32657527923584,2.027188301086426,2.0757322311401367,0.04854393005371094,9.348299026489258,0.5818721055984497
DeiT-Small,0,42140,842,1,98,operator_aware,0.01,0.05397647515975035,0.0005397647515975035,1,842,2.8256804943084717,2.027188301086426,1.9800434112548828,-0.04714488983154297,0.0870843455195427,10.730439186096191
DeiT-Small,0,42140,842,1,98,operator_aware,0.1,0.05397647515975035,0.0053976475159750355,1,842,2.450901508331299,2.027188301086426,2.0029635429382324,-0.02422475814819336,0.43865877389907837,8.606966018676758
DeiT-Small,0,42140,842,1,98,operator_aware,1.0,0.05397647515975035,0.05397647515975035,1,842,1.6566078662872314,2.027188301086426,2.005917549133301,-0.021270751953125,1.438230037689209,4.571461200714111
DeiT-Small,0,42140,842,1,98,operator_aware,3.0,0.05397647515975035,0.16192942547925104,1,842,1.5322221517562866,2.027188301086426,1.9923505783081055,-0.03483772277832031,2.0580687522888184,2.7960472106933594
DeiT-Small,0,42140,842,1,98,operator_aware,10.0,0.05397647515975035,0.5397647515975035,1,842,1.8349015712738037,2.027188301086426,2.0033373832702637,-0.02385091781616211,2.6830756664276123,1.4124706983566284
DeiT-Small,0,42140,842,1,98,operator_aware,30.0,0.05397647515975035,1.6192942547925104,1,842,2.2721142768859863,2.027188301086426,2.040940761566162,0.013752460479736328,3.1116561889648438,0.6456458568572998
DeiT-Small,0,42140,842,1,98,operator_aware,100.0,0.05397647515975035,5.397647515975034,1,842,2.6011621952056885,2.027188301086426,2.076338768005371,0.04915046691894531,3.3757147789001465,0.23217254877090454
DeiT-Small,0,42140,842,1,32,group_mean,,0.03869583724644398,,1,842,9.01049518585205,2.027188301086426,2.161984920501709,0.1347966194152832,9.848634719848633,0.0
DeiT-Small,0,42140,842,1,98,group_mean,,0.05397647515975035,,1,842,2.813408374786377,2.027188301086426,2.100496292114258,0.07330799102783203,3.5369133949279785,0.0
DeiT-Small,1,49647,992,1,32,operator_aware,0.01,0.004803260412051236,4.803260412051236e-05,1,992,2.7737832069396973,1.2945327758789062,1.2925539016723633,-0.0019788742065429688,0.07532472163438797,16.81513214111328
DeiT-Small,1,49647,992,1,32,operator_aware,0.1,0.004803260412051236,0.0004803260412051236,1,992,2.420762777328491,1.2945327758789062,1.2861318588256836,-0.008400917053222656,0.4170517027378082,12.800985336303711
DeiT-Small,1,49647,992,1,32,operator_aware,1.0,0.004803260412051236,0.004803260412051236,1,992,1.4915447235107422,1.2945327758789062,1.3008146286010742,0.006281852722167969,1.3344285488128662,6.6160759925842285
DeiT-Small,1,49647,992,1,32,operator_aware,3.0,0.004803260412051236,0.014409781236153708,1,992,1.3883510828018188,1.2945327758789062,1.3060307502746582,0.011497974395751953,1.9641146659851074,3.857114791870117
DeiT-Small,1,49647,992,1,32,operator_aware,10.0,0.004803260412051236,0.048032604120512364,1,992,1.9597278833389282,1.2945327758789062,1.3124723434448242,0.01793956756591797,2.541987895965576,1.679397702217102
DeiT-Small,1,49647,992,1,32,operator_aware,30.0,0.004803260412051236,0.1440978123615371,1,992,2.383429765701294,1.2945327758789062,1.3187170028686523,0.024184226989746094,2.83410382270813,0.6557087898254395
DeiT-Small,1,49647,992,1,32,operator_aware,100.0,0.004803260412051236,0.4803260412051236,1,992,2.5883758068084717,1.2945327758789062,1.322474479675293,0.02794170379638672,2.9649243354797363,0.21011406183242798
DeiT-Small,1,49647,992,1,98,operator_aware,0.01,0.006193175994465863,6.193175994465863e-05,1,992,0.9668035507202148,1.2945327758789062,1.292454719543457,-0.0020780563354492188,0.02474297024309635,9.403573036193848
DeiT-Small,1,49647,992,1,98,operator_aware,0.1,0.006193175994465863,0.0006193175994465864,1,992,0.8592830896377563,1.2945327758789062,1.2925825119018555,-0.0019502639770507812,0.14873991906642914,7.8646321296691895
DeiT-Small,1,49647,992,1,98,operator_aware,1.0,0.006193175994465863,0.006193175994465863,1,992,0.47733092308044434,1.2945327758789062,1.3022527694702148,0.007719993591308594,0.5559241771697998,4.488202095031738
DeiT-Small,1,49647,992,1,98,operator_aware,3.0,0.006193175994465863,0.01857952798339759,1,992,0.49306029081344604,1.2945327758789062,1.305994987487793,0.011462211608886719,0.8476700782775879,2.68876314163208
DeiT-Small,1,49647,992,1,98,operator_aware,10.0,0.006193175994465863,0.06193175994465863,1,992,0.7957669496536255,1.2945327758789062,1.3061552047729492,0.011622428894042969,1.122733473777771,1.1949670314788818
DeiT-Small,1,49647,992,1,98,operator_aware,30.0,0.006193175994465863,0.1857952798339759,1,992,0.9939810037612915,1.2945327758789062,1.3054041862487793,0.010871410369873047,1.265778660774231,0.47067826986312866
DeiT-Small,1,49647,992,1,98,operator_aware,100.0,0.006193175994465863,0.6193175994465864,1,992,1.0880632400512695,1.2945327758789062,1.3049407005310059,0.01040792465209961,1.3307768106460571,0.15133579075336456
DeiT-Small,1,49647,992,1,32,group_mean,,0.004803260412051236,,1,992,2.6885600090026855,1.2945327758789062,1.3245067596435547,0.029973983764648438,3.0273468494415283,0.0
DeiT-Small,1,49647,992,1,98,group_mean,,0.006193175994465863,,1,992,1.1338558197021484,1.2945327758789062,1.304697036743164,0.010164260864257812,1.3619868755340576,0.0
DeiT-Small,2,20341,406,1,32,operator_aware,0.01,0.007349972814692102,7.349972814692102e-05,1,406,4.298684120178223,2.8472251892089844,2.6777877807617188,-0.16943740844726562,0.0781700536608696,19.57328224182129
DeiT-Small,2,20341,406,1,32,operator_aware,0.1,0.007349972814692102,0.0007349972814692102,1,406,3.7960729598999023,2.8472251892089844,2.6722536087036133,-0.1749715805053711,0.45643895864486694,15.868390083312988
DeiT-Small,2,20341,406,1,32,operator_aware,1.0,0.007349972814692102,0.007349972814692102,1,406,2.5221903324127197,2.8472251892089844,2.703371524810791,-0.14385366439819336,1.5565966367721558,8.96374225616455
DeiT-Small,2,20341,406,1,32,operator_aware,3.0,0.007349972814692102,0.022049918444076305,1,406,1.7901694774627686,2.8472251892089844,2.722405433654785,-0.12481975555419922,2.3345296382904053,5.745198726654053
DeiT-Small,2,20341,406,1,32,operator_aware,10.0,0.007349972814692102,0.07349972814692102,1,406,2.0199668407440186,2.8472251892089844,2.7959046363830566,-0.051320552825927734,3.20089054107666,2.9298484325408936
DeiT-Small,2,20341,406,1,32,operator_aware,30.0,0.007349972814692102,0.22049918444076305,1,406,2.76478910446167,2.8472251892089844,2.8829193115234375,0.035694122314453125,3.779473304748535,1.289892315864563
DeiT-Small,2,20341,406,1,32,operator_aware,100.0,0.007349972814692102,0.7349972814692102,1,406,3.238830327987671,2.8472251892089844,2.939218044281006,0.09199285507202148,4.095541000366211,0.44133636355400085
DeiT-Small,2,20341,406,1,98,operator_aware,0.01,0.008775215867547285,8.775215867547285e-05,1,406,2.005796194076538,2.8472251892089844,2.768833637237549,-0.07839155197143555,0.03940896317362785,13.103072166442871
DeiT-Small,2,20341,406,1,98,operator_aware,0.1,0.008775215867547285,0.0008775215867547286,1,406,1.798079490661621,2.8472251892089844,2.7641124725341797,-0.08311271667480469,0.25292861461639404,10.635893821716309
DeiT-Small,2,20341,406,1,98,operator_aware,1.0,0.008775215867547285,0.008775215867547285,1,406,1.1164624691009521,2.8472251892089844,2.766611099243164,-0.08061408996582031,0.895791232585907,5.850224018096924
DeiT-Small,2,20341,406,1,98,operator_aware,3.0,0.008775215867547285,0.026325647602641854,1,406,0.8177490234375,2.8472251892089844,2.761643409729004,-0.08558177947998047,1.3281723260879517,3.674894094467163
DeiT-Small,2,20341,406,1,98,operator_aware,10.0,0.008775215867547285,0.08775215867547285,1,406,1.0689064264297485,2.8472251892089844,2.778505802154541,-0.06871938705444336,1.776829481124878,1.8224115371704102
DeiT-Small,2,20341,406,1,98,operator_aware,30.0,0.008775215867547285,0.26325647602641855,1,406,1.4369581937789917,2.8472251892089844,2.808990955352783,-0.03823423385620117,2.058896541595459,0.7859753370285034
DeiT-Small,2,20341,406,1,98,operator_aware,100.0,0.008775215867547285,0.8775215867547285,1,406,1.6553882360458374,2.8472251892089844,2.8308334350585938,-0.016391754150390625,2.208299398422241,0.26593640446662903
DeiT-Small,2,20341,406,1,32,group_mean,,0.007349972814692102,,1,406,3.4965555667877197,2.8472251892089844,2.970798969268799,0.12357378005981445,4.263650417327881,0.0
DeiT-Small,2,20341,406,1,98,group_mean,,0.008775215867547285,,1,406,1.7727386951446533,2.8472251892089844,2.843569278717041,-0.0036559104919433594,2.2866384983062744,0.0
DeiT-Small,3,29530,590,1,32,operator_aware,0.01,0.0580806903674431,0.000580806903674431,1,590,9.88435173034668,3.5909619331359863,3.3985371589660645,-0.19242477416992188,0.27330824732780457,21.970754623413086
DeiT-Small,3,29530,590,1,32,operator_aware,0.1,0.0580806903674431,0.005808069036744311,1,590,8.596418380737305,3.5909619331359863,3.391084671020508,-0.19987726211547852,1.3522613048553467,17.41735076904297
DeiT-Small,3,29530,590,1,32,operator_aware,1.0,0.0580806903674431,0.0580806903674431,1,590,6.0129475593566895,3.5909619331359863,3.407921314239502,-0.18304061889648438,4.286253452301025,9.857471466064453
DeiT-Small,3,29530,590,1,32,operator_aware,3.0,0.0580806903674431,0.1742420711023293,1,590,5.417592525482178,3.5909619331359863,3.4039812088012695,-0.1869807243347168,6.264490127563477,6.193211555480957
DeiT-Small,3,29530,590,1,32,operator_aware,10.0,0.0580806903674431,0.580806903674431,1,590,6.6186137199401855,3.5909619331359863,3.482058525085449,-0.10890340805053711,8.311155319213867,3.0872244834899902
DeiT-Small,3,29530,590,1,32,operator_aware,30.0,0.0580806903674431,1.742420711023293,1,590,7.968231678009033,3.5909619331359863,3.6231303215026855,0.03216838836669922,9.62765884399414,1.395559310913086
DeiT-Small,3,29530,590,1,32,operator_aware,100.0,0.0580806903674431,5.80806903674431,1,590,8.87716007232666,3.5909619331359863,3.7346396446228027,0.1436777114868164,10.392317771911621,0.499976247549057
DeiT-Small,3,29530,590,1,98,operator_aware,0.01,0.07723512200714934,0.0007723512200714934,1,590,3.4264323711395264,3.5909619331359863,3.3483428955078125,-0.24261903762817383,0.104751355946064,10.770328521728516
DeiT-Small,3,29530,590,1,98,operator_aware,0.1,0.07723512200714934,0.007723512200714934,1,590,2.941084623336792,3.5909619331359863,3.344752788543701,-0.24620914459228516,0.5619552135467529,8.507294654846191
DeiT-Small,3,29530,590,1,98,operator_aware,1.0,0.07723512200714934,0.07723512200714934,1,590,2.0468640327453613,3.5909619331359863,3.348010540008545,-0.2429513931274414,1.7806049585342407,4.377867698669434
DeiT-Small,3,29530,590,1,98,operator_aware,3.0,0.07723512200714934,0.23170536602144803,1,590,1.9293005466461182,3.5909619331359863,3.384054660797119,-0.2069072723388672,2.4902610778808594,2.6418421268463135
DeiT-Small,3,29530,590,1,98,operator_aware,10.0,0.07723512200714934,0.7723512200714934,1,590,2.223813056945801,3.5909619331359863,3.4960250854492188,-0.09493684768676758,3.1771504878997803,1.3288452625274658
DeiT-Small,3,29530,590,1,98,operator_aware,30.0,0.07723512200714934,2.31705366021448,1,590,2.7351298332214355,3.5909619331359863,3.619022846221924,0.0280609130859375,3.646320343017578,0.6163625121116638
DeiT-Small,3,29530,590,1,98,operator_aware,100.0,0.07723512200714934,7.723512200714934,1,590,3.211527109146118,3.5909619331359863,3.703331470489502,0.11236953735351562,3.946338176727295,0.22446072101593018
DeiT-Small,3,29530,590,1,32,group_mean,,0.0580806903674431,,1,590,9.445295333862305,3.5909619331359863,3.804920196533203,0.2139582633972168,10.838719367980957,0.0
DeiT-Small,3,29530,590,1,98,group_mean,,0.07723512200714934,,1,590,3.5604517459869385,3.5909619331359863,3.7543511390686035,0.1633892059326172,4.134479522705078,0.0
DeiT-Small,4,38707,774,0,32,operator_aware,0.01,0.026717612579672128,0.0002671761257967213,0,638,13.13455867767334,-5.4557647705078125,-6.4146552085876465,-0.958890438079834,0.1364355832338333,19.38503646850586
DeiT-Small,4,38707,774,0,32,operator_aware,0.1,0.026717612579672128,0.002671761257967213,0,638,11.8991117477417,-5.4557647705078125,-6.3404951095581055,-0.884730339050293,0.7991943955421448,16.346370697021484
DeiT-Small,4,38707,774,0,32,operator_aware,1.0,0.026717612579672128,0.026717612579672128,0,638,8.824499130249023,-5.4557647705078125,-6.0638108253479,-0.6080460548400879,2.925133466720581,10.035873413085938
DeiT-Small,4,38707,774,0,32,operator_aware,3.0,0.026717612579672128,0.08015283773901638,0,638,6.593918323516846,-5.4557647705078125,-5.679018020629883,-0.2232532501220703,4.484902381896973,7.002660751342773
DeiT-Small,4,38707,774,0,32,operator_aware,10.0,0.026717612579672128,0.2671761257967213,0,638,4.992104530334473,-5.4557647705078125,-5.155151844024658,0.3006129264831543,6.423219680786133,4.215362548828125
DeiT-Small,4,38707,774,0,32,operator_aware,30.0,0.026717612579672128,0.8015283773901638,0,638,5.885895252227783,-5.4557647705078125,-4.780605792999268,0.6751589775085449,8.148886680603027,2.1808793544769287
DeiT-Small,4,38707,774,0,32,operator_aware,100.0,0.026717612579672128,2.671761257967213,0,638,7.1947550773620605,-5.4557647705078125,-4.571501731872559,0.8842630386352539,9.40217399597168,0.8295432925224304
DeiT-Small,4,38707,774,0,98,operator_aware,0.01,0.04086875848574018,0.00040868758485740185,0,638,3.6096694469451904,-5.4557647705078125,-5.559936046600342,-0.1041712760925293,0.07765325903892517,11.859237670898438
DeiT-Small,4,38707,774,0,98,operator_aware,0.1,0.04086875848574018,0.004086875848574019,0,638,3.167121410369873,-5.4557647705078125,-5.507366180419922,-0.051601409912109375,0.45094162225723267,9.648974418640137
DeiT-Small,4,38707,774,0,98,operator_aware,1.0,0.04086875848574018,0.04086875848574018,0,638,2.205439805984497,-5.4557647705078125,-5.400908470153809,0.054856300354003906,1.5119602680206299,5.351097583770752
DeiT-Small,4,38707,774,0,98,operator_aware,3.0,0.04086875848574018,0.12260627545722055,0,638,1.941308856010437,-5.4557647705078125,-5.328332901000977,0.12743186950683594,2.1574668884277344,3.4754858016967773
DeiT-Small,4,38707,774,0,98,operator_aware,10.0,0.04086875848574018,0.4086875848574018,0,638,2.234541893005371,-5.4557647705078125,-5.2591552734375,0.1966094970703125,2.8554747104644775,1.9124038219451904
DeiT-Small,4,38707,774,0,98,operator_aware,30.0,0.04086875848574018,1.2260627545722054,0,638,2.8328793048858643,-5.4557647705078125,-5.212125301361084,0.24363946914672852,3.396984100341797,0.9270237684249878
DeiT-Small,4,38707,774,0,98,operator_aware,100.0,0.04086875848574018,4.086875848574018,0,638,3.2981245517730713,-5.4557647705078125,-5.182028293609619,0.27373647689819336,3.756108522415161,0.34111103415489197
DeiT-Small,4,38707,774,0,32,group_mean,,0.026717612579672128,,0,638,8.08158016204834,-5.4557647705078125,-4.459543704986572,0.9962210655212402,10.20365047454834,0.0
DeiT-Small,4,38707,774,0,98,group_mean,,0.04086875848574018,,0,638,3.5901272296905518,-5.4557647705078125,-5.163844108581543,0.29192066192626953,3.9765114784240723,0.0
DeiT-Small,5,13879,277,1,32,operator_aware,0.01,0.010186525146063719,0.00010186525146063719,1,277,5.056130886077881,1.706484317779541,1.770930290222168,0.06444597244262695,0.08170825988054276,16.299633026123047
DeiT-Small,5,13879,277,1,32,operator_aware,0.1,0.010186525146063719,0.001018652514606372,1,277,4.465177536010742,1.706484317779541,1.718611717224121,0.012127399444580078,0.4885594844818115,13.99337100982666
DeiT-Small,5,13879,277,1,32,operator_aware,1.0,0.010186525146063719,0.010186525146063719,1,277,2.7011804580688477,1.706484317779541,1.6131019592285156,-0.09338235855102539,1.9107838869094849,8.269087791442871
DeiT-Small,5,13879,277,1,32,operator_aware,3.0,0.010186525146063719,0.030559575438191156,1,277,2.328824520111084,1.706484317779541,1.6031723022460938,-0.10331201553344727,2.9232723712921143,5.052631378173828
DeiT-Small,5,13879,277,1,32,operator_aware,10.0,0.010186525146063719,0.10186525146063719,1,277,3.1074631214141846,1.706484317779541,1.6538715362548828,-0.0526127815246582,3.8924429416656494,2.390526533126831
DeiT-Small,5,13879,277,1,32,operator_aware,30.0,0.010186525146063719,0.30559575438191156,1,277,3.8160252571105957,1.706484317779541,1.7101898193359375,0.0037055015563964844,4.4564714431762695,1.0376802682876587
DeiT-Small,5,13879,277,1,32,operator_aware,100.0,0.010186525146063719,1.0186525146063719,1,277,4.232863426208496,1.706484317779541,1.7460088729858398,0.03952455520629883,4.763688564300537,0.37662553787231445
DeiT-Small,5,13879,277,1,98,operator_aware,0.01,0.012945201942248888,0.00012945201942248888,1,277,1.9592326879501343,1.706484317779541,1.6987338066101074,-0.007750511169433594,0.03261997923254967,9.462383270263672
DeiT-Small,5,13879,277,1,98,operator_aware,0.1,0.012945201942248888,0.001294520194224889,1,277,1.8034497499465942,1.706484317779541,1.690697193145752,-0.015787124633789062,0.20445884764194489,8.06624984741211
DeiT-Small,5,13879,277,1,98,operator_aware,1.0,0.012945201942248888,0.012945201942248888,1,277,1.2257429361343384,1.706484317779541,1.664541244506836,-0.04194307327270508,0.7745940685272217,4.845043659210205
DeiT-Small,5,13879,277,1,98,operator_aware,3.0,0.012945201942248888,0.038835605826746666,1,277,0.912942111492157,1.706484317779541,1.6603212356567383,-0.046163082122802734,1.1828386783599854,3.1585071086883545
DeiT-Small,5,13879,277,1,98,operator_aware,10.0,0.012945201942248888,0.12945201942248888,1,277,1.0392112731933594,1.706484317779541,1.67604398727417,-0.030440330505371094,1.6293151378631592,1.6591196060180664
DeiT-Small,5,13879,277,1,98,operator_aware,30.0,0.012945201942248888,0.38835605826746666,1,277,1.3796746730804443,1.706484317779541,1.6967110633850098,-0.00977325439453125,1.9403952360153198,0.7733719944953918
DeiT-Small,5,13879,277,1,98,operator_aware,100.0,0.012945201942248888,1.2945201942248887,1,277,1.6314305067062378,1.706484317779541,1.7113819122314453,0.004897594451904297,2.1335184574127197,0.2880501449108124
DeiT-Small,5,13879,277,1,32,group_mean,,0.010186525146063719,,1,277,4.5114426612854,1.706484317779541,1.7670841217041016,0.06059980392456055,4.952855587005615,0.0
DeiT-Small,5,13879,277,1,98,group_mean,,0.012945201942248888,,1,277,1.8194736242294312,1.706484317779541,1.7207422256469727,0.01425790786743164,2.2628097534179688,0.0
DeiT-Small,6,5234,104,1,32,operator_aware,0.01,0.007049628451895762,7.049628451895761e-05,1,104,4.769174098968506,5.869718551635742,5.731008529663086,-0.13871002197265625,0.05972777307033539,16.279722213745117
DeiT-Small,6,5234,104,1,32,operator_aware,0.1,0.007049628451895762,0.0007049628451895763,1,104,4.335257530212402,5.869718551635742,5.767960548400879,-0.10175800323486328,0.3955604135990143,13.986701011657715
DeiT-Small,6,5234,104,1,32,operator_aware,1.0,0.007049628451895762,0.007049628451895762,1,104,2.9621317386627197,5.869718551635742,5.834672451019287,-0.03504610061645508,1.5152604579925537,8.376152992248535
DeiT-Small,6,5234,104,1,32,operator_aware,3.0,0.007049628451895762,0.021148885355687284,1,104,2.367461919784546,5.869718551635742,5.861827850341797,-0.007890701293945312,2.277568817138672,5.475434303283691
DeiT-Small,6,5234,104,1,32,operator_aware,10.0,0.007049628451895762,0.07049628451895762,1,104,2.5589981079101562,5.869718551635742,5.842906951904297,-0.026811599731445312,3.1068994998931885,2.8679683208465576
DeiT-Small,6,5234,104,1,32,operator_aware,30.0,0.007049628451895762,0.21148885355687286,1,104,3.0671281814575195,5.869718551635742,5.839487075805664,-0.030231475830078125,3.689166307449341,1.3047645092010498
DeiT-Small,6,5234,104,1,32,operator_aware,100.0,0.007049628451895762,0.7049628451895762,1,104,3.402543306350708,5.869718551635742,5.877865791320801,0.008147239685058594,4.0337347984313965,0.4615991711616516
DeiT-Small,6,5234,104,1,98,operator_aware,0.01,0.009445993198132614,9.445993198132615e-05,1,104,1.6796541213989258,5.869718551635742,5.826393127441406,-0.04332542419433594,0.038072340190410614,12.687681198120117
DeiT-Small,6,5234,104,1,98,operator_aware,0.1,0.009445993198132614,0.0009445993198132614,1,104,1.4762097597122192,5.869718551635742,5.813236236572266,-0.05648231506347656,0.25060293078422546,10.481435775756836
DeiT-Small,6,5234,104,1,98,operator_aware,1.0,0.009445993198132614,0.009445993198132614,1,104,1.0408462285995483,5.869718551635742,5.731473445892334,-0.1382451057434082,0.8986826539039612,5.572751522064209
DeiT-Small,6,5234,104,1,98,operator_aware,3.0,0.009445993198132614,0.028337979594397843,1,104,1.141296148300171,5.869718551635742,5.680627822875977,-0.18909072875976562,1.2696346044540405,3.370384693145752
DeiT-Small,6,5234,104,1,98,operator_aware,10.0,0.009445993198132614,0.09445993198132614,1,104,1.4017423391342163,5.869718551635742,5.663301467895508,-0.20641708374023438,1.5928672552108765,1.6995868682861328
DeiT-Small,6,5234,104,1,98,operator_aware,30.0,0.009445993198132614,0.28337979594397844,1,104,1.5746439695358276,5.869718551635742,5.696473121643066,-0.17324542999267578,1.7922576665878296,0.7968870997428894
DeiT-Small,6,5234,104,1,98,operator_aware,100.0,0.009445993198132614,0.9445993198132614,1,104,1.6743351221084595,5.869718551635742,5.757165908813477,-0.11255264282226562,1.916238784790039,0.3021236062049866
DeiT-Small,6,5234,104,1,32,group_mean,,0.007049628451895762,,1,104,3.5925650596618652,5.869718551635742,5.932671546936035,0.06295299530029297,4.232861042022705,0.0
DeiT-Small,6,5234,104,1,98,group_mean,,0.009445993198132614,,1,104,1.7443009614944458,5.869718551635742,5.824963569641113,-0.044754981994628906,2.0015814304351807,0.0
DeiT-Small,7,22077,441,0,32,operator_aware,0.01,0.03131076870063057,0.0003131076870063057,0,862,8.343323707580566,-0.7457461357116699,-0.42889404296875,0.3168520927429199,0.17871056497097015,19.975875854492188
DeiT-Small,7,22077,441,0,32,operator_aware,0.1,0.03131076870063057,0.003131076870063057,0,862,7.20130729675293,-0.7457461357116699,-0.6838183403015137,0.06192779541015625,0.982738733291626,16.384057998657227
DeiT-Small,7,22077,441,0,32,operator_aware,1.0,0.03131076870063057,0.03131076870063057,0,862,4.6855316162109375,-0.7457461357116699,-0.7823033332824707,-0.03655719757080078,3.3525733947753906,9.105666160583496
DeiT-Small,7,22077,441,0,32,operator_aware,3.0,0.03131076870063057,0.09393230610189171,0,862,4.176844120025635,-0.7457461357116699,-0.7247004508972168,0.021045684814453125,4.884278297424316,5.542613983154297
DeiT-Small,7,22077,441,0,32,operator_aware,10.0,0.03131076870063057,0.3131076870063057,0,862,5.016087532043457,-0.7457461357116699,-0.7173671722412109,0.028378963470458984,6.3693718910217285,2.6501564979553223
DeiT-Small,7,22077,441,0,32,operator_aware,30.0,0.03131076870063057,0.9393230610189172,0,862,5.99592399597168,-0.7457461357116699,-0.7929143905639648,-0.04716825485229492,7.2509765625,1.1489702463150024
DeiT-Small,7,22077,441,0,32,operator_aware,100.0,0.03131076870063057,3.131076870063057,0,862,6.665351867675781,-0.7457461357116699,-0.8977870941162109,-0.15204095840454102,7.726655006408691,0.3992072641849518
DeiT-Small,7,22077,441,0,98,operator_aware,0.01,0.046862652012492685,0.00046862652012492683,0,862,2.0650455951690674,-0.7457461357116699,-0.5497498512268066,0.19599628448486328,0.05140001326799393,8.862504005432129
DeiT-Small,7,22077,441,0,98,operator_aware,0.1,0.046862652012492685,0.004686265201249268,0,862,1.7846423387527466,-0.7457461357116699,-0.5455055236816406,0.2002406120300293,0.32104572653770447,7.372302532196045
DeiT-Small,7,22077,441,0,98,operator_aware,1.0,0.046862652012492685,0.046862652012492685,0,862,1.08855402469635,-0.7457461357116699,-0.5429372787475586,0.20280885696411133,1.1225441694259644,4.19602632522583
DeiT-Small,7,22077,441,0,98,operator_aware,3.0,0.046862652012492685,0.14058795603747806,0,862,1.139106273651123,-0.7457461357116699,-0.5749273300170898,0.17081880569458008,1.661340594291687,2.580127239227295
DeiT-Small,7,22077,441,0,98,operator_aware,10.0,0.046862652012492685,0.46862652012492684,0,862,1.6236011981964111,-0.7457461357116699,-0.6626987457275391,0.08304738998413086,2.1905672550201416,1.2537345886230469
DeiT-Small,7,22077,441,0,98,operator_aware,30.0,0.046862652012492685,1.4058795603747805,0,862,2.012863874435425,-0.7457461357116699,-0.7865705490112305,-0.04082441329956055,2.5153372287750244,0.5599127411842346
DeiT-Small,7,22077,441,0,98,operator_aware,100.0,0.046862652012492685,4.6862652012492685,0,862,2.2636325359344482,-0.7457461357116699,-0.9119281768798828,-0.1661820411682129,2.7049319744110107,0.20157697796821594
DeiT-Small,7,22077,441,0,32,group_mean,,0.03131076870063057,,0,862,7.095318794250488,-0.7457461357116699,-0.9926562309265137,-0.24691009521484375,7.991061687469482,0.0
DeiT-Small,7,22077,441,0,98,group_mean,,0.046862652012492685,,0,862,2.4305288791656494,-0.7457461357116699,-1.0166549682617188,-0.27090883255004883,2.821514368057251,0.0
ViT-B/16 AugReg,0,42140,842,1,32,operator_aware,0.01,0.023565979280794864,0.00023565979280794865,1,842,12.49199104309082,2.113741397857666,0.8656816482543945,-1.2480597496032715,0.9543986916542053,61.96675109863281
ViT-B/16 AugReg,0,42140,842,1,32,operator_aware,0.1,0.023565979280794864,0.0023565979280794867,1,842,10.537211418151855,2.113741397857666,0.8832101821899414,-1.2305312156677246,3.1957082748413086,37.8346061706543
ViT-B/16 AugReg,0,42140,842,1,32,operator_aware,1.0,0.023565979280794864,0.023565979280794864,1,842,8.465405464172363,2.113741397857666,1.1032514572143555,-1.0104899406433105,6.870965480804443,18.317066192626953
ViT-B/16 AugReg,0,42140,842,1,32,operator_aware,3.0,0.023565979280794864,0.0706979378423846,1,842,7.459702014923096,2.113741397857666,1.486135482788086,-0.6276059150695801,8.987603187561035,11.833969116210938
ViT-B/16 AugReg,0,42140,842,1,32,operator_aware,10.0,0.023565979280794864,0.23565979280794863,1,842,7.044347286224365,2.113741397857666,1.7809810638427734,-0.3327603340148926,11.383638381958008,6.718143939971924
ViT-B/16 AugReg,0,42140,842,1,32,operator_aware,30.0,0.023565979280794864,0.706979378423846,1,842,7.550766944885254,2.113741397857666,1.9475045204162598,-0.16623687744140625,13.440013885498047,3.548549175262451
ViT-B/16 AugReg,0,42140,842,1,32,operator_aware,100.0,0.023565979280794864,2.3565979280794864,1,842,8.045848846435547,2.113741397857666,2.0732550621032715,-0.04048633575439453,15.130837440490723,1.4543342590332031
ViT-B/16 AugReg,0,42140,842,1,98,operator_aware,0.01,0.03546389400949853,0.0003546389400949853,1,842,2.0162723064422607,2.113741397857666,1.9707775115966797,-0.14296388626098633,0.12168548256158829,13.695503234863281
ViT-B/16 AugReg,0,42140,842,1,98,operator_aware,0.1,0.03546389400949853,0.0035463894009498532,1,842,1.898091197013855,2.113741397857666,1.9813313484191895,-0.13241004943847656,0.48537299036979675,10.132899284362793
ViT-B/16 AugReg,0,42140,842,1,98,operator_aware,1.0,0.03546389400949853,0.03546389400949853,1,842,1.4959092140197754,2.113741397857666,2.044036865234375,-0.06970453262329102,1.3635936975479126,5.72278356552124
ViT-B/16 AugReg,0,42140,842,1,98,operator_aware,3.0,0.03546389400949853,0.10639168202849558,1,842,1.260010838508606,2.113741397857666,2.1014180183410645,-0.012323379516601562,1.9754618406295776,3.774876594543457
ViT-B/16 AugReg,0,42140,842,1,98,operator_aware,10.0,0.03546389400949853,0.3546389400949853,1,842,1.1491516828536987,2.113741397857666,2.169583797454834,0.05584239959716797,2.661652088165283,2.153935670852661
ViT-B/16 AugReg,0,42140,842,1,98,operator_aware,30.0,0.03546389400949853,1.0639168202849558,1,842,1.2457557916641235,2.113741397857666,2.2295265197753906,0.11578512191772461,3.2241597175598145,1.1663248538970947
ViT-B/16 AugReg,0,42140,842,1,98,operator_aware,100.0,0.03546389400949853,3.546389400949853,1,842,1.5043271780014038,2.113741397857666,2.265932083129883,0.1521906852722168,3.7037100791931152,0.5146645903587341
ViT-B/16 AugReg,0,42140,842,1,32,group_mean,,0.023565979280794864,,1,842,8.376245498657227,2.113741397857666,2.1493897438049316,0.035648345947265625,16.475025177001953,0.0
ViT-B/16 AugReg,0,42140,842,1,98,group_mean,,0.03546389400949853,,1,842,1.953214168548584,2.113741397857666,2.268221855163574,0.1544804573059082,4.184043884277344,0.0
ViT-B/16 AugReg,1,49647,992,0,32,operator_aware,0.01,0.004172751695806856,4.1727516958068565e-05,0,947,5.0647358894348145,-0.3885784149169922,-0.005959510803222656,0.38261890411376953,0.4120345115661621,77.90519714355469
ViT-B/16 AugReg,1,49647,992,0,32,operator_aware,0.1,0.004172751695806856,0.00041727516958068564,1,992,4.618519306182861,-0.3885784149169922,0.015479087829589844,0.40405750274658203,1.8667702674865723,56.791934967041016
ViT-B/16 AugReg,1,49647,992,0,32,operator_aware,1.0,0.004172751695806856,0.004172751695806856,1,992,4.801272869110107,-0.3885784149169922,0.12692642211914062,0.5155048370361328,5.44655704498291,31.281797409057617
ViT-B/16 AugReg,1,49647,992,0,32,operator_aware,3.0,0.004172751695806856,0.01251825508742057,1,992,5.065790176391602,-0.3885784149169922,0.1258840560913086,0.5144624710083008,7.905396461486816,20.54805564880371
ViT-B/16 AugReg,1,49647,992,0,32,operator_aware,10.0,0.004172751695806856,0.04172751695806856,1,992,5.559034824371338,-0.3885784149169922,0.016344070434570312,0.4049224853515625,10.669191360473633,11.210379600524902
ViT-B/16 AugReg,1,49647,992,0,32,operator_aware,30.0,0.004172751695806856,0.12518255087420568,0,947,6.250128269195557,-0.3885784149169922,-0.11203861236572266,0.27653980255126953,12.70435619354248,5.444604396820068
ViT-B/16 AugReg,1,49647,992,0,32,operator_aware,100.0,0.004172751695806856,0.4172751695806856,0,947,6.884963512420654,-0.3885784149169922,-0.21050071716308594,0.17807769775390625,14.019515991210938,2.058662176132202
ViT-B/16 AugReg,1,49647,992,0,98,operator_aware,0.01,0.005079559525222504,5.0795595252225044e-05,0,947,3.3048694133758545,-0.3885784149169922,-0.3601694107055664,0.02840900421142578,0.10086213797330856,28.471433639526367
ViT-B/16 AugReg,1,49647,992,0,98,operator_aware,0.1,0.005079559525222504,0.0005079559525222505,0,947,3.191746711730957,-0.3885784149169922,-0.3641824722290039,0.02439594268798828,0.47320321202278137,21.266712188720703
ViT-B/16 AugReg,1,49647,992,0,98,operator_aware,1.0,0.005079559525222504,0.005079559525222504,0,947,2.7935667037963867,-0.3885784149169922,-0.34700489044189453,0.041573524475097656,1.3836015462875366,12.530879020690918
ViT-B/16 AugReg,1,49647,992,0,98,operator_aware,3.0,0.005079559525222504,0.015238678575667512,0,947,2.372760057449341,-0.3885784149169922,-0.3408927917480469,0.04768562316894531,2.043126106262207,8.753912925720215
ViT-B/16 AugReg,1,49647,992,0,98,operator_aware,10.0,0.005079559525222504,0.050795595252225045,0,947,1.6395251750946045,-0.3885784149169922,-0.34403514862060547,0.04454326629638672,2.915816307067871,5.2982306480407715
ViT-B/16 AugReg,1,49647,992,0,98,operator_aware,30.0,0.005079559525222504,0.15238678575667514,0,947,0.9697847962379456,-0.3885784149169922,-0.35355663299560547,0.03502178192138672,3.7533867359161377,2.824812173843384
ViT-B/16 AugReg,1,49647,992,0,98,operator_aware,100.0,0.005079559525222504,0.5079559525222505,0,947,0.873831033706665,-0.3885784149169922,-0.36748504638671875,0.021093368530273438,4.412480354309082,1.142367959022522
ViT-B/16 AugReg,1,49647,992,0,32,group_mean,,0.004172751695806856,,0,947,7.3509955406188965,-0.3885784149169922,-0.2903280258178711,0.0982503890991211,14.860105514526367,0.0
ViT-B/16 AugReg,1,49647,992,0,98,group_mean,,0.005079559525222504,,0,947,1.135749101638794,-0.3885784149169922,-0.3866872787475586,0.0018911361694335938,4.885199069976807,0.0
ViT-B/16 AugReg,2,20341,406,1,32,operator_aware,0.01,0.0036576261657004093,3.657626165700409e-05,1,406,5.939589023590088,2.284510612487793,3.3487348556518555,1.0642242431640625,0.46027258038520813,86.1379623413086
ViT-B/16 AugReg,2,20341,406,1,32,operator_aware,0.1,0.0036576261657004093,0.00036576261657004095,1,406,5.42738151550293,2.284510612487793,2.9800148010253906,0.6955041885375977,1.9595725536346436,61.79348373413086
ViT-B/16 AugReg,2,20341,406,1,32,operator_aware,1.0,0.0036576261657004093,0.0036576261657004093,1,406,5.965397357940674,2.284510612487793,2.862004280090332,0.5774936676025391,5.407924175262451,32.03574752807617
ViT-B/16 AugReg,2,20341,406,1,32,operator_aware,3.0,0.0036576261657004093,0.010972878497101228,1,406,6.826762676239014,2.284510612487793,2.8643198013305664,0.5798091888427734,7.585402965545654,19.769649505615234
ViT-B/16 AugReg,2,20341,406,1,32,operator_aware,10.0,0.0036576261657004093,0.036576261657004096,1,406,8.08240795135498,2.284510612487793,2.7526655197143555,0.4681549072265625,9.795671463012695,10.04212474822998
ViT-B/16 AugReg,2,20341,406,1,32,operator_aware,30.0,0.0036576261657004093,0.10972878497101228,1,406,9.05080795288086,2.284510612487793,2.5567398071289062,0.2722291946411133,11.309141159057617,4.592692852020264
ViT-B/16 AugReg,2,20341,406,1,32,operator_aware,100.0,0.0036576261657004093,0.36576261657004094,1,406,9.585286140441895,2.284510612487793,2.34670352935791,0.06219291687011719,12.233061790466309,1.6587032079696655
ViT-B/16 AugReg,2,20341,406,1,98,operator_aware,0.01,0.004789779999124153,4.789779999124153e-05,1,406,4.360301971435547,2.284510612487793,3.0043230056762695,0.7198123931884766,0.43752503395080566,115.68081665039062
ViT-B/16 AugReg,2,20341,406,1,98,operator_aware,0.1,0.004789779999124153,0.00047897799991241535,1,406,3.908684015274048,2.284510612487793,2.763594627380371,0.4790840148925781,1.9105677604675293,82.42375183105469
ViT-B/16 AugReg,2,20341,406,1,98,operator_aware,1.0,0.004789779999124153,0.004789779999124153,1,406,3.8059427738189697,2.284510612487793,2.470553398132324,0.18604278564453125,5.2231950759887695,42.28548812866211
ViT-B/16 AugReg,2,20341,406,1,98,operator_aware,3.0,0.004789779999124153,0.01436933999737246,1,406,3.5518527030944824,2.284510612487793,2.4325695037841797,0.14805889129638672,7.214448928833008,26.497716903686523
ViT-B/16 AugReg,2,20341,406,1,98,operator_aware,10.0,0.004789779999124153,0.04789779999124153,1,406,4.062201499938965,2.284510612487793,2.439450263977051,0.1549396514892578,9.19036865234375,14.150115966796875
ViT-B/16 AugReg,2,20341,406,1,98,operator_aware,30.0,0.004789779999124153,0.1436933999737246,1,406,5.916250228881836,2.284510612487793,2.4078168869018555,0.1233062744140625,10.609416961669922,6.840009689331055
ViT-B/16 AugReg,2,20341,406,1,98,operator_aware,100.0,0.004789779999124153,0.47897799991241535,1,406,7.582991600036621,2.284510612487793,2.326894760131836,0.04238414764404297,11.554079055786133,2.5709547996520996
ViT-B/16 AugReg,2,20341,406,1,32,group_mean,,0.0036576261657004093,,1,406,9.822307586669922,2.284510612487793,2.146420478820801,-0.1380901336669922,12.798367500305176,0.0
ViT-B/16 AugReg,2,20341,406,1,98,group_mean,,0.004789779999124153,,1,406,8.589749336242676,2.284510612487793,2.2192258834838867,-0.06528472900390625,12.174762725830078,0.0
ViT-B/16 AugReg,3,29530,590,1,32,operator_aware,0.01,0.013088147018332837,0.00013088147018332837,0,487,10.297139167785645,0.14788246154785156,-0.8086709976196289,-0.9565534591674805,0.7835007309913635,71.17044830322266
ViT-B/16 AugReg,3,29530,590,1,32,operator_aware,0.1,0.013088147018332837,0.0013088147018332837,0,487,8.420280456542969,0.14788246154785156,-0.3337211608886719,-0.48160362243652344,3.1879730224609375,47.00017166137695
ViT-B/16 AugReg,3,29530,590,1,32,operator_aware,1.0,0.013088147018332837,0.013088147018332837,1,590,6.280096054077148,0.14788246154785156,0.6642913818359375,0.5164089202880859,7.785849571228027,22.198158264160156
ViT-B/16 AugReg,3,29530,590,1,32,operator_aware,3.0,0.013088147018332837,0.03926444105499851,1,590,5.6824846267700195,0.14788246154785156,0.9998664855957031,0.8519840240478516,10.281423568725586,13.85792064666748
ViT-B/16 AugReg,3,29530,590,1,32,operator_aware,10.0,0.013088147018332837,0.13088147018332835,1,590,5.231851100921631,0.14788246154785156,0.9842386245727539,0.8363561630249023,12.729422569274902,7.594899654388428
ViT-B/16 AugReg,3,29530,590,1,32,operator_aware,30.0,0.013088147018332837,0.3926444105499851,1,590,6.046717166900635,0.14788246154785156,0.5709047317504883,0.4230222702026367,14.501907348632812,4.018635272979736
ViT-B/16 AugReg,3,29530,590,1,32,operator_aware,100.0,0.013088147018332837,1.3088147018332836,1,590,8.153788566589355,0.14788246154785156,0.05424785614013672,-0.09363460540771484,15.911222457885742,1.728664755821228
ViT-B/16 AugReg,3,29530,590,1,98,operator_aware,0.01,0.020143392970890597,0.00020143392970890597,1,590,2.577488899230957,0.14788246154785156,0.5584831237792969,0.4106006622314453,0.14534495770931244,21.031930923461914
ViT-B/16 AugReg,3,29530,590,1,98,operator_aware,0.1,0.020143392970890597,0.00201433929708906,1,590,2.440730094909668,0.14788246154785156,0.538116455078125,0.39023399353027344,0.6116660237312317,15.488608360290527
ViT-B/16 AugReg,3,29530,590,1,98,operator_aware,1.0,0.020143392970890597,0.020143392970890597,1,590,2.125336170196533,0.14788246154785156,0.49617862701416016,0.3482961654663086,1.6436042785644531,8.763574600219727
ViT-B/16 AugReg,3,29530,590,1,98,operator_aware,3.0,0.020143392970890597,0.060430178912671786,1,590,1.8628193140029907,0.14788246154785156,0.4569549560546875,0.30907249450683594,2.2963852882385254,6.1047234535217285
ViT-B/16 AugReg,3,29530,590,1,98,operator_aware,10.0,0.020143392970890597,0.20143392970890597,1,590,1.4117028713226318,0.14788246154785156,0.3417472839355469,0.1938648223876953,3.069634437561035,3.960961103439331
ViT-B/16 AugReg,3,29530,590,1,98,operator_aware,30.0,0.020143392970890597,0.604301789126718,1,590,1.1388880014419556,0.14788246154785156,0.1213836669921875,-0.026498794555664062,3.8615148067474365,2.5027565956115723
ViT-B/16 AugReg,3,29530,590,1,98,operator_aware,100.0,0.020143392970890597,2.0143392970890597,0,487,1.606128215789795,0.14788246154785156,-0.1723957061767578,-0.3202781677246094,4.785594463348389,1.2649085521697998
ViT-B/16 AugReg,3,29530,590,1,32,group_mean,,0.013088147018332837,,0,487,10.840104103088379,0.14788246154785156,-0.05937957763671875,-0.2072620391845703,17.236549377441406,0.0
ViT-B/16 AugReg,3,29530,590,1,98,group_mean,,0.020143392970890597,,0,487,2.6503610610961914,0.14788246154785156,-0.46624279022216797,-0.6141252517700195,5.972540855407715,0.0
ViT-B/16 AugReg,4,38707,774,0,32,operator_aware,0.01,0.009710024040346451,9.710024040346451e-05,0,638,8.267478942871094,-6.595144271850586,-6.695841312408447,-0.10069704055786133,0.6567183136940002,69.18223571777344
ViT-B/16 AugReg,4,38707,774,0,32,operator_aware,0.1,0.009710024040346451,0.0009710024040346451,0,638,6.87460470199585,-6.595144271850586,-6.80432653427124,-0.2091822624206543,2.7257137298583984,47.047943115234375
ViT-B/16 AugReg,4,38707,774,0,32,operator_aware,1.0,0.009710024040346451,0.009710024040346451,0,638,5.303423881530762,-6.595144271850586,-6.771662712097168,-0.17651844024658203,6.601748466491699,21.911266326904297
ViT-B/16 AugReg,4,38707,774,0,32,operator_aware,3.0,0.009710024040346451,0.029130072121039352,0,638,5.261275768280029,-6.595144271850586,-6.72605562210083,-0.13091135025024414,8.492351531982422,13.047323226928711
ViT-B/16 AugReg,4,38707,774,0,32,operator_aware,10.0,0.009710024040346451,0.09710024040346452,0,638,6.258697509765625,-6.595144271850586,-6.643892765045166,-0.04874849319458008,10.24282169342041,6.461288928985596
ViT-B/16 AugReg,4,38707,774,0,32,operator_aware,30.0,0.009710024040346451,0.2913007212103935,0,638,7.495314121246338,-6.595144271850586,-6.527663707733154,0.06748056411743164,11.380232810974121,2.952380895614624
ViT-B/16 AugReg,4,38707,774,0,32,operator_aware,100.0,0.009710024040346451,0.9710024040346451,0,638,8.325607299804688,-6.595144271850586,-6.409911632537842,0.18523263931274414,12.072652816772461,1.094967007637024
ViT-B/16 AugReg,4,38707,774,0,98,operator_aware,0.01,0.014480382523726331,0.0001448038252372633,0,638,2.5820796489715576,-6.595144271850586,-6.68894100189209,-0.0937967300415039,0.14616696536540985,22.676307678222656
ViT-B/16 AugReg,4,38707,774,0,98,operator_aware,0.1,0.014480382523726331,0.0014480382523726332,0,638,2.4005675315856934,-6.595144271850586,-6.68096399307251,-0.08581972122192383,0.6091437339782715,16.44367027282715
ViT-B/16 AugReg,4,38707,774,0,98,operator_aware,1.0,0.014480382523726331,0.014480382523726331,0,638,1.91656494140625,-6.595144271850586,-6.684296607971191,-0.08915233612060547,1.5757874250411987,9.277681350708008
ViT-B/16 AugReg,4,38707,774,0,98,operator_aware,3.0,0.014480382523726331,0.04344114757117899,0,638,1.561448574066162,-6.595144271850586,-6.682073593139648,-0.0869293212890625,2.219273090362549,6.306112766265869
ViT-B/16 AugReg,4,38707,774,0,98,operator_aware,10.0,0.014480382523726331,0.14480382523726332,0,638,1.2088656425476074,-6.595144271850586,-6.64921236038208,-0.05406808853149414,3.0059814453125,3.61246395111084
ViT-B/16 AugReg,4,38707,774,0,98,operator_aware,30.0,0.014480382523726331,0.43441147571178995,0,638,1.2870359420776367,-6.595144271850586,-6.593471527099609,0.0016727447509765625,3.6548471450805664,1.844657301902771
ViT-B/16 AugReg,4,38707,774,0,98,operator_aware,100.0,0.014480382523726331,1.4480382523726332,0,638,1.5836204290390015,-6.595144271850586,-6.530807018280029,0.06433725357055664,4.130247116088867,0.7366899847984314
ViT-B/16 AugReg,4,38707,774,0,32,group_mean,,0.009710024040346451,,0,638,8.831109046936035,-6.595144271850586,-6.290844917297363,0.30429935455322266,12.52497673034668,0.0
ViT-B/16 AugReg,4,38707,774,0,98,group_mean,,0.014480382523726331,,0,638,1.8647373914718628,-6.595144271850586,-6.465729713439941,0.12941455841064453,4.4871673583984375,0.0
ViT-B/16 AugReg,5,13879,277,1,32,operator_aware,0.01,0.025357745012129507,0.00025357745012129506,1,277,6.946474552154541,1.260061264038086,1.608461856842041,0.3484005928039551,1.138949990272522,66.76359558105469
ViT-B/16 AugReg,5,13879,277,1,32,operator_aware,0.1,0.025357745012129507,0.0025357745012129507,1,277,6.690157413482666,1.260061264038086,1.4688363075256348,0.20877504348754883,3.987354040145874,41.508506774902344
ViT-B/16 AugReg,5,13879,277,1,32,operator_aware,1.0,0.025357745012129507,0.025357745012129507,1,277,6.22159481048584,1.260061264038086,1.3340840339660645,0.07402276992797852,8.356959342956543,17.728782653808594
ViT-B/16 AugReg,5,13879,277,1,32,operator_aware,3.0,0.025357745012129507,0.07607323503638852,1,277,5.9251508712768555,1.260061264038086,1.187863826751709,-0.07219743728637695,10.220766067504883,10.829748153686523
ViT-B/16 AugReg,5,13879,277,1,32,operator_aware,10.0,0.025357745012129507,0.25357745012129507,1,277,5.428905010223389,1.260061264038086,1.0166940689086914,-0.24336719512939453,11.892627716064453,6.213403701782227
ViT-B/16 AugReg,5,13879,277,1,32,operator_aware,30.0,0.025357745012129507,0.7607323503638852,1,277,5.5184478759765625,1.260061264038086,0.9486894607543945,-0.3113718032836914,13.112709045410156,3.6382901668548584
ViT-B/16 AugReg,5,13879,277,1,32,operator_aware,100.0,0.025357745012129507,2.5357745012129507,1,277,6.871379375457764,1.260061264038086,0.9952554702758789,-0.26480579376220703,14.24816608428955,1.7833434343338013
ViT-B/16 AugReg,5,13879,277,1,98,operator_aware,0.01,0.028513359325918988,0.0002851335932591899,1,277,2.2603719234466553,1.260061264038086,1.3769474029541016,0.11688613891601562,0.16739602386951447,17.01932144165039
ViT-B/16 AugReg,5,13879,277,1,98,operator_aware,0.1,0.028513359325918988,0.002851335932591899,1,277,2.0645906925201416,1.260061264038086,1.3666248321533203,0.10656356811523438,0.6142900586128235,11.880885124206543
ViT-B/16 AugReg,5,13879,277,1,98,operator_aware,1.0,0.028513359325918988,0.028513359325918988,1,277,1.6974103450775146,1.260061264038086,1.334233283996582,0.0741720199584961,1.5344712734222412,6.639059543609619
ViT-B/16 AugReg,5,13879,277,1,98,operator_aware,3.0,0.028513359325918988,0.08554007797775696,1,277,1.4467593431472778,1.260061264038086,1.2970943450927734,0.0370330810546875,2.1782753467559814,4.519124507904053
ViT-B/16 AugReg,5,13879,277,1,98,operator_aware,10.0,0.028513359325918988,0.28513359325918985,1,277,1.35481858253479,1.260061264038086,1.24505615234375,-0.015005111694335938,2.996842384338379,2.7201857566833496
ViT-B/16 AugReg,5,13879,277,1,98,operator_aware,30.0,0.028513359325918988,0.8554007797775697,1,277,1.5197434425354004,1.260061264038086,1.215498924255371,-0.044562339782714844,3.7555251121520996,1.5850118398666382
ViT-B/16 AugReg,5,13879,277,1,98,operator_aware,100.0,0.028513359325918988,2.851335932591899,1,277,1.6852737665176392,1.260061264038086,1.211472511291504,-0.04858875274658203,4.500784397125244,0.7662689685821533
ViT-B/16 AugReg,5,13879,277,1,32,group_mean,,0.025357745012129507,,1,277,9.88211441040039,1.260061264038086,1.1103496551513672,-0.14971160888671875,15.790054321289062,0.0
ViT-B/16 AugReg,5,13879,277,1,98,group_mean,,0.028513359325918988,,1,277,2.086942195892334,1.260061264038086,1.2093477249145508,-0.050713539123535156,5.404965877532959,0.0
ViT-B/16 AugReg,6,5234,104,1,32,operator_aware,0.01,0.004539112416661584,4.5391124166615845e-05,1,104,6.658172607421875,8.748077392578125,8.857833862304688,0.1097564697265625,0.37900224328041077,73.73126983642578
ViT-B/16 AugReg,6,5234,104,1,32,operator_aware,0.1,0.004539112416661584,0.0004539112416661584,1,104,5.944364070892334,8.748077392578125,8.992652893066406,0.24457550048828125,1.7206116914749146,52.338809967041016
ViT-B/16 AugReg,6,5234,104,1,32,operator_aware,1.0,0.004539112416661584,0.004539112416661584,1,104,5.866406440734863,8.748077392578125,8.864933013916016,0.11685562133789062,4.682393550872803,27.49346923828125
ViT-B/16 AugReg,6,5234,104,1,32,operator_aware,3.0,0.004539112416661584,0.013617337249984752,1,104,5.746485233306885,8.748077392578125,8.72166633605957,-0.026411056518554688,6.410521984100342,18.503162384033203
ViT-B/16 AugReg,6,5234,104,1,32,operator_aware,10.0,0.004539112416661584,0.045391124166615844,1,104,4.890539169311523,8.748077392578125,8.463321685791016,-0.2847557067871094,8.25558090209961,10.900351524353027
ViT-B/16 AugReg,6,5234,104,1,32,operator_aware,30.0,0.004539112416661584,0.13617337249984754,1,104,4.104586124420166,8.748077392578125,8.166479110717773,-0.5815982818603516,9.712336540222168,5.692843914031982
ViT-B/16 AugReg,6,5234,104,1,32,operator_aware,100.0,0.004539112416661584,0.4539112416661584,1,104,4.3472065925598145,8.748077392578125,7.825955867767334,-0.922121524810791,10.7485933303833,2.371110200881958
ViT-B/16 AugReg,6,5234,104,1,98,operator_aware,0.01,0.00652531861466427,6.52531861466427e-05,1,104,5.447777271270752,8.748077392578125,8.438177108764648,-0.30990028381347656,0.3847510516643524,85.01358795166016
ViT-B/16 AugReg,6,5234,104,1,98,operator_aware,0.1,0.00652531861466427,0.000652531861466427,1,104,5.398185729980469,8.748077392578125,8.465253829956055,-0.2828235626220703,1.7056901454925537,57.89125061035156
ViT-B/16 AugReg,6,5234,104,1,98,operator_aware,1.0,0.00652531861466427,0.00652531861466427,1,104,5.582025051116943,8.748077392578125,8.40391731262207,-0.3441600799560547,4.354328155517578,27.10529136657715
ViT-B/16 AugReg,6,5234,104,1,98,operator_aware,3.0,0.00652531861466427,0.01957595584399281,1,104,5.25754976272583,8.748077392578125,8.360466003417969,-0.38761138916015625,5.673213481903076,16.8114070892334
ViT-B/16 AugReg,6,5234,104,1,98,operator_aware,10.0,0.00652531861466427,0.06525318614664269,1,104,4.404153347015381,8.748077392578125,8.319280624389648,-0.42879676818847656,6.933582305908203,9.137947082519531
ViT-B/16 AugReg,6,5234,104,1,98,operator_aware,30.0,0.00652531861466427,0.1957595584399281,1,104,3.6728274822235107,8.748077392578125,8.306598663330078,-0.4414787292480469,7.854603290557861,4.490730285644531
ViT-B/16 AugReg,6,5234,104,1,98,operator_aware,100.0,0.00652531861466427,0.6525318614664269,1,104,3.405041456222534,8.748077392578125,8.316679954528809,-0.4313974380493164,8.471790313720703,1.7066702842712402
ViT-B/16 AugReg,6,5234,104,1,32,group_mean,,0.004539112416661584,,1,104,5.51294469833374,8.748077392578125,7.363433361053467,-1.3846440315246582,11.580451965332031,0.0
ViT-B/16 AugReg,6,5234,104,1,98,group_mean,,0.00652531861466427,,1,104,3.435912609100342,8.748077392578125,8.309722900390625,-0.4383544921875,8.878997802734375,0.0
ViT-B/16 AugReg,7,22077,441,1,32,operator_aware,0.01,0.016187542414100062,0.00016187542414100063,1,441,11.779109954833984,3.4202728271484375,2.1753578186035156,-1.2449150085449219,0.6281033754348755,49.01654815673828
ViT-B/16 AugReg,7,22077,441,1,32,operator_aware,0.1,0.016187542414100062,0.0016187542414100064,1,441,10.850306510925293,3.4202728271484375,2.4836816787719727,-0.9365911483764648,2.335062026977539,32.747745513916016
ViT-B/16 AugReg,7,22077,441,1,32,operator_aware,1.0,0.016187542414100062,0.016187542414100062,1,441,7.659030437469482,3.4202728271484375,2.6211934089660645,-0.799079418182373,5.412189483642578,16.069673538208008
ViT-B/16 AugReg,7,22077,441,1,32,operator_aware,3.0,0.016187542414100062,0.04856262724230019,1,441,5.2251973152160645,3.4202728271484375,2.6938915252685547,-0.7263813018798828,7.047228813171387,10.486026763916016
ViT-B/16 AugReg,7,22077,441,1,32,operator_aware,10.0,0.016187542414100062,0.16187542414100062,1,441,3.697847366333008,3.4202728271484375,2.8436288833618164,-0.5766439437866211,8.867115020751953,6.109431743621826
ViT-B/16 AugReg,7,22077,441,1,32,operator_aware,30.0,0.016187542414100062,0.4856262724230019,1,441,4.746347904205322,3.4202728271484375,3.058073043823242,-0.3621997833251953,10.457643508911133,3.368072986602783
ViT-B/16 AugReg,7,22077,441,1,32,operator_aware,100.0,0.016187542414100062,1.6187542414100062,1,441,6.3267927169799805,3.4202728271484375,3.3552894592285156,-0.06498336791992188,11.88101863861084,1.5191940069198608
ViT-B/16 AugReg,7,22077,441,1,98,operator_aware,0.01,0.02594872144286331,0.0002594872144286331,1,441,2.984193801879883,3.4202728271484375,3.0049095153808594,-0.4153633117675781,0.20135478675365448,22.416545867919922
ViT-B/16 AugReg,7,22077,441,1,98,operator_aware,0.1,0.02594872144286331,0.002594872144286331,1,441,2.65408992767334,3.4202728271484375,3.0527334213256836,-0.3675394058227539,0.7913510799407959,15.268407821655273
ViT-B/16 AugReg,7,22077,441,1,98,operator_aware,1.0,0.02594872144286331,0.02594872144286331,1,441,1.7711900472640991,3.4202728271484375,3.1172547340393066,-0.30301809310913086,1.8985651731491089,7.436531066894531
ViT-B/16 AugReg,7,22077,441,1,98,operator_aware,3.0,0.02594872144286331,0.07784616432858993,1,441,1.3140950202941895,3.4202728271484375,3.1604385375976562,-0.25983428955078125,2.4609572887420654,4.73976469039917
ViT-B/16 AugReg,7,22077,441,1,98,operator_aware,10.0,0.02594872144286331,0.2594872144286331,1,441,1.1238116025924683,3.4202728271484375,3.249434471130371,-0.1708383560180664,3.0552120208740234,2.666548490524292
ViT-B/16 AugReg,7,22077,441,1,98,operator_aware,30.0,0.02594872144286331,0.7784616432858993,1,441,1.321000099182129,3.4202728271484375,3.387338638305664,-0.03293418884277344,3.5505406856536865,1.413010835647583
ViT-B/16 AugReg,7,22077,441,1,98,operator_aware,100.0,0.02594872144286331,2.594872144286331,1,441,1.650706171989441,3.4202728271484375,3.560030937194824,0.13975811004638672,3.9610755443573,0.6136400699615479
ViT-B/16 AugReg,7,22077,441,1,32,group_mean,,0.016187542414100062,,1,441,8.233316421508789,3.4202728271484375,3.854809284210205,0.4345364570617676,13.486702919006348,0.0
ViT-B/16 AugReg,7,22077,441,1,98,group_mean,,0.02594872144286331,,1,441,2.102837562561035,3.4202728271484375,3.7722010612487793,0.3519282341003418,4.367702007293701,0.0
DINOv2 ViT-S/14,0,42140,842,1,42,operator_aware,0.01,13.504018306983603,0.13504018306983603,1,842,26.0458927154541,1.7057781219482422,0.6638088226318359,-1.0419692993164062,0.9151430726051331,2.4689133167266846
DINOv2 ViT-S/14,0,42140,842,1,42,operator_aware,0.1,13.504018306983603,1.3504018306983605,1,842,21.95547103881836,1.7057781219482422,0.4751129150390625,-1.2306652069091797,2.9724628925323486,1.6944776773452759
DINOv2 ViT-S/14,0,42140,842,1,42,operator_aware,1.0,13.504018306983603,13.504018306983603,0,978,20.720125198364258,1.7057781219482422,-0.027921676635742188,-1.7336997985839844,7.282929420471191,0.9267400503158569
DINOv2 ViT-S/14,0,42140,842,1,42,operator_aware,3.0,13.504018306983603,40.51205492095081,0,978,19.57451057434082,1.7057781219482422,-0.12589454650878906,-1.8316726684570312,10.226081848144531,0.6197072267532349
DINOv2 ViT-S/14,0,42140,842,1,42,operator_aware,10.0,13.504018306983603,135.04018306983602,1,842,16.41853904724121,1.7057781219482422,0.41759777069091797,-1.2881803512573242,13.628689765930176,0.3635336756706238
DINOv2 ViT-S/14,0,42140,842,1,42,operator_aware,30.0,13.504018306983603,405.1205492095081,1,842,14.823360443115234,1.7057781219482422,1.2070646286010742,-0.49871349334716797,16.52294921875,0.20093563199043274
DINOv2 ViT-S/14,0,42140,842,1,42,operator_aware,100.0,13.504018306983603,1350.4018306983603,1,842,15.857202529907227,1.7057781219482422,1.8717622756958008,0.1659841537475586,19.061349868774414,0.08826737105846405
DINOv2 ViT-S/14,0,42140,842,1,128,operator_aware,0.01,21.851938984977703,0.21851938984977703,1,842,6.811214447021484,1.7057781219482422,1.199986457824707,-0.5057916641235352,0.3378148376941681,1.307266354560852
DINOv2 ViT-S/14,0,42140,842,1,128,operator_aware,0.1,21.851938984977703,2.1851938984977703,1,842,6.1635637283325195,1.7057781219482422,1.3102407455444336,-0.3955373764038086,1.1981037855148315,0.9006482362747192
DINOv2 ViT-S/14,0,42140,842,1,128,operator_aware,1.0,21.851938984977703,21.851938984977703,1,842,5.0648908615112305,1.7057781219482422,1.4895696640014648,-0.21620845794677734,2.9579877853393555,0.4825083613395691
DINOv2 ViT-S/14,0,42140,842,1,128,operator_aware,3.0,21.851938984977703,65.5558169549331,1,842,4.364995002746582,1.7057781219482422,1.6431102752685547,-0.0626678466796875,4.132294654846191,0.31450945138931274
DINOv2 ViT-S/14,0,42140,842,1,128,operator_aware,10.0,21.851938984977703,218.51938984977704,1,842,3.93019700050354,1.7057781219482422,1.829453468322754,0.12367534637451172,5.46803092956543,0.17636950314044952
DINOv2 ViT-S/14,0,42140,842,1,128,operator_aware,30.0,21.851938984977703,655.5581695493311,1,842,4.195141792297363,1.7057781219482422,1.972249984741211,0.26647186279296875,6.552118301391602,0.09417155385017395
DINOv2 ViT-S/14,0,42140,842,1,128,operator_aware,100.0,21.851938984977703,2185.1938984977705,1,842,4.948145866394043,1.7057781219482422,2.0754384994506836,0.3696603775024414,7.464379787445068,0.04113119840621948
DINOv2 ViT-S/14,0,42140,842,1,42,group_mean,,13.504018306983603,,1,842,18.190380096435547,1.7057781219482422,2.3089542388916016,0.6031761169433594,21.43514060974121,0.0
DINOv2 ViT-S/14,0,42140,842,1,128,group_mean,,21.851938984977703,,1,842,5.9668450355529785,1.7057781219482422,2.1444883346557617,0.43871021270751953,8.349309921264648,0.0
DINOv2 ViT-S/14,1,49647,992,1,42,operator_aware,0.01,9.62752645588061,0.0962752645588061,1,992,64.10161590576172,2.0111913681030273,0.6603565216064453,-1.350834846496582,0.8210075497627258,2.9485154151916504
DINOv2 ViT-S/14,1,49647,992,1,42,operator_aware,0.1,9.62752645588061,0.962752645588061,1,992,64.71187591552734,2.0111913681030273,1.4719305038452148,-0.5392608642578125,2.8837733268737793,2.1840386390686035
DINOv2 ViT-S/14,1,49647,992,1,42,operator_aware,1.0,9.62752645588061,9.62752645588061,1,992,52.47205352783203,2.0111913681030273,2.2184810638427734,0.2072896957397461,7.927090167999268,1.383608341217041
DINOv2 ViT-S/14,1,49647,992,1,42,operator_aware,3.0,9.62752645588061,28.882579367641828,1,992,40.03850555419922,2.0111913681030273,2.229644775390625,0.21845340728759766,12.173189163208008,1.0079983472824097
DINOv2 ViT-S/14,1,49647,992,1,42,operator_aware,10.0,9.62752645588061,96.2752645588061,1,992,25.079065322875977,2.0111913681030273,2.1563329696655273,0.1451416015625,18.187124252319336,0.6478822231292725
DINOv2 ViT-S/14,1,49647,992,1,42,operator_aware,30.0,9.62752645588061,288.8257936764183,1,992,18.957096099853516,2.0111913681030273,1.9888572692871094,-0.02233409881591797,24.35765266418457,0.3735469579696655
DINOv2 ViT-S/14,1,49647,992,1,42,operator_aware,100.0,9.62752645588061,962.7526455880609,1,992,21.556243896484375,2.0111913681030273,1.7350196838378906,-0.2761716842651367,30.097782135009766,0.1637057512998581
DINOv2 ViT-S/14,1,49647,992,1,128,operator_aware,0.01,17.289513049422514,0.17289513049422514,1,992,12.503363609313965,2.0111913681030273,2.0776901245117188,0.0664987564086914,0.38138046860694885,1.8106329441070557
DINOv2 ViT-S/14,1,49647,992,1,128,operator_aware,0.1,17.289513049422514,1.7289513049422514,1,992,11.92293643951416,2.0111913681030273,2.123027801513672,0.11183643341064453,1.4307080507278442,1.3113551139831543
DINOv2 ViT-S/14,1,49647,992,1,128,operator_aware,1.0,17.289513049422514,17.289513049422514,1,992,9.801546096801758,2.0111913681030273,2.0994720458984375,0.08828067779541016,3.748065948486328,0.8108828067779541
DINOv2 ViT-S/14,1,49647,992,1,128,operator_aware,3.0,17.289513049422514,51.868539148267544,1,992,7.800179481506348,2.0111913681030273,2.0941696166992188,0.0829782485961914,5.637372016906738,0.5864339470863342
DINOv2 ViT-S/14,1,49647,992,1,128,operator_aware,10.0,17.289513049422514,172.89513049422513,1,992,5.822549819946289,2.0111913681030273,2.0615453720092773,0.05035400390625,8.275533676147461,0.3638559877872467
DINOv2 ViT-S/14,1,49647,992,1,128,operator_aware,30.0,17.289513049422514,518.6853914826754,1,992,6.329535007476807,2.0111913681030273,1.9920501708984375,-0.019141197204589844,10.792912483215332,0.20023491978645325
DINOv2 ViT-S/14,1,49647,992,1,128,operator_aware,100.0,17.289513049422514,1728.9513049422515,1,992,8.295610427856445,2.0111913681030273,1.924586296081543,-0.08660507202148438,12.915449142456055,0.08382658660411835
DINOv2 ViT-S/14,1,49647,992,1,42,group_mean,,9.62752645588061,,1,992,26.35272216796875,2.0111913681030273,1.4445228576660156,-0.5666685104370117,35.2438850402832,0.0
DINOv2 ViT-S/14,1,49647,992,1,128,group_mean,,17.289513049422514,,1,992,10.26872444152832,2.0111913681030273,1.8719978332519531,-0.13919353485107422,14.629365921020508,0.0
DINOv2 ViT-S/14,2,20341,406,1,42,operator_aware,0.01,10.611604950461485,0.10611604950461485,1,406,45.85326385498047,2.918036460876465,3.5342159271240234,0.6161794662475586,0.8810194730758667,2.9130678176879883
DINOv2 ViT-S/14,2,20341,406,1,42,operator_aware,0.1,10.611604950461485,1.0611604950461486,1,406,38.650367736816406,2.918036460876465,3.68792724609375,0.7698907852172852,2.9759840965270996,2.15541934967041
DINOv2 ViT-S/14,2,20341,406,1,42,operator_aware,1.0,10.611604950461485,10.611604950461485,1,406,31.250736236572266,2.918036460876465,3.004270553588867,0.08623409271240234,8.330568313598633,1.353271245956421
DINOv2 ViT-S/14,2,20341,406,1,42,operator_aware,3.0,10.611604950461485,31.834814851384458,1,406,25.744258880615234,2.918036460876465,2.2067651748657227,-0.7112712860107422,12.87571907043457,0.9578543305397034
DINOv2 ViT-S/14,2,20341,406,1,42,operator_aware,10.0,10.611604950461485,106.11604950461485,1,406,20.66509246826172,2.918036460876465,1.8213586807250977,-1.0966777801513672,18.955005645751953,0.5718095302581787
DINOv2 ViT-S/14,2,20341,406,1,42,operator_aware,30.0,10.611604950461485,318.34814851384454,1,406,19.939802169799805,2.918036460876465,1.999734878540039,-0.9183015823364258,24.41861915588379,0.30458924174308777
DINOv2 ViT-S/14,2,20341,406,1,42,operator_aware,100.0,10.611604950461485,1061.1604950461485,1,406,22.91168212890625,2.918036460876465,2.213348388671875,-0.7046880722045898,28.856157302856445,0.12449473887681961
DINOv2 ViT-S/14,2,20341,406,1,128,operator_aware,0.01,17.744914811270107,0.17744914811270107,1,406,10.905891418457031,2.918036460876465,2.965799331665039,0.04776287078857422,0.37821170687675476,1.7194355726242065
DINOv2 ViT-S/14,2,20341,406,1,128,operator_aware,0.1,17.744914811270107,1.7744914811270107,1,406,10.285990715026855,2.918036460876465,2.9984607696533203,0.08042430877685547,1.3286406993865967,1.2772562503814697
DINOv2 ViT-S/14,2,20341,406,1,128,operator_aware,1.0,17.744914811270107,17.744914811270107,1,406,8.685844421386719,2.918036460876465,2.9221229553222656,0.004086494445800781,3.6437644958496094,0.8015121817588806
DINOv2 ViT-S/14,2,20341,406,1,128,operator_aware,3.0,17.744914811270107,53.23474443381032,1,406,7.016246318817139,2.918036460876465,2.8527746200561523,-0.0652618408203125,5.572801113128662,0.5744953751564026
DINOv2 ViT-S/14,2,20341,406,1,128,operator_aware,10.0,17.744914811270107,177.44914811270107,1,406,5.50004768371582,2.918036460876465,2.8327245712280273,-0.0853118896484375,8.250044822692871,0.3470805585384369
DINOv2 ViT-S/14,2,20341,406,1,128,operator_aware,30.0,17.744914811270107,532.3474443381032,1,406,6.397334575653076,2.918036460876465,2.835738182067871,-0.08229827880859375,10.739289283752441,0.18445082008838654
DINOv2 ViT-S/14,2,20341,406,1,128,operator_aware,100.0,17.744914811270107,1774.4914811270107,1,406,8.50764274597168,2.918036460876465,2.8135881423950195,-0.10444831848144531,12.736475944519043,0.07424135506153107
DINOv2 ViT-S/14,2,20341,406,1,42,group_mean,,10.611604950461485,,1,406,26.792673110961914,2.918036460876465,2.311436653137207,-0.6065998077392578,32.33365249633789,0.0
DINOv2 ViT-S/14,2,20341,406,1,128,group_mean,,17.744914811270107,,1,406,10.45214557647705,2.918036460876465,2.7777786254882812,-0.1402578353881836,14.2219877243042,0.0
DINOv2 ViT-S/14,3,29530,590,1,42,operator_aware,0.01,24.22264740372617,0.24222647403726172,1,590,38.929866790771484,2.5071706771850586,1.8882732391357422,-0.6188974380493164,1.2970110177993774,2.891695976257324
DINOv2 ViT-S/14,3,29530,590,1,42,operator_aware,0.1,24.22264740372617,2.422264740372617,1,590,33.33364486694336,2.5071706771850586,2.347909927368164,-0.15926074981689453,4.297964572906494,2.0038812160491943
DINOv2 ViT-S/14,3,29530,590,1,42,operator_aware,1.0,24.22264740372617,24.22264740372617,1,590,27.866355895996094,2.5071706771850586,2.383983612060547,-0.12318706512451172,10.749530792236328,1.0979598760604858
DINOv2 ViT-S/14,3,29530,590,1,42,operator_aware,3.0,24.22264740372617,72.66794221117851,1,590,26.751754760742188,2.5071706771850586,2.454435348510742,-0.052735328674316406,15.215917587280273,0.7159590125083923
DINOv2 ViT-S/14,3,29530,590,1,42,operator_aware,10.0,24.22264740372617,242.2264740372617,1,590,28.16733741760254,2.5071706771850586,1.9055242538452148,-0.6016464233398438,20.314300537109375,0.3886335492134094
DINOv2 ViT-S/14,3,29530,590,1,42,operator_aware,30.0,24.22264740372617,726.6794221117851,1,590,30.50399398803711,2.5071706771850586,2.3032283782958984,-0.20394229888916016,24.11331558227539,0.1927529275417328
DINOv2 ViT-S/14,3,29530,590,1,42,operator_aware,100.0,24.22264740372617,2422.264740372617,1,590,31.406782150268555,2.5071706771850586,2.7061614990234375,0.1989908218383789,26.694395065307617,0.07761408388614655
DINOv2 ViT-S/14,3,29530,590,1,128,operator_aware,0.01,41.53951045496802,0.4153951045496802,1,590,8.12398624420166,2.5071706771850586,2.3883066177368164,-0.11886405944824219,0.5139316320419312,1.396435260772705
DINOv2 ViT-S/14,3,29530,590,1,128,operator_aware,0.1,41.53951045496802,4.153951045496802,1,590,7.463334083557129,2.5071706771850586,2.492917060852051,-0.014253616333007812,1.6900553703308105,0.9807410836219788
DINOv2 ViT-S/14,3,29530,590,1,128,operator_aware,1.0,41.53951045496802,41.53951045496802,1,590,5.551815986633301,2.5071706771850586,2.625309944152832,0.11813926696777344,4.3807525634765625,0.5524545311927795
DINOv2 ViT-S/14,3,29530,590,1,128,operator_aware,3.0,41.53951045496802,124.61853136490404,1,590,5.303384304046631,2.5071706771850586,2.6523818969726562,0.14521121978759766,6.353489875793457,0.35219672322273254
DINOv2 ViT-S/14,3,29530,590,1,128,operator_aware,10.0,41.53951045496802,415.3951045496802,1,590,6.222563743591309,2.5071706771850586,2.6265392303466797,0.1193685531616211,8.477251052856445,0.180337056517601
DINOv2 ViT-S/14,3,29530,590,1,128,operator_aware,30.0,41.53951045496802,1246.1853136490406,1,590,7.231161594390869,2.5071706771850586,2.5524797439575195,0.04530906677246094,9.903020858764648,0.08362555503845215
DINOv2 ViT-S/14,3,29530,590,1,128,operator_aware,100.0,41.53951045496802,4153.951045496801,1,590,7.973616600036621,2.5071706771850586,2.478801727294922,-0.02836894989013672,10.77961540222168,0.031374432146549225
DINOv2 ViT-S/14,3,29530,590,1,42,group_mean,,24.22264740372617,,1,590,31.530988693237305,2.5071706771850586,2.7668075561523438,0.25963687896728516,28.59581756591797,0.0
DINOv2 ViT-S/14,3,29530,590,1,128,group_mean,,41.53951045496802,,1,590,8.546308517456055,2.5071706771850586,2.4230823516845703,-0.08408832550048828,11.36506175994873,0.0
DINOv2 ViT-S/14,4,38707,774,0,42,operator_aware,0.01,14.88693209321328,0.14886932093213281,0,655,43.8961296081543,-4.749557971954346,-2.0075368881225586,2.742021083831787,0.9784929752349854,2.8191440105438232
DINOv2 ViT-S/14,4,38707,774,0,42,operator_aware,0.1,14.88693209321328,1.488693209321328,0,655,40.40256881713867,-4.749557971954346,-2.582688331604004,2.166869640350342,3.476261854171753,2.037320852279663
DINOv2 ViT-S/14,4,38707,774,0,42,operator_aware,1.0,14.88693209321328,14.88693209321328,0,399,39.592891693115234,-4.749557971954346,-3.9724531173706055,0.7771048545837402,9.080945014953613,1.2672642469406128
DINOv2 ViT-S/14,4,38707,774,0,42,operator_aware,3.0,14.88693209321328,44.66079627963984,0,399,37.55677032470703,-4.749557971954346,-4.8239641189575195,-0.07440614700317383,13.53534984588623,0.9388383626937866
DINOv2 ViT-S/14,4,38707,774,0,42,operator_aware,10.0,14.88693209321328,148.8693209321328,0,655,32.84161376953125,-4.749557971954346,-4.266204833984375,0.4833531379699707,20.15456771850586,0.6048467755317688
DINOv2 ViT-S/14,4,38707,774,0,42,operator_aware,30.0,14.88693209321328,446.6079627963984,0,655,29.52979278564453,-4.749557971954346,-3.975231170654297,0.7743268013000488,26.966567993164062,0.3492102324962616
DINOv2 ViT-S/14,4,38707,774,0,42,operator_aware,100.0,14.88693209321328,1488.6932093213281,0,655,30.88067054748535,-4.749557971954346,-3.75321102142334,0.9963469505310059,33.261962890625,0.15413179993629456
DINOv2 ViT-S/14,4,38707,774,0,128,operator_aware,0.01,29.368735831506825,0.29368735831506826,0,655,12.662275314331055,-4.749557971954346,-4.7024827003479,0.04707527160644531,0.4276829659938812,1.5596569776535034
DINOv2 ViT-S/14,4,38707,774,0,128,operator_aware,0.1,29.368735831506825,2.9368735831506827,0,655,12.596688270568848,-4.749557971954346,-4.765761852264404,-0.016203880310058594,1.5886573791503906,1.1447491645812988
DINOv2 ViT-S/14,4,38707,774,0,128,operator_aware,1.0,29.368735831506825,29.368735831506825,0,655,10.776654243469238,-4.749557971954346,-4.604550838470459,0.14500713348388672,4.229110240936279,0.7037673592567444
DINOv2 ViT-S/14,4,38707,774,0,128,operator_aware,3.0,29.368735831506825,88.10620749452048,0,655,9.2831449508667,-4.749557971954346,-4.499256134033203,0.2503018379211426,6.280966758728027,0.5090939998626709
DINOv2 ViT-S/14,4,38707,774,0,128,operator_aware,10.0,29.368735831506825,293.68735831506825,0,655,8.308394432067871,-4.749557971954346,-4.443854808807373,0.30570316314697266,9.184280395507812,0.31318381428718567
DINOv2 ViT-S/14,4,38707,774,0,128,operator_aware,30.0,29.368735831506825,881.0620749452048,0,655,9.386825561523438,-4.749557971954346,-4.482564449310303,0.26699352264404297,11.972722053527832,0.16867220401763916
DINOv2 ViT-S/14,4,38707,774,0,128,operator_aware,100.0,29.368735831506825,2936.8735831506824,0,655,11.312105178833008,-4.749557971954346,-4.5547356605529785,0.1948223114013672,14.256523132324219,0.06910783052444458
DINOv2 ViT-S/14,4,38707,774,0,42,group_mean,,14.88693209321328,,0,655,35.14295959472656,-4.749557971954346,-3.7037229537963867,1.045835018157959,38.87603759765625,0.0
DINOv2 ViT-S/14,4,38707,774,0,128,group_mean,,29.368735831506825,,0,655,13.172064781188965,-4.749557971954346,-4.624553680419922,0.12500429153442383,16.027393341064453,0.0
DINOv2 ViT-S/14,5,13879,277,1,42,operator_aware,0.01,19.305524631425964,0.19305524631425963,1,277,54.75736999511719,1.8687171936035156,1.1210765838623047,-0.7476406097412109,1.0705897808074951,2.7355434894561768
DINOv2 ViT-S/14,5,13879,277,1,42,operator_aware,0.1,19.305524631425964,1.9305524631425965,1,277,52.26141357421875,1.8687171936035156,1.4865493774414062,-0.3821678161621094,3.655423641204834,1.9685909748077393
DINOv2 ViT-S/14,5,13879,277,1,42,operator_aware,1.0,19.305524631425964,19.305524631425964,1,277,47.30715560913086,1.8687171936035156,2.4917802810668945,0.6230630874633789,9.938227653503418,1.1727184057235718
DINOv2 ViT-S/14,5,13879,277,1,42,operator_aware,3.0,19.305524631425964,57.91657389427789,1,277,39.91921615600586,1.8687171936035156,2.7996749877929688,0.9309577941894531,14.92780590057373,0.7950096726417542
DINOv2 ViT-S/14,5,13879,277,1,42,operator_aware,10.0,19.305524631425964,193.05524631425965,1,277,32.73789596557617,1.8687171936035156,2.7386932373046875,0.8699760437011719,21.097980499267578,0.44413700699806213
DINOv2 ViT-S/14,5,13879,277,1,42,operator_aware,30.0,19.305524631425964,579.165738942779,1,277,30.215734481811523,1.8687171936035156,2.3642807006835938,0.4955635070800781,26.07123565673828,0.21972692012786865
DINOv2 ViT-S/14,5,13879,277,1,42,operator_aware,100.0,19.305524631425964,1930.5524631425965,1,277,32.147098541259766,1.8687171936035156,1.9585437774658203,0.08982658386230469,29.53312873840332,0.08353618532419205
DINOv2 ViT-S/14,5,13879,277,1,128,operator_aware,0.01,34.4622372692106,0.344622372692106,1,277,8.452654838562012,1.8687171936035156,1.9114837646484375,0.042766571044921875,0.46811527013778687,1.4115769863128662
DINOv2 ViT-S/14,5,13879,277,1,128,operator_aware,0.1,34.4622372692106,3.44622372692106,1,277,7.988927841186523,1.8687171936035156,1.9351062774658203,0.06638908386230469,1.617220401763916,1.0047017335891724
DINOv2 ViT-S/14,5,13879,277,1,128,operator_aware,1.0,34.4622372692106,34.4622372692106,1,277,6.277966499328613,1.8687171936035156,1.9639873504638672,0.09527015686035156,4.270537376403809,0.5708373785018921
DINOv2 ViT-S/14,5,13879,277,1,128,operator_aware,3.0,34.4622372692106,103.3867118076318,1,277,5.5070624351501465,1.8687171936035156,1.9572505950927734,0.08853340148925781,6.217482089996338,0.3718346357345581
DINOv2 ViT-S/14,5,13879,277,1,128,operator_aware,10.0,34.4622372692106,344.62237269210596,1,277,5.8818254470825195,1.8687171936035156,1.9035072326660156,0.0347900390625,8.448286056518555,0.19870327413082123
DINOv2 ViT-S/14,5,13879,277,1,128,operator_aware,30.0,34.4622372692106,1033.8671180763179,1,277,7.17557954788208,1.8687171936035156,1.8635749816894531,-0.0051422119140625,10.111823081970215,0.09495916217565536
DINOv2 ViT-S/14,5,13879,277,1,128,operator_aware,100.0,34.4622372692106,3446.2237269210596,1,277,8.380773544311523,1.8687171936035156,1.853860855102539,-0.014856338500976562,11.203349113464355,0.0353877916932106
DINOv2 ViT-S/14,5,13879,277,1,42,group_mean,,19.305524631425964,,1,277,34.66389846801758,1.8687171936035156,1.712432861328125,-0.15628433227539062,31.815032958984375,0.0
DINOv2 ViT-S/14,5,13879,277,1,128,group_mean,,34.4622372692106,,1,277,9.276029586791992,1.8687171936035156,1.8580455780029297,-0.010671615600585938,11.90617561340332,0.0
DINOv2 ViT-S/14,6,5234,104,1,42,operator_aware,0.01,19.262759220966135,0.19262759220966136,1,104,42.60096740722656,6.777158737182617,4.009431838989258,-2.7677268981933594,1.1159552335739136,2.8612232208251953
DINOv2 ViT-S/14,6,5234,104,1,42,operator_aware,0.1,19.262759220966135,1.9262759220966137,1,104,40.74517059326172,6.777158737182617,4.462162017822266,-2.3149967193603516,3.6612484455108643,2.0821521282196045
DINOv2 ViT-S/14,6,5234,104,1,42,operator_aware,1.0,19.262759220966135,19.262759220966135,1,104,34.765872955322266,6.777158737182617,5.6280012130737305,-1.1491575241088867,9.69519329071045,1.2724411487579346
DINOv2 ViT-S/14,6,5234,104,1,42,operator_aware,3.0,19.262759220966135,57.78827766289841,1,104,28.116397857666016,6.777158737182617,6.247743606567383,-0.5294151306152344,14.602105140686035,0.9010649919509888
DINOv2 ViT-S/14,6,5234,104,1,42,operator_aware,10.0,19.262759220966135,192.62759220966134,1,104,22.966350555419922,6.777158737182617,6.46608829498291,-0.31107044219970703,21.3616886138916,0.5239046216011047
DINOv2 ViT-S/14,6,5234,104,1,42,operator_aware,30.0,19.262759220966135,577.8827766289841,1,104,26.41610336303711,6.777158737182617,6.482590675354004,-0.2945680618286133,27.14094352722168,0.2571263611316681
DINOv2 ViT-S/14,6,5234,104,1,42,operator_aware,100.0,19.262759220966135,1926.2759220966136,1,104,30.308307647705078,6.777158737182617,6.3379058837890625,-0.4392528533935547,30.996315002441406,0.09479527920484543
DINOv2 ViT-S/14,6,5234,104,1,128,operator_aware,0.01,33.800140920624365,0.33800140920624366,1,104,11.033320426940918,6.777158737182617,5.797636985778809,-0.9795217514038086,0.4435538351535797,1.493206262588501
DINOv2 ViT-S/14,6,5234,104,1,128,operator_aware,0.1,33.800140920624365,3.380014092062437,1,104,9.991839408874512,6.777158737182617,5.813925743103027,-0.9632329940795898,1.5990841388702393,1.0969959497451782
DINOv2 ViT-S/14,6,5234,104,1,128,operator_aware,1.0,33.800140920624365,33.800140920624365,1,104,7.177842140197754,6.777158737182617,6.262500762939453,-0.5146579742431641,4.329967975616455,0.6737964749336243
DINOv2 ViT-S/14,6,5234,104,1,128,operator_aware,3.0,33.800140920624365,101.4004227618731,1,104,5.218016624450684,6.777158737182617,6.732152938842773,-0.04500579833984375,6.524918079376221,0.47402849793434143
DINOv2 ViT-S/14,6,5234,104,1,128,operator_aware,10.0,33.800140920624365,338.00140920624364,1,104,5.201101303100586,6.777158737182617,7.234183311462402,0.45702457427978516,9.436644554138184,0.27190259099006653
DINOv2 ViT-S/14,6,5234,104,1,128,operator_aware,30.0,33.800140920624365,1014.004227618731,1,104,7.525966167449951,6.777158737182617,7.460894584655762,0.6837358474731445,11.837469100952148,0.13346365094184875
DINOv2 ViT-S/14,6,5234,104,1,128,operator_aware,100.0,33.800140920624365,3380.0140920624367,1,104,9.603949546813965,6.777158737182617,7.50821590423584,0.7310571670532227,13.45848560333252,0.0497189424932003
DINOv2 ViT-S/14,6,5234,104,1,42,group_mean,,19.262759220966135,,1,104,32.95033645629883,6.777158737182617,6.217824935913086,-0.5593338012695312,33.34758377075195,0.0
DINOv2 ViT-S/14,6,5234,104,1,128,group_mean,,33.800140920624365,,1,104,10.990920066833496,6.777158737182617,7.499805450439453,0.7226467132568359,14.48395824432373,0.0
DINOv2 ViT-S/14,7,22077,441,0,42,operator_aware,0.01,25.074698200933422,0.2507469820093342,0,862,51.50044631958008,-2.254159927368164,-5.298649787902832,-3.044489860534668,1.3189431428909302,2.544235944747925
DINOv2 ViT-S/14,7,22077,441,0,42,operator_aware,0.1,25.074698200933422,2.5074698200933425,0,862,45.64577865600586,-2.254159927368164,-5.219135761260986,-2.9649758338928223,4.218472003936768,1.6788965463638306
DINOv2 ViT-S/14,7,22077,441,0,42,operator_aware,1.0,25.074698200933422,25.074698200933422,0,862,33.74067306518555,-2.254159927368164,-4.906829357147217,-2.6526694297790527,9.775257110595703,0.8943716883659363
DINOv2 ViT-S/14,7,22077,441,0,42,operator_aware,3.0,25.074698200933422,75.22409460280026,0,862,26.761470794677734,-2.254159927368164,-4.016051292419434,-1.7618913650512695,13.351205825805664,0.5863935947418213
DINOv2 ViT-S/14,7,22077,441,0,42,operator_aware,10.0,25.074698200933422,250.74698200933423,0,862,22.75387954711914,-2.254159927368164,-3.1645212173461914,-0.9103612899780273,17.329875946044922,0.3317270576953888
DINOv2 ViT-S/14,7,22077,441,0,42,operator_aware,30.0,25.074698200933422,752.2409460280027,0,862,21.732091903686523,-2.254159927368164,-2.564974784851074,-0.31081485748291016,20.46782112121582,0.1854100227355957
DINOv2 ViT-S/14,7,22077,441,0,42,operator_aware,100.0,25.074698200933422,2507.469820093342,0,862,20.730512619018555,-2.254159927368164,-1.5925369262695312,0.6616230010986328,23.256330490112305,0.09401839971542358
DINOv2 ViT-S/14,7,22077,441,0,128,operator_aware,0.01,40.388159015451116,0.4038815901545112,0,862,9.642614364624023,-2.254159927368164,-3.790287971496582,-1.536128044128418,0.4740319550037384,1.2415353059768677
DINOv2 ViT-S/14,7,22077,441,0,128,operator_aware,0.1,40.388159015451116,4.038815901545112,0,862,8.962796211242676,-2.254159927368164,-3.6587133407592773,-1.4045534133911133,1.587329626083374,0.8136051893234253
DINOv2 ViT-S/14,7,22077,441,0,128,operator_aware,1.0,40.388159015451116,40.388159015451116,0,862,7.630056381225586,-2.254159927368164,-3.4215335845947266,-1.1673736572265625,3.6524839401245117,0.4166485369205475
DINOv2 ViT-S/14,7,22077,441,0,128,operator_aware,3.0,40.388159015451116,121.16447704635334,0,862,6.926071643829346,-2.254159927368164,-3.2172622680664062,-0.9631023406982422,4.921836853027344,0.27853745222091675
DINOv2 ViT-S/14,7,22077,441,0,128,operator_aware,10.0,40.388159015451116,403.8815901545112,0,862,6.4383721351623535,-2.254159927368164,-2.945453643798828,-0.6912937164306641,6.387362957000732,0.17135801911354065
DINOv2 ViT-S/14,7,22077,441,0,128,operator_aware,30.0,40.388159015451116,1211.6447704635334,0,862,6.119790077209473,-2.254159927368164,-2.609731674194336,-0.3555717468261719,7.738485813140869,0.10480405390262604
DINOv2 ViT-S/14,7,22077,441,0,128,operator_aware,100.0,40.388159015451116,4038.8159015451115,0,862,5.9824700355529785,-2.254159927368164,-2.0336790084838867,0.22048091888427734,9.203814506530762,0.055916424840688705
DINOv2 ViT-S/14,7,22077,441,0,42,group_mean,,25.074698200933422,,1,441,22.472875595092773,-2.254159927368164,0.9117860794067383,3.1659460067749023,27.672340393066406,0.0
DINOv2 ViT-S/14,7,22077,441,0,128,group_mean,,40.388159015451116,,0,862,8.648674011230469,-2.254159927368164,-0.8900012969970703,1.3641586303710938,11.705907821655273,0.0
