model_key,architecture,depth,D,eigenvalue_index_descending,eigenvalue_raw,eigenvalue_clipped_for_entropy_cutoffs,relative_to_lambda_max
deit_tiny,DeiT-Tiny,5,192,1,0.001609292116036614,0.001609292116036614,1.0
deit_tiny,DeiT-Tiny,5,192,2,0.0014141782169364975,0.0014141782169364975,0.8787579351468858
deit_tiny,DeiT-Tiny,5,192,3,0.0007596819173797987,0.0007596819173797987,0.47205967754987416
deit_tiny,DeiT-Tiny,5,192,4,0.0006964617144740076,0.0006964617144740076,0.4327751981966225
deit_tiny,DeiT-Tiny,5,192,5,0.0006489792501442667,0.0006489792501442667,0.40327001150206426
deit_tiny,DeiT-Tiny,5,192,6,0.0005344613849959442,0.0005344613849959442,0.332109614948107
deit_tiny,DeiT-Tiny,5,192,7,0.0004890663069087515,0.0004890663069087515,0.30390151174867525
deit_tiny,DeiT-Tiny,5,192,8,0.00047283448213418077,0.00047283448213418077,0.2938151982616331
deit_tiny,DeiT-Tiny,5,192,9,0.0004568104219218563,0.0004568104219218563,0.28385798785051847
deit_tiny,DeiT-Tiny,5,192,10,0.0004345147785972195,0.0004345147785972195,0.27000367072408726
deit_tiny,DeiT-Tiny,5,192,11,0.0003981374337814558,0.0003981374337814558,0.24739910785246
deit_tiny,DeiT-Tiny,5,192,12,0.0003822973946263219,0.0003822973946263219,0.2375562465115712
deit_tiny,DeiT-Tiny,5,192,13,0.00038008371940350115,0.00038008371940350115,0.2361806881522395
deit_tiny,DeiT-Tiny,5,192,14,0.0003467971453317853,0.0003467971453317853,0.21549670310066638
deit_tiny,DeiT-Tiny,5,192,15,0.0003417341809303682,0.0003417341809303682,0.2123506214471464
deit_tiny,DeiT-Tiny,5,192,16,0.00032516401057393584,0.00032516401057393584,0.20205406298438477
deit_tiny,DeiT-Tiny,5,192,17,0.00030213911901338903,0.00030213911901338903,0.18774659740302543
deit_tiny,DeiT-Tiny,5,192,18,0.0002960505251974605,0.0002960505251974605,0.18396319863082267
deit_tiny,DeiT-Tiny,5,192,19,0.0002823230705536807,0.0002823230705536807,0.1754330787681914
deit_tiny,DeiT-Tiny,5,192,20,0.00027247527229992935,0.00027247527229992935,0.16931374334386542
deit_tiny,DeiT-Tiny,5,192,21,0.00027113973244151217,0.00027113973244151217,0.1684838505946818
deit_tiny,DeiT-Tiny,5,192,22,0.00024985955786505434,0.00024985955786505434,0.15526053683803026
deit_tiny,DeiT-Tiny,5,192,23,0.0002478481181118961,0.0002478481181118961,0.15401064582501015
deit_tiny,DeiT-Tiny,5,192,24,0.0002411887378009314,0.0002411887378009314,0.14987256533321883
deit_tiny,DeiT-Tiny,5,192,25,0.00023536073478743898,0.00023536073478743898,0.14625109539906808
deit_tiny,DeiT-Tiny,5,192,26,0.00022887825874837292,0.00022887825874837292,0.1422229416695692
deit_tiny,DeiT-Tiny,5,192,27,0.0002231281845028918,0.0002231281845028918,0.1386498959880664
deit_tiny,DeiT-Tiny,5,192,28,0.00021878255761854871,0.00021878255761854871,0.13594956157330176
deit_tiny,DeiT-Tiny,5,192,29,0.0002124812499852386,0.0002124812499852386,0.13203398430145813
deit_tiny,DeiT-Tiny,5,192,30,0.00020878833417382387,0.00020878833417382387,0.1297392388201283
deit_tiny,DeiT-Tiny,5,192,31,0.00020125268949177025,0.00020125268949177025,0.1250566553370174
deit_tiny,DeiT-Tiny,5,192,32,0.00020019685717024893,0.00020019685717024893,0.12440057039693726
deit_tiny,DeiT-Tiny,5,192,33,0.0001970261959419091,0.0001970261959419091,0.12243034933095169
deit_tiny,DeiT-Tiny,5,192,34,0.0001874259615801246,0.0001874259615801246,0.11646484793681817
deit_tiny,DeiT-Tiny,5,192,35,0.00018146509477256578,0.00018146509477256578,0.1127608176068621
deit_tiny,DeiT-Tiny,5,192,36,0.00017713276427844499,0.00017713276427844499,0.11006874545231099
deit_tiny,DeiT-Tiny,5,192,37,0.00017418119768022172,0.00017418119768022172,0.10823466786701068
deit_tiny,DeiT-Tiny,5,192,38,0.0001702281101618807,0.0001702281101618807,0.10577825396990123
deit_tiny,DeiT-Tiny,5,192,39,0.00016494768724656684,0.00016494768724656684,0.10249704550395873
deit_tiny,DeiT-Tiny,5,192,40,0.00016017106636244285,0.00016017106636244285,0.09952889519953301
deit_tiny,DeiT-Tiny,5,192,41,0.00015620225070504644,0.00015620225070504644,0.09706270797482276
deit_tiny,DeiT-Tiny,5,192,42,0.0001545829641741262,0.0001545829641741262,0.09605649753311113
deit_tiny,DeiT-Tiny,5,192,43,0.0001501312334225807,0.0001501312334225807,0.0932902311062866
deit_tiny,DeiT-Tiny,5,192,44,0.0001474133524440772,0.0001474133524440772,0.09160136371458077
deit_tiny,DeiT-Tiny,5,192,45,0.0001460490090758074,0.0001460490090758074,0.09075357271711418
deit_tiny,DeiT-Tiny,5,192,46,0.00014233289236415507,0.00014233289236415507,0.08844441039995549
deit_tiny,DeiT-Tiny,5,192,47,0.00013978943084919134,0.00013978943084919134,0.08686392573243111
deit_tiny,DeiT-Tiny,5,192,48,0.00013568639386741908,0.00013568639386741908,0.08431433455449303
deit_tiny,DeiT-Tiny,5,192,49,0.00013515942508735755,0.00013515942508735755,0.08398688077850651
deit_tiny,DeiT-Tiny,5,192,50,0.00013255225531474114,0.00013255225531474114,0.08236680835869165
deit_tiny,DeiT-Tiny,5,192,51,0.00012956289133259034,0.00012956289133259034,0.08050924381067594
deit_tiny,DeiT-Tiny,5,192,52,0.0001279268923669663,0.0001279268923669663,0.07949264840868442
deit_tiny,DeiT-Tiny,5,192,53,0.00012501592194295833,0.00012501592194295833,0.07768379692982602
deit_tiny,DeiT-Tiny,5,192,54,0.0001228822703350095,0.0001228822703350095,0.07635796454260001
deit_tiny,DeiT-Tiny,5,192,55,0.0001216161660454088,0.0001216161660454088,0.07557121844660913
deit_tiny,DeiT-Tiny,5,192,56,0.0001185795207279004,0.0001185795207279004,0.07368427369167732
deit_tiny,DeiT-Tiny,5,192,57,0.00011679383060775577,0.00011679383060775577,0.07257466151974769
deit_tiny,DeiT-Tiny,5,192,58,0.00011439877032800945,0.00011439877032800945,0.07108639207762496
deit_tiny,DeiT-Tiny,5,192,59,0.00011017802166256588,0.00011017802166256588,0.06846365589232722
deit_tiny,DeiT-Tiny,5,192,60,0.00010831767760281378,0.00010831767760281378,0.06730765441738445
deit_tiny,DeiT-Tiny,5,192,61,0.0001068467124568228,0.0001068467124568228,0.06639360958280607
deit_tiny,DeiT-Tiny,5,192,62,0.00010624685807842533,0.00010624685807842533,0.06602086533555605
deit_tiny,DeiT-Tiny,5,192,63,0.00010525132667973375,0.00010525132667973375,0.06540225085980544
deit_tiny,DeiT-Tiny,5,192,64,0.00010291627850596147,0.00010291627850596147,0.06395127241375236
deit_tiny,DeiT-Tiny,5,192,65,9.937366683501562e-05,9.937366683501562e-05,0.0617499246064502
deit_tiny,DeiT-Tiny,5,192,66,9.800676295271942e-05,9.800676295271942e-05,0.06090054252803511
deit_tiny,DeiT-Tiny,5,192,67,9.66146737703223e-05,9.66146737703223e-05,0.060035510525128406
deit_tiny,DeiT-Tiny,5,192,68,9.379542396443071e-05,9.379542396443071e-05,0.0582836534335552
deit_tiny,DeiT-Tiny,5,192,69,9.361287509942262e-05,9.361287509942262e-05,0.05817021917063365
deit_tiny,DeiT-Tiny,5,192,70,9.240734537684301e-05,9.240734537684301e-05,0.05742111357907168
deit_tiny,DeiT-Tiny,5,192,71,8.997829566008147e-05,8.997829566008147e-05,0.05591172339903163
deit_tiny,DeiT-Tiny,5,192,72,8.952448139837984e-05,8.952448139837984e-05,0.05562972719885183
deit_tiny,DeiT-Tiny,5,192,73,8.893604443014339e-05,8.893604443014339e-05,0.055264077630092584
deit_tiny,DeiT-Tiny,5,192,74,8.55657131943652e-05,8.55657131943652e-05,0.053169783373510575
deit_tiny,DeiT-Tiny,5,192,75,8.466885638711316e-05,8.466885638711316e-05,0.05261248442304977
deit_tiny,DeiT-Tiny,5,192,76,8.340959369423261e-05,8.340959369423261e-05,0.05182998963522848
deit_tiny,DeiT-Tiny,5,192,77,8.169449270361351e-05,8.169449270361351e-05,0.05076424092899417
deit_tiny,DeiT-Tiny,5,192,78,8.064575608092782e-05,8.064575608092782e-05,0.050112565193908526
deit_tiny,DeiT-Tiny,5,192,79,7.894215471601965e-05,7.894215471601965e-05,0.0490539622541863
deit_tiny,DeiT-Tiny,5,192,80,7.74731252350105e-05,7.74731252350105e-05,0.04814112022484292
deit_tiny,DeiT-Tiny,5,192,81,7.636502607004223e-05,7.636502607004223e-05,0.047452557126865844
deit_tiny,DeiT-Tiny,5,192,82,7.532585708152752e-05,7.532585708152752e-05,0.04680682663570182
deit_tiny,DeiT-Tiny,5,192,83,7.482582614296989e-05,7.482582614296989e-05,0.046496111798056856
deit_tiny,DeiT-Tiny,5,192,84,7.320721841078953e-05,7.320721841078953e-05,0.045490323155926
deit_tiny,DeiT-Tiny,5,192,85,7.211788500223742e-05,7.211788500223742e-05,0.044813420934323785
deit_tiny,DeiT-Tiny,5,192,86,7.176772338821674e-05,7.176772338821674e-05,0.04459583357990173
deit_tiny,DeiT-Tiny,5,192,87,7.095483795679984e-05,7.095483795679984e-05,0.04409071370556911
deit_tiny,DeiT-Tiny,5,192,88,6.952728193720051e-05,6.952728193720051e-05,0.043203642921232494
deit_tiny,DeiT-Tiny,5,192,89,6.846376074858549e-05,6.846376074858549e-05,0.04254278018660711
deit_tiny,DeiT-Tiny,5,192,90,6.75523788323674e-05,6.75523788323674e-05,0.04197645546088693
deit_tiny,DeiT-Tiny,5,192,91,6.628624876278643e-05,6.628624876278643e-05,0.04118969334544252
deit_tiny,DeiT-Tiny,5,192,92,6.582440241575263e-05,6.582440241575263e-05,0.0409027060779157
deit_tiny,DeiT-Tiny,5,192,93,6.539620637996579e-05,6.539620637996579e-05,0.0406366288185295
deit_tiny,DeiT-Tiny,5,192,94,6.503438105330465e-05,6.503438105330465e-05,0.04041179373541715
deit_tiny,DeiT-Tiny,5,192,95,6.231951547392367e-05,6.231951547392367e-05,0.03872480008626713
deit_tiny,DeiT-Tiny,5,192,96,6.155793492009954e-05,6.155793492009954e-05,0.038251560612690534
deit_tiny,DeiT-Tiny,5,192,97,6.114706894388129e-05,6.114706894388129e-05,0.0379962521002558
deit_tiny,DeiT-Tiny,5,192,98,6.0798588545032706e-05,6.0798588545032706e-05,0.03777970943818968
deit_tiny,DeiT-Tiny,5,192,99,6.011252523603901e-05,6.011252523603901e-05,0.037353395717916606
deit_tiny,DeiT-Tiny,5,192,100,5.934052184761698e-05,5.934052184761698e-05,0.036873679586377155
deit_tiny,DeiT-Tiny,5,192,101,5.880354896964397e-05,5.880354896964397e-05,0.03654000935173046
deit_tiny,DeiT-Tiny,5,192,102,5.763799208695667e-05,5.763799208695667e-05,0.035815742532131635
deit_tiny,DeiT-Tiny,5,192,103,5.717286052454807e-05,5.717286052454807e-05,0.035526713860597386
deit_tiny,DeiT-Tiny,5,192,104,5.62800957052151e-05,5.62800957052151e-05,0.034971957635523916
deit_tiny,DeiT-Tiny,5,192,105,5.536188551001962e-05,5.536188551001962e-05,0.034401389877162646
deit_tiny,DeiT-Tiny,5,192,106,5.481203126733141e-05,5.481203126733141e-05,0.034059715275510834
deit_tiny,DeiT-Tiny,5,192,107,5.41735171202545e-05,5.41735171202545e-05,0.03366294818722766
deit_tiny,DeiT-Tiny,5,192,108,5.380828483868015e-05,5.380828483868015e-05,0.033435996052226934
deit_tiny,DeiT-Tiny,5,192,109,5.3315939241243605e-05,5.3315939241243605e-05,0.03313005681811877
deit_tiny,DeiT-Tiny,5,192,110,5.307302500473061e-05,5.307302500473061e-05,0.03297911204302645
deit_tiny,DeiT-Tiny,5,192,111,5.147310278286899e-05,5.147310278286899e-05,0.03198493441304965
deit_tiny,DeiT-Tiny,5,192,112,5.123711998341312e-05,5.123711998341312e-05,0.031838296772124
deit_tiny,DeiT-Tiny,5,192,113,5.085320392985754e-05,5.085320392985754e-05,0.03159973470515688
deit_tiny,DeiT-Tiny,5,192,114,4.986783455663066e-05,4.986783455663066e-05,0.03098743482286226
deit_tiny,DeiT-Tiny,5,192,115,4.9218316501079985e-05,4.9218316501079985e-05,0.030583830002408458
deit_tiny,DeiT-Tiny,5,192,116,4.8429413963786996e-05,4.8429413963786996e-05,0.03009361288804397
deit_tiny,DeiT-Tiny,5,192,117,4.804110152069847e-05,4.804110152069847e-05,0.029852318943197665
deit_tiny,DeiT-Tiny,5,192,118,4.7394366008187226e-05,4.7394366008187226e-05,0.02945044317057285
deit_tiny,DeiT-Tiny,5,192,119,4.723745325789321e-05,4.723745325789321e-05,0.029352938964387794
deit_tiny,DeiT-Tiny,5,192,120,4.652577534172178e-05,4.652577534172178e-05,0.02891070855197258
deit_tiny,DeiT-Tiny,5,192,121,4.579695748045736e-05,4.579695748045736e-05,0.02845782752807285
deit_tiny,DeiT-Tiny,5,192,122,4.5432984720460644e-05,4.5432984720460644e-05,0.028231658048728656
deit_tiny,DeiT-Tiny,5,192,123,4.495455311425776e-05,4.495455311425776e-05,0.027934364846683296
deit_tiny,DeiT-Tiny,5,192,124,4.408330197556145e-05,4.408330197556145e-05,0.02739297703398336
deit_tiny,DeiT-Tiny,5,192,125,4.3001727449547245e-05,4.3001727449547245e-05,0.02672089611390906
deit_tiny,DeiT-Tiny,5,192,126,4.2663394321150854e-05,4.2663394321150854e-05,0.02651065887666363
deit_tiny,DeiT-Tiny,5,192,127,4.2396863864874076e-05,4.2396863864874076e-05,0.02634503918983313
deit_tiny,DeiT-Tiny,5,192,128,4.1650453332611226e-05,4.1650453332611226e-05,0.025881226234543742
deit_tiny,DeiT-Tiny,5,192,129,4.118289601063461e-05,4.118289601063461e-05,0.02559069021729902
deit_tiny,DeiT-Tiny,5,192,130,4.087067367754563e-05,4.087067367754563e-05,0.025396677999145658
deit_tiny,DeiT-Tiny,5,192,131,4.0182292656774814e-05,4.0182292656774814e-05,0.024968924073111288
deit_tiny,DeiT-Tiny,5,192,132,3.956566696997476e-05,3.956566696997476e-05,0.024585758281981528
deit_tiny,DeiT-Tiny,5,192,133,3.916853011779302e-05,3.916853011779302e-05,0.024338980926755422
deit_tiny,DeiT-Tiny,5,192,134,3.8788817379619144e-05,3.8788817379619144e-05,0.02410303076308406
deit_tiny,DeiT-Tiny,5,192,135,3.8553694443223454e-05,3.8553694443223454e-05,0.023956927433519036
deit_tiny,DeiT-Tiny,5,192,136,3.790684887432818e-05,3.790684887432818e-05,0.023554983272822884
deit_tiny,DeiT-Tiny,5,192,137,3.7756866564204836e-05,3.7756866564204836e-05,0.023461785581347996
deit_tiny,DeiT-Tiny,5,192,138,3.723079792922902e-05,3.723079792922902e-05,0.023134891147619317
deit_tiny,DeiT-Tiny,5,192,139,3.6979310414163286e-05,3.6979310414163286e-05,0.022978619012461468
deit_tiny,DeiT-Tiny,5,192,140,3.6593421453466324e-05,3.6593421453466324e-05,0.02273883099830818
deit_tiny,DeiT-Tiny,5,192,141,3.5626385368266114e-05,3.5626385368266114e-05,0.022137923260325945
deit_tiny,DeiT-Tiny,5,192,142,3.505268352946489e-05,3.505268352946489e-05,0.02178142997170278
deit_tiny,DeiT-Tiny,5,192,143,3.5005644110020096e-05,3.5005644110020096e-05,0.021752200089212182
deit_tiny,DeiT-Tiny,5,192,144,3.466665015989742e-05,3.466665015989742e-05,0.021541552223144488
deit_tiny,DeiT-Tiny,5,192,145,3.424284271320437e-05,3.424284271320437e-05,0.021278201994513028
deit_tiny,DeiT-Tiny,5,192,146,3.351615078322172e-05,3.351615078322172e-05,0.02082664200565758
deit_tiny,DeiT-Tiny,5,192,147,3.28053799695495e-05,3.28053799695495e-05,0.020384975258775907
deit_tiny,DeiT-Tiny,5,192,148,3.2701391530919865e-05,3.2701391530919865e-05,0.020320357755469087
deit_tiny,DeiT-Tiny,5,192,149,3.259927614616636e-05,3.259927614616636e-05,0.020256904151405585
deit_tiny,DeiT-Tiny,5,192,150,3.204069934468291e-05,3.204069934468291e-05,0.01990980942825543
deit_tiny,DeiT-Tiny,5,192,151,3.143157677747576e-05,3.143157677747576e-05,0.01953130600980378
deit_tiny,DeiT-Tiny,5,192,152,3.138505153160801e-05,3.138505153160801e-05,0.01950239563026229
deit_tiny,DeiT-Tiny,5,192,153,3.0907990123535793e-05,3.0907990123535793e-05,0.01920595385731237
deit_tiny,DeiT-Tiny,5,192,154,3.0474515101500092e-05,3.0474515101500092e-05,0.01893659628219216
deit_tiny,DeiT-Tiny,5,192,155,2.9857106781274184e-05,2.9857106781274184e-05,0.018552944169518873
deit_tiny,DeiT-Tiny,5,192,156,2.95762286491864e-05,2.95762286491864e-05,0.018378408962834623
deit_tiny,DeiT-Tiny,5,192,157,2.9184493374718003e-05,2.9184493374718003e-05,0.018134988100602868
deit_tiny,DeiT-Tiny,5,192,158,2.8574246908655408e-05,2.8574246908655408e-05,0.017755786301264214
deit_tiny,DeiT-Tiny,5,192,159,2.8352484913120517e-05,2.8352484913120517e-05,0.017617985343113093
deit_tiny,DeiT-Tiny,5,192,160,2.783264427462443e-05,2.783264427462443e-05,0.017294960931748697
deit_tiny,DeiT-Tiny,5,192,161,2.7534311308048334e-05,2.7534311308048334e-05,0.017109579444072716
deit_tiny,DeiT-Tiny,5,192,162,2.6821426822897704e-05,2.6821426822897704e-05,0.01666659928028099
deit_tiny,DeiT-Tiny,5,192,163,2.6517661303706467e-05,2.6517661303706467e-05,0.016477842052078473
deit_tiny,DeiT-Tiny,5,192,164,2.6150148941084897e-05,2.6150148941084897e-05,0.016249473094721818
deit_tiny,DeiT-Tiny,5,192,165,2.59844237902743e-05,2.59844237902743e-05,0.016146492940181105
deit_tiny,DeiT-Tiny,5,192,166,2.522718728847776e-05,2.522718728847776e-05,0.01567595282241711
deit_tiny,DeiT-Tiny,5,192,167,2.5124625807370286e-05,2.5124625807370286e-05,0.015612222017993569
deit_tiny,DeiT-Tiny,5,192,168,2.4935702173753747e-05,2.4935702173753747e-05,0.015494826529794807
deit_tiny,DeiT-Tiny,5,192,169,2.4525847304712635e-05,2.4525847304712635e-05,0.01524014631048788
deit_tiny,DeiT-Tiny,5,192,170,2.4350120902752262e-05,2.4350120902752262e-05,0.015130951466239743
deit_tiny,DeiT-Tiny,5,192,171,2.3851232278533375e-05,2.3851232278533375e-05,0.01482094645270152
deit_tiny,DeiT-Tiny,5,192,172,2.3682107647367695e-05,2.3682107647367695e-05,0.014715853890897263
deit_tiny,DeiT-Tiny,5,192,173,2.313537566618028e-05,2.313537566618028e-05,0.01437611943514543
deit_tiny,DeiT-Tiny,5,192,174,2.264440625623196e-05,2.264440625623196e-05,0.014071035351866946
deit_tiny,DeiT-Tiny,5,192,175,2.220443372660594e-05,2.220443372660594e-05,0.013797640282543181
deit_tiny,DeiT-Tiny,5,192,176,2.2011030194451302e-05,2.2011030194451302e-05,0.01367746102470219
deit_tiny,DeiT-Tiny,5,192,177,2.1299695430380627e-05,2.1299695430380627e-05,0.013235443843991357
deit_tiny,DeiT-Tiny,5,192,178,2.1097082982861805e-05,2.1097082982861805e-05,0.01310954224694767
deit_tiny,DeiT-Tiny,5,192,179,2.0775103595745497e-05,2.0775103595745497e-05,0.01290946708103604
deit_tiny,DeiT-Tiny,5,192,180,2.0361850444056025e-05,2.0361850444056025e-05,0.012652675198710016
deit_tiny,DeiT-Tiny,5,192,181,2.0130171490897233e-05,2.0130171490897233e-05,0.012508711930108803
deit_tiny,DeiT-Tiny,5,192,182,1.964866494675731e-05,1.964866494675731e-05,0.012209507988610733
deit_tiny,DeiT-Tiny,5,192,183,1.922624088772193e-05,1.922624088772193e-05,0.011947017384931065
deit_tiny,DeiT-Tiny,5,192,184,1.9043463870711096e-05,1.9043463870711096e-05,0.011833441350356947
deit_tiny,DeiT-Tiny,5,192,185,1.838841683575772e-05,1.838841683575772e-05,0.011426400870616927
deit_tiny,DeiT-Tiny,5,192,186,1.8239685920045015e-05,1.8239685920045015e-05,0.011333980784648319
deit_tiny,DeiT-Tiny,5,192,187,1.7686062540717742e-05,1.7686062540717742e-05,0.010989964074561685
deit_tiny,DeiT-Tiny,5,192,188,1.743370757379532e-05,1.743370757379532e-05,0.01083315291243164
deit_tiny,DeiT-Tiny,5,192,189,1.6342027835313946e-05,1.6342027835313946e-05,0.010154792701999505
deit_tiny,DeiT-Tiny,5,192,190,1.4905710126249959e-05,1.4905710126249959e-05,0.009262277480709928
deit_tiny,DeiT-Tiny,5,192,191,1.4148037071329561e-05,1.4148037071329561e-05,0.008791466092665349
deit_tiny,DeiT-Tiny,5,192,192,2.812175180919133e-18,2.812175180919133e-18,1.74746098169237e-15
deit_tiny,DeiT-Tiny,7,192,1,0.0014022941138372292,0.0014022941138372292,1.0
deit_tiny,DeiT-Tiny,7,192,2,0.0005053340554156455,0.0005053340554156455,0.36036238791080166
deit_tiny,DeiT-Tiny,7,192,3,0.0003817611205813646,0.0003817611205813646,0.2722404072115198
deit_tiny,DeiT-Tiny,7,192,4,0.0003034812072446031,0.0003034812072446031,0.2164176575013632
deit_tiny,DeiT-Tiny,7,192,5,0.0002754807229536965,0.0002754807229536965,0.19645003158422503
deit_tiny,DeiT-Tiny,7,192,6,0.00024252403199110848,0.00024252403199110848,0.1729480496266701
deit_tiny,DeiT-Tiny,7,192,7,0.00023950591569833242,0.00023950591569833242,0.17079577909868698
deit_tiny,DeiT-Tiny,7,192,8,0.00022876061041532172,0.00022876061041532172,0.1631331174808561
deit_tiny,DeiT-Tiny,7,192,9,0.00021873071538734988,0.00021873071538734988,0.1559806271944025
deit_tiny,DeiT-Tiny,7,192,10,0.00019473137610446584,0.00019473137610446584,0.13886628645370555
deit_tiny,DeiT-Tiny,7,192,11,0.00018899822619000543,0.00018899822619000543,0.13477787885227002
deit_tiny,DeiT-Tiny,7,192,12,0.0001780008502028411,0.0001780008502028411,0.12693546128904487
deit_tiny,DeiT-Tiny,7,192,13,0.00016364223063809695,0.00016364223063809695,0.11669608324198646
deit_tiny,DeiT-Tiny,7,192,14,0.00015628925243019835,0.00015628925243019835,0.11145254828356184
deit_tiny,DeiT-Tiny,7,192,15,0.000142755663972162,0.000142755663972162,0.10180151407861668
deit_tiny,DeiT-Tiny,7,192,16,0.0001367419272349358,0.0001367419272349358,0.09751301519818549
deit_tiny,DeiT-Tiny,7,192,17,0.00013242937475989175,0.00013242937475989175,0.09443766001235847
deit_tiny,DeiT-Tiny,7,192,18,0.00013000822199516336,0.00013000822199516336,0.09271109442184682
deit_tiny,DeiT-Tiny,7,192,19,0.00012297580300433888,0.00012297580300433888,0.08769615574284101
deit_tiny,DeiT-Tiny,7,192,20,0.00012231717507724346,0.00012231717507724346,0.08722647686406917
deit_tiny,DeiT-Tiny,7,192,21,0.00011211438948450817,0.00011211438948450817,0.07995069534858064
deit_tiny,DeiT-Tiny,7,192,22,0.00010989791851363426,0.00010989791851363426,0.07837009185819817
deit_tiny,DeiT-Tiny,7,192,23,0.00010369566224432352,0.00010369566224432352,0.0739471564638971
deit_tiny,DeiT-Tiny,7,192,24,9.961326585298294e-05,9.961326585298294e-05,0.07103592953150305
deit_tiny,DeiT-Tiny,7,192,25,9.834691444370423e-05,9.834691444370423e-05,0.07013287260729371
deit_tiny,DeiT-Tiny,7,192,26,9.38250908891951e-05,9.38250908891951e-05,0.06690828262300316
deit_tiny,DeiT-Tiny,7,192,27,9.199193541468929e-05,9.199193541468929e-05,0.06560102799188332
deit_tiny,DeiT-Tiny,7,192,28,9.108562608661213e-05,9.108562608661213e-05,0.06495472325514222
deit_tiny,DeiT-Tiny,7,192,29,8.790804937930784e-05,8.790804937930784e-05,0.06268873876875714
deit_tiny,DeiT-Tiny,7,192,30,8.410659704495995e-05,8.410659704495995e-05,0.059977857865217137
deit_tiny,DeiT-Tiny,7,192,31,8.301801033514891e-05,8.301801033514891e-05,0.05920156799915456
deit_tiny,DeiT-Tiny,7,192,32,8.045754850468212e-05,8.045754850468212e-05,0.05737565872291838
deit_tiny,DeiT-Tiny,7,192,33,7.83351224470963e-05,7.83351224470963e-05,0.05586212027428436
deit_tiny,DeiT-Tiny,7,192,34,7.72049758827125e-05,7.72049758827125e-05,0.055056193362638645
deit_tiny,DeiT-Tiny,7,192,35,7.445515334605109e-05,7.445515334605109e-05,0.0530952477168377
deit_tiny,DeiT-Tiny,7,192,36,7.108375345898678e-05,7.108375345898678e-05,0.0506910445943994
deit_tiny,DeiT-Tiny,7,192,37,7.059628408119279e-05,7.059628408119279e-05,0.05034342181471014
deit_tiny,DeiT-Tiny,7,192,38,6.925725010790153e-05,6.925725010790153e-05,0.049388533706660444
deit_tiny,DeiT-Tiny,7,192,39,6.758714456028948e-05,6.758714456028948e-05,0.04819755277681686
deit_tiny,DeiT-Tiny,7,192,40,6.63796063630828e-05,6.63796063630828e-05,0.0473364365635409
deit_tiny,DeiT-Tiny,7,192,41,6.36103280933994e-05,6.36103280933994e-05,0.04536161670060532
deit_tiny,DeiT-Tiny,7,192,42,6.226002787837291e-05,6.226002787837291e-05,0.04439869444221294
deit_tiny,DeiT-Tiny,7,192,43,6.048933958513468e-05,6.048933958513468e-05,0.04313598623017251
deit_tiny,DeiT-Tiny,7,192,44,6.0213246542085894e-05,6.0213246542085894e-05,0.04293909954261929
deit_tiny,DeiT-Tiny,7,192,45,5.974993582921206e-05,5.974993582921206e-05,0.042608704721517156
deit_tiny,DeiT-Tiny,7,192,46,5.85653865566986e-05,5.85653865566986e-05,0.04176398230499637
deit_tiny,DeiT-Tiny,7,192,47,5.664558541044156e-05,5.664558541044156e-05,0.0403949391582604
deit_tiny,DeiT-Tiny,7,192,48,5.608694374595603e-05,5.608694374595603e-05,0.03999656219940912
deit_tiny,DeiT-Tiny,7,192,49,5.5438228908979486e-05,5.5438228908979486e-05,0.039533952515338346
deit_tiny,DeiT-Tiny,7,192,50,5.411807599459509e-05,5.411807599459509e-05,0.03859252881444871
deit_tiny,DeiT-Tiny,7,192,51,5.358122519559203e-05,5.358122519559203e-05,0.038209691295767255
deit_tiny,DeiT-Tiny,7,192,52,5.226660081012786e-05,5.226660081012786e-05,0.03727221008373618
deit_tiny,DeiT-Tiny,7,192,53,5.138206757312882e-05,5.138206757312882e-05,0.036641434251283585
deit_tiny,DeiT-Tiny,7,192,54,4.9799563442294187e-05,4.9799563442294187e-05,0.03551292339523765
deit_tiny,DeiT-Tiny,7,192,55,4.898918833913607e-05,4.898918833913607e-05,0.03493503100079508
deit_tiny,DeiT-Tiny,7,192,56,4.8586134863633565e-05,4.8586134863633565e-05,0.03464760664985091
deit_tiny,DeiT-Tiny,7,192,57,4.681215574700323e-05,4.681215574700323e-05,0.033382551695169516
deit_tiny,DeiT-Tiny,7,192,58,4.6287651963495715e-05,4.6287651963495715e-05,0.03300851904514843
deit_tiny,DeiT-Tiny,7,192,59,4.560822203365378e-05,4.560822203365378e-05,0.032524005901195516
deit_tiny,DeiT-Tiny,7,192,60,4.4592631899935713e-05,4.4592631899935713e-05,0.031799771146377206
deit_tiny,DeiT-Tiny,7,192,61,4.413544167434415e-05,4.413544167434415e-05,0.031473740949801314
deit_tiny,DeiT-Tiny,7,192,62,4.347129174531191e-05,4.347129174531191e-05,0.031000124236674805
deit_tiny,DeiT-Tiny,7,192,63,4.245507886355102e-05,4.245507886355102e-05,0.030275445389539
deit_tiny,DeiT-Tiny,7,192,64,4.1505161267218014e-05,4.1505161267218014e-05,0.029598042848260654
deit_tiny,DeiT-Tiny,7,192,65,4.1021487960539954e-05,4.1021487960539954e-05,0.029253127112035718
deit_tiny,DeiT-Tiny,7,192,66,4.020992813780319e-05,4.020992813780319e-05,0.028674389873728404
deit_tiny,DeiT-Tiny,7,192,67,3.9584992028684336e-05,3.9584992028684336e-05,0.028228737208604693
deit_tiny,DeiT-Tiny,7,192,68,3.926679167796285e-05,3.926679167796285e-05,0.02800182307726689
deit_tiny,DeiT-Tiny,7,192,69,3.8123883276943e-05,3.8123883276943e-05,0.027186795480885987
deit_tiny,DeiT-Tiny,7,192,70,3.7636115881458634e-05,3.7636115881458634e-05,0.026838960179666867
deit_tiny,DeiT-Tiny,7,192,71,3.693971889295281e-05,3.693971889295281e-05,0.02634234753497694
deit_tiny,DeiT-Tiny,7,192,72,3.6609099178344595e-05,3.6609099178344595e-05,0.02610657694209931
deit_tiny,DeiT-Tiny,7,192,73,3.588106614319371e-05,3.588106614319371e-05,0.025587404089580733
deit_tiny,DeiT-Tiny,7,192,74,3.5293157638614445e-05,3.5293157638614445e-05,0.025168156444754987
deit_tiny,DeiT-Tiny,7,192,75,3.483079516377228e-05,3.483079516377228e-05,0.02483843782846774
deit_tiny,DeiT-Tiny,7,192,76,3.467857586257501e-05,3.467857586257501e-05,0.02472988763226051
deit_tiny,DeiT-Tiny,7,192,77,3.423029901206953e-05,3.423029901206953e-05,0.024410213716437805
deit_tiny,DeiT-Tiny,7,192,78,3.3566799741486736e-05,3.3566799741486736e-05,0.023937060999018777
deit_tiny,DeiT-Tiny,7,192,79,3.253346034311434e-05,3.253346034311434e-05,0.023200168938946747
deit_tiny,DeiT-Tiny,7,192,80,3.231917619801618e-05,3.231917619801618e-05,0.023047359237341573
deit_tiny,DeiT-Tiny,7,192,81,3.214044486150627e-05,3.214044486150627e-05,0.022919902853729697
deit_tiny,DeiT-Tiny,7,192,82,3.1339071558545614e-05,3.1339071558545614e-05,0.022348429797504867
deit_tiny,DeiT-Tiny,7,192,83,3.068377047774373e-05,3.068377047774373e-05,0.021881123349923252
deit_tiny,DeiT-Tiny,7,192,84,3.029074208644189e-05,3.029074208644189e-05,0.021600848058582006
deit_tiny,DeiT-Tiny,7,192,85,2.9634493063384742e-05,2.9634493063384742e-05,0.021132865617108733
deit_tiny,DeiT-Tiny,7,192,86,2.918682685180029e-05,2.918682685180029e-05,0.02081362715838094
deit_tiny,DeiT-Tiny,7,192,87,2.8979593191204796e-05,2.8979593191204796e-05,0.020665845278281324
deit_tiny,DeiT-Tiny,7,192,88,2.8307215322058667e-05,2.8307215322058667e-05,0.02018636107984435
deit_tiny,DeiT-Tiny,7,192,89,2.820721369727491e-05,2.820721369727491e-05,0.02011504820489395
deit_tiny,DeiT-Tiny,7,192,90,2.7724779236433376e-05,2.7724779236433376e-05,0.019771015910897218
deit_tiny,DeiT-Tiny,7,192,91,2.723229293093929e-05,2.723229293093929e-05,0.019419815473960027
deit_tiny,DeiT-Tiny,7,192,92,2.6632029200777977e-05,2.6632029200777977e-05,0.01899175710572032
deit_tiny,DeiT-Tiny,7,192,93,2.654901604101449e-05,2.654901604101449e-05,0.018932558996747065
deit_tiny,DeiT-Tiny,7,192,94,2.589151103130922e-05,2.589151103130922e-05,0.018463680889638654
deit_tiny,DeiT-Tiny,7,192,95,2.5738723113515416e-05,2.5738723113515416e-05,0.018354725203177335
deit_tiny,DeiT-Tiny,7,192,96,2.480906718445516e-05,2.480906718445516e-05,0.017691771604579996
deit_tiny,DeiT-Tiny,7,192,97,2.4412489546951817e-05,2.4412489546951817e-05,0.01740896528485713
deit_tiny,DeiT-Tiny,7,192,98,2.4207681342243235e-05,2.4207681342243235e-05,0.017262913038978308
deit_tiny,DeiT-Tiny,7,192,99,2.398536088598516e-05,2.398536088598516e-05,0.017104372505958653
deit_tiny,DeiT-Tiny,7,192,100,2.3699466369214807e-05,2.3699466369214807e-05,0.01690049621927295
deit_tiny,DeiT-Tiny,7,192,101,2.3564071201995922e-05,2.3564071201995922e-05,0.016803943601756507
deit_tiny,DeiT-Tiny,7,192,102,2.2995267405901603e-05,2.2995267405901603e-05,0.01639831985244343
deit_tiny,DeiT-Tiny,7,192,103,2.2947644902366578e-05,2.2947644902366578e-05,0.01636435942783271
deit_tiny,DeiT-Tiny,7,192,104,2.2761318993148825e-05,2.2761318993148825e-05,0.01623148722407804
deit_tiny,DeiT-Tiny,7,192,105,2.2421920593945528e-05,2.2421920593945528e-05,0.015989456400548042
deit_tiny,DeiT-Tiny,7,192,106,2.173411206645199e-05,2.173411206645199e-05,0.015498968334808806
deit_tiny,DeiT-Tiny,7,192,107,2.1312848803014364e-05,2.1312848803014364e-05,0.015198558271555467
deit_tiny,DeiT-Tiny,7,192,108,2.113564474956039e-05,2.113564474956039e-05,0.015072191019703375
deit_tiny,DeiT-Tiny,7,192,109,2.0944515665451127e-05,2.0944515665451127e-05,0.014935893589497198
deit_tiny,DeiT-Tiny,7,192,110,2.08831364828273e-05,2.08831364828273e-05,0.014892123040923855
deit_tiny,DeiT-Tiny,7,192,111,2.043171353211597e-05,2.043171353211597e-05,0.014570205587048177
deit_tiny,DeiT-Tiny,7,192,112,2.03192811281189e-05,2.03192811281189e-05,0.014490028110092638
deit_tiny,DeiT-Tiny,7,192,113,2.0143604357825015e-05,2.0143604357825015e-05,0.014364749990074605
deit_tiny,DeiT-Tiny,7,192,114,1.996047304732679e-05,1.996047304732679e-05,0.014234155909495384
deit_tiny,DeiT-Tiny,7,192,115,1.9666300295438924e-05,1.9666300295438924e-05,0.014024376271268926
deit_tiny,DeiT-Tiny,7,192,116,1.9114794941568423e-05,1.9114794941568423e-05,0.01363108833799695
deit_tiny,DeiT-Tiny,7,192,117,1.8889981411747603e-05,1.8889981411747603e-05,0.013470769951431353
deit_tiny,DeiT-Tiny,7,192,118,1.8738461143135412e-05,1.8738461143135412e-05,0.013362718247357967
deit_tiny,DeiT-Tiny,7,192,119,1.8306533100587966e-05,1.8306533100587966e-05,0.013054702947082962
deit_tiny,DeiT-Tiny,7,192,120,1.8141718537600745e-05,1.8141718537600745e-05,0.0129371708535222
deit_tiny,DeiT-Tiny,7,192,121,1.7705981580501533e-05,1.7705981580501533e-05,0.012626439350908342
deit_tiny,DeiT-Tiny,7,192,122,1.7558560132869673e-05,1.7558560132869673e-05,0.012521310586423652
deit_tiny,DeiT-Tiny,7,192,123,1.750828854113272e-05,1.750828854113272e-05,0.012485461051550123
deit_tiny,DeiT-Tiny,7,192,124,1.74045480638437e-05,1.74045480638437e-05,0.012411481936708697
deit_tiny,DeiT-Tiny,7,192,125,1.7050042898735475e-05,1.7050042898735475e-05,0.012158678219136097
deit_tiny,DeiT-Tiny,7,192,126,1.680606631584577e-05,1.680606631584577e-05,0.011984694330533665
deit_tiny,DeiT-Tiny,7,192,127,1.6706119529822535e-05,1.6706119529822535e-05,0.011913420562044584
deit_tiny,DeiT-Tiny,7,192,128,1.64303233236269e-05,1.64303233236269e-05,0.011716745553945926
deit_tiny,DeiT-Tiny,7,192,129,1.5944844599307595e-05,1.5944844599307595e-05,0.011370542343414832
deit_tiny,DeiT-Tiny,7,192,130,1.57743486517304e-05,1.57743486517304e-05,0.01124895875699397
deit_tiny,DeiT-Tiny,7,192,131,1.55326206295269e-05,1.55326206295269e-05,0.011076578355608675
deit_tiny,DeiT-Tiny,7,192,132,1.544768397146817e-05,1.544768397146817e-05,0.01101600856698829
deit_tiny,DeiT-Tiny,7,192,133,1.523197345919601e-05,1.523197345919601e-05,0.01086218169847075
deit_tiny,DeiT-Tiny,7,192,134,1.5129005922032362e-05,1.5129005922032362e-05,0.010788753780498615
deit_tiny,DeiT-Tiny,7,192,135,1.4867708716895525e-05,1.4867708716895525e-05,0.010602418258899779
deit_tiny,DeiT-Tiny,7,192,136,1.476486102986688e-05,1.476486102986688e-05,0.010529075808115889
deit_tiny,DeiT-Tiny,7,192,137,1.4524433964625711e-05,1.4524433964625711e-05,0.010357623141468616
deit_tiny,DeiT-Tiny,7,192,138,1.4268128754844327e-05,1.4268128754844327e-05,0.010174847497434832
deit_tiny,DeiT-Tiny,7,192,139,1.4173249942797604e-05,1.4173249942797604e-05,0.010107187788169493
deit_tiny,DeiT-Tiny,7,192,140,1.3933737429462374e-05,1.3933737429462374e-05,0.0099363873041827
deit_tiny,DeiT-Tiny,7,192,141,1.3777707333264326e-05,1.3777707333264326e-05,0.009825119564656155
deit_tiny,DeiT-Tiny,7,192,142,1.361949935800762e-05,1.361949935800762e-05,0.009712298742194177
deit_tiny,DeiT-Tiny,7,192,143,1.3160753978508975e-05,1.3160753978508975e-05,0.00938515953867621
deit_tiny,DeiT-Tiny,7,192,144,1.3061410312751067e-05,1.3061410312751067e-05,0.009314315865599622
deit_tiny,DeiT-Tiny,7,192,145,1.303385382285337e-05,1.303385382285337e-05,0.00929466485970451
deit_tiny,DeiT-Tiny,7,192,146,1.293508979140505e-05,1.293508979140505e-05,0.00922423453380229
deit_tiny,DeiT-Tiny,7,192,147,1.2843981259813705e-05,1.2843981259813705e-05,0.009159263476238598
deit_tiny,DeiT-Tiny,7,192,148,1.248434231583122e-05,1.248434231583122e-05,0.008902798772840271
deit_tiny,DeiT-Tiny,7,192,149,1.2333458455042264e-05,1.2333458455042264e-05,0.008795200902108233
deit_tiny,DeiT-Tiny,7,192,150,1.2133636297619431e-05,1.2133636297619431e-05,0.00865270429212387
deit_tiny,DeiT-Tiny,7,192,151,1.1855193818638992e-05,1.1855193818638992e-05,0.008454142181484674
deit_tiny,DeiT-Tiny,7,192,152,1.1801513196882223e-05,1.1801513196882223e-05,0.0084158616087952
deit_tiny,DeiT-Tiny,7,192,153,1.1592203905483908e-05,1.1592203905483908e-05,0.008266599560746261
deit_tiny,DeiT-Tiny,7,192,154,1.1450615270942936e-05,1.1450615270942936e-05,0.008165630275384627
deit_tiny,DeiT-Tiny,7,192,155,1.1275858235595333e-05,1.1275858235595333e-05,0.008041008034142098
deit_tiny,DeiT-Tiny,7,192,156,1.10502599194937e-05,1.10502599194937e-05,0.007880130003010449
deit_tiny,DeiT-Tiny,7,192,157,1.096492855312795e-05,1.096492855312795e-05,0.007819278741121993
deit_tiny,DeiT-Tiny,7,192,158,1.0780081553044433e-05,1.0780081553044433e-05,0.007687461172853306
deit_tiny,DeiT-Tiny,7,192,159,1.0662551009629299e-05,1.0662551009629299e-05,0.007603648125179929
deit_tiny,DeiT-Tiny,7,192,160,1.0602710854498882e-05,1.0602710854498882e-05,0.007560975083526299
deit_tiny,DeiT-Tiny,7,192,161,1.0492076535994302e-05,1.0492076535994302e-05,0.007482079852195804
deit_tiny,DeiT-Tiny,7,192,162,1.0209784591046009e-05,1.0209784591046009e-05,0.007280772621306963
deit_tiny,DeiT-Tiny,7,192,163,1.015629931666674e-05,1.015629931666674e-05,0.00724263135418511
deit_tiny,DeiT-Tiny,7,192,164,1.0002767205788372e-05,1.0002767205788372e-05,0.007133144970862681
deit_tiny,DeiT-Tiny,7,192,165,9.766373765303963e-06,9.766373765303963e-06,0.006964568751258119
deit_tiny,DeiT-Tiny,7,192,166,9.677482965758637e-06,9.677482965758637e-06,0.00690117919647914
deit_tiny,DeiT-Tiny,7,192,167,9.37009077464958e-06,9.37009077464958e-06,0.00668197254926024
deit_tiny,DeiT-Tiny,7,192,168,9.34689173275367e-06,9.34689173275367e-06,0.006665428914321612
deit_tiny,DeiT-Tiny,7,192,169,9.125700466757278e-06,9.125700466757278e-06,0.006507693626257737
deit_tiny,DeiT-Tiny,7,192,170,9.050223778289293e-06,9.050223778289293e-06,0.006453869904312951
deit_tiny,DeiT-Tiny,7,192,171,8.937025236360147e-06,8.937025236360147e-06,0.0063731460812489074
deit_tiny,DeiT-Tiny,7,192,172,8.757944306683317e-06,8.757944306683317e-06,0.006245440396749674
deit_tiny,DeiT-Tiny,7,192,173,8.67258807986143e-06,8.67258807986143e-06,0.006184571406443269
deit_tiny,DeiT-Tiny,7,192,174,8.534199556411008e-06,8.534199556411008e-06,0.0060858841752234666
deit_tiny,DeiT-Tiny,7,192,175,8.430741728400739e-06,8.430741728400739e-06,0.006012106622433797
deit_tiny,DeiT-Tiny,7,192,176,8.344216525309037e-06,8.344216525309037e-06,0.005950404015086373
deit_tiny,DeiT-Tiny,7,192,177,8.021840709435894e-06,8.021840709435894e-06,0.005720512287885868
deit_tiny,DeiT-Tiny,7,192,178,7.935405653048049e-06,7.935405653048049e-06,0.005658873965700143
deit_tiny,DeiT-Tiny,7,192,179,7.865312984360348e-06,7.865312984360348e-06,0.0056088896806660285
deit_tiny,DeiT-Tiny,7,192,180,7.761388779827699e-06,7.761388779827699e-06,0.00553477954677388
deit_tiny,DeiT-Tiny,7,192,181,7.634957910480758e-06,7.634957910480758e-06,0.005444619523923198
deit_tiny,DeiT-Tiny,7,192,182,7.5680780860769215e-06,7.5680780860769215e-06,0.005396926373289607
deit_tiny,DeiT-Tiny,7,192,183,7.510459866497929e-06,7.510459866497929e-06,0.005355837832012538
deit_tiny,DeiT-Tiny,7,192,184,7.11843660483081e-06,7.11843660483081e-06,0.005076279315864746
deit_tiny,DeiT-Tiny,7,192,185,7.01746436968616e-06,7.01746436968616e-06,0.0050042742820075115
deit_tiny,DeiT-Tiny,7,192,186,6.81801464438243e-06,6.81801464438243e-06,0.004862043259759292
deit_tiny,DeiT-Tiny,7,192,187,6.631332065691567e-06,6.631332065691567e-06,0.004728916708881869
deit_tiny,DeiT-Tiny,7,192,188,6.523941191618071e-06,6.523941191618071e-06,0.004652334433442067
deit_tiny,DeiT-Tiny,7,192,189,6.338324743550229e-06,6.338324743550229e-06,0.004519968158609804
deit_tiny,DeiT-Tiny,7,192,190,6.218681150013636e-06,6.218681150013636e-06,0.004434648258628765
deit_tiny,DeiT-Tiny,7,192,191,5.724394898026913e-06,5.724394898026913e-06,0.004082164248955388
deit_tiny,DeiT-Tiny,7,192,192,1.056436779655021e-18,1.056436779655021e-18,7.533631990825332e-16
deit_tiny,DeiT-Tiny,8,192,1,0.0012334366153898934,0.0012334366153898934,1.0
deit_tiny,DeiT-Tiny,8,192,2,0.0002536785598232488,0.0002536785598232488,0.2056680956751557
deit_tiny,DeiT-Tiny,8,192,3,0.0001967199946618101,0.0001967199946618101,0.1594893423847534
deit_tiny,DeiT-Tiny,8,192,4,0.00017626798944010184,0.00017626798944010184,0.14290802400444627
deit_tiny,DeiT-Tiny,8,192,5,0.00014842011154995804,0.00014842011154995804,0.12033055424014792
deit_tiny,DeiT-Tiny,8,192,6,0.00014380723903071067,0.00014380723903071067,0.11659070051625857
deit_tiny,DeiT-Tiny,8,192,7,0.00013391692155745975,0.00013391692155745975,0.10857219567389619
deit_tiny,DeiT-Tiny,8,192,8,0.00012231533511264823,0.00012231533511264823,0.09916629163305966
deit_tiny,DeiT-Tiny,8,192,9,0.00010831402508960563,0.00010831402508960563,0.08781482869743347
deit_tiny,DeiT-Tiny,8,192,10,0.00010261156103262546,0.00010261156103262546,0.08319159635145873
deit_tiny,DeiT-Tiny,8,192,11,9.233468634366483e-05,9.233468634366483e-05,0.07485969298428645
deit_tiny,DeiT-Tiny,8,192,12,8.926454761405191e-05,8.926454761405191e-05,0.07237059975379043
deit_tiny,DeiT-Tiny,8,192,13,8.580144443474535e-05,8.580144443474535e-05,0.06956291337891184
deit_tiny,DeiT-Tiny,8,192,14,8.047437062284908e-05,8.047437062284908e-05,0.0652440260154032
deit_tiny,DeiT-Tiny,8,192,15,7.864584770781147e-05,7.864584770781147e-05,0.06376156401271683
deit_tiny,DeiT-Tiny,8,192,16,7.314357832523078e-05,7.314357832523078e-05,0.05930063808111441
deit_tiny,DeiT-Tiny,8,192,17,7.18475117108311e-05,7.18475117108311e-05,0.058249861252999906
deit_tiny,DeiT-Tiny,8,192,18,6.484821203157089e-05,6.484821203157089e-05,0.052575228611218223
deit_tiny,DeiT-Tiny,8,192,19,6.386824295805707e-05,6.386824295805707e-05,0.051780725625587255
deit_tiny,DeiT-Tiny,8,192,20,6.030147323026277e-05,6.030147323026277e-05,0.048888992330750024
deit_tiny,DeiT-Tiny,8,192,21,5.9646807971905206e-05,5.9646807971905206e-05,0.04835822710926305
deit_tiny,DeiT-Tiny,8,192,22,5.5906456542927374e-05,5.5906456542927374e-05,0.04532576367959951
deit_tiny,DeiT-Tiny,8,192,23,5.560453782781737e-05,5.560453782781737e-05,0.04508098521969091
deit_tiny,DeiT-Tiny,8,192,24,5.3118062124619e-05,5.3118062124619e-05,0.04306509265401385
deit_tiny,DeiT-Tiny,8,192,25,5.093119738226284e-05,5.093119738226284e-05,0.04129210755281764
deit_tiny,DeiT-Tiny,8,192,26,4.842092809472193e-05,4.842092809472193e-05,0.03925692450715509
deit_tiny,DeiT-Tiny,8,192,27,4.723741039858063e-05,4.723741039858063e-05,0.03829739591738058
deit_tiny,DeiT-Tiny,8,192,28,4.707358578198972e-05,4.707358578198972e-05,0.0381645762697823
deit_tiny,DeiT-Tiny,8,192,29,4.498867318372683e-05,4.498867318372683e-05,0.03647424814732435
deit_tiny,DeiT-Tiny,8,192,30,4.3337490446443246e-05,4.3337490446443246e-05,0.03513556343772405
deit_tiny,DeiT-Tiny,8,192,31,4.2849450441097395e-05,4.2849450441097395e-05,0.03473988845997777
deit_tiny,DeiT-Tiny,8,192,32,3.986814330838098e-05,3.986814330838098e-05,0.03232281481750769
deit_tiny,DeiT-Tiny,8,192,33,3.911984130392293e-05,3.911984130392293e-05,0.03171613426731054
deit_tiny,DeiT-Tiny,8,192,34,3.791272954303017e-05,3.791272954303017e-05,0.030737476956645908
deit_tiny,DeiT-Tiny,8,192,35,3.6943309715696776e-05,3.6943309715696776e-05,0.029951526697639726
deit_tiny,DeiT-Tiny,8,192,36,3.618280226711669e-05,3.618280226711669e-05,0.02933495067006681
deit_tiny,DeiT-Tiny,8,192,37,3.559435133966309e-05,3.559435133966309e-05,0.02885786824839118
deit_tiny,DeiT-Tiny,8,192,38,3.509814990714631e-05,3.509814990714631e-05,0.028455576451370115
deit_tiny,DeiT-Tiny,8,192,39,3.298301252641406e-05,3.298301252641406e-05,0.02674074380059491
deit_tiny,DeiT-Tiny,8,192,40,3.233752949824293e-05,3.233752949824293e-05,0.026217423007197604
deit_tiny,DeiT-Tiny,8,192,41,3.1599448566969356e-05,3.1599448566969356e-05,0.025619029119693083
deit_tiny,DeiT-Tiny,8,192,42,3.1350644028389046e-05,3.1350644028389046e-05,0.025417312602219938
deit_tiny,DeiT-Tiny,8,192,43,3.084136846101067e-05,3.084136846101067e-05,0.025004421042958587
deit_tiny,DeiT-Tiny,8,192,44,2.9338069692451184e-05,2.9338069692451184e-05,0.02378563221359966
deit_tiny,DeiT-Tiny,8,192,45,2.9102522085278933e-05,2.9102522085278933e-05,0.023594663659372177
deit_tiny,DeiT-Tiny,8,192,46,2.8616477729893346e-05,2.8616477729893346e-05,0.0232006066406968
deit_tiny,DeiT-Tiny,8,192,47,2.801623850206579e-05,2.801623850206579e-05,0.022713966937984702
deit_tiny,DeiT-Tiny,8,192,48,2.7287196204931962e-05,2.7287196204931962e-05,0.02212290105909203
deit_tiny,DeiT-Tiny,8,192,49,2.6932545523192116e-05,2.6932545523192116e-05,0.021835370530717258
deit_tiny,DeiT-Tiny,8,192,50,2.601186989313356e-05,2.601186989313356e-05,0.021088939284416425
deit_tiny,DeiT-Tiny,8,192,51,2.516676672560446e-05,2.516676672560446e-05,0.020403777876862494
deit_tiny,DeiT-Tiny,8,192,52,2.4836790564200977e-05,2.4836790564200977e-05,0.020136252041090888
deit_tiny,DeiT-Tiny,8,192,53,2.444465339451421e-05,2.444465339451421e-05,0.01981832960811462
deit_tiny,DeiT-Tiny,8,192,54,2.3685794630142338e-05,2.3685794630142338e-05,0.019203090239586555
deit_tiny,DeiT-Tiny,8,192,55,2.3116808093836154e-05,2.3116808093836154e-05,0.01874178843517537
deit_tiny,DeiT-Tiny,8,192,56,2.2739222665952442e-05,2.2739222665952442e-05,0.01843566372380189
deit_tiny,DeiT-Tiny,8,192,57,2.1928264069318577e-05,2.1928264069318577e-05,0.01777818478526923
deit_tiny,DeiT-Tiny,8,192,58,2.17530423166174e-05,2.17530423166174e-05,0.0176361249902908
deit_tiny,DeiT-Tiny,8,192,59,2.1444799140861222e-05,2.1444799140861222e-05,0.01738621901870689
deit_tiny,DeiT-Tiny,8,192,60,2.042919593522762e-05,2.042919593522762e-05,0.01656282591284181
deit_tiny,DeiT-Tiny,8,192,61,2.0244826375988324e-05,2.0244826375988324e-05,0.016413349598502772
deit_tiny,DeiT-Tiny,8,192,62,1.9725038292300664e-05,1.9725038292300664e-05,0.015991935091099523
deit_tiny,DeiT-Tiny,8,192,63,1.9578841874161883e-05,1.9578841874161883e-05,0.015873407380542978
deit_tiny,DeiT-Tiny,8,192,64,1.8812863117716634e-05,1.8812863117716634e-05,0.015252395528869414
deit_tiny,DeiT-Tiny,8,192,65,1.8611925936099287e-05,1.8611925936099287e-05,0.01508948713202907
deit_tiny,DeiT-Tiny,8,192,66,1.7960916908857486e-05,1.7960916908857486e-05,0.014561686174023607
deit_tiny,DeiT-Tiny,8,192,67,1.7613235764712988e-05,1.7613235764712988e-05,0.014279806148891879
deit_tiny,DeiT-Tiny,8,192,68,1.746949111313225e-05,1.746949111313225e-05,0.014163266190707404
deit_tiny,DeiT-Tiny,8,192,69,1.7274801121468003e-05,1.7274801121468003e-05,0.014005422658875244
deit_tiny,DeiT-Tiny,8,192,70,1.7132499004456304e-05,1.7132499004456304e-05,0.013890052225375735
deit_tiny,DeiT-Tiny,8,192,71,1.6967863106908002e-05,1.6967863106908002e-05,0.013756574837487214
deit_tiny,DeiT-Tiny,8,192,72,1.650637601205891e-05,1.650637601205891e-05,0.013382427443862763
deit_tiny,DeiT-Tiny,8,192,73,1.6428044633395015e-05,1.6428044633395015e-05,0.013318920833400147
deit_tiny,DeiT-Tiny,8,192,74,1.59685317284713e-05,1.59685317284713e-05,0.012946374000275315
deit_tiny,DeiT-Tiny,8,192,75,1.570746582167163e-05,1.570746582167163e-05,0.012734716665360586
deit_tiny,DeiT-Tiny,8,192,76,1.5472330610584167e-05,1.5472330610584167e-05,0.012544082458338008
deit_tiny,DeiT-Tiny,8,192,77,1.5131268469594515e-05,1.5131268469594515e-05,0.012267568743134376
deit_tiny,DeiT-Tiny,8,192,78,1.4716701551733591e-05,1.4716701551733591e-05,0.01193146155068665
deit_tiny,DeiT-Tiny,8,192,79,1.4505971994509265e-05,1.4505971994509265e-05,0.01176061405467834
deit_tiny,DeiT-Tiny,8,192,80,1.4183315387891548e-05,1.4183315387891548e-05,0.01149902249610788
deit_tiny,DeiT-Tiny,8,192,81,1.3946369480624058e-05,1.3946369480624058e-05,0.011306920279981768
deit_tiny,DeiT-Tiny,8,192,82,1.3761717983871823e-05,1.3761717983871823e-05,0.011157215386800966
deit_tiny,DeiT-Tiny,8,192,83,1.365918354480274e-05,1.365918354480274e-05,0.011074086316535225
deit_tiny,DeiT-Tiny,8,192,84,1.3278719982334176e-05,1.3278719982334176e-05,0.010765628177931728
deit_tiny,DeiT-Tiny,8,192,85,1.3185364138056634e-05,1.3185364138056634e-05,0.010689940588384995
deit_tiny,DeiT-Tiny,8,192,86,1.299585698835779e-05,1.299585698835779e-05,0.010536299008968334
deit_tiny,DeiT-Tiny,8,192,87,1.2516942729706758e-05,1.2516942729706758e-05,0.010148022665720938
deit_tiny,DeiT-Tiny,8,192,88,1.249336361284246e-05,1.249336361284246e-05,0.010128906063724455
deit_tiny,DeiT-Tiny,8,192,89,1.2035549537414329e-05,1.2035549537414329e-05,0.009757736544581053
deit_tiny,DeiT-Tiny,8,192,90,1.1858475667990418e-05,1.1858475667990418e-05,0.009614175159087452
deit_tiny,DeiT-Tiny,8,192,91,1.1790599484243265e-05,1.1790599484243265e-05,0.009559145023853712
deit_tiny,DeiT-Tiny,8,192,92,1.1621446476681909e-05,1.1621446476681909e-05,0.009422005421014951
deit_tiny,DeiT-Tiny,8,192,93,1.1502574617377551e-05,1.1502574617377551e-05,0.009325630903004731
deit_tiny,DeiT-Tiny,8,192,94,1.1105740343323813e-05,1.1105740343323813e-05,0.009003900325930613
deit_tiny,DeiT-Tiny,8,192,95,1.103746531347747e-05,1.103746531347747e-05,0.008948546829046817
deit_tiny,DeiT-Tiny,8,192,96,1.0880997255655221e-05,1.0880997255655221e-05,0.008821691459366723
deit_tiny,DeiT-Tiny,8,192,97,1.0837736101594612e-05,1.0837736101594612e-05,0.008786617785113155
deit_tiny,DeiT-Tiny,8,192,98,1.0764756971211334e-05,1.0764756971211334e-05,0.008727450472036262
deit_tiny,DeiT-Tiny,8,192,99,1.0536648036172552e-05,1.0536648036172552e-05,0.008542512768555912
deit_tiny,DeiT-Tiny,8,192,100,1.0325574157536607e-05,1.0325574157536607e-05,0.008371386116401822
deit_tiny,DeiT-Tiny,8,192,101,1.0157277030705526e-05,1.0157277030705526e-05,0.008234940412803277
deit_tiny,DeiT-Tiny,8,192,102,9.91627148402812e-06,9.91627148402812e-06,0.008039546872778342
deit_tiny,DeiT-Tiny,8,192,103,9.709952109385283e-06,9.709952109385283e-06,0.007872274901062456
deit_tiny,DeiT-Tiny,8,192,104,9.542729161541957e-06,9.542729161541957e-06,0.007736700080470262
deit_tiny,DeiT-Tiny,8,192,105,9.278951880777037e-06,9.278951880777037e-06,0.007522844518316759
deit_tiny,DeiT-Tiny,8,192,106,9.267361240284304e-06,9.267361240284304e-06,0.0075134474886290456
deit_tiny,DeiT-Tiny,8,192,107,9.188913584016906e-06,9.188913584016906e-06,0.007449846606922935
deit_tiny,DeiT-Tiny,8,192,108,8.963419931129265e-06,8.963419931129265e-06,0.007267029224923648
deit_tiny,DeiT-Tiny,8,192,109,8.876125146122002e-06,8.876125146122002e-06,0.007196255596252288
deit_tiny,DeiT-Tiny,8,192,110,8.72473304155657e-06,8.72473304155657e-06,0.0070735155197242565
deit_tiny,DeiT-Tiny,8,192,111,8.673762754101497e-06,8.673762754101497e-06,0.007032191720171768
deit_tiny,DeiT-Tiny,8,192,112,8.411179719839533e-06,8.411179719839533e-06,0.006819304384912176
deit_tiny,DeiT-Tiny,8,192,113,8.366682237315548e-06,8.366682237315548e-06,0.006783228366113335
deit_tiny,DeiT-Tiny,8,192,114,8.286134834148817e-06,8.286134834148817e-06,0.006717925129480239
deit_tiny,DeiT-Tiny,8,192,115,8.044212252984348e-06,8.044212252984348e-06,0.006521788110239898
deit_tiny,DeiT-Tiny,8,192,116,7.924911830931809e-06,7.924911830931809e-06,0.006425066138016924
deit_tiny,DeiT-Tiny,8,192,117,7.85902776158539e-06,7.85902776158539e-06,0.0063716510954242465
deit_tiny,DeiT-Tiny,8,192,118,7.779394546703832e-06,7.779394546703832e-06,0.006307089030468533
deit_tiny,DeiT-Tiny,8,192,119,7.694285047606029e-06,7.694285047606029e-06,0.006238087106870781
deit_tiny,DeiT-Tiny,8,192,120,7.69248744641506e-06,7.69248744641506e-06,0.006236629714436877
deit_tiny,DeiT-Tiny,8,192,121,7.4535041206884375e-06,7.4535041206884375e-06,0.006042875675725225
deit_tiny,DeiT-Tiny,8,192,122,7.353404785760897e-06,7.353404785760897e-06,0.005961720848895394
deit_tiny,DeiT-Tiny,8,192,123,7.227597516061138e-06,7.227597516061138e-06,0.0058597234960277795
deit_tiny,DeiT-Tiny,8,192,124,7.1790318456300735e-06,7.1790318456300735e-06,0.005820349222696586
deit_tiny,DeiT-Tiny,8,192,125,7.1155745965920894e-06,7.1155745965920894e-06,0.005768901707480795
deit_tiny,DeiT-Tiny,8,192,126,6.988406135479098e-06,6.988406135479098e-06,0.005665800778315665
deit_tiny,DeiT-Tiny,8,192,127,6.896944335188989e-06,6.896944335188989e-06,0.005591648771517004
deit_tiny,DeiT-Tiny,8,192,128,6.685668716586228e-06,6.685668716586228e-06,0.00542035856011366
deit_tiny,DeiT-Tiny,8,192,129,6.632698264435972e-06,6.632698264435972e-06,0.005377413141200899
deit_tiny,DeiT-Tiny,8,192,130,6.527843503398269e-06,6.527843503398269e-06,0.005292402886332993
deit_tiny,DeiT-Tiny,8,192,131,6.4713555218326346e-06,6.4713555218326346e-06,0.005246605655359937
deit_tiny,DeiT-Tiny,8,192,132,6.3936408539298956e-06,6.3936408539298956e-06,0.005183599038779017
deit_tiny,DeiT-Tiny,8,192,133,6.273009293388569e-06,6.273009293388569e-06,0.00508579785545417
deit_tiny,DeiT-Tiny,8,192,134,6.2475261642535665e-06,6.2475261642535665e-06,0.005065137588994553
deit_tiny,DeiT-Tiny,8,192,135,6.133396548328025e-06,6.133396548328025e-06,0.004972607811216337
deit_tiny,DeiT-Tiny,8,192,136,6.06234374264557e-06,6.06234374264557e-06,0.004915002252247265
deit_tiny,DeiT-Tiny,8,192,137,5.936447791766963e-06,5.936447791766963e-06,0.004812933001741992
deit_tiny,DeiT-Tiny,8,192,138,5.907571086078875e-06,5.907571086078875e-06,0.004789521417127278
deit_tiny,DeiT-Tiny,8,192,139,5.792526031103202e-06,5.792526031103202e-06,0.004696249453622848
deit_tiny,DeiT-Tiny,8,192,140,5.685358795596428e-06,5.685358795596428e-06,0.004609364376457453
deit_tiny,DeiT-Tiny,8,192,141,5.684741677666265e-06,5.684741677666265e-06,0.004608864052466368
deit_tiny,DeiT-Tiny,8,192,142,5.4234973325219196e-06,5.4234973325219196e-06,0.004397062049927498
deit_tiny,DeiT-Tiny,8,192,143,5.3845566245931775e-06,5.3845566245931775e-06,0.004365491146775387
deit_tiny,DeiT-Tiny,8,192,144,5.329072641400796e-06,5.329072641400796e-06,0.004320507900372536
deit_tiny,DeiT-Tiny,8,192,145,5.216351240312874e-06,5.216351240312874e-06,0.004229119822800111
deit_tiny,DeiT-Tiny,8,192,146,5.13447613521373e-06,5.13447613521373e-06,0.004162740161228881
deit_tiny,DeiT-Tiny,8,192,147,5.101802531062085e-06,5.101802531062085e-06,0.004136250268076717
deit_tiny,DeiT-Tiny,8,192,148,5.007628785056348e-06,5.007628785056348e-06,0.004059899570496713
deit_tiny,DeiT-Tiny,8,192,149,4.9661406516800454e-06,4.9661406516800454e-06,0.004026263360205366
deit_tiny,DeiT-Tiny,8,192,150,4.829339489037513e-06,4.829339489037513e-06,0.003915352786499647
deit_tiny,DeiT-Tiny,8,192,151,4.776791670717309e-06,4.776791670717309e-06,0.0038727500149712594
deit_tiny,DeiT-Tiny,8,192,152,4.729421268845461e-06,4.729421268845461e-06,0.0038343447971588515
deit_tiny,DeiT-Tiny,8,192,153,4.622987006669477e-06,4.622987006669477e-06,0.0037480539729300446
deit_tiny,DeiT-Tiny,8,192,154,4.542623056246578e-06,4.542623056246578e-06,0.0036828994693096895
deit_tiny,DeiT-Tiny,8,192,155,4.45608224363406e-06,4.45608224363406e-06,0.0036127371184172907
deit_tiny,DeiT-Tiny,8,192,156,4.435610027057137e-06,4.435610027057137e-06,0.003596139413823892
deit_tiny,DeiT-Tiny,8,192,157,4.377355800367351e-06,4.377355800367351e-06,0.0035489102121260235
deit_tiny,DeiT-Tiny,8,192,158,4.341142684503012e-06,4.341142684503012e-06,0.0035195506849217077
deit_tiny,DeiT-Tiny,8,192,159,4.227450333816095e-06,4.227450333816095e-06,0.0034273754168387353
deit_tiny,DeiT-Tiny,8,192,160,4.162054326422502e-06,4.162054326422502e-06,0.0033743560670175684
deit_tiny,DeiT-Tiny,8,192,161,4.147819187280554e-06,4.147819187280554e-06,0.003362815028779906
deit_tiny,DeiT-Tiny,8,192,162,4.036351669656321e-06,4.036351669656321e-06,0.0032724435283449215
deit_tiny,DeiT-Tiny,8,192,163,4.011361312546033e-06,4.011361312546033e-06,0.0032521827733142396
deit_tiny,DeiT-Tiny,8,192,164,3.941133604727604e-06,3.941133604727604e-06,0.003195246156594596
deit_tiny,DeiT-Tiny,8,192,165,3.8058032676164703e-06,3.8058032676164703e-06,0.003085528044271203
deit_tiny,DeiT-Tiny,8,192,166,3.753782019739552e-06,3.753782019739552e-06,0.003043352186000226
deit_tiny,DeiT-Tiny,8,192,167,3.6975844781518457e-06,3.6975844781518457e-06,0.002997790427182208
deit_tiny,DeiT-Tiny,8,192,168,3.646221279243771e-06,3.646221279243771e-06,0.002956148077452029
deit_tiny,DeiT-Tiny,8,192,169,3.633939787482762e-06,3.633939787482762e-06,0.0029461909449915768
deit_tiny,DeiT-Tiny,8,192,170,3.5044051637595125e-06,3.5044051637595125e-06,0.0028411716662487423
deit_tiny,DeiT-Tiny,8,192,171,3.4504492644307154e-06,3.4504492644307154e-06,0.0027974273030154993
deit_tiny,DeiT-Tiny,8,192,172,3.403586046245076e-06,3.403586046245076e-06,0.0027594332807845106
deit_tiny,DeiT-Tiny,8,192,173,3.3573467796737736e-06,3.3573467796737736e-06,0.002721945122905651
deit_tiny,DeiT-Tiny,8,192,174,3.243935008490269e-06,3.243935008490269e-06,0.0026299973326678406
deit_tiny,DeiT-Tiny,8,192,175,3.2118759558066814e-06,3.2118759558066814e-06,0.0026040056827657874
deit_tiny,DeiT-Tiny,8,192,176,3.147426656124443e-06,3.147426656124443e-06,0.0025517538695164575
deit_tiny,DeiT-Tiny,8,192,177,3.124335805462946e-06,3.124335805462946e-06,0.002533033125885705
deit_tiny,DeiT-Tiny,8,192,178,3.103196712396485e-06,3.103196712396485e-06,0.0025158947559016267
deit_tiny,DeiT-Tiny,8,192,179,2.982180858876535e-06,2.982180858876535e-06,0.0024177820097661504
deit_tiny,DeiT-Tiny,8,192,180,2.866138402201187e-06,2.866138402201187e-06,0.0023237014098978982
deit_tiny,DeiT-Tiny,8,192,181,2.837095922117547e-06,2.837095922117547e-06,0.002300155424866102
deit_tiny,DeiT-Tiny,8,192,182,2.763337261725781e-06,2.763337261725781e-06,0.0022403561133559186
deit_tiny,DeiT-Tiny,8,192,183,2.6741161197668986e-06,2.6741161197668986e-06,0.002168020704429633
deit_tiny,DeiT-Tiny,8,192,184,2.6164187157350174e-06,2.6164187157350174e-06,0.0021212429427579127
deit_tiny,DeiT-Tiny,8,192,185,2.519224915730788e-06,2.519224915730788e-06,0.0020424437577884393
deit_tiny,DeiT-Tiny,8,192,186,2.492672036653859e-06,2.492672036653859e-06,0.0020209161991400076
deit_tiny,DeiT-Tiny,8,192,187,2.4018740529307212e-06,2.4018740529307212e-06,0.001947302376921477
deit_tiny,DeiT-Tiny,8,192,188,2.320344193883769e-06,2.320344193883769e-06,0.0018812026211418253
deit_tiny,DeiT-Tiny,8,192,189,2.2266685110653537e-06,2.2266685110653537e-06,0.0018052557247633647
deit_tiny,DeiT-Tiny,8,192,190,2.1986313966919776e-06,2.1986313966919776e-06,0.0017825248328605706
deit_tiny,DeiT-Tiny,8,192,191,1.923100431795987e-06,1.923100431795987e-06,0.0015591400545443422
deit_tiny,DeiT-Tiny,8,192,192,4.511402351843948e-19,4.511402351843948e-19,3.6575875043387446e-16
deit_tiny,DeiT-Tiny,10,192,1,0.00036681310395240654,0.00036681310395240654,1.0
deit_tiny,DeiT-Tiny,10,192,2,5.25259987873934e-05,5.25259987873934e-05,0.1431955353323707
deit_tiny,DeiT-Tiny,10,192,3,2.8053621312010413e-05,2.8053621312010413e-05,0.07647933241678936
deit_tiny,DeiT-Tiny,10,192,4,2.157413760384721e-05,2.157413760384721e-05,0.05881506786804003
deit_tiny,DeiT-Tiny,10,192,5,2.02356678474414e-05,2.02356678474414e-05,0.055166153088323004
deit_tiny,DeiT-Tiny,10,192,6,1.9136391840019634e-05,1.9136391840019634e-05,0.052169324470214544
deit_tiny,DeiT-Tiny,10,192,7,1.598256387308913e-05,1.598256387308913e-05,0.04357140925685917
deit_tiny,DeiT-Tiny,10,192,8,1.548128766249357e-05,1.548128766249357e-05,0.04220483809243152
deit_tiny,DeiT-Tiny,10,192,9,1.4604918977906267e-05,1.4604918977906267e-05,0.03981569584221079
deit_tiny,DeiT-Tiny,10,192,10,1.3869775691263441e-05,1.3869775691263441e-05,0.037811560006490455
deit_tiny,DeiT-Tiny,10,192,11,1.2958980423095994e-05,1.2958980423095994e-05,0.0353285645563453
deit_tiny,DeiT-Tiny,10,192,12,1.201883825512594e-05,1.201883825512594e-05,0.032765564058707584
deit_tiny,DeiT-Tiny,10,192,13,1.1485233376862614e-05,1.1485233376862614e-05,0.031310858999063475
deit_tiny,DeiT-Tiny,10,192,14,1.022640963853972e-05,1.022640963853972e-05,0.027879073916254042
deit_tiny,DeiT-Tiny,10,192,15,9.924006848536986e-06,9.924006848536986e-06,0.02705466828094727
deit_tiny,DeiT-Tiny,10,192,16,9.47728070012291e-06,9.47728070012291e-06,0.025836810621009256
deit_tiny,DeiT-Tiny,10,192,17,8.96392756483306e-06,8.96392756483306e-06,0.024437315538204208
deit_tiny,DeiT-Tiny,10,192,18,8.752692266086176e-06,8.752692266086176e-06,0.023861449255154814
deit_tiny,DeiT-Tiny,10,192,19,8.019057043072659e-06,8.019057043072659e-06,0.021861424678310072
deit_tiny,DeiT-Tiny,10,192,20,7.547375515759948e-06,7.547375515759948e-06,0.020575534064724166
deit_tiny,DeiT-Tiny,10,192,21,7.425791614654748e-06,7.425791614654748e-06,0.02024407398384065
deit_tiny,DeiT-Tiny,10,192,22,7.1061095588883705e-06,7.1061095588883705e-06,0.019372561891383186
deit_tiny,DeiT-Tiny,10,192,23,6.866496318563645e-06,6.866496318563645e-06,0.018719332119210667
deit_tiny,DeiT-Tiny,10,192,24,6.360755003771161e-06,6.360755003771161e-06,0.017340588259345445
deit_tiny,DeiT-Tiny,10,192,25,6.146366682474537e-06,6.146366682474537e-06,0.016756126256798117
deit_tiny,DeiT-Tiny,10,192,26,5.9804485835850415e-06,5.9804485835850415e-06,0.0163038029970734
deit_tiny,DeiT-Tiny,10,192,27,5.466179144298752e-06,5.466179144298752e-06,0.014901809901011554
deit_tiny,DeiT-Tiny,10,192,28,5.297423643710596e-06,5.297423643710596e-06,0.014441751362290287
deit_tiny,DeiT-Tiny,10,192,29,5.0764925729860965e-06,5.0764925729860965e-06,0.013839452621203969
deit_tiny,DeiT-Tiny,10,192,30,5.071164469467719e-06,5.071164469467719e-06,0.013824927230859494
deit_tiny,DeiT-Tiny,10,192,31,4.876914950842771e-06,4.876914950842771e-06,0.013295367309112117
deit_tiny,DeiT-Tiny,10,192,32,4.656046339808763e-06,4.656046339808763e-06,0.01269323884463211
deit_tiny,DeiT-Tiny,10,192,33,4.405969172795382e-06,4.405969172795382e-06,0.012011482483371286
deit_tiny,DeiT-Tiny,10,192,34,4.3221080119851764e-06,4.3221080119851764e-06,0.011782861531975051
deit_tiny,DeiT-Tiny,10,192,35,4.066611700928149e-06,4.066611700928149e-06,0.01108633158715013
deit_tiny,DeiT-Tiny,10,192,36,3.7811131659238808e-06,3.7811131659238808e-06,0.010308010060661505
deit_tiny,DeiT-Tiny,10,192,37,3.7584695439696666e-06,3.7584695439696666e-06,0.010246279381712934
deit_tiny,DeiT-Tiny,10,192,38,3.714637380885787e-06,3.714637380885787e-06,0.010126784841818944
deit_tiny,DeiT-Tiny,10,192,39,3.599599520177687e-06,3.599599520177687e-06,0.009813170471261925
deit_tiny,DeiT-Tiny,10,192,40,3.4589696173229995e-06,3.4589696173229995e-06,0.009429787485923064
deit_tiny,DeiT-Tiny,10,192,41,3.3758588828627017e-06,3.3758588828627017e-06,0.00920321233480447
deit_tiny,DeiT-Tiny,10,192,42,3.3371250981666363e-06,3.3371250981666363e-06,0.009097616912288999
deit_tiny,DeiT-Tiny,10,192,43,3.1611839446169022e-06,3.1611839446169022e-06,0.008617968961727882
deit_tiny,DeiT-Tiny,10,192,44,3.0259655587998415e-06,3.0259655587998415e-06,0.00824933876733165
deit_tiny,DeiT-Tiny,10,192,45,2.9356851587665867e-06,2.9356851587665867e-06,0.00800321778893561
deit_tiny,DeiT-Tiny,10,192,46,2.8758062494414924e-06,2.8758062494414924e-06,0.007839976866842315
deit_tiny,DeiT-Tiny,10,192,47,2.8082569290939802e-06,2.8082569290939802e-06,0.00765582499325964
deit_tiny,DeiT-Tiny,10,192,48,2.7145872833011667e-06,2.7145872833011667e-06,0.007400464307440283
deit_tiny,DeiT-Tiny,10,192,49,2.7107720526469432e-06,2.7107720526469432e-06,0.007390063286830293
deit_tiny,DeiT-Tiny,10,192,50,2.6581132176699798e-06,2.6581132176699798e-06,0.007246505615608721
deit_tiny,DeiT-Tiny,10,192,51,2.559163147075933e-06,2.559163147075933e-06,0.0069767495203987605
deit_tiny,DeiT-Tiny,10,192,52,2.4689872773417264e-06,2.4689872773417264e-06,0.00673091351082723
deit_tiny,DeiT-Tiny,10,192,53,2.3703008552867298e-06,2.3703008552867298e-06,0.00646187617003528
deit_tiny,DeiT-Tiny,10,192,54,2.239281086514155e-06,2.239281086514155e-06,0.006104692178076327
deit_tiny,DeiT-Tiny,10,192,55,2.198468636827708e-06,2.198468636827708e-06,0.005993429932407638
deit_tiny,DeiT-Tiny,10,192,56,2.1147128267122425e-06,2.1147128267122425e-06,0.005765096186385488
deit_tiny,DeiT-Tiny,10,192,57,2.0340432990767314e-06,2.0340432990767314e-06,0.005545176214153586
deit_tiny,DeiT-Tiny,10,192,58,1.961968858835183e-06,1.961968858835183e-06,0.0053486880313025715
deit_tiny,DeiT-Tiny,10,192,59,1.923804212869917e-06,1.923804212869917e-06,0.0052446441856655365
deit_tiny,DeiT-Tiny,10,192,60,1.8354937751927498e-06,1.8354937751927498e-06,0.005003893687044785
deit_tiny,DeiT-Tiny,10,192,61,1.82777953996845e-06,1.82777953996845e-06,0.004982863262719212
deit_tiny,DeiT-Tiny,10,192,62,1.8162541730722947e-06,1.8162541730722947e-06,0.004951442992363629
deit_tiny,DeiT-Tiny,10,192,63,1.771206151516537e-06,1.771206151516537e-06,0.004828633798607011
deit_tiny,DeiT-Tiny,10,192,64,1.7376713570750675e-06,1.7376713570750675e-06,0.004737211779927382
deit_tiny,DeiT-Tiny,10,192,65,1.6437166107393816e-06,1.6437166107393816e-06,0.004481073857581302
deit_tiny,DeiT-Tiny,10,192,66,1.592442463125523e-06,1.592442463125523e-06,0.004341291098837461
deit_tiny,DeiT-Tiny,10,192,67,1.5776579084838288e-06,1.5776579084838288e-06,0.004300985683130141
deit_tiny,DeiT-Tiny,10,192,68,1.5297639393585521e-06,1.5297639393585521e-06,0.004170417912760927
deit_tiny,DeiT-Tiny,10,192,69,1.4646591384426992e-06,1.4646591384426992e-06,0.003992930248840665
deit_tiny,DeiT-Tiny,10,192,70,1.4219665993111063e-06,1.4219665993111063e-06,0.003876542533484857
deit_tiny,DeiT-Tiny,10,192,71,1.391911812292187e-06,1.391911812292187e-06,0.0037946076552182978
deit_tiny,DeiT-Tiny,10,192,72,1.3643478388375999e-06,1.3643478388375999e-06,0.003719463192936046
deit_tiny,DeiT-Tiny,10,192,73,1.3313438325799027e-06,1.3313438325799027e-06,0.0036294882004887226
deit_tiny,DeiT-Tiny,10,192,74,1.3138990992792262e-06,1.3138990992792262e-06,0.003581930648392819
deit_tiny,DeiT-Tiny,10,192,75,1.2649300625938846e-06,1.2649300625938846e-06,0.0034484320460863565
deit_tiny,DeiT-Tiny,10,192,76,1.2442467889328261e-06,1.2442467889328261e-06,0.0033920456372089295
deit_tiny,DeiT-Tiny,10,192,77,1.2223562676355782e-06,1.2223562676355782e-06,0.0033323680491910046
deit_tiny,DeiT-Tiny,10,192,78,1.1886971946343042e-06,1.1886971946343042e-06,0.003240607224295171
deit_tiny,DeiT-Tiny,10,192,79,1.1782398702522722e-06,1.1782398702522722e-06,0.003212098634309278
deit_tiny,DeiT-Tiny,10,192,80,1.1535522561421182e-06,1.1535522561421182e-06,0.003144795656732563
deit_tiny,DeiT-Tiny,10,192,81,1.1295221333754214e-06,1.1295221333754214e-06,0.0030792851215096593
deit_tiny,DeiT-Tiny,10,192,82,1.0795484552575373e-06,1.0795484552575373e-06,0.002943047681845104
deit_tiny,DeiT-Tiny,10,192,83,1.043380493384431e-06,1.043380493384431e-06,0.002844447164351599
deit_tiny,DeiT-Tiny,10,192,84,1.0372517038491815e-06,1.0372517038491815e-06,0.002827738956631613
deit_tiny,DeiT-Tiny,10,192,85,1.0301412486046327e-06,1.0301412486046327e-06,0.002808354547601691
deit_tiny,DeiT-Tiny,10,192,86,9.931547716655384e-07,9.931547716655384e-07,0.002707522607464969
deit_tiny,DeiT-Tiny,10,192,87,9.748759844929299e-07,9.748759844929299e-07,0.00265769127108234
deit_tiny,DeiT-Tiny,10,192,88,9.418412241191981e-07,9.418412241191981e-07,0.002567632437257205
deit_tiny,DeiT-Tiny,10,192,89,9.198439928579386e-07,9.198439928579386e-07,0.002507663938247111
deit_tiny,DeiT-Tiny,10,192,90,8.924779800374635e-07,8.924779800374635e-07,0.002433059153070118
deit_tiny,DeiT-Tiny,10,192,91,8.813885802115226e-07,8.813885802115226e-07,0.0024028274091480698
deit_tiny,DeiT-Tiny,10,192,92,8.688012429242713e-07,8.688012429242713e-07,0.0023685120121471914
deit_tiny,DeiT-Tiny,10,192,93,8.411600478976565e-07,8.411600478976565e-07,0.002293157029653978
deit_tiny,DeiT-Tiny,10,192,94,8.236454213723446e-07,8.236454213723446e-07,0.0022454089357702212
deit_tiny,DeiT-Tiny,10,192,95,8.067900542388385e-07,8.067900542388385e-07,0.0021994581042653217
deit_tiny,DeiT-Tiny,10,192,96,7.793589147222284e-07,7.793589147222284e-07,0.002124675771734014
deit_tiny,DeiT-Tiny,10,192,97,7.522577172505043e-07,7.522577172505043e-07,0.0020507929219129224
deit_tiny,DeiT-Tiny,10,192,98,7.495731952815995e-07,7.495731952815995e-07,0.002043474421183316
deit_tiny,DeiT-Tiny,10,192,99,7.311233232757198e-07,7.311233232757198e-07,0.00199317667607257
deit_tiny,DeiT-Tiny,10,192,100,7.012422695045778e-07,7.012422695045778e-07,0.0019117154265992716
deit_tiny,DeiT-Tiny,10,192,101,6.864301163341487e-07,6.864301163341487e-07,0.0018713347722256182
deit_tiny,DeiT-Tiny,10,192,102,6.774783282240761e-07,6.774783282240761e-07,0.001846930551074255
deit_tiny,DeiT-Tiny,10,192,103,6.65263630089256e-07,6.65263630089256e-07,0.0018136310369532844
deit_tiny,DeiT-Tiny,10,192,104,6.344342387973187e-07,6.344342387973187e-07,0.0017295844449429364
deit_tiny,DeiT-Tiny,10,192,105,6.255468063638498e-07,6.255468063638498e-07,0.00170535566920481
deit_tiny,DeiT-Tiny,10,192,106,6.128614082182576e-07,6.128614082182576e-07,0.0016707729402649025
deit_tiny,DeiT-Tiny,10,192,107,6.060089864803581e-07,6.060089864803581e-07,0.0016520919780417301
deit_tiny,DeiT-Tiny,10,192,108,5.942260552105454e-07,5.942260552105454e-07,0.0016199695398222344
deit_tiny,DeiT-Tiny,10,192,109,5.749039181078869e-07,5.749039181078869e-07,0.0015672938395965262
deit_tiny,DeiT-Tiny,10,192,110,5.598908354432115e-07,5.598908354432115e-07,0.001526365414458739
deit_tiny,DeiT-Tiny,10,192,111,5.555072806973468e-07,5.555072806973468e-07,0.0015144150378265196
deit_tiny,DeiT-Tiny,10,192,112,5.444661854754177e-07,5.444661854754177e-07,0.001484314981141081
deit_tiny,DeiT-Tiny,10,192,113,5.256073465918499e-07,5.256073465918499e-07,0.0014329023170885594
deit_tiny,DeiT-Tiny,10,192,114,5.243875594238926e-07,5.243875594238926e-07,0.001429576952877701
deit_tiny,DeiT-Tiny,10,192,115,5.155786077129918e-07,5.155786077129918e-07,0.0014055621300265416
deit_tiny,DeiT-Tiny,10,192,116,5.0134840287102e-07,5.0134840287102e-07,0.001366767973850981
deit_tiny,DeiT-Tiny,10,192,117,4.867404161180156e-07,4.867404161180156e-07,0.0013269439146895076
deit_tiny,DeiT-Tiny,10,192,118,4.7143930954208655e-07,4.7143930954208655e-07,0.00128523028338501
deit_tiny,DeiT-Tiny,10,192,119,4.674334755463545e-07,4.674334755463545e-07,0.0012743096430028393
deit_tiny,DeiT-Tiny,10,192,120,4.6098573965154934e-07,4.6098573965154934e-07,0.0012567319288336045
deit_tiny,DeiT-Tiny,10,192,121,4.543727309412826e-07,4.543727309412826e-07,0.0012387036505659753
deit_tiny,DeiT-Tiny,10,192,122,4.410764869906363e-07,4.410764869906363e-07,0.0012024556435908172
deit_tiny,DeiT-Tiny,10,192,123,4.313462562330402e-07,4.313462562330402e-07,0.0011759292445806591
deit_tiny,DeiT-Tiny,10,192,124,4.2678147456038007e-07,4.2678147456038007e-07,0.0011634848100076445
deit_tiny,DeiT-Tiny,10,192,125,4.1919932802620163e-07,4.1919932802620163e-07,0.0011428144837502647
deit_tiny,DeiT-Tiny,10,192,126,4.1619667942733183e-07,4.1619667942733183e-07,0.0011346287113050703
deit_tiny,DeiT-Tiny,10,192,127,4.0850437434631156e-07,4.0850437434631156e-07,0.0011136580725843272
deit_tiny,DeiT-Tiny,10,192,128,3.954996252975084e-07,3.954996252975084e-07,0.0010782047343347468
deit_tiny,DeiT-Tiny,10,192,129,3.8318178752025626e-07,3.8318178752025626e-07,0.0010446240425750263
deit_tiny,DeiT-Tiny,10,192,130,3.7914078105188545e-07,3.7914078105188545e-07,0.0010336075155621442
deit_tiny,DeiT-Tiny,10,192,131,3.7188073592153213e-07,3.7188073592153213e-07,0.0010138152969850912
deit_tiny,DeiT-Tiny,10,192,132,3.651812930277762e-07,3.651812930277762e-07,0.0009955513832329119
deit_tiny,DeiT-Tiny,10,192,133,3.547586815832108e-07,3.547586815832108e-07,0.0009671374271003148
deit_tiny,DeiT-Tiny,10,192,134,3.374757005247296e-07,3.374757005247296e-07,0.0009200208413724407
deit_tiny,DeiT-Tiny,10,192,135,3.3587403267266784e-07,3.3587403267266784e-07,0.0009156544001662683
deit_tiny,DeiT-Tiny,10,192,136,3.290690148013281e-07,3.290690148013281e-07,0.0008971026696037127
deit_tiny,DeiT-Tiny,10,192,137,3.182423101820935e-07,3.182423101820935e-07,0.0008675870811403318
deit_tiny,DeiT-Tiny,10,192,138,3.1290222415390395e-07,3.1290222415390395e-07,0.000853029024269816
deit_tiny,DeiT-Tiny,10,192,139,3.103189441267438e-07,3.103189441267438e-07,0.000845986527697787
deit_tiny,DeiT-Tiny,10,192,140,3.022571810185999e-07,3.022571810185999e-07,0.0008240086784299214
deit_tiny,DeiT-Tiny,10,192,141,2.9744035404769135e-07,2.9744035404769135e-07,0.0008108771220078435
deit_tiny,DeiT-Tiny,10,192,142,2.8675842728736315e-07,2.8675842728736315e-07,0.0007817562246210529
deit_tiny,DeiT-Tiny,10,192,143,2.8586537811049044e-07,2.8586537811049044e-07,0.000779321608280333
deit_tiny,DeiT-Tiny,10,192,144,2.7929190661995436e-07,2.7929190661995436e-07,0.0007614011157469229
deit_tiny,DeiT-Tiny,10,192,145,2.7211300794741484e-07,2.7211300794741484e-07,0.0007418301173415034
deit_tiny,DeiT-Tiny,10,192,146,2.6577109991074395e-07,2.6577109991074395e-07,0.0007245409093815453
deit_tiny,DeiT-Tiny,10,192,147,2.617732320267635e-07,2.617732320267635e-07,0.0007136419860854485
deit_tiny,DeiT-Tiny,10,192,148,2.582424988279788e-07,2.582424988279788e-07,0.0007040165578748937
deit_tiny,DeiT-Tiny,10,192,149,2.5484628009104264e-07,2.5484628009104264e-07,0.0006947578408325035
deit_tiny,DeiT-Tiny,10,192,150,2.495502059601886e-07,2.495502059601886e-07,0.0006803197684905156
deit_tiny,DeiT-Tiny,10,192,151,2.451587696644691e-07,2.451587696644691e-07,0.0006683479053035087
deit_tiny,DeiT-Tiny,10,192,152,2.440229561920827e-07,2.440229561920827e-07,0.0006652514688345057
deit_tiny,DeiT-Tiny,10,192,153,2.364799107524393e-07,2.364799107524393e-07,0.0006446877393538324
deit_tiny,DeiT-Tiny,10,192,154,2.3117838782455042e-07,2.3117838782455042e-07,0.0006302348125887714
deit_tiny,DeiT-Tiny,10,192,155,2.2356216333685728e-07,2.2356216333685728e-07,0.0006094715835611591
deit_tiny,DeiT-Tiny,10,192,156,2.2014381511371556e-07,2.2014381511371556e-07,0.0006001525374684512
deit_tiny,DeiT-Tiny,10,192,157,2.179100786820147e-07,2.179100786820147e-07,0.0005940629610393859
deit_tiny,DeiT-Tiny,10,192,158,2.136170933940406e-07,2.136170933940406e-07,0.0005823594934104565
deit_tiny,DeiT-Tiny,10,192,159,2.101659030505377e-07,2.101659030505377e-07,0.0005729509136560356
deit_tiny,DeiT-Tiny,10,192,160,2.0242889120485298e-07,2.0242889120485298e-07,0.0005518583960705991
deit_tiny,DeiT-Tiny,10,192,161,1.971709358886309e-07,1.971709358886309e-07,0.0005375242426296023
deit_tiny,DeiT-Tiny,10,192,162,1.907867202019651e-07,1.907867202019651e-07,0.0005201196962328788
deit_tiny,DeiT-Tiny,10,192,163,1.8834769082169062e-07,1.8834769082169062e-07,0.0005134704534604861
deit_tiny,DeiT-Tiny,10,192,164,1.85546824026184e-07,1.85546824026184e-07,0.0005058347753308683
deit_tiny,DeiT-Tiny,10,192,165,1.797995912651093e-07,1.797995912651093e-07,0.0004901667615681419
deit_tiny,DeiT-Tiny,10,192,166,1.7571864401672397e-07,1.7571864401672397e-07,0.0004790413486414684
deit_tiny,DeiT-Tiny,10,192,167,1.7423594720545869e-07,1.7423594720545869e-07,0.00047499924437831845
deit_tiny,DeiT-Tiny,10,192,168,1.7038880327803272e-07,1.7038880327803272e-07,0.0004645112223148397
deit_tiny,DeiT-Tiny,10,192,169,1.6883216431836652e-07,1.6883216431836652e-07,0.0004602675381528143
deit_tiny,DeiT-Tiny,10,192,170,1.624939280465111e-07,1.624939280465111e-07,0.00044298834009919794
deit_tiny,DeiT-Tiny,10,192,171,1.5573299182343144e-07,1.5573299182343144e-07,0.0004245567842190217
deit_tiny,DeiT-Tiny,10,192,172,1.551406769814087e-07,1.551406769814087e-07,0.0004229420249979346
deit_tiny,DeiT-Tiny,10,192,173,1.4801689619439304e-07,1.4801689619439304e-07,0.00040352128808789236
deit_tiny,DeiT-Tiny,10,192,174,1.4647257233722796e-07,1.4647257233722796e-07,0.00039931117716076074
deit_tiny,DeiT-Tiny,10,192,175,1.4291945983113253e-07,1.4291945983113253e-07,0.00038962473884159856
deit_tiny,DeiT-Tiny,10,192,176,1.3929672632907936e-07,1.3929672632907936e-07,0.00037974850088003646
deit_tiny,DeiT-Tiny,10,192,177,1.3547050810506173e-07,1.3547050810506173e-07,0.0003693175261335234
deit_tiny,DeiT-Tiny,10,192,178,1.3341949260014304e-07,1.3341949260014304e-07,0.0003637260805640521
deit_tiny,DeiT-Tiny,10,192,179,1.265739321334052e-07,1.265739321334052e-07,0.00034506382342826004
deit_tiny,DeiT-Tiny,10,192,180,1.2592967833949333e-07,1.2592967833949333e-07,0.00034330746906967785
deit_tiny,DeiT-Tiny,10,192,181,1.2399583470162426e-07,1.2399583470162426e-07,0.00033803545556462057
deit_tiny,DeiT-Tiny,10,192,182,1.210632934982915e-07,1.210632934982915e-07,0.0003300408087765569
deit_tiny,DeiT-Tiny,10,192,183,1.1552755155452863e-07,1.1552755155452863e-07,0.00031494935788749294
deit_tiny,DeiT-Tiny,10,192,184,1.094141552098519e-07,1.094141552098519e-07,0.00029828311483672687
deit_tiny,DeiT-Tiny,10,192,185,1.0496939793857819e-07,1.0496939793857819e-07,0.00028616588886147814
deit_tiny,DeiT-Tiny,10,192,186,1.0060709759511251e-07,1.0060709759511251e-07,0.0002742734556401402
deit_tiny,DeiT-Tiny,10,192,187,9.974800451708933e-08,9.974800451708933e-08,0.00027193140987141914
deit_tiny,DeiT-Tiny,10,192,188,9.712597640842637e-08,9.712597640842637e-08,0.0002647832789011494
deit_tiny,DeiT-Tiny,10,192,189,8.568252161003467e-08,8.568252161003467e-08,0.0002335863159925493
deit_tiny,DeiT-Tiny,10,192,190,8.350311012668843e-08,8.350311012668843e-08,0.00022764483936626987
deit_tiny,DeiT-Tiny,10,192,191,7.737062499664103e-08,7.737062499664103e-08,0.00021092655677502664
deit_tiny,DeiT-Tiny,10,192,192,1.1846298307766942e-19,1.1846298307766942e-19,3.22951884219054e-16
deit_small,DeiT-Small,5,384,1,0.00022125295002162058,0.00022125295002162058,1.0
deit_small,DeiT-Small,5,384,2,0.0001584218138076438,0.0001584218138076438,0.7160212498507388
deit_small,DeiT-Small,5,384,3,0.00012037798170611415,0.00012037798170611415,0.5440740188745549
deit_small,DeiT-Small,5,384,4,0.00010450019581415906,0.00010450019581415906,0.47231097169076125
deit_small,DeiT-Small,5,384,5,9.51617123087165e-05,9.51617123087165e-05,0.43010369940566856
deit_small,DeiT-Small,5,384,6,8.511585571101243e-05,8.511585571101243e-05,0.3846993032305106
deit_small,DeiT-Small,5,384,7,8.33319444718506e-05,8.33319444718506e-05,0.3766365350776453
deit_small,DeiT-Small,5,384,8,7.88079294710175e-05,7.88079294710175e-05,0.3561892822821865
deit_small,DeiT-Small,5,384,9,7.589864647849655e-05,7.589864647849655e-05,0.34304015594404424
deit_small,DeiT-Small,5,384,10,7.410408484000862e-05,7.410408484000862e-05,0.33492925103492294
deit_small,DeiT-Small,5,384,11,6.594803299321019e-05,6.594803299321019e-05,0.2980662313734837
deit_small,DeiT-Small,5,384,12,6.39099310040742e-05,6.39099310040742e-05,0.2888545937933437
deit_small,DeiT-Small,5,384,13,6.270549647475244e-05,6.270549647475244e-05,0.2834108944925929
deit_small,DeiT-Small,5,384,14,6.059315066633755e-05,6.059315066633755e-05,0.2738636961017535
deit_small,DeiT-Small,5,384,15,5.8928887233626305e-05,5.8928887233626305e-05,0.26634170178462185
deit_small,DeiT-Small,5,384,16,5.443053094685943e-05,5.443053094685943e-05,0.24601041903188428
deit_small,DeiT-Small,5,384,17,5.27992510329131e-05,5.27992510329131e-05,0.23863750077797208
deit_small,DeiT-Small,5,384,18,4.946658023431843e-05,4.946658023431843e-05,0.22357478275197964
deit_small,DeiT-Small,5,384,19,4.722443993945016e-05,4.722443993945016e-05,0.21344095043630126
deit_small,DeiT-Small,5,384,20,4.618278604494697e-05,4.618278604494697e-05,0.20873297300864935
deit_small,DeiT-Small,5,384,21,4.413533859785924e-05,4.413533859785924e-05,0.19947909663372346
deit_small,DeiT-Small,5,384,22,4.2901759582563394e-05,4.2901759582563394e-05,0.1939036725990369
deit_small,DeiT-Small,5,384,23,4.186558031765618e-05,4.186558031765618e-05,0.18922043893003518
deit_small,DeiT-Small,5,384,24,4.022267992461319e-05,4.022267992461319e-05,0.18179499943699134
deit_small,DeiT-Small,5,384,25,3.9131689446539046e-05,3.9131689446539046e-05,0.17686403477429405
deit_small,DeiT-Small,5,384,26,3.883054376881238e-05,3.883054376881238e-05,0.17550294251451973
deit_small,DeiT-Small,5,384,27,3.767408869587113e-05,3.767408869587113e-05,0.1702760966223938
deit_small,DeiT-Small,5,384,28,3.697755342510269e-05,3.697755342510269e-05,0.16712795658312934
deit_small,DeiT-Small,5,384,29,3.663123998055735e-05,3.663123998055735e-05,0.16556271894669783
deit_small,DeiT-Small,5,384,30,3.457595537208876e-05,3.457595537208876e-05,0.15627342084573353
deit_small,DeiT-Small,5,384,31,3.395189137464844e-05,3.395189137464844e-05,0.1534528302168658
deit_small,DeiT-Small,5,384,32,3.294944253703838e-05,3.294944253703838e-05,0.14892204842384518
deit_small,DeiT-Small,5,384,33,3.248533415245609e-05,3.248533415245609e-05,0.14682441137748292
deit_small,DeiT-Small,5,384,34,3.1455272629786486e-05,3.1455272629786486e-05,0.14216882815217927
deit_small,DeiT-Small,5,384,35,3.0795291656788556e-05,3.0795291656788556e-05,0.13918590307509698
deit_small,DeiT-Small,5,384,36,3.00026406245906e-05,3.00026406245906e-05,0.1356033473074993
deit_small,DeiT-Small,5,384,37,2.8572700277653695e-05,2.8572700277653695e-05,0.12914042626261754
deit_small,DeiT-Small,5,384,38,2.8142089615485452e-05,2.8142089615485452e-05,0.12719418933277699
deit_small,DeiT-Small,5,384,39,2.7989807460668884e-05,2.7989807460668884e-05,0.12650591758407628
deit_small,DeiT-Small,5,384,40,2.7245684807122332e-05,2.7245684807122332e-05,0.1231426961966379
deit_small,DeiT-Small,5,384,41,2.7122206304227593e-05,2.7122206304227593e-05,0.12258460870952113
deit_small,DeiT-Small,5,384,42,2.606543836021289e-05,2.606543836021289e-05,0.11780832010450394
deit_small,DeiT-Small,5,384,43,2.5834622593912518e-05,2.5834622593912518e-05,0.11676509891229919
deit_small,DeiT-Small,5,384,44,2.5440154179963485e-05,2.5440154179963485e-05,0.11498221459861892
deit_small,DeiT-Small,5,384,45,2.4854575957181175e-05,2.4854575957181175e-05,0.11233556865457575
deit_small,DeiT-Small,5,384,46,2.4356598639559455e-05,2.4356598639559455e-05,0.11008485372592482
deit_small,DeiT-Small,5,384,47,2.408304055870653e-05,2.408304055870653e-05,0.10884844950701522
deit_small,DeiT-Small,5,384,48,2.375003369449605e-05,2.375003369449605e-05,0.10734335380466216
deit_small,DeiT-Small,5,384,49,2.3266853583212302e-05,2.3266853583212302e-05,0.10515951801292905
deit_small,DeiT-Small,5,384,50,2.2632744720826903e-05,2.2632744720826903e-05,0.10229352746987219
deit_small,DeiT-Small,5,384,51,2.2427480362373994e-05,2.2427480362373994e-05,0.10136579132699658
deit_small,DeiT-Small,5,384,52,2.2192469168093106e-05,2.2192469168093106e-05,0.10030360800126951
deit_small,DeiT-Small,5,384,53,2.1498563304073122e-05,2.1498563304073122e-05,0.09716735212783517
deit_small,DeiT-Small,5,384,54,2.1409266441405395e-05,2.1409266441405395e-05,0.09676375586998187
deit_small,DeiT-Small,5,384,55,2.0830198373202222e-05,2.0830198373202222e-05,0.09414653396109168
deit_small,DeiT-Small,5,384,56,2.0324673214003902e-05,2.0324673214003902e-05,0.0918617049490992
deit_small,DeiT-Small,5,384,57,2.0241071773139225e-05,2.0241071773139225e-05,0.09148385036746987
deit_small,DeiT-Small,5,384,58,1.9805849545890857e-05,1.9805849545890857e-05,0.08951677048353684
deit_small,DeiT-Small,5,384,59,1.9625829646581842e-05,1.9625829646581842e-05,0.0887031320697149
deit_small,DeiT-Small,5,384,60,1.9208437390028e-05,1.9208437390028e-05,0.08681663854945652
deit_small,DeiT-Small,5,384,61,1.8865019268839782e-05,1.8865019268839782e-05,0.08526448694580711
deit_small,DeiT-Small,5,384,62,1.854522203652502e-05,1.854522203652502e-05,0.08381909499833924
deit_small,DeiT-Small,5,384,63,1.8029910640090715e-05,1.8029910640090715e-05,0.08149003499537003
deit_small,DeiT-Small,5,384,64,1.7834315558210966e-05,1.7834315558210966e-05,0.0806060012147554
deit_small,DeiT-Small,5,384,65,1.771963730124298e-05,1.771963730124298e-05,0.08008768832013963
deit_small,DeiT-Small,5,384,66,1.744904691009696e-05,1.744904691009696e-05,0.07886469720919816
deit_small,DeiT-Small,5,384,67,1.733113772090954e-05,1.733113772090954e-05,0.07833178142581132
deit_small,DeiT-Small,5,384,68,1.7091955580551007e-05,1.7091955580551007e-05,0.07725074661775494
deit_small,DeiT-Small,5,384,69,1.6962726639842356e-05,1.6962726639842356e-05,0.07666666879779356
deit_small,DeiT-Small,5,384,70,1.6524309728757934e-05,1.6524309728757934e-05,0.07468514985740618
deit_small,DeiT-Small,5,384,71,1.615142600126189e-05,1.615142600126189e-05,0.07299982214783392
deit_small,DeiT-Small,5,384,72,1.6061461239352153e-05,1.6061461239352153e-05,0.07259320717659423
deit_small,DeiT-Small,5,384,73,1.595249296450548e-05,1.595249296450548e-05,0.07210070176667303
deit_small,DeiT-Small,5,384,74,1.5869970502013128e-05,1.5869970502013128e-05,0.07172772385842689
deit_small,DeiT-Small,5,384,75,1.5413393526412875e-05,1.5413393526412875e-05,0.06966412662478262
deit_small,DeiT-Small,5,384,76,1.525567227228824e-05,1.525567227228824e-05,0.06895127170416247
deit_small,DeiT-Small,5,384,77,1.506808957884026e-05,1.506808957884026e-05,0.06810345162569731
deit_small,DeiT-Small,5,384,78,1.4994661293339645e-05,1.4994661293339645e-05,0.06777157679422753
deit_small,DeiT-Small,5,384,79,1.4728748665229712e-05,1.4728748665229712e-05,0.06656972783319018
deit_small,DeiT-Small,5,384,80,1.4504089864281654e-05,1.4504089864281654e-05,0.0655543343619343
deit_small,DeiT-Small,5,384,81,1.4255884418495447e-05,1.4255884418495447e-05,0.06443251679628398
deit_small,DeiT-Small,5,384,82,1.4146871457258814e-05,1.4146871457258814e-05,0.06393980941667173
deit_small,DeiT-Small,5,384,83,1.4054936776958145e-05,1.4054936776958145e-05,0.06352429097819809
deit_small,DeiT-Small,5,384,84,1.3950394382621858e-05,1.3950394382621858e-05,0.06305178928126673
deit_small,DeiT-Small,5,384,85,1.3703217021880975e-05,1.3703217021880975e-05,0.06193461836572987
deit_small,DeiT-Small,5,384,86,1.3382929785798675e-05,1.3382929785798675e-05,0.06048701174149728
deit_small,DeiT-Small,5,384,87,1.3316743460813472e-05,1.3316743460813472e-05,0.06018786849853155
deit_small,DeiT-Small,5,384,88,1.3140001598344822e-05,1.3140001598344822e-05,0.05938904587288348
deit_small,DeiT-Small,5,384,89,1.2916206769835552e-05,1.2916206769835552e-05,0.058377557309737094
deit_small,DeiT-Small,5,384,90,1.2791009110152008e-05,1.2791009110152008e-05,0.05781169972604698
deit_small,DeiT-Small,5,384,91,1.2635569604538245e-05,1.2635569604538245e-05,0.057109157655540914
deit_small,DeiT-Small,5,384,92,1.2478345378983773e-05,1.2478345378983773e-05,0.05639854916178249
deit_small,DeiT-Small,5,384,93,1.2387275651944784e-05,1.2387275651944784e-05,0.05598694006445706
deit_small,DeiT-Small,5,384,94,1.2129273322198166e-05,1.2129273322198166e-05,0.05482084338768323
deit_small,DeiT-Small,5,384,95,1.210530302550929e-05,1.210530302550929e-05,0.05471250450819469
deit_small,DeiT-Small,5,384,96,1.194901083193271e-05,1.194901083193271e-05,0.054006108532180325
deit_small,DeiT-Small,5,384,97,1.194180919210082e-05,1.194180919210082e-05,0.053973559181623935
deit_small,DeiT-Small,5,384,98,1.1753205542887714e-05,1.1753205542887714e-05,0.05312112467535102
deit_small,DeiT-Small,5,384,99,1.1720089960900245e-05,1.1720089960900245e-05,0.05297145172416897
deit_small,DeiT-Small,5,384,100,1.1576037344807916e-05,1.1576037344807916e-05,0.05232037513477998
deit_small,DeiT-Small,5,384,101,1.137380277048933e-05,1.137380277048933e-05,0.05140633274890977
deit_small,DeiT-Small,5,384,102,1.1188381067853628e-05,1.1188381067853628e-05,0.050568279730328174
deit_small,DeiT-Small,5,384,103,1.1116792697650196e-05,1.1116792697650196e-05,0.05024472078932225
deit_small,DeiT-Small,5,384,104,1.1027284507242114e-05,1.1027284507242114e-05,0.04984016939057554
deit_small,DeiT-Small,5,384,105,1.093033343418817e-05,1.093033343418817e-05,0.049401978292809526
deit_small,DeiT-Small,5,384,106,1.0739072454728344e-05,1.0739072454728344e-05,0.04853753341448751
deit_small,DeiT-Small,5,384,107,1.0716698168611747e-05,1.0716698168611747e-05,0.048436408045924466
deit_small,DeiT-Small,5,384,108,1.0616888318342597e-05,1.0616888318342597e-05,0.04798529609347639
deit_small,DeiT-Small,5,384,109,1.0512003660860816e-05,1.0512003660860816e-05,0.047511247465100895
deit_small,DeiT-Small,5,384,110,1.0480116635072688e-05,1.0480116635072688e-05,0.04736712723626322
deit_small,DeiT-Small,5,384,111,1.0326069080790029e-05,1.0326069080790029e-05,0.0466708763873249
deit_small,DeiT-Small,5,384,112,1.0115676205701116e-05,1.0115676205701116e-05,0.04571996081730266
deit_small,DeiT-Small,5,384,113,9.973245972436102e-06,9.973245972436102e-06,0.045076216933882814
deit_small,DeiT-Small,5,384,114,9.924267023251936e-06,9.924267023251936e-06,0.04485484610389216
deit_small,DeiT-Small,5,384,115,9.866065739594029e-06,9.866065739594029e-06,0.044591792961991825
deit_small,DeiT-Small,5,384,116,9.667846940868726e-06,9.667846940868726e-06,0.04369590073227948
deit_small,DeiT-Small,5,384,117,9.57178847452719e-06,9.57178847452719e-06,0.0432617439613431
deit_small,DeiT-Small,5,384,118,9.441140562677446e-06,9.441140562677446e-06,0.0426712527980073
deit_small,DeiT-Small,5,384,119,9.408318389175825e-06,9.408318389175825e-06,0.042522905969192525
deit_small,DeiT-Small,5,384,120,9.326613153753836e-06,9.326613153753836e-06,0.04215362169337155
deit_small,DeiT-Small,5,384,121,9.242960616105191e-06,9.242960616105191e-06,0.041775536168905225
deit_small,DeiT-Small,5,384,122,9.221559007341903e-06,9.221559007341903e-06,0.041678807023548314
deit_small,DeiT-Small,5,384,123,9.044333954055151e-06,9.044333954055151e-06,0.04087780051371676
deit_small,DeiT-Small,5,384,124,8.992470105742794e-06,8.992470105742794e-06,0.04064339076547481
deit_small,DeiT-Small,5,384,125,8.967758032770359e-06,8.967758032770359e-06,0.04053169926951952
deit_small,DeiT-Small,5,384,126,8.766705469301605e-06,8.766705469301605e-06,0.03962299923433759
deit_small,DeiT-Small,5,384,127,8.727341168002264e-06,8.727341168002264e-06,0.039445083860574236
deit_small,DeiT-Small,5,384,128,8.632953093248585e-06,8.632953093248585e-06,0.039018476781462044
deit_small,DeiT-Small,5,384,129,8.573850395776821e-06,8.573850395776821e-06,0.03875134950715457
deit_small,DeiT-Small,5,384,130,8.500392978698517e-06,8.500392978698517e-06,0.03841934300929262
deit_small,DeiT-Small,5,384,131,8.424676748038423e-06,8.424676748038423e-06,0.03807712732063086
deit_small,DeiT-Small,5,384,132,8.392607305798544e-06,8.392607305798544e-06,0.03793218262164834
deit_small,DeiT-Small,5,384,133,8.296112106823934e-06,8.296112106823934e-06,0.03749605194422605
deit_small,DeiT-Small,5,384,134,8.270717764500024e-06,8.270717764500024e-06,0.03738127678610305
deit_small,DeiT-Small,5,384,135,8.227910407700473e-06,8.227910407700473e-06,0.037187799787060244
deit_small,DeiT-Small,5,384,136,8.11623357040717e-06,8.11623357040717e-06,0.036683052450211674
deit_small,DeiT-Small,5,384,137,8.078179381608491e-06,8.078179381608491e-06,0.036511058409929
deit_small,DeiT-Small,5,384,138,8.012669862776138e-06,8.012669862776138e-06,0.03621497413703704
deit_small,DeiT-Small,5,384,139,7.900605659930409e-06,7.900605659930409e-06,0.035708476018775664
deit_small,DeiT-Small,5,384,140,7.782390837605963e-06,7.782390837605963e-06,0.03517417886109757
deit_small,DeiT-Small,5,384,141,7.718644552661427e-06,7.718644552661427e-06,0.03488606390064932
deit_small,DeiT-Small,5,384,142,7.686614664324065e-06,7.686614664324065e-06,0.034741297973983794
deit_small,DeiT-Small,5,384,143,7.52514443436873e-06,7.52514443436873e-06,0.034011498755760684
deit_small,DeiT-Small,5,384,144,7.494104765685027e-06,7.494104765685027e-06,0.03387120833847735
deit_small,DeiT-Small,5,384,145,7.3761968980927266e-06,7.3761968980927266e-06,0.033338298528322145
deit_small,DeiT-Small,5,384,146,7.313353476117947e-06,7.313353476117947e-06,0.03305426425005088
deit_small,DeiT-Small,5,384,147,7.285644601725689e-06,7.285644601725689e-06,0.03292902806951837
deit_small,DeiT-Small,5,384,148,7.223570229111538e-06,7.223570229111538e-06,0.03264846967421523
deit_small,DeiT-Small,5,384,149,7.121222790687754e-06,7.121222790687754e-06,0.03218588854969787
deit_small,DeiT-Small,5,384,150,7.098437845111973e-06,7.098437845111973e-06,0.03208290711793141
deit_small,DeiT-Small,5,384,151,7.056365167513825e-06,7.056365167513825e-06,0.03189275065857556
deit_small,DeiT-Small,5,384,152,6.9699023532211285e-06,6.9699023532211285e-06,0.031501963488125416
deit_small,DeiT-Small,5,384,153,6.939358296687386e-06,6.939358296687386e-06,0.031363913095889935
deit_small,DeiT-Small,5,384,154,6.8268001570528015e-06,6.8268001570528015e-06,0.030855182524733318
deit_small,DeiT-Small,5,384,155,6.792828650845514e-06,6.792828650845514e-06,0.030701641041087708
deit_small,DeiT-Small,5,384,156,6.753486492669073e-06,6.753486492669073e-06,0.030523825747901353
deit_small,DeiT-Small,5,384,157,6.7088662498690635e-06,6.7088662498690635e-06,0.030322155023078702
deit_small,DeiT-Small,5,384,158,6.612770518934082e-06,6.612770518934082e-06,0.02988782982684701
deit_small,DeiT-Small,5,384,159,6.555031290452622e-06,6.555031290452622e-06,0.02962686504207999
deit_small,DeiT-Small,5,384,160,6.506629141130396e-06,6.506629141130396e-06,0.0294081011823552
deit_small,DeiT-Small,5,384,161,6.447754921729331e-06,6.447754921729331e-06,0.029142006563524978
deit_small,DeiT-Small,5,384,162,6.389223223236751e-06,6.389223223236751e-06,0.028877460041153817
deit_small,DeiT-Small,5,384,163,6.347617058428132e-06,6.347617058428132e-06,0.028689412086066422
deit_small,DeiT-Small,5,384,164,6.260366915699225e-06,6.260366915699225e-06,0.02829506641645894
deit_small,DeiT-Small,5,384,165,6.255059392286104e-06,6.255059392286104e-06,0.028271077929920785
deit_small,DeiT-Small,5,384,166,6.2077804660534674e-06,6.2077804660534674e-06,0.02805739071703609
deit_small,DeiT-Small,5,384,167,6.196611938374967e-06,6.196611938374967e-06,0.028006912168942567
deit_small,DeiT-Small,5,384,168,6.144807497297735e-06,6.144807497297735e-06,0.027772770924397942
deit_small,DeiT-Small,5,384,169,6.0969224139129955e-06,6.0969224139129955e-06,0.027556344054699436
deit_small,DeiT-Small,5,384,170,6.043868318988994e-06,6.043868318988994e-06,0.027316554732483317
deit_small,DeiT-Small,5,384,171,5.950714706431733e-06,5.950714706431733e-06,0.02689552706913167
deit_small,DeiT-Small,5,384,172,5.877752736288876e-06,5.877752736288876e-06,0.026565759849595267
deit_small,DeiT-Small,5,384,173,5.8202472100536135e-06,5.8202472100536135e-06,0.026305851332083328
deit_small,DeiT-Small,5,384,174,5.8129375166252975e-06,5.8129375166252975e-06,0.026272813610201645
deit_small,DeiT-Small,5,384,175,5.774124097304521e-06,5.774124097304521e-06,0.02609738806529034
deit_small,DeiT-Small,5,384,176,5.739365184143398e-06,5.739365184143398e-06,0.025940287727610204
deit_small,DeiT-Small,5,384,177,5.687404064476932e-06,5.687404064476932e-06,0.025705438340691802
deit_small,DeiT-Small,5,384,178,5.6111967063945245e-06,5.6111967063945245e-06,0.02536100289666739
deit_small,DeiT-Small,5,384,179,5.600977067770244e-06,5.600977067770244e-06,0.025314813055477555
deit_small,DeiT-Small,5,384,180,5.564051995112055e-06,5.564051995112055e-06,0.025147922296938154
deit_small,DeiT-Small,5,384,181,5.513283832793581e-06,5.513283832793581e-06,0.024918464735746253
deit_small,DeiT-Small,5,384,182,5.44807722636507e-06,5.44807722636507e-06,0.02462374954021038
deit_small,DeiT-Small,5,384,183,5.431046566269981e-06,5.431046566269981e-06,0.024546775831640957
deit_small,DeiT-Small,5,384,184,5.415131474840719e-06,5.415131474840719e-06,0.02447484417410732
deit_small,DeiT-Small,5,384,185,5.3727504353674085e-06,5.3727504353674085e-06,0.02428329400734494
deit_small,DeiT-Small,5,384,186,5.311620419353663e-06,5.311620419353663e-06,0.024007003833551678
deit_small,DeiT-Small,5,384,187,5.277182138177496e-06,5.277182138177496e-06,0.023851352660661997
deit_small,DeiT-Small,5,384,188,5.220257005029382e-06,5.220257005029382e-06,0.023594067353765295
deit_small,DeiT-Small,5,384,189,5.204727843327278e-06,5.204727843327278e-06,0.023523879988125256
deit_small,DeiT-Small,5,384,190,5.154538380102192e-06,5.154538380102192e-06,0.023297037981181705
deit_small,DeiT-Small,5,384,191,5.118902037942207e-06,5.118902037942207e-06,0.02313597191559251
deit_small,DeiT-Small,5,384,192,5.1047042320194535e-06,5.1047042320194535e-06,0.023071801896971895
deit_small,DeiT-Small,5,384,193,5.062952973873772e-06,5.062952973873772e-06,0.022883098161534235
deit_small,DeiT-Small,5,384,194,5.011627356084718e-06,5.011627356084718e-06,0.022651121061188054
deit_small,DeiT-Small,5,384,195,4.950644937726973e-06,4.950644937726973e-06,0.022375497986549794
deit_small,DeiT-Small,5,384,196,4.903775165966251e-06,4.903775165966251e-06,0.02216366003475687
deit_small,DeiT-Small,5,384,197,4.877513845454935e-06,4.877513845454935e-06,0.022044966383401036
deit_small,DeiT-Small,5,384,198,4.845252254839582e-06,4.845252254839582e-06,0.021899153228764227
deit_small,DeiT-Small,5,384,199,4.790075381863517e-06,4.790075381863517e-06,0.021649769557402224
deit_small,DeiT-Small,5,384,200,4.750302760455112e-06,4.750302760455112e-06,0.021470008693628348
deit_small,DeiT-Small,5,384,201,4.7207072739483914e-06,4.7207072739483914e-06,0.021336245566384943
deit_small,DeiT-Small,5,384,202,4.68925543936709e-06,4.68925543936709e-06,0.021194092277227766
deit_small,DeiT-Small,5,384,203,4.6687819776862435e-06,4.6687819776862435e-06,0.021101558090999534
deit_small,DeiT-Small,5,384,204,4.63725591280351e-06,4.63725591280351e-06,0.020959069302128458
deit_small,DeiT-Small,5,384,205,4.612652451933759e-06,4.612652451933759e-06,0.020847868701786874
deit_small,DeiT-Small,5,384,206,4.5708151489657715e-06,4.5708151489657715e-06,0.020658776068382893
deit_small,DeiT-Small,5,384,207,4.548756170850205e-06,4.548756170850205e-06,0.020559075801726962
deit_small,DeiT-Small,5,384,208,4.469235526738923e-06,4.469235526738923e-06,0.02019966525328677
deit_small,DeiT-Small,5,384,209,4.4183393463956625e-06,4.4183393463956625e-06,0.01996962908726825
deit_small,DeiT-Small,5,384,210,4.394101786648843e-06,4.394101786648843e-06,0.01986008225526239
deit_small,DeiT-Small,5,384,211,4.379764981311553e-06,4.379764981311553e-06,0.01979528399907693
deit_small,DeiT-Small,5,384,212,4.328730098595736e-06,4.328730098595736e-06,0.019564620938038287
deit_small,DeiT-Small,5,384,213,4.298099100052196e-06,4.298099100052196e-06,0.01942617759280584
deit_small,DeiT-Small,5,384,214,4.277611726956267e-06,4.277611726956267e-06,0.019333580530963606
deit_small,DeiT-Small,5,384,215,4.2383046522628115e-06,4.2383046522628115e-06,0.019155923805077624
deit_small,DeiT-Small,5,384,216,4.214322301727969e-06,4.214322301727969e-06,0.019047530445655755
deit_small,DeiT-Small,5,384,217,4.201469789151146e-06,4.201469789151146e-06,0.018989440767865847
deit_small,DeiT-Small,5,384,218,4.186188091530011e-06,4.186188091530011e-06,0.018920371869034704
deit_small,DeiT-Small,5,384,219,4.125047649390827e-06,4.125047649390827e-06,0.018644034572138958
deit_small,DeiT-Small,5,384,220,4.087067774142818e-06,4.087067774142818e-06,0.01847237640783291
deit_small,DeiT-Small,5,384,221,4.079978198619425e-06,4.079978198619425e-06,0.018440333555872292
deit_small,DeiT-Small,5,384,222,3.989290902647761e-06,3.989290902647761e-06,0.01803045293749951
deit_small,DeiT-Small,5,384,223,3.975233429129273e-06,3.975233429129273e-06,0.017966917181175743
deit_small,DeiT-Small,5,384,224,3.970548706953729e-06,3.970548706953729e-06,0.01794574357795334
deit_small,DeiT-Small,5,384,225,3.9417434049400425e-06,3.9417434049400425e-06,0.017815551858426565
deit_small,DeiT-Small,5,384,226,3.914223638959811e-06,3.914223638959811e-06,0.017691170393783758
deit_small,DeiT-Small,5,384,227,3.864508650538914e-06,3.864508650538914e-06,0.01746647287713578
deit_small,DeiT-Small,5,384,228,3.848732451922864e-06,3.848732451922864e-06,0.017395168975359514
deit_small,DeiT-Small,5,384,229,3.8294456069611695e-06,3.8294456069611695e-06,0.01730799795703045
deit_small,DeiT-Small,5,384,230,3.8094880355972586e-06,3.8094880355972586e-06,0.017217795447360136
deit_small,DeiT-Small,5,384,231,3.767529011290915e-06,3.767529011290915e-06,0.017028152668349762
deit_small,DeiT-Small,5,384,232,3.7357540507704665e-06,3.7357540507704665e-06,0.016884538942443086
deit_small,DeiT-Small,5,384,233,3.716396196553173e-06,3.716396196553173e-06,0.016797046982605254
deit_small,DeiT-Small,5,384,234,3.690756642246034e-06,3.690756642246034e-06,0.016681163536510488
deit_small,DeiT-Small,5,384,235,3.6618726009079073e-06,3.6618726009079073e-06,0.016550615937776528
deit_small,DeiT-Small,5,384,236,3.630755039757151e-06,3.630755039757151e-06,0.016409973468838983
deit_small,DeiT-Small,5,384,237,3.618599851507094e-06,3.618599851507094e-06,0.016355035497395577
deit_small,DeiT-Small,5,384,238,3.601605081661099e-06,3.601605081661099e-06,0.016278224002478404
deit_small,DeiT-Small,5,384,239,3.5835305882213e-06,3.5835305882213e-06,0.01619653246599027
deit_small,DeiT-Small,5,384,240,3.540370482422215e-06,3.540370482422215e-06,0.016001461142444672
deit_small,DeiT-Small,5,384,241,3.522458989662729e-06,3.522458989662729e-06,0.015920506322372283
deit_small,DeiT-Small,5,384,242,3.5109624091281953e-06,3.5109624091281953e-06,0.01586854506927527
deit_small,DeiT-Small,5,384,243,3.488456257537558e-06,3.488456257537558e-06,0.01576682370651632
deit_small,DeiT-Small,5,384,244,3.4433817954056035e-06,3.4433817954056035e-06,0.015563100040334468
deit_small,DeiT-Small,5,384,245,3.441322980457462e-06,3.441322980457462e-06,0.01555379478610875
deit_small,DeiT-Small,5,384,246,3.418658755598298e-06,3.418658755598298e-06,0.015451358977424846
deit_small,DeiT-Small,5,384,247,3.3996356585602593e-06,3.3996356585602593e-06,0.015365380024212337
deit_small,DeiT-Small,5,384,248,3.332493439187158e-06,3.332493439187158e-06,0.015061916412239976
deit_small,DeiT-Small,5,384,249,3.2809357721745214e-06,3.2809357721745214e-06,0.014828890515827753
deit_small,DeiT-Small,5,384,250,3.2695087547796167e-06,3.2695087547796167e-06,0.014777243668209279
deit_small,DeiT-Small,5,384,251,3.244823005550039e-06,3.244823005550039e-06,0.014665671148036482
deit_small,DeiT-Small,5,384,252,3.241749702206043e-06,3.241749702206043e-06,0.014651780696660828
deit_small,DeiT-Small,5,384,253,3.2267854546350046e-06,3.2267854546350046e-06,0.014584146581185412
deit_small,DeiT-Small,5,384,254,3.209643734804431e-06,3.209643734804431e-06,0.014506670914402671
deit_small,DeiT-Small,5,384,255,3.1746605323608986e-06,3.1746605323608986e-06,0.014348556853369297
deit_small,DeiT-Small,5,384,256,3.1635530443794348e-06,3.1635530443794348e-06,0.014298354187233644
deit_small,DeiT-Small,5,384,257,3.1499735597634514e-06,3.1499735597634514e-06,0.014236978803923923
deit_small,DeiT-Small,5,384,258,3.1420860470675054e-06,3.1420860470675054e-06,0.01420132950435447
deit_small,DeiT-Small,5,384,259,3.1011949311127223e-06,3.1011949311127223e-06,0.014016513365402257
deit_small,DeiT-Small,5,384,260,3.0698977590891867e-06,3.0698977590891867e-06,0.013875059106733718
deit_small,DeiT-Small,5,384,261,3.0525158744337285e-06,3.0525158744337285e-06,0.013796497963690157
deit_small,DeiT-Small,5,384,262,3.0176156084444e-06,3.0176156084444e-06,0.01363875875168906
deit_small,DeiT-Small,5,384,263,3.0106737801042867e-06,3.0106737801042867e-06,0.013607383674703941
deit_small,DeiT-Small,5,384,264,2.984859032288807e-06,2.984859032288807e-06,0.013490708404100962
deit_small,DeiT-Small,5,384,265,2.969050798079768e-06,2.969050798079768e-06,0.013419259710614643
deit_small,DeiT-Small,5,384,266,2.9632948053306408e-06,2.9632948053306408e-06,0.013393244271052979
deit_small,DeiT-Small,5,384,267,2.947254238835034e-06,2.947254238835034e-06,0.01332074550213695
deit_small,DeiT-Small,5,384,268,2.926977635208975e-06,2.926977635208975e-06,0.013229101057965348
deit_small,DeiT-Small,5,384,269,2.8890988809690973e-06,2.8890988809690973e-06,0.013057899931669965
deit_small,DeiT-Small,5,384,270,2.882392021128569e-06,2.882392021128569e-06,0.013027586845042766
deit_small,DeiT-Small,5,384,271,2.852746194000594e-06,2.852746194000594e-06,0.012893596192601397
deit_small,DeiT-Small,5,384,272,2.848818606812086e-06,2.848818606812086e-06,0.012875844622788998
deit_small,DeiT-Small,5,384,273,2.8169951088800972e-06,2.8169951088800972e-06,0.01273201152167609
deit_small,DeiT-Small,5,384,274,2.8072073951628673e-06,2.8072073951628673e-06,0.012687773857426761
deit_small,DeiT-Small,5,384,275,2.798172383634032e-06,2.798172383634032e-06,0.012646938191606475
deit_small,DeiT-Small,5,384,276,2.777206048378764e-06,2.777206048378764e-06,0.012552176357907901
deit_small,DeiT-Small,5,384,277,2.7523874934524883e-06,2.7523874934524883e-06,0.012440003594001926
deit_small,DeiT-Small,5,384,278,2.7240559741336775e-06,2.7240559741336775e-06,0.012311953236634747
deit_small,DeiT-Small,5,384,279,2.703108674766139e-06,2.703108674766139e-06,0.012217277439699649
deit_small,DeiT-Small,5,384,280,2.6303969876297534e-06,2.6303969876297534e-06,0.011888641427708485
deit_small,DeiT-Small,5,384,281,2.624622871024191e-06,2.624622871024191e-06,0.011862544073503725
deit_small,DeiT-Small,5,384,282,2.617672539429156e-06,2.617672539429156e-06,0.011831130564240433
deit_small,DeiT-Small,5,384,283,2.6111222320068517e-06,2.6111222320068517e-06,0.011801525049730166
deit_small,DeiT-Small,5,384,284,2.588827196835479e-06,2.588827196835479e-06,0.011700757872753795
deit_small,DeiT-Small,5,384,285,2.5578343088224976e-06,2.5578343088224976e-06,0.011560678890711058
deit_small,DeiT-Small,5,384,286,2.5543564665770674e-06,2.5543564665770674e-06,0.011544960039300984
deit_small,DeiT-Small,5,384,287,2.5334617338050828e-06,2.5334617338050828e-06,0.011450521828330496
deit_small,DeiT-Small,5,384,288,2.524266757838088e-06,2.524266757838088e-06,0.011408963169039868
deit_small,DeiT-Small,5,384,289,2.5184356029866274e-06,2.5184356029866274e-06,0.01138260801829096
deit_small,DeiT-Small,5,384,290,2.4935882048186126e-06,2.4935882048186126e-06,0.01127030489118876
deit_small,DeiT-Small,5,384,291,2.4745299848749187e-06,2.4745299848749187e-06,0.01118416719249669
deit_small,DeiT-Small,5,384,292,2.46434034157317e-06,2.46434034157317e-06,0.01113811292157848
deit_small,DeiT-Small,5,384,293,2.4294603246000448e-06,2.4294603246000448e-06,0.010980465229334302
deit_small,DeiT-Small,5,384,294,2.4266104601845727e-06,2.4266104601845727e-06,0.010967584657955734
deit_small,DeiT-Small,5,384,295,2.404986586423989e-06,2.404986586423989e-06,0.010869850938434839
deit_small,DeiT-Small,5,384,296,2.3990297911366836e-06,2.3990297911366836e-06,0.010842927928880737
deit_small,DeiT-Small,5,384,297,2.3646754711808602e-06,2.3646754711808602e-06,0.010687656236672944
deit_small,DeiT-Small,5,384,298,2.3448419636747768e-06,2.3448419636747768e-06,0.010598014460126483
deit_small,DeiT-Small,5,384,299,2.3236818723763064e-06,2.3236818723763064e-06,0.010502376904575686
deit_small,DeiT-Small,5,384,300,2.308372255758009e-06,2.308372255758009e-06,0.010433181819869238
deit_small,DeiT-Small,5,384,301,2.2965045168258523e-06,2.2965045168258523e-06,0.010379543037059803
deit_small,DeiT-Small,5,384,302,2.278364395916071e-06,2.278364395916071e-06,0.01029755488319334
deit_small,DeiT-Small,5,384,303,2.270704023156483e-06,2.270704023156483e-06,0.010262932191116965
deit_small,DeiT-Small,5,384,304,2.2429444987511763e-06,2.2429444987511763e-06,0.010137467087024144
deit_small,DeiT-Small,5,384,305,2.2358969728880608e-06,2.2358969728880608e-06,0.010105614287491179
deit_small,DeiT-Small,5,384,306,2.2190627745753487e-06,2.2190627745753487e-06,0.010029528529940525
deit_small,DeiT-Small,5,384,307,2.202733184167414e-06,2.202733184167414e-06,0.009955723455674447
deit_small,DeiT-Small,5,384,308,2.192899896131695e-06,2.192899896131695e-06,0.009911279808551285
deit_small,DeiT-Small,5,384,309,2.1773616143100128e-06,2.1773616143100128e-06,0.00984105122258141
deit_small,DeiT-Small,5,384,310,2.1707938588627166e-06,2.1707938588627166e-06,0.009811366847992713
deit_small,DeiT-Small,5,384,311,2.144506646736704e-06,2.144506646736704e-06,0.009692556173949976
deit_small,DeiT-Small,5,384,312,2.1162112129543505e-06,2.1162112129543505e-06,0.009564668912878029
deit_small,DeiT-Small,5,384,313,2.108486931319917e-06,2.108486931319917e-06,0.009529757370981396
deit_small,DeiT-Small,5,384,314,2.0781667810207086e-06,2.0781667810207086e-06,0.0093927189708324
deit_small,DeiT-Small,5,384,315,2.0562078852531943e-06,2.0562078852531943e-06,0.009293471047740896
deit_small,DeiT-Small,5,384,316,2.049783500266753e-06,2.049783500266753e-06,0.009264434666595182
deit_small,DeiT-Small,5,384,317,2.033855296555547e-06,2.033855296555547e-06,0.009192443745300576
deit_small,DeiT-Small,5,384,318,2.017459530558739e-06,2.017459530558739e-06,0.009118339576315684
deit_small,DeiT-Small,5,384,319,2.0119983444632625e-06,2.0119983444632625e-06,0.00909365657843953
deit_small,DeiT-Small,5,384,320,1.9944442649378946e-06,1.9944442649378946e-06,0.009014317163875102
deit_small,DeiT-Small,5,384,321,1.99086648327618e-06,1.99086648327618e-06,0.008998146614911282
deit_small,DeiT-Small,5,384,322,1.962751210524234e-06,1.962751210524234e-06,0.008871073630125322
deit_small,DeiT-Small,5,384,323,1.948300901701357e-06,1.948300901701357e-06,0.008805762370675606
deit_small,DeiT-Small,5,384,324,1.9275143579497718e-06,1.9275143579497718e-06,0.008711813143108
deit_small,DeiT-Small,5,384,325,1.91523185087715e-06,1.91523185087715e-06,0.00865629972703187
deit_small,DeiT-Small,5,384,326,1.8950872440369065e-06,1.8950872440369065e-06,0.008565251870547809
deit_small,DeiT-Small,5,384,327,1.8894772445027743e-06,1.8894772445027743e-06,0.008539896278527075
deit_small,DeiT-Small,5,384,328,1.8839057757330788e-06,1.8839057757330788e-06,0.008514714834532085
deit_small,DeiT-Small,5,384,329,1.873003378125733e-06,1.873003378125733e-06,0.008465439118179917
deit_small,DeiT-Small,5,384,330,1.8502442514047318e-06,1.8502442514047318e-06,0.008362574380246356
deit_small,DeiT-Small,5,384,331,1.8450155139322823e-06,1.8450155139322823e-06,0.008338941983607403
deit_small,DeiT-Small,5,384,332,1.8299152706148804e-06,1.8299152706148804e-06,0.00827069320628748
deit_small,DeiT-Small,5,384,333,1.80532334444347e-06,1.80532334444347e-06,0.008159544739480561
deit_small,DeiT-Small,5,384,334,1.799198900697402e-06,1.799198900697402e-06,0.008131864006882558
deit_small,DeiT-Small,5,384,335,1.7814942492205824e-06,1.7814942492205824e-06,0.00805184405019909
deit_small,DeiT-Small,5,384,336,1.7600487478565589e-06,1.7600487478565589e-06,0.007954916522851194
deit_small,DeiT-Small,5,384,337,1.7425265668896983e-06,1.7425265668896983e-06,0.007875721280640194
deit_small,DeiT-Small,5,384,338,1.733569888463811e-06,1.733569888463811e-06,0.007835239658022226
deit_small,DeiT-Small,5,384,339,1.700483855570635e-06,1.700483855570635e-06,0.0076857002602879
deit_small,DeiT-Small,5,384,340,1.697063351760386e-06,1.697063351760386e-06,0.007670240562191605
deit_small,DeiT-Small,5,384,341,1.6858765055363083e-06,1.6858765055363083e-06,0.007619679219515792
deit_small,DeiT-Small,5,384,342,1.6768986079648138e-06,1.6768986079648138e-06,0.007579101692433702
deit_small,DeiT-Small,5,384,343,1.6541577492714073e-06,1.6541577492714073e-06,0.00747631952075561
deit_small,DeiT-Small,5,384,344,1.6425152960401614e-06,1.6425152960401614e-06,0.00742369896482581
deit_small,DeiT-Small,5,384,345,1.624233424075131e-06,1.624233424075131e-06,0.0073410701367661434
deit_small,DeiT-Small,5,384,346,1.608513566603687e-06,1.608513566603687e-06,0.007270020880835735
deit_small,DeiT-Small,5,384,347,1.6010794935548712e-06,1.6010794935548712e-06,0.0072364209986733085
deit_small,DeiT-Small,5,384,348,1.5988676937038557e-06,1.5988676937038557e-06,0.007226424296478832
deit_small,DeiT-Small,5,384,349,1.5646898900366219e-06,1.5646898900366219e-06,0.007071950407367324
deit_small,DeiT-Small,5,384,350,1.5537695547938028e-06,1.5537695547938028e-06,0.007022593618037501
deit_small,DeiT-Small,5,384,351,1.5354931688750388e-06,1.5354931688750388e-06,0.006939989585336567
deit_small,DeiT-Small,5,384,352,1.530405847153456e-06,1.530405847153456e-06,0.0069169963474109905
deit_small,DeiT-Small,5,384,353,1.501653655103394e-06,1.501653655103394e-06,0.006787044669716965
deit_small,DeiT-Small,5,384,354,1.4892770241429673e-06,1.4892770241429673e-06,0.006731105840611105
deit_small,DeiT-Small,5,384,355,1.4826493738119838e-06,1.4826493738119838e-06,0.006701150758293171
deit_small,DeiT-Small,5,384,356,1.4760581723995143e-06,1.4760581723995143e-06,0.006671360414653344
deit_small,DeiT-Small,5,384,357,1.4711152181293262e-06,1.4711152181293262e-06,0.006649019676282601
deit_small,DeiT-Small,5,384,358,1.4653678935056055e-06,1.4653678935056055e-06,0.006623043414166507
deit_small,DeiT-Small,5,384,359,1.4290719542823139e-06,1.4290719542823139e-06,0.0064589961586621406
deit_small,DeiT-Small,5,384,360,1.4091259483077433e-06,1.4091259483077433e-06,0.0063688459212410285
deit_small,DeiT-Small,5,384,361,1.3943438285075795e-06,1.3943438285075795e-06,0.00630203497115553
deit_small,DeiT-Small,5,384,362,1.3795378722947116e-06,1.3795378722947116e-06,0.006235116287307829
deit_small,DeiT-Small,5,384,363,1.3672074309502923e-06,1.3672074309502923e-06,0.006179386222044453
deit_small,DeiT-Small,5,384,364,1.3489852437454939e-06,1.3489852437454939e-06,0.0060970271520161545
deit_small,DeiT-Small,5,384,365,1.3393873111849368e-06,1.3393873111849368e-06,0.006053647244269753
deit_small,DeiT-Small,5,384,366,1.3182915060784808e-06,1.3182915060784808e-06,0.005958300243904811
deit_small,DeiT-Small,5,384,367,1.298570783757199e-06,1.298570783757199e-06,0.005869168224108669
deit_small,DeiT-Small,5,384,368,1.2899295212924055e-06,1.2899295212924055e-06,0.005830112191346398
deit_small,DeiT-Small,5,384,369,1.2691664974798456e-06,1.2691664974798456e-06,0.005736269267170559
deit_small,DeiT-Small,5,384,370,1.2558058229117052e-06,1.2558058229117052e-06,0.005675882842642276
deit_small,DeiT-Small,5,384,371,1.2322613512206658e-06,1.2322613512206658e-06,0.0055694685702507045
deit_small,DeiT-Small,5,384,372,1.225160892505798e-06,1.225160892505798e-06,0.005537376529379955
deit_small,DeiT-Small,5,384,373,1.2173355982304556e-06,1.2173355982304556e-06,0.005502008439261483
deit_small,DeiT-Small,5,384,374,1.2047377488607447e-06,1.2047377488607447e-06,0.00544506976626987
deit_small,DeiT-Small,5,384,375,1.1999278981474933e-06,1.1999278981474933e-06,0.005423330617875323
deit_small,DeiT-Small,5,384,376,1.16595923806647e-06,1.16595923806647e-06,0.005269801997905717
deit_small,DeiT-Small,5,384,377,1.1517818773705855e-06,1.1517818773705855e-06,0.0052057243858580635
deit_small,DeiT-Small,5,384,378,1.1186048486547378e-06,1.1186048486547378e-06,0.005055773713052997
deit_small,DeiT-Small,5,384,379,1.0960219294300155e-06,1.0960219294300155e-06,0.00495370538256287
deit_small,DeiT-Small,5,384,380,1.0819091762420486e-06,1.0819091762420486e-06,0.004889919777956975
deit_small,DeiT-Small,5,384,381,1.069666127387351e-06,1.069666127387351e-06,0.004834584701730867
deit_small,DeiT-Small,5,384,382,1.0629087103578533e-06,1.0629087103578533e-06,0.004804043111081624
deit_small,DeiT-Small,5,384,383,9.729756024617565e-07,9.729756024617565e-07,0.004397571206922567
deit_small,DeiT-Small,5,384,384,3.7243240668219607e-19,3.7243240668219607e-19,1.6832878686851517e-15
deit_small,DeiT-Small,7,384,1,0.0001362182914715952,0.0001362182914715952,1.0
deit_small,DeiT-Small,7,384,2,5.120056523177112e-05,5.120056523177112e-05,0.3758714389869416
deit_small,DeiT-Small,7,384,3,4.8124860910586013e-05,4.8124860910586013e-05,0.3532922076079717
deit_small,DeiT-Small,7,384,4,4.372930748059075e-05,4.372930748059075e-05,0.32102375538684075
deit_small,DeiT-Small,7,384,5,3.860094853543713e-05,3.860094853543713e-05,0.2833756620966455
deit_small,DeiT-Small,7,384,6,3.6077807734799206e-05,3.6077807734799206e-05,0.2648528868263063
deit_small,DeiT-Small,7,384,7,2.9423752364071234e-05,2.9423752364071234e-05,0.21600441501798456
deit_small,DeiT-Small,7,384,8,2.7949498139245425e-05,2.7949498139245425e-05,0.20518168182335167
deit_small,DeiT-Small,7,384,9,2.5808352404940205e-05,2.5808352404940205e-05,0.18946319268966805
deit_small,DeiT-Small,7,384,10,2.475365498909471e-05,2.475365498909471e-05,0.18172049231917173
deit_small,DeiT-Small,7,384,11,2.3260949283211216e-05,2.3260949283211216e-05,0.17076230388678518
deit_small,DeiT-Small,7,384,12,2.2783376661801747e-05,2.2783376661801747e-05,0.16725636781718578
deit_small,DeiT-Small,7,384,13,1.9699074829859427e-05,1.9699074829859427e-05,0.14461402075335206
deit_small,DeiT-Small,7,384,14,1.8840491042284856e-05,1.8840491042284856e-05,0.13831102151368235
deit_small,DeiT-Small,7,384,15,1.781079421461542e-05,1.781079421461542e-05,0.13075185441104584
deit_small,DeiT-Small,7,384,16,1.757798281385189e-05,1.757798281385189e-05,0.12904274913415226
deit_small,DeiT-Small,7,384,17,1.6527427863377628e-05,1.6527427863377628e-05,0.12133045925645013
deit_small,DeiT-Small,7,384,18,1.5264831453024992e-05,1.5264831453024992e-05,0.1120615395195151
deit_small,DeiT-Small,7,384,19,1.4999212680620468e-05,1.4999212680620468e-05,0.11011159014388436
deit_small,DeiT-Small,7,384,20,1.3971631876977878e-05,1.3971631876977878e-05,0.10256795710795787
deit_small,DeiT-Small,7,384,21,1.3781378038949266e-05,1.3781378038949266e-05,0.10117127362313906
deit_small,DeiT-Small,7,384,22,1.3543919256779283e-05,1.3543919256779283e-05,0.09942805118506069
deit_small,DeiT-Small,7,384,23,1.3143505519669207e-05,1.3143505519669207e-05,0.09648855067610318
deit_small,DeiT-Small,7,384,24,1.2947347282627306e-05,1.2947347282627306e-05,0.09504852206524071
deit_small,DeiT-Small,7,384,25,1.2286416972829075e-05,1.2286416972829075e-05,0.09019652823491102
deit_small,DeiT-Small,7,384,26,1.1856911690590333e-05,1.1856911690590333e-05,0.08704346209673894
deit_small,DeiT-Small,7,384,27,1.1507736784869506e-05,1.1507736784869506e-05,0.08448011394467642
deit_small,DeiT-Small,7,384,28,1.1130852846305311e-05,1.1130852846305311e-05,0.08171334940452078
deit_small,DeiT-Small,7,384,29,1.0875985867529955e-05,1.0875985867529955e-05,0.0798423306446907
deit_small,DeiT-Small,7,384,30,1.0737365911344204e-05,1.0737365911344204e-05,0.07882469964456429
deit_small,DeiT-Small,7,384,31,1.0364123912334177e-05,1.0364123912334177e-05,0.07608467115809735
deit_small,DeiT-Small,7,384,32,1.0046471859798266e-05,1.0046471859798266e-05,0.07375273725183375
deit_small,DeiT-Small,7,384,33,9.83302241583167e-06,9.83302241583167e-06,0.07218577115894963
deit_small,DeiT-Small,7,384,34,9.768559446497958e-06,9.768559446497958e-06,0.07171253831600831
deit_small,DeiT-Small,7,384,35,9.414444469431929e-06,9.414444469431929e-06,0.06911292431967603
deit_small,DeiT-Small,7,384,36,8.883600274958608e-06,8.883600274958608e-06,0.06521591321537794
deit_small,DeiT-Small,7,384,37,8.802561489238993e-06,8.802561489238993e-06,0.06462099468539098
deit_small,DeiT-Small,7,384,38,8.752797380549928e-06,8.752797380549928e-06,0.06425566850084226
deit_small,DeiT-Small,7,384,39,8.444146798396429e-06,8.444146798396429e-06,0.06198981581087616
deit_small,DeiT-Small,7,384,40,8.216916184491279e-06,8.216916184491279e-06,0.06032167997206678
deit_small,DeiT-Small,7,384,41,8.168139697499955e-06,8.168139697499955e-06,0.059963604074444066
deit_small,DeiT-Small,7,384,42,7.761764748260099e-06,7.761764748260099e-06,0.056980341365378336
deit_small,DeiT-Small,7,384,43,7.630088253702936e-06,7.630088253702936e-06,0.056013683414125
deit_small,DeiT-Small,7,384,44,7.3971455828948685e-06,7.3971455828948685e-06,0.05430361446309398
deit_small,DeiT-Small,7,384,45,7.341378056386104e-06,7.341378056386104e-06,0.053894216239798884
deit_small,DeiT-Small,7,384,46,7.316503690912466e-06,7.316503690912466e-06,0.053711609592740586
deit_small,DeiT-Small,7,384,47,7.159429530498246e-06,7.159429530498246e-06,0.05255850336363351
deit_small,DeiT-Small,7,384,48,6.899102795892638e-06,6.899102795892638e-06,0.050647403673619466
deit_small,DeiT-Small,7,384,49,6.776802060499348e-06,6.776802060499348e-06,0.04974957465174547
deit_small,DeiT-Small,7,384,50,6.611286873257323e-06,6.611286873257323e-06,0.04853450151102458
deit_small,DeiT-Small,7,384,51,6.547551906299507e-06,6.547551906299507e-06,0.04806661304854811
deit_small,DeiT-Small,7,384,52,6.375916073941462e-06,6.375916073941462e-06,0.04680660728497681
deit_small,DeiT-Small,7,384,53,6.2664937245917226e-06,6.2664937245917226e-06,0.046003320529816205
deit_small,DeiT-Small,7,384,54,6.24617216190052e-06,6.24617216190052e-06,0.045854136727320485
deit_small,DeiT-Small,7,384,55,6.073507705735949e-06,6.073507705735949e-06,0.0445865796738643
deit_small,DeiT-Small,7,384,56,5.944735584533926e-06,5.944735584533926e-06,0.043641243186298126
deit_small,DeiT-Small,7,384,57,5.841708673132658e-06,5.841708673132658e-06,0.04288490635158785
deit_small,DeiT-Small,7,384,58,5.773056558649565e-06,5.773056558649565e-06,0.042380920332225624
deit_small,DeiT-Small,7,384,59,5.575995465623881e-06,5.575995465623881e-06,0.04093426371293617
deit_small,DeiT-Small,7,384,60,5.544007839660678e-06,5.544007839660678e-06,0.04069943749673837
deit_small,DeiT-Small,7,384,61,5.395404467090335e-06,5.395404467090335e-06,0.03960851665956629
deit_small,DeiT-Small,7,384,62,5.2464273000362765e-06,5.2464273000362765e-06,0.03851485173803023
deit_small,DeiT-Small,7,384,63,5.178501551726301e-06,5.178501551726301e-06,0.03801619808750974
deit_small,DeiT-Small,7,384,64,5.060960894943742e-06,5.060960894943742e-06,0.037153313554803134
deit_small,DeiT-Small,7,384,65,4.960272730538045e-06,4.960272730538045e-06,0.036414145831306234
deit_small,DeiT-Small,7,384,66,4.916704593686498e-06,4.916704593686498e-06,0.03609430525497194
deit_small,DeiT-Small,7,384,67,4.856855964539174e-06,4.856855964539174e-06,0.03565494701239844
deit_small,DeiT-Small,7,384,68,4.708471214792031e-06,4.708471214792031e-06,0.03456563111991359
deit_small,DeiT-Small,7,384,69,4.671629415387151e-06,4.671629415387151e-06,0.034295169649527564
deit_small,DeiT-Small,7,384,70,4.581618693909225e-06,4.581618693909225e-06,0.03363438672158506
deit_small,DeiT-Small,7,384,71,4.433454258645623e-06,4.433454258645623e-06,0.03254668819253327
deit_small,DeiT-Small,7,384,72,4.404471985964834e-06,4.404471985964834e-06,0.03233392474962346
deit_small,DeiT-Small,7,384,73,4.376533577495076e-06,4.376533577495076e-06,0.032128824478815966
deit_small,DeiT-Small,7,384,74,4.291126745724442e-06,4.291126745724442e-06,0.03150183943262308
deit_small,DeiT-Small,7,384,75,4.242199839673842e-06,4.242199839673842e-06,0.031142659284920216
deit_small,DeiT-Small,7,384,76,4.2236057299169534e-06,4.2236057299169534e-06,0.031006156987350538
deit_small,DeiT-Small,7,384,77,4.202771444664844e-06,4.202771444664844e-06,0.030853209207525725
deit_small,DeiT-Small,7,384,78,4.115184700735584e-06,4.115184700735584e-06,0.030210221081753173
deit_small,DeiT-Small,7,384,79,4.00330073029053e-06,4.00330073029053e-06,0.029388863177199038
deit_small,DeiT-Small,7,384,80,3.981822419052199e-06,3.981822419052199e-06,0.029231187500854138
deit_small,DeiT-Small,7,384,81,3.891191191258364e-06,3.891191191258364e-06,0.02856584933800738
deit_small,DeiT-Small,7,384,82,3.874918923386191e-06,3.874918923386191e-06,0.0284463920485613
deit_small,DeiT-Small,7,384,83,3.8094336847260543e-06,3.8094336847260543e-06,0.02796565456497752
deit_small,DeiT-Small,7,384,84,3.7667919710660032e-06,3.7667919710660032e-06,0.02765261500766562
deit_small,DeiT-Small,7,384,85,3.7574929817359974e-06,3.7574929817359974e-06,0.027584349657766228
deit_small,DeiT-Small,7,384,86,3.677827208186389e-06,3.677827208186389e-06,0.02699951062705338
deit_small,DeiT-Small,7,384,87,3.6494989944850737e-06,3.6494989944850737e-06,0.02679154873445232
deit_small,DeiT-Small,7,384,88,3.530766123669645e-06,3.530766123669645e-06,0.025919911970162208
deit_small,DeiT-Small,7,384,89,3.5006163618220865e-06,3.5006163618220865e-06,0.02569857780481742
deit_small,DeiT-Small,7,384,90,3.455129188684813e-06,3.455129188684813e-06,0.025364649279904464
deit_small,DeiT-Small,7,384,91,3.3864198893076957e-06,3.3864198893076957e-06,0.024860243457200063
deit_small,DeiT-Small,7,384,92,3.35670801882612e-06,3.35670801882612e-06,0.024642123921559206
deit_small,DeiT-Small,7,384,93,3.344759558945809e-06,3.344759558945809e-06,0.024554408389737235
deit_small,DeiT-Small,7,384,94,3.261409764172689e-06,3.261409764172689e-06,0.02394252437715218
deit_small,DeiT-Small,7,384,95,3.2332311651089798e-06,3.2332311651089798e-06,0.023735660829244703
deit_small,DeiT-Small,7,384,96,3.1910280966132267e-06,3.1910280966132267e-06,0.023425841435389266
deit_small,DeiT-Small,7,384,97,3.1295125463399332e-06,3.1295125463399332e-06,0.02297424606145873
deit_small,DeiT-Small,7,384,98,3.1096914390658793e-06,3.1096914390658793e-06,0.022828736181251585
deit_small,DeiT-Small,7,384,99,3.089684038258663e-06,3.089684038258663e-06,0.022681858690783364
deit_small,DeiT-Small,7,384,100,3.04959236448747e-06,3.04959236448747e-06,0.022387539379198452
deit_small,DeiT-Small,7,384,101,3.0021892596366943e-06,3.0021892596366943e-06,0.022039545696862034
deit_small,DeiT-Small,7,384,102,2.9542256656504724e-06,2.9542256656504724e-06,0.021687437375225778
deit_small,DeiT-Small,7,384,103,2.9059857241757874e-06,2.9059857241757874e-06,0.02133330034301418
deit_small,DeiT-Small,7,384,104,2.8938828463176037e-06,2.8938828463176037e-06,0.021244451204418816
deit_small,DeiT-Small,7,384,105,2.8597213706582875e-06,2.8597213706582875e-06,0.02099366641413652
deit_small,DeiT-Small,7,384,106,2.842401887570181e-06,2.842401887570181e-06,0.020866521352331677
deit_small,DeiT-Small,7,384,107,2.7910184132362153e-06,2.7910184132362153e-06,0.02048930714872613
deit_small,DeiT-Small,7,384,108,2.7529464845254277e-06,2.7529464845254277e-06,0.02020981510474666
deit_small,DeiT-Small,7,384,109,2.741418431339805e-06,2.741418431339805e-06,0.02012518584489409
deit_small,DeiT-Small,7,384,110,2.6688625749274256e-06,2.6688625749274256e-06,0.019592541839242993
deit_small,DeiT-Small,7,384,111,2.6425722571588373e-06,2.6425722571588373e-06,0.019399540462668903
deit_small,DeiT-Small,7,384,112,2.584916548558404e-06,2.584916548558404e-06,0.018976280796308632
deit_small,DeiT-Small,7,384,113,2.5811545780884736e-06,2.5811545780884736e-06,0.018948663576702596
deit_small,DeiT-Small,7,384,114,2.553233982456681e-06,2.553233982456681e-06,0.01874369407275301
deit_small,DeiT-Small,7,384,115,2.5420609935135345e-06,2.5420609935135345e-06,0.018661671395604134
deit_small,DeiT-Small,7,384,116,2.5075186126439385e-06,2.5075186126439385e-06,0.018408090319990664
deit_small,DeiT-Small,7,384,117,2.4947797646938683e-06,2.4947797646938683e-06,0.01831457242446834
deit_small,DeiT-Small,7,384,118,2.4616254822681827e-06,2.4616254822681827e-06,0.01807118159884931
deit_small,DeiT-Small,7,384,119,2.432875971734739e-06,2.432875971734739e-06,0.017860126899639263
deit_small,DeiT-Small,7,384,120,2.4235672781728596e-06,2.4235672781728596e-06,0.017791790309440433
deit_small,DeiT-Small,7,384,121,2.3900022370485845e-06,2.3900022370485845e-06,0.017545384039315732
deit_small,DeiT-Small,7,384,122,2.3675596316243135e-06,2.3675596316243135e-06,0.017380629326994655
deit_small,DeiT-Small,7,384,123,2.3349473143792715e-06,2.3349473143792715e-06,0.017141217153396497
deit_small,DeiT-Small,7,384,124,2.2997612376797e-06,2.2997612376797e-06,0.016882910604992106
deit_small,DeiT-Small,7,384,125,2.2841046470274425e-06,2.2841046470274425e-06,0.016767973099293596
deit_small,DeiT-Small,7,384,126,2.242931060531051e-06,2.242931060531051e-06,0.016465711295452243
deit_small,DeiT-Small,7,384,127,2.230497214354267e-06,2.230497214354267e-06,0.01637443246613748
deit_small,DeiT-Small,7,384,128,2.1985153508778067e-06,2.1985153508778067e-06,0.016139648553265332
deit_small,DeiT-Small,7,384,129,2.1624883510914247e-06,2.1624883510914247e-06,0.015875168655615945
deit_small,DeiT-Small,7,384,130,2.149062873848144e-06,2.149062873848144e-06,0.015776610105965656
deit_small,DeiT-Small,7,384,131,2.140308268020424e-06,2.140308268020424e-06,0.015712341161368406
deit_small,DeiT-Small,7,384,132,2.124263981204414e-06,2.124263981204414e-06,0.015594557516876316
deit_small,DeiT-Small,7,384,133,2.089232880046511e-06,2.089232880046511e-06,0.01533738866840924
deit_small,DeiT-Small,7,384,134,2.061566283472861e-06,2.061566283472861e-06,0.01513428381167699
deit_small,DeiT-Small,7,384,135,2.0344940845178835e-06,2.0344940845178835e-06,0.014935542521777442
deit_small,DeiT-Small,7,384,136,2.01908076274681e-06,2.01908076274681e-06,0.014822390891371863
deit_small,DeiT-Small,7,384,137,2.011917444072211e-06,2.011917444072211e-06,0.014769803837186906
deit_small,DeiT-Small,7,384,138,1.9825537557999688e-06,1.9825537557999688e-06,0.014554240362157083
deit_small,DeiT-Small,7,384,139,1.954971196087007e-06,1.954971196087007e-06,0.014351752433296857
deit_small,DeiT-Small,7,384,140,1.93506049580848e-06,1.93506049580848e-06,0.014205584836688302
deit_small,DeiT-Small,7,384,141,1.9307297003618895e-06,1.9307297003618895e-06,0.014173791783055018
deit_small,DeiT-Small,7,384,142,1.918445312467522e-06,1.918445312467522e-06,0.014083610150605688
deit_small,DeiT-Small,7,384,143,1.898488261901895e-06,1.898488261901895e-06,0.013937102289216245
deit_small,DeiT-Small,7,384,144,1.893463887181838e-06,1.893463887181838e-06,0.013900217560551851
deit_small,DeiT-Small,7,384,145,1.860550241959108e-06,1.860550241959108e-06,0.01365859329066007
deit_small,DeiT-Small,7,384,146,1.8195322867249606e-06,1.8195322867249606e-06,0.013357474000504382
deit_small,DeiT-Small,7,384,147,1.7888189103333506e-06,1.7888189103333506e-06,0.013132002251741371
deit_small,DeiT-Small,7,384,148,1.7826948526381864e-06,1.7826948526381864e-06,0.013087044576608284
deit_small,DeiT-Small,7,384,149,1.7652524367657854e-06,1.7652524367657854e-06,0.012958997045810718
deit_small,DeiT-Small,7,384,150,1.7611673008816255e-06,1.7611673008816255e-06,0.012929007417839119
deit_small,DeiT-Small,7,384,151,1.7387738418001387e-06,1.7387738418001387e-06,0.012764613496585479
deit_small,DeiT-Small,7,384,152,1.7305840436356114e-06,1.7305840436356114e-06,0.012704490894282579
deit_small,DeiT-Small,7,384,153,1.7123561893718698e-06,1.7123561893718698e-06,0.01257067733615597
deit_small,DeiT-Small,7,384,154,1.6962345282401123e-06,1.6962345282401123e-06,0.012452325674586942
deit_small,DeiT-Small,7,384,155,1.6640058306712866e-06,1.6640058306712866e-06,0.012215729713643281
deit_small,DeiT-Small,7,384,156,1.6580106883143685e-06,1.6580106883143685e-06,0.012171718426376708
deit_small,DeiT-Small,7,384,157,1.6337432318946552e-06,1.6337432318946552e-06,0.011993567194574086
deit_small,DeiT-Small,7,384,158,1.6222816046095587e-06,1.6222816046095587e-06,0.011909425577752483
deit_small,DeiT-Small,7,384,159,1.6090141509656492e-06,1.6090141509656492e-06,0.011812027104312695
deit_small,DeiT-Small,7,384,160,1.6043372674955543e-06,1.6043372674955543e-06,0.011777693363817425
deit_small,DeiT-Small,7,384,161,1.5887988182397447e-06,1.5887988182397447e-06,0.011663623152776421
deit_small,DeiT-Small,7,384,162,1.5728038322542828e-06,1.5728038322542828e-06,0.011546201433470852
deit_small,DeiT-Small,7,384,163,1.5519418306820045e-06,1.5519418306820045e-06,0.01139305018376054
deit_small,DeiT-Small,7,384,164,1.5369640417177016e-06,1.5369640417177016e-06,0.011283095868503061
deit_small,DeiT-Small,7,384,165,1.5307170870411735e-06,1.5307170870411735e-06,0.011237235987212223
deit_small,DeiT-Small,7,384,166,1.520167862013672e-06,1.520167862013672e-06,0.011159792459521955
deit_small,DeiT-Small,7,384,167,1.5068413330525025e-06,1.5068413330525025e-06,0.011061960304844342
deit_small,DeiT-Small,7,384,168,1.4912424649944992e-06,1.4912424649944992e-06,0.010947446549830346
deit_small,DeiT-Small,7,384,169,1.474536653226166e-06,1.474536653226166e-06,0.0108248065461432
deit_small,DeiT-Small,7,384,170,1.4650005792482148e-06,1.4650005792482148e-06,0.010754800720384185
deit_small,DeiT-Small,7,384,171,1.4558804378386399e-06,1.4558804378386399e-06,0.010687848321326406
deit_small,DeiT-Small,7,384,172,1.4307745525437752e-06,1.4307745525437752e-06,0.010503542050680662
deit_small,DeiT-Small,7,384,173,1.4183655965045449e-06,1.4183655965045449e-06,0.010412445943798292
deit_small,DeiT-Small,7,384,174,1.3951509225187618e-06,1.3951509225187618e-06,0.010242023354181362
deit_small,DeiT-Small,7,384,175,1.3864110262835605e-06,1.3864110262835605e-06,0.010177862395026887
deit_small,DeiT-Small,7,384,176,1.3728650319048852e-06,1.3728650319048852e-06,0.010078419110044121
deit_small,DeiT-Small,7,384,177,1.3632085980533747e-06,1.3632085980533747e-06,0.01000752970343661
deit_small,DeiT-Small,7,384,178,1.3549478632637438e-06,1.3549478632637438e-06,0.009946886344160933
deit_small,DeiT-Small,7,384,179,1.3432904495631821e-06,1.3432904495631821e-06,0.009861307428329408
deit_small,DeiT-Small,7,384,180,1.3361121823948096e-06,1.3361121823948096e-06,0.009808610634889818
deit_small,DeiT-Small,7,384,181,1.3245704913782178e-06,1.3245704913782178e-06,0.009723881257565344
deit_small,DeiT-Small,7,384,182,1.3096670035976681e-06,1.3096670035976681e-06,0.009614472399037286
deit_small,DeiT-Small,7,384,183,1.2975786488855847e-06,1.2975786488855847e-06,0.00952572987715208
deit_small,DeiT-Small,7,384,184,1.2940752897015538e-06,1.2940752897015538e-06,0.009500011163856065
deit_small,DeiT-Small,7,384,185,1.2706334712467703e-06,1.2706334712467703e-06,0.009327921070803682
deit_small,DeiT-Small,7,384,186,1.2586088084174537e-06,1.2586088084174537e-06,0.0092396461210931
deit_small,DeiT-Small,7,384,187,1.254717801617882e-06,1.254717801617882e-06,0.009211081625403598
deit_small,DeiT-Small,7,384,188,1.2470299289740091e-06,1.2470299289740091e-06,0.009154643737651378
deit_small,DeiT-Small,7,384,189,1.2373182319809298e-06,1.2373182319809298e-06,0.009083348635590108
deit_small,DeiT-Small,7,384,190,1.22449586020727e-06,1.22449586020727e-06,0.008989217578482159
deit_small,DeiT-Small,7,384,191,1.2175752633880486e-06,1.2175752633880486e-06,0.008938412383787257
deit_small,DeiT-Small,7,384,192,1.209951766577568e-06,1.209951766577568e-06,0.008882447089199268
deit_small,DeiT-Small,7,384,193,1.1951756393671666e-06,1.1951756393671666e-06,0.008773973204739464
deit_small,DeiT-Small,7,384,194,1.1865248170528181e-06,1.1865248170528181e-06,0.008710466151311531
deit_small,DeiT-Small,7,384,195,1.1761274458199878e-06,1.1761274458199878e-06,0.008634137406320639
deit_small,DeiT-Small,7,384,196,1.1683363773886704e-06,1.1683363773886704e-06,0.008576941941987996
deit_small,DeiT-Small,7,384,197,1.1618889729645866e-06,1.1618889729645866e-06,0.00852961052742956
deit_small,DeiT-Small,7,384,198,1.1522051888352619e-06,1.1522051888352619e-06,0.008458520338111307
deit_small,DeiT-Small,7,384,199,1.1274138723035185e-06,1.1274138723035185e-06,0.008276523366457077
deit_small,DeiT-Small,7,384,200,1.1188102340948912e-06,1.1188102340948912e-06,0.008213362699004268
deit_small,DeiT-Small,7,384,201,1.1095628747361434e-06,1.1095628747361434e-06,0.008145476372881348
deit_small,DeiT-Small,7,384,202,1.0982578780970067e-06,1.0982578780970067e-06,0.008062484606379166
deit_small,DeiT-Small,7,384,203,1.0910380137241528e-06,1.0910380137241528e-06,0.008009482441289175
deit_small,DeiT-Small,7,384,204,1.0814920090274293e-06,1.0814920090274293e-06,0.007939403712554614
deit_small,DeiT-Small,7,384,205,1.0763449411771246e-06,1.0763449411771246e-06,0.007901618274235722
deit_small,DeiT-Small,7,384,206,1.0666413440624548e-06,1.0666413440624548e-06,0.007830382634661626
deit_small,DeiT-Small,7,384,207,1.057916718335096e-06,1.057916718335096e-06,0.007766333778717942
deit_small,DeiT-Small,7,384,208,1.053181683087725e-06,1.053181683087725e-06,0.007731573136837785
deit_small,DeiT-Small,7,384,209,1.0476684031386042e-06,1.0476684031386042e-06,0.007691099277640466
deit_small,DeiT-Small,7,384,210,1.0384061007437472e-06,1.0384061007437472e-06,0.007623103252328488
deit_small,DeiT-Small,7,384,211,1.0322727324811982e-06,1.0322727324811982e-06,0.007578077226849171
deit_small,DeiT-Small,7,384,212,1.0147761761098091e-06,1.0147761761098091e-06,0.0074496322420944065
deit_small,DeiT-Small,7,384,213,1.009873275128727e-06,1.009873275128727e-06,0.007413639271340516
deit_small,DeiT-Small,7,384,214,9.971178231887798e-07,9.971178231887798e-07,0.007319999483305096
deit_small,DeiT-Small,7,384,215,9.926063349223225e-07,9.926063349223225e-07,0.007286879935131949
deit_small,DeiT-Small,7,384,216,9.890734210278162e-07,9.890734210278162e-07,0.00726094425603673
deit_small,DeiT-Small,7,384,217,9.8123219234312e-07,9.8123219234312e-07,0.0072033805573587795
deit_small,DeiT-Small,7,384,218,9.762324748524808e-07,9.762324748524808e-07,0.007166676841311351
deit_small,DeiT-Small,7,384,219,9.630958269988946e-07,9.630958269988946e-07,0.007070238633845465
deit_small,DeiT-Small,7,384,220,9.510994424676863e-07,9.510994424676863e-07,0.006982171279589228
deit_small,DeiT-Small,7,384,221,9.4519461462429e-07,9.4519461462429e-07,0.006938823005435991
deit_small,DeiT-Small,7,384,222,9.402132368605182e-07,9.402132368605182e-07,0.006902253924221149
deit_small,DeiT-Small,7,384,223,9.295459732648536e-07,9.295459732648536e-07,0.006823943856752061
deit_small,DeiT-Small,7,384,224,9.283863315029874e-07,9.283863315029874e-07,0.00681543074335636
deit_small,DeiT-Small,7,384,225,9.209774805204885e-07,9.209774805204885e-07,0.006761041197705336
deit_small,DeiT-Small,7,384,226,9.149400616264475e-07,9.149400616264475e-07,0.006716719551700108
deit_small,DeiT-Small,7,384,227,9.143808081736664e-07,9.143808081736664e-07,0.006712613983741947
deit_small,DeiT-Small,7,384,228,8.931228752426958e-07,8.931228752426958e-07,0.006556556139370853
deit_small,DeiT-Small,7,384,229,8.874417741498075e-07,8.874417741498075e-07,0.006514850278641621
deit_small,DeiT-Small,7,384,230,8.795585766485456e-07,8.795585766485456e-07,0.0064569784802502445
deit_small,DeiT-Small,7,384,231,8.744906174075809e-07,8.744906174075809e-07,0.006419773790731572
deit_small,DeiT-Small,7,384,232,8.729949152478384e-07,8.729949152478384e-07,0.006408793604857971
deit_small,DeiT-Small,7,384,233,8.684891881955772e-07,8.684891881955772e-07,0.006375716350668502
deit_small,DeiT-Small,7,384,234,8.496418996997251e-07,8.496418996997251e-07,0.006237355427974193
deit_small,DeiT-Small,7,384,235,8.419956722865859e-07,8.419956722865859e-07,0.006181223264440682
deit_small,DeiT-Small,7,384,236,8.405088223753623e-07,8.405088223753623e-07,0.006170308064322101
deit_small,DeiT-Small,7,384,237,8.392695847614379e-07,8.392695847614379e-07,0.006161210625200404
deit_small,DeiT-Small,7,384,238,8.261884413763636e-07,8.261884413763636e-07,0.006065179884807495
deit_small,DeiT-Small,7,384,239,8.186115652848417e-07,8.186115652848417e-07,0.006009556840283392
deit_small,DeiT-Small,7,384,240,8.151597003735733e-07,8.151597003735733e-07,0.005984216154579752
deit_small,DeiT-Small,7,384,241,8.118769225208201e-07,8.118769225208201e-07,0.005960116763688202
deit_small,DeiT-Small,7,384,242,8.100662636088108e-07,8.100662636088108e-07,0.0059468244305334655
deit_small,DeiT-Small,7,384,243,8.002497081733061e-07,8.002497081733061e-07,0.005874759546078858
deit_small,DeiT-Small,7,384,244,7.951636817365754e-07,7.951636817365754e-07,0.0058374222224214746
deit_small,DeiT-Small,7,384,245,7.914013295199374e-07,7.914013295199374e-07,0.00580980220035254
deit_small,DeiT-Small,7,384,246,7.838022536348808e-07,7.838022536348808e-07,0.00575401618363656
deit_small,DeiT-Small,7,384,247,7.764602673587638e-07,7.764602673587638e-07,0.005700117502359619
deit_small,DeiT-Small,7,384,248,7.688841838128749e-07,7.688841838128749e-07,0.005644500276038228
deit_small,DeiT-Small,7,384,249,7.623618143234129e-07,7.623618143234129e-07,0.005596618531090472
deit_small,DeiT-Small,7,384,250,7.528536627741851e-07,7.528536627741851e-07,0.005526817688292422
deit_small,DeiT-Small,7,384,251,7.395397135129651e-07,7.395397135129651e-07,0.0054290778831797126
deit_small,DeiT-Small,7,384,252,7.358185827183408e-07,7.358185827183408e-07,0.00540176047408271
deit_small,DeiT-Small,7,384,253,7.332596327556446e-07,7.332596327556446e-07,0.005382974818095901
deit_small,DeiT-Small,7,384,254,7.262374264311367e-07,7.262374264311367e-07,0.005331423691968525
deit_small,DeiT-Small,7,384,255,7.20854707303397e-07,7.20854707303397e-07,0.005291908300389399
deit_small,DeiT-Small,7,384,256,7.192962950617337e-07,7.192962950617337e-07,0.005280467749896308
deit_small,DeiT-Small,7,384,257,7.13524088512997e-07,7.13524088512997e-07,0.005238093069621153
deit_small,DeiT-Small,7,384,258,7.086303771079715e-07,7.086303771079715e-07,0.005202167560997034
deit_small,DeiT-Small,7,384,259,6.998956598054286e-07,6.998956598054286e-07,0.0051380446212054695
deit_small,DeiT-Small,7,384,260,6.960814848524315e-07,6.960814848524315e-07,0.005110044160241
deit_small,DeiT-Small,7,384,261,6.85191169492446e-07,6.85191169492446e-07,0.005030096634528153
deit_small,DeiT-Small,7,384,262,6.820956666620605e-07,6.820956666620605e-07,0.005007372059165005
deit_small,DeiT-Small,7,384,263,6.785123815227466e-07,6.785123815227466e-07,0.004981066596803065
deit_small,DeiT-Small,7,384,264,6.734695145399417e-07,6.734695145399417e-07,0.004944046113516087
deit_small,DeiT-Small,7,384,265,6.682222554421106e-07,6.682222554421106e-07,0.004905525155419021
deit_small,DeiT-Small,7,384,266,6.553919642046945e-07,6.553919642046945e-07,0.004811335960276374
deit_small,DeiT-Small,7,384,267,6.527158332939876e-07,6.527158332939876e-07,0.004791690060435787
deit_small,DeiT-Small,7,384,268,6.471625092969061e-07,6.471625092969061e-07,0.004750922231555482
deit_small,DeiT-Small,7,384,269,6.395861768592161e-07,6.395861768592161e-07,0.004695303178080054
deit_small,DeiT-Small,7,384,270,6.358663586504294e-07,6.358663586504294e-07,0.004667995404883073
deit_small,DeiT-Small,7,384,271,6.308170778408209e-07,6.308170778408209e-07,0.004630927836680153
deit_small,DeiT-Small,7,384,272,6.274873432181025e-07,6.274873432181025e-07,0.004606483728721181
deit_small,DeiT-Small,7,384,273,6.17960892189589e-07,6.17960892189589e-07,0.004536548546554401
deit_small,DeiT-Small,7,384,274,6.174264028694941e-07,6.174264028694941e-07,0.00453262477600699
deit_small,DeiT-Small,7,384,275,6.126844419947324e-07,6.126844419947324e-07,0.004497813292001918
deit_small,DeiT-Small,7,384,276,6.085651492882677e-07,6.085651492882677e-07,0.004467572913401049
deit_small,DeiT-Small,7,384,277,6.058878198983732e-07,6.058878198983732e-07,0.004447918215335386
deit_small,DeiT-Small,7,384,278,6.042996888717371e-07,6.042996888717371e-07,0.004436259494546283
deit_small,DeiT-Small,7,384,279,6.01198083909231e-07,6.01198083909231e-07,0.0044134901224671085
deit_small,DeiT-Small,7,384,280,5.889066164752699e-07,5.889066164752699e-07,0.004323256517999061
deit_small,DeiT-Small,7,384,281,5.851332028972818e-07,5.851332028972818e-07,0.004295555292728776
deit_small,DeiT-Small,7,384,282,5.83721985383719e-07,5.83721985383719e-07,0.00428519532199124
deit_small,DeiT-Small,7,384,283,5.795462357884357e-07,5.795462357884357e-07,0.00425454048444944
deit_small,DeiT-Small,7,384,284,5.755536592793771e-07,5.755536592793771e-07,0.004225230349474717
deit_small,DeiT-Small,7,384,285,5.700519847652311e-07,5.700519847652311e-07,0.004184841687609191
deit_small,DeiT-Small,7,384,286,5.633982682853535e-07,5.633982682853535e-07,0.004135995703652146
deit_small,DeiT-Small,7,384,287,5.60839670751513e-07,5.60839670751513e-07,0.004117212634901251
deit_small,DeiT-Small,7,384,288,5.545287393164194e-07,5.545287393164194e-07,0.004070883090117542
deit_small,DeiT-Small,7,384,289,5.471150591452243e-07,5.471150591452243e-07,0.004016458092629293
deit_small,DeiT-Small,7,384,290,5.425345948472977e-07,5.425345948472977e-07,0.003982832180511009
deit_small,DeiT-Small,7,384,291,5.397820563966498e-07,5.397820563966498e-07,0.003962625360847427
deit_small,DeiT-Small,7,384,292,5.314582967461438e-07,5.314582967461438e-07,0.0039015193261102217
deit_small,DeiT-Small,7,384,293,5.295534123588751e-07,5.295534123588751e-07,0.0038875352688541084
deit_small,DeiT-Small,7,384,294,5.246623295477151e-07,5.246623295477151e-07,0.00385162905715287
deit_small,DeiT-Small,7,384,295,5.223158239623426e-07,5.223158239623426e-07,0.0038344029889059213
deit_small,DeiT-Small,7,384,296,5.210738729086496e-07,5.210738729086496e-07,0.003825285629994163
deit_small,DeiT-Small,7,384,297,5.158413738482311e-07,5.158413738482311e-07,0.0037868730276638105
deit_small,DeiT-Small,7,384,298,5.128557667490443e-07,5.128557667490443e-07,0.0037649552142267704
deit_small,DeiT-Small,7,384,299,5.105273886160666e-07,5.105273886160666e-07,0.0037478622224719643
deit_small,DeiT-Small,7,384,300,5.030269731699849e-07,5.030269731699849e-07,0.0036928004876267163
deit_small,DeiT-Small,7,384,301,5.016516245551713e-07,5.016516245551713e-07,0.0036827038361421363
deit_small,DeiT-Small,7,384,302,4.941541619417756e-07,4.941541619417756e-07,0.00362766377850818
deit_small,DeiT-Small,7,384,303,4.890211537643049e-07,4.890211537643049e-07,0.0035899815544689724
deit_small,DeiT-Small,7,384,304,4.825992548257159e-07,4.825992548257159e-07,0.0035428373797093873
deit_small,DeiT-Small,7,384,305,4.799658676145095e-07,4.799658676145095e-07,0.00352350526812028
deit_small,DeiT-Small,7,384,306,4.762089752771328e-07,4.762089752771328e-07,0.0034959253278876567
deit_small,DeiT-Small,7,384,307,4.736563727210052e-07,4.736563727210052e-07,0.00347718626921535
deit_small,DeiT-Small,7,384,308,4.6744908991639875e-07,4.6744908991639875e-07,0.003431617625404391
deit_small,DeiT-Small,7,384,309,4.652247272311102e-07,4.652247272311102e-07,0.003415288227485373
deit_small,DeiT-Small,7,384,310,4.6422790866851806e-07,4.6422790866851806e-07,0.0034079704249213904
deit_small,DeiT-Small,7,384,311,4.5664871683526597e-07,4.5664871683526597e-07,0.003352330380171361
deit_small,DeiT-Small,7,384,312,4.5459499620865123e-07,4.5459499620865123e-07,0.0033372536925662826
deit_small,DeiT-Small,7,384,313,4.5022786463709007e-07,4.5022786463709007e-07,0.003305193889698532
deit_small,DeiT-Small,7,384,314,4.448903917444709e-07,4.448903917444709e-07,0.0032660106578802695
deit_small,DeiT-Small,7,384,315,4.4350858379705337e-07,4.4350858379705337e-07,0.0032558665874144782
deit_small,DeiT-Small,7,384,316,4.408103817249762e-07,4.408103817249762e-07,0.003236058659691058
deit_small,DeiT-Small,7,384,317,4.3700362207525424e-07,4.3700362207525424e-07,0.003208112635639539
deit_small,DeiT-Small,7,384,318,4.350355573384261e-07,4.350355573384261e-07,0.0031936647614549
deit_small,DeiT-Small,7,384,319,4.296888511791365e-07,4.296888511791365e-07,0.003154413746767166
deit_small,DeiT-Small,7,384,320,4.260081624568898e-07,4.260081624568898e-07,0.00312739322931328
deit_small,DeiT-Small,7,384,321,4.2390270493580575e-07,4.2390270493580575e-07,0.0031119367329915434
deit_small,DeiT-Small,7,384,322,4.1839028420869976e-07,4.1839028420869976e-07,0.00307146918147879
deit_small,DeiT-Small,7,384,323,4.1725885193849343e-07,4.1725885193849343e-07,0.003063163158418427
deit_small,DeiT-Small,7,384,324,4.1456711539430766e-07,4.1456711539430766e-07,0.003043402695156802
deit_small,DeiT-Small,7,384,325,4.1239976570900073e-07,4.1239976570900073e-07,0.003027491838678626
deit_small,DeiT-Small,7,384,326,4.0248052107450044e-07,4.0248052107450044e-07,0.0029546730965894353
deit_small,DeiT-Small,7,384,327,4.0150735694148225e-07,4.0150735694148225e-07,0.0029475289449303233
deit_small,DeiT-Small,7,384,328,3.976925221988075e-07,3.976925221988075e-07,0.002919523640345585
deit_small,DeiT-Small,7,384,329,3.9567012163388204e-07,3.9567012163388204e-07,0.0029046768782618948
deit_small,DeiT-Small,7,384,330,3.923116855732933e-07,3.923116855732933e-07,0.0028800220685127284
deit_small,DeiT-Small,7,384,331,3.8750423709134415e-07,3.8750423709134415e-07,0.002844729829636339
deit_small,DeiT-Small,7,384,332,3.851094484926529e-07,3.851094484926529e-07,0.0028271493081599656
deit_small,DeiT-Small,7,384,333,3.801115036477996e-07,3.801115036477996e-07,0.002790458605385328
deit_small,DeiT-Small,7,384,334,3.772981443333186e-07,3.772981443333186e-07,0.0027698052901507313
deit_small,DeiT-Small,7,384,335,3.7151888831908713e-07,3.7151888831908713e-07,0.002727378858635573
deit_small,DeiT-Small,7,384,336,3.686031754841878e-07,3.686031754841878e-07,0.002705974150035867
deit_small,DeiT-Small,7,384,337,3.6638817515479065e-07,3.6638817515479065e-07,0.0026897134826506866
deit_small,DeiT-Small,7,384,338,3.6424620016839e-07,3.6424620016839e-07,0.00267398890584635
deit_small,DeiT-Small,7,384,339,3.6141076479168207e-07,3.6141076479168207e-07,0.002653173526750957
deit_small,DeiT-Small,7,384,340,3.585086363923324e-07,3.585086363923324e-07,0.0026318685436389436
deit_small,DeiT-Small,7,384,341,3.533456654715561e-07,3.533456654715561e-07,0.0025939663583670566
deit_small,DeiT-Small,7,384,342,3.480539913291103e-07,3.480539913291103e-07,0.002555119342409958
deit_small,DeiT-Small,7,384,343,3.443684447134636e-07,3.443684447134636e-07,0.0025280631623930826
deit_small,DeiT-Small,7,384,344,3.415946694194791e-07,3.415946694194791e-07,0.002507700439707173
deit_small,DeiT-Small,7,384,345,3.4025162655340973e-07,3.4025162655340973e-07,0.0024978409498283894
deit_small,DeiT-Small,7,384,346,3.342887075236843e-07,3.342887075236843e-07,0.0024540662190979806
deit_small,DeiT-Small,7,384,347,3.330819022513303e-07,3.330819022513303e-07,0.0024452068709200185
deit_small,DeiT-Small,7,384,348,3.284587619921613e-07,3.284587619921613e-07,0.00241126766782751
deit_small,DeiT-Small,7,384,349,3.263001807473763e-07,3.263001807473763e-07,0.002395421181856607
deit_small,DeiT-Small,7,384,350,3.251814327041804e-07,3.251814327041804e-07,0.002387208275710818
deit_small,DeiT-Small,7,384,351,3.20761988006247e-07,3.20761988006247e-07,0.002354764433916965
deit_small,DeiT-Small,7,384,352,3.169513050684984e-07,3.169513050684984e-07,0.0023267896083881685
deit_small,DeiT-Small,7,384,353,3.1194133797118167e-07,3.1194133797118167e-07,0.002290010648358697
deit_small,DeiT-Small,7,384,354,3.0842127059962077e-07,3.0842127059962077e-07,0.0022641692776181536
deit_small,DeiT-Small,7,384,355,3.0592949833791974e-07,3.0592949833791974e-07,0.002245876783748337
deit_small,DeiT-Small,7,384,356,3.0284397365496223e-07,3.0284397365496223e-07,0.002223225459541992
deit_small,DeiT-Small,7,384,357,2.992770108823785e-07,2.992770108823785e-07,0.0021970398222531293
deit_small,DeiT-Small,7,384,358,2.961480687722685e-07,2.961480687722685e-07,0.002174069763854163
deit_small,DeiT-Small,7,384,359,2.942590658715917e-07,2.942590658715917e-07,0.0021602022951003746
deit_small,DeiT-Small,7,384,360,2.91177625743303e-07,2.91177625743303e-07,0.0021375809562552074
deit_small,DeiT-Small,7,384,361,2.8753218218285113e-07,2.8753218218285113e-07,0.002110819179102746
deit_small,DeiT-Small,7,384,362,2.843719702315218e-07,2.843719702315218e-07,0.002087619563858795
deit_small,DeiT-Small,7,384,363,2.7857801022132863e-07,2.7857801022132863e-07,0.0020450851879860706
deit_small,DeiT-Small,7,384,364,2.74494791918536e-07,2.74494791918536e-07,0.002015109637282265
deit_small,DeiT-Small,7,384,365,2.730120476242181e-07,2.730120476242181e-07,0.002004224577146071
deit_small,DeiT-Small,7,384,366,2.687950548289114e-07,2.687950548289114e-07,0.001973266966756529
deit_small,DeiT-Small,7,384,367,2.639385748310777e-07,2.639385748310777e-07,0.0019376147797751176
deit_small,DeiT-Small,7,384,368,2.6288537261649804e-07,2.6288537261649804e-07,0.0019298830559133537
deit_small,DeiT-Small,7,384,369,2.589125638377975e-07,2.589125638377975e-07,0.001900718038970464
deit_small,DeiT-Small,7,384,370,2.558961965359768e-07,2.558961965359768e-07,0.0018785744100258176
deit_small,DeiT-Small,7,384,371,2.530655167814353e-07,2.530655167814353e-07,0.0018577939427041306
deit_small,DeiT-Small,7,384,372,2.48023196800093e-07,2.48023196800093e-07,0.001820777475041315
deit_small,DeiT-Small,7,384,373,2.44443154961018e-07,2.44443154961018e-07,0.0017944958222588653
deit_small,DeiT-Small,7,384,374,2.4195940410711307e-07,2.4195940410711307e-07,0.0017762622148110518
deit_small,DeiT-Small,7,384,375,2.4103924014166593e-07,2.4103924014166593e-07,0.001769507145756034
deit_small,DeiT-Small,7,384,376,2.3287698539056049e-07,2.3287698539056049e-07,0.0017095867440028857
deit_small,DeiT-Small,7,384,377,2.2643826438427803e-07,2.2643826438427803e-07,0.0016623190757864988
deit_small,DeiT-Small,7,384,378,2.2251336920451162e-07,2.2251336920451162e-07,0.001633505800143669
deit_small,DeiT-Small,7,384,379,2.1757010425484997e-07,2.1757010425484997e-07,0.001597216511118983
deit_small,DeiT-Small,7,384,380,2.0752641453357614e-07,2.0752641453357614e-07,0.0015234841979856312
deit_small,DeiT-Small,7,384,381,2.0338397942576468e-07,2.0338397942576468e-07,0.0014930739273600062
deit_small,DeiT-Small,7,384,382,1.8284714143144995e-07,1.8284714143144995e-07,0.0013423097548509336
deit_small,DeiT-Small,7,384,383,1.540660055096565e-07,1.540660055096565e-07,0.0011310228886682447
deit_small,DeiT-Small,7,384,384,7.913589119132444e-20,7.913589119132444e-20,5.8094908059998815e-16
deit_small,DeiT-Small,8,384,1,9.288215303004947e-05,9.288215303004947e-05,1.0
deit_small,DeiT-Small,8,384,2,3.374883722135559e-05,3.374883722135559e-05,0.3633511511133584
deit_small,DeiT-Small,8,384,3,2.2708399878052217e-05,2.2708399878052217e-05,0.244486148708305
deit_small,DeiT-Small,8,384,4,1.945509507465465e-05,1.945509507465465e-05,0.20945999247412458
deit_small,DeiT-Small,8,384,5,1.7146527790513054e-05,1.7146527790513054e-05,0.184605193044629
deit_small,DeiT-Small,8,384,6,1.6012053655566062e-05,1.6012053655566062e-05,0.17239106903977347
deit_small,DeiT-Small,8,384,7,1.4212904406694282e-05,1.4212904406694282e-05,0.15302083277608872
deit_small,DeiT-Small,8,384,8,1.3779589047738065e-05,1.3779589047738065e-05,0.1483556162105766
deit_small,DeiT-Small,8,384,9,1.1956772636166027e-05,1.1956772636166027e-05,0.1287305714403255
deit_small,DeiT-Small,8,384,10,1.1001138895022547e-05,1.1001138895022547e-05,0.11844190230456254
deit_small,DeiT-Small,8,384,11,1.0634002048750875e-05,1.0634002048750875e-05,0.11448918550919611
deit_small,DeiT-Small,8,384,12,1.0430625207731594e-05,1.0430625207731594e-05,0.11229956312874285
deit_small,DeiT-Small,8,384,13,8.909672221942707e-06,8.909672221942707e-06,0.09592447990584614
deit_small,DeiT-Small,8,384,14,8.472531746442378e-06,8.472531746442378e-06,0.09121808086965127
deit_small,DeiT-Small,8,384,15,8.315199085221815e-06,8.315199085221815e-06,0.08952418536779246
deit_small,DeiT-Small,8,384,16,7.668821894986953e-06,7.668821894986953e-06,0.08256507461132943
deit_small,DeiT-Small,8,384,17,7.606857237861928e-06,7.606857237861928e-06,0.08189794260476432
deit_small,DeiT-Small,8,384,18,7.173397383668558e-06,7.173397383668558e-06,0.07723117035570658
deit_small,DeiT-Small,8,384,19,7.1504397723041924e-06,7.1504397723041924e-06,0.07698400111365704
deit_small,DeiT-Small,8,384,20,7.070862224262114e-06,7.070862224262114e-06,0.07612724289427841
deit_small,DeiT-Small,8,384,21,6.210161964116431e-06,6.210161964116431e-06,0.0668606590343282
deit_small,DeiT-Small,8,384,22,6.11582431557421e-06,6.11582431557421e-06,0.0658449886879302
deit_small,DeiT-Small,8,384,23,5.955104365581573e-06,5.955104365581573e-06,0.06411462451408682
deit_small,DeiT-Small,8,384,24,5.467544687434875e-06,5.467544687434875e-06,0.05886539565535266
deit_small,DeiT-Small,8,384,25,5.446629642101459e-06,5.446629642101459e-06,0.05864021735520441
deit_small,DeiT-Small,8,384,26,5.2976940873630455e-06,5.2976940873630455e-06,0.05703672788085696
deit_small,DeiT-Small,8,384,27,5.05974790598256e-06,5.05974790598256e-06,0.05447492054093123
deit_small,DeiT-Small,8,384,28,4.798257504393941e-06,4.798257504393941e-06,0.05165962833399863
deit_small,DeiT-Small,8,384,29,4.5454692597494305e-06,4.5454692597494305e-06,0.04893802642881102
deit_small,DeiT-Small,8,384,30,4.509664050564547e-06,4.509664050564547e-06,0.048552535696557
deit_small,DeiT-Small,8,384,31,4.347550266208032e-06,4.347550266208032e-06,0.04680716504064566
deit_small,DeiT-Small,8,384,32,4.249196010829595e-06,4.249196010829595e-06,0.04574825057570407
deit_small,DeiT-Small,8,384,33,4.219647238178311e-06,4.219647238178311e-06,0.04543011870981458
deit_small,DeiT-Small,8,384,34,4.064690652552493e-06,4.064690652552493e-06,0.04376180482419991
deit_small,DeiT-Small,8,384,35,3.9707968354862696e-06,3.9707968354862696e-06,0.04275091291436394
deit_small,DeiT-Small,8,384,36,3.7861495260212795e-06,3.7861495260212795e-06,0.040762938869390496
deit_small,DeiT-Small,8,384,37,3.7349131551731e-06,3.7349131551731e-06,0.04021131114353875
deit_small,DeiT-Small,8,384,38,3.7025982548100237e-06,3.7025982548100237e-06,0.039863398231220475
deit_small,DeiT-Small,8,384,39,3.62041013008149e-06,3.62041013008149e-06,0.03897853367923336
deit_small,DeiT-Small,8,384,40,3.456309146071933e-06,3.456309146071933e-06,0.03721176817416947
deit_small,DeiT-Small,8,384,41,3.387139127555243e-06,3.387139127555243e-06,0.03646706086215968
deit_small,DeiT-Small,8,384,42,3.3344591151195185e-06,3.3344591151195185e-06,0.035899890413185684
deit_small,DeiT-Small,8,384,43,3.236233897865711e-06,3.236233897865711e-06,0.0348423652154006
deit_small,DeiT-Small,8,384,44,3.1244320773456986e-06,3.1244320773456986e-06,0.03363866981350954
deit_small,DeiT-Small,8,384,45,3.104736766910467e-06,3.104736766910467e-06,0.033426623582961244
deit_small,DeiT-Small,8,384,46,3.0264753716369957e-06,3.0264753716369957e-06,0.03258403549988621
deit_small,DeiT-Small,8,384,47,2.961379509176447e-06,2.961379509176447e-06,0.03188319190036835
deit_small,DeiT-Small,8,384,48,2.8250028718006706e-06,2.8250028718006706e-06,0.030414915886873537
deit_small,DeiT-Small,8,384,49,2.7673219936975386e-06,2.7673219936975386e-06,0.0297939044630269
deit_small,DeiT-Small,8,384,50,2.7127927050770883e-06,2.7127927050770883e-06,0.029206824094607696
deit_small,DeiT-Small,8,384,51,2.6826334148476456e-06,2.6826334148476456e-06,0.028882119194413518
deit_small,DeiT-Small,8,384,52,2.6350588371111867e-06,2.6350588371111867e-06,0.02836991554511754
deit_small,DeiT-Small,8,384,53,2.598085176082275e-06,2.598085176082275e-06,0.027971844873597364
deit_small,DeiT-Small,8,384,54,2.5558330897633366e-06,2.5558330897633366e-06,0.027516944928445693
deit_small,DeiT-Small,8,384,55,2.5127002375360715e-06,2.5127002375360715e-06,0.02705256236602479
deit_small,DeiT-Small,8,384,56,2.498059698508626e-06,2.498059698508626e-06,0.02689493747739081
deit_small,DeiT-Small,8,384,57,2.4176175303396795e-06,2.4176175303396795e-06,0.026028870471569772
deit_small,DeiT-Small,8,384,58,2.3774847321018585e-06,2.3774847321018585e-06,0.025596787483303584
deit_small,DeiT-Small,8,384,59,2.295700217332931e-06,2.295700217332931e-06,0.024716268329721215
deit_small,DeiT-Small,8,384,60,2.2373649181158592e-06,2.2373649181158592e-06,0.024088211191573276
deit_small,DeiT-Small,8,384,61,2.1899928051851917e-06,2.1899928051851917e-06,0.023578187345384638
deit_small,DeiT-Small,8,384,62,2.143452714788109e-06,2.143452714788109e-06,0.023077121329160552
deit_small,DeiT-Small,8,384,63,2.049352739048458e-06,2.049352739048458e-06,0.022064009846815738
deit_small,DeiT-Small,8,384,64,2.0102942460838035e-06,2.0102942460838035e-06,0.021643493184674862
deit_small,DeiT-Small,8,384,65,1.9905958305987968e-06,1.9905958305987968e-06,0.02143141352413304
deit_small,DeiT-Small,8,384,66,1.9544160640778573e-06,1.9544160640778573e-06,0.021041890183634736
deit_small,DeiT-Small,8,384,67,1.910396957468859e-06,1.910396957468859e-06,0.020567965913223418
deit_small,DeiT-Small,8,384,68,1.8890838211140463e-06,1.8890838211140463e-06,0.02033850163338575
deit_small,DeiT-Small,8,384,69,1.8585306256236262e-06,1.8585306256236262e-06,0.02000955581878415
deit_small,DeiT-Small,8,384,70,1.8456937134753247e-06,1.8456937134753247e-06,0.019871349374063294
deit_small,DeiT-Small,8,384,71,1.8141682347437084e-06,1.8141682347437084e-06,0.019531935636298008
deit_small,DeiT-Small,8,384,72,1.7605255807751545e-06,1.7605255807751545e-06,0.018954401069983647
deit_small,DeiT-Small,8,384,73,1.7445063608920995e-06,1.7445063608920995e-06,0.018781932846966977
deit_small,DeiT-Small,8,384,74,1.6904347170599775e-06,1.6904347170599775e-06,0.018199779633802027
deit_small,DeiT-Small,8,384,75,1.669609920646598e-06,1.669609920646598e-06,0.017975572983395867
deit_small,DeiT-Small,8,384,76,1.639674068305005e-06,1.639674068305005e-06,0.017653273689451767
deit_small,DeiT-Small,8,384,77,1.5981852138243456e-06,1.5981852138243456e-06,0.01720659095087187
deit_small,DeiT-Small,8,384,78,1.5745455361820813e-06,1.5745455361820813e-06,0.016952078357536354
deit_small,DeiT-Small,8,384,79,1.5617076399869934e-06,1.5617076399869934e-06,0.016813861318242113
deit_small,DeiT-Small,8,384,80,1.541808976578977e-06,1.541808976578977e-06,0.01659962572228668
deit_small,DeiT-Small,8,384,81,1.5195851649643148e-06,1.5195851649643148e-06,0.016360356811202414
deit_small,DeiT-Small,8,384,82,1.5130552552173952e-06,1.5130552552173952e-06,0.016290053641714007
deit_small,DeiT-Small,8,384,83,1.4903695431494684e-06,1.4903695431494684e-06,0.01604581175747832
deit_small,DeiT-Small,8,384,84,1.479678653574108e-06,1.479678653574108e-06,0.015930710102030027
deit_small,DeiT-Small,8,384,85,1.4610163550540735e-06,1.4610163550540735e-06,0.015729785619648606
deit_small,DeiT-Small,8,384,86,1.4343453368484745e-06,1.4343453368484745e-06,0.015442636610549192
deit_small,DeiT-Small,8,384,87,1.4116980675137594e-06,1.4116980675137594e-06,0.01519880861350235
deit_small,DeiT-Small,8,384,88,1.3867810219670438e-06,1.3867810219670438e-06,0.014930543454547064
deit_small,DeiT-Small,8,384,89,1.3716541908555642e-06,1.3716541908555642e-06,0.014767682984392095
deit_small,DeiT-Small,8,384,90,1.349793363954873e-06,1.349793363954873e-06,0.014532322086872647
deit_small,DeiT-Small,8,384,91,1.3312708738057312e-06,1.3312708738057312e-06,0.014332902827683538
deit_small,DeiT-Small,8,384,92,1.301455582499743e-06,1.301455582499743e-06,0.014011901533749899
deit_small,DeiT-Small,8,384,93,1.296796607897498e-06,1.296796607897498e-06,0.013961741471237807
deit_small,DeiT-Small,8,384,94,1.2830378225891525e-06,1.2830378225891525e-06,0.013813609834970781
deit_small,DeiT-Small,8,384,95,1.2681181292076825e-06,1.2681181292076825e-06,0.013652979478171848
deit_small,DeiT-Small,8,384,96,1.2397367511978777e-06,1.2397367511978777e-06,0.013347416169355968
deit_small,DeiT-Small,8,384,97,1.2299818281563358e-06,1.2299818281563358e-06,0.013242391439380276
deit_small,DeiT-Small,8,384,98,1.1849648043184756e-06,1.1849648043184756e-06,0.012757723261810187
deit_small,DeiT-Small,8,384,99,1.1723162523118422e-06,1.1723162523118422e-06,0.012621544764714611
deit_small,DeiT-Small,8,384,100,1.159831532568992e-06,1.159831532568992e-06,0.012487130139993205
deit_small,DeiT-Small,8,384,101,1.142354828514487e-06,1.142354828514487e-06,0.01229897016001459
deit_small,DeiT-Small,8,384,102,1.1350790214370745e-06,1.1350790214370745e-06,0.0122206364130023
deit_small,DeiT-Small,8,384,103,1.1155050388169872e-06,1.1155050388169872e-06,0.012009896437866768
deit_small,DeiT-Small,8,384,104,1.102681116945203e-06,1.102681116945203e-06,0.011871829850762189
deit_small,DeiT-Small,8,384,105,1.0948310351148967e-06,1.0948310351148967e-06,0.011787313271697032
deit_small,DeiT-Small,8,384,106,1.0817249569662423e-06,1.0817249569662423e-06,0.011646208896732615
deit_small,DeiT-Small,8,384,107,1.0596177649549626e-06,1.0596177649549626e-06,0.011408195550895039
deit_small,DeiT-Small,8,384,108,1.0551543218893694e-06,1.0551543218893694e-06,0.011360140645620081
deit_small,DeiT-Small,8,384,109,1.0381623713645687e-06,1.0381623713645687e-06,0.011177199682577339
deit_small,DeiT-Small,8,384,110,1.0271378290858565e-06,1.0271378290858565e-06,0.011058505811698338
deit_small,DeiT-Small,8,384,111,1.0180553869521768e-06,1.0180553869521768e-06,0.010960721233742428
deit_small,DeiT-Small,8,384,112,1.007767231609343e-06,1.007767231609343e-06,0.010849955548331309
deit_small,DeiT-Small,8,384,113,9.889989031363909e-07,9.889989031363909e-07,0.010647889512384875
deit_small,DeiT-Small,8,384,114,9.854969010061022e-07,9.854969010061022e-07,0.01061018579841998
deit_small,DeiT-Small,8,384,115,9.724133193509926e-07,9.724133193509926e-07,0.010469323628150555
deit_small,DeiT-Small,8,384,116,9.50524976394924e-07,9.50524976394924e-07,0.010233666483672141
deit_small,DeiT-Small,8,384,117,9.357229278001588e-07,9.357229278001588e-07,0.010074302729582844
deit_small,DeiT-Small,8,384,118,9.20604291175193e-07,9.20604291175193e-07,0.009911530483981749
deit_small,DeiT-Small,8,384,119,9.084595726078083e-07,9.084595726078083e-07,0.00978077642444293
deit_small,DeiT-Small,8,384,120,9.006040372243183e-07,9.006040372243183e-07,0.009696201130619276
deit_small,DeiT-Small,8,384,121,8.915580814698761e-07,8.915580814698761e-07,0.009598809377097848
deit_small,DeiT-Small,8,384,122,8.750587048597476e-07,8.750587048597476e-07,0.009421171627843793
deit_small,DeiT-Small,8,384,123,8.612876802717427e-07,8.612876802717427e-07,0.009272908219441217
deit_small,DeiT-Small,8,384,124,8.543992293646224e-07,8.543992293646224e-07,0.009198744877158532
deit_small,DeiT-Small,8,384,125,8.458492732880301e-07,8.458492732880301e-07,0.009106693220325963
deit_small,DeiT-Small,8,384,126,8.413557616001866e-07,8.413557616001866e-07,0.009058314586312281
deit_small,DeiT-Small,8,384,127,8.328262938190186e-07,8.328262938190186e-07,0.0089664835132491
deit_small,DeiT-Small,8,384,128,8.186746789091593e-07,8.186746789091593e-07,0.008814122543480442
deit_small,DeiT-Small,8,384,129,8.172216007242053e-07,8.172216007242053e-07,0.008798478222827325
deit_small,DeiT-Small,8,384,130,7.989912952384834e-07,7.989912952384834e-07,0.008602204720426665
deit_small,DeiT-Small,8,384,131,7.90784797080619e-07,7.90784797080619e-07,0.008513850845218697
deit_small,DeiT-Small,8,384,132,7.851729422666386e-07,7.851729422666386e-07,0.008453431758979762
deit_small,DeiT-Small,8,384,133,7.721124209910194e-07,7.721124209910194e-07,0.008312817864388044
deit_small,DeiT-Small,8,384,134,7.686584595917713e-07,7.686584595917713e-07,0.008275631372833197
deit_small,DeiT-Small,8,384,135,7.605596865736722e-07,7.605596865736722e-07,0.008188437302132886
deit_small,DeiT-Small,8,384,136,7.487962440971887e-07,7.487962440971887e-07,0.008061788187176672
deit_small,DeiT-Small,8,384,137,7.365626208008028e-07,7.365626208008028e-07,0.007930076949901325
deit_small,DeiT-Small,8,384,138,7.325043590228658e-07,7.325043590228658e-07,0.00788638436046895
deit_small,DeiT-Small,8,384,139,7.21751985345282e-07,7.21751985345282e-07,0.0077706207468272075
deit_small,DeiT-Small,8,384,140,7.042441269807916e-07,7.042441269807916e-07,0.007582125349236389
deit_small,DeiT-Small,8,384,141,6.9817092679028e-07,6.9817092679028e-07,0.0075167392659858554
deit_small,DeiT-Small,8,384,142,6.949524463374597e-07,6.949524463374597e-07,0.007482088040235533
deit_small,DeiT-Small,8,384,143,6.804041471592091e-07,6.804041471592091e-07,0.007325456236345889
deit_small,DeiT-Small,8,384,144,6.729999765972752e-07,6.729999765972752e-07,0.007245740485575787
deit_small,DeiT-Small,8,384,145,6.668168534901418e-07,6.668168534901418e-07,0.007179170935824577
deit_small,DeiT-Small,8,384,146,6.580329856530405e-07,6.580329856530405e-07,0.0070846009075624244
deit_small,DeiT-Small,8,384,147,6.501734084202645e-07,6.501734084202645e-07,0.006999982097851659
deit_small,DeiT-Small,8,384,148,6.436076056166991e-07,6.436076056166991e-07,0.00692929249183616
deit_small,DeiT-Small,8,384,149,6.395751636065538e-07,6.395751636065538e-07,0.006885877886569198
deit_small,DeiT-Small,8,384,150,6.347959660391824e-07,6.347959660391824e-07,0.006834423463825301
deit_small,DeiT-Small,8,384,151,6.263495136465026e-07,6.263495136465026e-07,0.006743486161909538
deit_small,DeiT-Small,8,384,152,6.20164202813068e-07,6.20164202813068e-07,0.006676893058372914
deit_small,DeiT-Small,8,384,153,6.095862234996294e-07,6.095862234996294e-07,0.006563007032173496
deit_small,DeiT-Small,8,384,154,6.003816322016175e-07,6.003816322016175e-07,0.006463907355887632
deit_small,DeiT-Small,8,384,155,5.957831304021715e-07,5.957831304021715e-07,0.006414398363584684
deit_small,DeiT-Small,8,384,156,5.887084334444078e-07,5.887084334444078e-07,0.006338229834680375
deit_small,DeiT-Small,8,384,157,5.873262560524441e-07,5.873262560524441e-07,0.006323348855430072
deit_small,DeiT-Small,8,384,158,5.829703022099119e-07,5.829703022099119e-07,0.0062764512147054545
deit_small,DeiT-Small,8,384,159,5.694658585734629e-07,5.694658585734629e-07,0.006131057905055537
deit_small,DeiT-Small,8,384,160,5.675096515953826e-07,5.675096515953826e-07,0.006109996733299027
deit_small,DeiT-Small,8,384,161,5.603797260472747e-07,5.603797260472747e-07,0.0060332335951125
deit_small,DeiT-Small,8,384,162,5.558776817098523e-07,5.558776817098523e-07,0.005984763095769468
deit_small,DeiT-Small,8,384,163,5.536515106558953e-07,5.536515106558953e-07,0.005960795401424174
deit_small,DeiT-Small,8,384,164,5.496704672700685e-07,5.496704672700685e-07,0.005917934170757624
deit_small,DeiT-Small,8,384,165,5.356301330651801e-07,5.356301330651801e-07,0.0057667712858883845
deit_small,DeiT-Small,8,384,166,5.306299838631133e-07,5.306299838631133e-07,0.005712938024718727
deit_small,DeiT-Small,8,384,167,5.285340287008995e-07,5.285340287008995e-07,0.005690372277760474
deit_small,DeiT-Small,8,384,168,5.229537093919514e-07,5.229537093919514e-07,0.005630292713205777
deit_small,DeiT-Small,8,384,169,5.196754615238932e-07,5.196754615238932e-07,0.005594998011682249
deit_small,DeiT-Small,8,384,170,5.096944051153512e-07,5.096944051153512e-07,0.005487538655035844
deit_small,DeiT-Small,8,384,171,5.086811951603302e-07,5.086811951603302e-07,0.005476630101325928
deit_small,DeiT-Small,8,384,172,5.056528009360298e-07,5.056528009360298e-07,0.0054440254068232
deit_small,DeiT-Small,8,384,173,5.004214959659657e-07,5.004214959659657e-07,0.00538770344615147
deit_small,DeiT-Small,8,384,174,4.934698671684454e-07,4.934698671684454e-07,0.005312859909791246
deit_small,DeiT-Small,8,384,175,4.927465309065337e-07,4.927465309065337e-07,0.0053050722321985695
deit_small,DeiT-Small,8,384,176,4.788352609491345e-07,4.788352609491345e-07,0.005155298895733182
deit_small,DeiT-Small,8,384,177,4.765420193962625e-07,4.765420193962625e-07,0.005130609098198772
deit_small,DeiT-Small,8,384,178,4.7483040640039307e-07,4.7483040640039307e-07,0.005112181306206099
deit_small,DeiT-Small,8,384,179,4.676875385200528e-07,4.676875385200528e-07,0.005035278826587336
deit_small,DeiT-Small,8,384,180,4.654416009219869e-07,4.654416009219869e-07,0.005011098319086187
deit_small,DeiT-Small,8,384,181,4.6057115296236733e-07,4.6057115296236733e-07,0.00495866146441892
deit_small,DeiT-Small,8,384,182,4.556352637846272e-07,4.556352637846272e-07,0.0049055200479388
deit_small,DeiT-Small,8,384,183,4.5487482956029937e-07,4.5487482956029937e-07,0.004897332961404728
deit_small,DeiT-Small,8,384,184,4.442896543391041e-07,4.442896543391041e-07,0.004783369461680829
deit_small,DeiT-Small,8,384,185,4.398730461367954e-07,4.398730461367954e-07,0.004735818796044559
deit_small,DeiT-Small,8,384,186,4.3758687716259347e-07,4.3758687716259347e-07,0.004711205144232867
deit_small,DeiT-Small,8,384,187,4.3504875693889876e-07,4.3504875693889876e-07,0.004683878901882805
deit_small,DeiT-Small,8,384,188,4.309462489155953e-07,4.309462489155953e-07,0.004639709942728981
deit_small,DeiT-Small,8,384,189,4.236300205936666e-07,4.236300205936666e-07,0.004560941007220329
deit_small,DeiT-Small,8,384,190,4.2060137981781393e-07,4.2060137981781393e-07,0.004528333658261991
deit_small,DeiT-Small,8,384,191,4.147156545804324e-07,4.147156545804324e-07,0.004464965992403972
deit_small,DeiT-Small,8,384,192,4.1272923940791853e-07,4.1272923940791853e-07,0.004443579589228421
deit_small,DeiT-Small,8,384,193,4.1114498311668814e-07,4.1114498311668814e-07,0.004426522961668141
deit_small,DeiT-Small,8,384,194,4.0665896390690406e-07,4.0665896390690406e-07,0.004378224994152975
deit_small,DeiT-Small,8,384,195,3.995537747500754e-07,3.995537747500754e-07,0.004301728176141769
deit_small,DeiT-Small,8,384,196,3.9916222901550263e-07,3.9916222901550263e-07,0.004297512665176534
deit_small,DeiT-Small,8,384,197,3.980925588438698e-07,3.980925588438698e-07,0.004285996242088379
deit_small,DeiT-Small,8,384,198,3.9189693210468104e-07,3.9189693210468104e-07,0.004219292074096232
deit_small,DeiT-Small,8,384,199,3.9043348489759157e-07,3.9043348489759157e-07,0.0042035361171190505
deit_small,DeiT-Small,8,384,200,3.846639230812007e-07,3.846639230812007e-07,0.0041414191050971145
deit_small,DeiT-Small,8,384,201,3.821632679260448e-07,3.821632679260448e-07,0.004114496224074461
deit_small,DeiT-Small,8,384,202,3.795392942171359e-07,3.795392942171359e-07,0.0040862456546883275
deit_small,DeiT-Small,8,384,203,3.7800999446112935e-07,3.7800999446112935e-07,0.004069780707374802
deit_small,DeiT-Small,8,384,204,3.7001329910974775e-07,3.7001329910974775e-07,0.003983685638618219
deit_small,DeiT-Small,8,384,205,3.680041625107816e-07,3.680041625107816e-07,0.00396205460904555
deit_small,DeiT-Small,8,384,206,3.646180898795254e-07,3.646180898795254e-07,0.003925599030435515
deit_small,DeiT-Small,8,384,207,3.619600144083825e-07,3.619600144083825e-07,0.0038969813101907775
deit_small,DeiT-Small,8,384,208,3.569471603485232e-07,3.569471603485232e-07,0.0038430112643172984
deit_small,DeiT-Small,8,384,209,3.5238727169801417e-07,3.5238727169801417e-07,0.0037939179939552965
deit_small,DeiT-Small,8,384,210,3.4911573590824953e-07,3.4911573590824953e-07,0.003758695556888122
deit_small,DeiT-Small,8,384,211,3.472968814176568e-07,3.472968814176568e-07,0.0037391131674703796
deit_small,DeiT-Small,8,384,212,3.4553232248411443e-07,3.4553232248411443e-07,0.003720115341989617
deit_small,DeiT-Small,8,384,213,3.4187340395107955e-07,3.4187340395107955e-07,0.0036807222140993632
deit_small,DeiT-Small,8,384,214,3.3832234983213705e-07,3.3832234983213705e-07,0.0036424903901902676
deit_small,DeiT-Small,8,384,215,3.3531024698775354e-07,3.3531024698775354e-07,0.0036100610940755554
deit_small,DeiT-Small,8,384,216,3.3280386583351907e-07,3.3280386583351907e-07,0.003583076565051733
deit_small,DeiT-Small,8,384,217,3.3048182934315035e-07,3.3048182934315035e-07,0.0035580767516901987
deit_small,DeiT-Small,8,384,218,3.262524351746628e-07,3.262524351746628e-07,0.0035125416943028094
deit_small,DeiT-Small,8,384,219,3.242552813289476e-07,3.242552813289476e-07,0.003491039675017478
deit_small,DeiT-Small,8,384,220,3.216566215729384e-07,3.216566215729384e-07,0.0034630616440262233
deit_small,DeiT-Small,8,384,221,3.138476929449093e-07,3.138476929449093e-07,0.003378988133956935
deit_small,DeiT-Small,8,384,222,3.1104150305148045e-07,3.1104150305148045e-07,0.0033487757648215963
deit_small,DeiT-Small,8,384,223,3.0809189977415615e-07,3.0809189977415615e-07,0.003317019359730835
deit_small,DeiT-Small,8,384,224,3.062383654265189e-07,3.062383654265189e-07,0.0032970635954944314
deit_small,DeiT-Small,8,384,225,3.040081519878922e-07,3.040081519878922e-07,0.0032730523794979073
deit_small,DeiT-Small,8,384,226,3.013515314624626e-07,3.013515314624626e-07,0.003244450323680251
deit_small,DeiT-Small,8,384,227,2.9994080695719036e-07,2.9994080695719036e-07,0.003229261996760053
deit_small,DeiT-Small,8,384,228,2.9746022190558497e-07,2.9746022190558497e-07,0.0032025551971146694
deit_small,DeiT-Small,8,384,229,2.94877004336771e-07,2.94877004336771e-07,0.0031747434218215385
deit_small,DeiT-Small,8,384,230,2.9146249257806937e-07,2.9146249257806937e-07,0.003137981658153151
deit_small,DeiT-Small,8,384,231,2.8781278218218616e-07,2.8781278218218616e-07,0.003098687668115017
deit_small,DeiT-Small,8,384,232,2.8452744496048027e-07,2.8452744496048027e-07,0.0030633166402638107
deit_small,DeiT-Small,8,384,233,2.7974440752707534e-07,2.7974440752707534e-07,0.0030118208762513476
deit_small,DeiT-Small,8,384,234,2.785106906992735e-07,2.785106906992735e-07,0.00299853827256964
deit_small,DeiT-Small,8,384,235,2.7678725110387293e-07,2.7678725110387293e-07,0.0029799831514922574
deit_small,DeiT-Small,8,384,236,2.729951019372538e-07,2.729951019372538e-07,0.002939155618506536
deit_small,DeiT-Small,8,384,237,2.7253111861951905e-07,2.7253111861951905e-07,0.0029341602205468806
deit_small,DeiT-Small,8,384,238,2.719203756990072e-07,2.719203756990072e-07,0.0029275847601318507
deit_small,DeiT-Small,8,384,239,2.6615482205144614e-07,2.6615482205144614e-07,0.0028655109013820887
deit_small,DeiT-Small,8,384,240,2.656316609016231e-07,2.656316609016231e-07,0.002859878375296547
deit_small,DeiT-Small,8,384,241,2.6415534037182363e-07,2.6415534037182363e-07,0.0028439838198664863
deit_small,DeiT-Small,8,384,242,2.6321655227529056e-07,2.6321655227529056e-07,0.00283387651651587
deit_small,DeiT-Small,8,384,243,2.5703348904832087e-07,2.5703348904832087e-07,0.0027673076114543204
deit_small,DeiT-Small,8,384,244,2.5420797728736214e-07,2.5420797728736214e-07,0.002736887216698348
deit_small,DeiT-Small,8,384,245,2.524489187339131e-07,2.524489187339131e-07,0.002717948610130088
deit_small,DeiT-Small,8,384,246,2.521397024901327e-07,2.521397024901327e-07,0.0027146194857106706
deit_small,DeiT-Small,8,384,247,2.4855472794298895e-07,2.4855472794298895e-07,0.0026760224632451824
deit_small,DeiT-Small,8,384,248,2.4740964102395143e-07,2.4740964102395143e-07,0.002663694078494378
deit_small,DeiT-Small,8,384,249,2.453738084866312e-07,2.453738084866312e-07,0.002641775631614044
deit_small,DeiT-Small,8,384,250,2.438166337428566e-07,2.438166337428566e-07,0.0026250105729566414
deit_small,DeiT-Small,8,384,251,2.425807699850571e-07,2.425807699850571e-07,0.0026117048547160265
deit_small,DeiT-Small,8,384,252,2.3859388383897705e-07,2.3859388383897705e-07,0.002568780718958857
deit_small,DeiT-Small,8,384,253,2.3780772036531546e-07,2.3780772036531546e-07,0.0025603166228110505
deit_small,DeiT-Small,8,384,254,2.3369196182094612e-07,2.3369196182094612e-07,0.0025160050041620106
deit_small,DeiT-Small,8,384,255,2.3173951209282744e-07,2.3173951209282744e-07,0.002494984284202095
deit_small,DeiT-Small,8,384,256,2.3005581629954452e-07,2.3005581629954452e-07,0.0024768570580520058
deit_small,DeiT-Small,8,384,257,2.2972886486177422e-07,2.2972886486177422e-07,0.0024733369906644147
deit_small,DeiT-Small,8,384,258,2.2497082409272277e-07,2.2497082409272277e-07,0.002422110349013331
deit_small,DeiT-Small,8,384,259,2.2086883807701145e-07,2.2086883807701145e-07,0.0023779470099660094
deit_small,DeiT-Small,8,384,260,2.1984323264574347e-07,2.1984323264574347e-07,0.002366905002456384
deit_small,DeiT-Small,8,384,261,2.189820561419648e-07,2.189820561419648e-07,0.0023576332911998624
deit_small,DeiT-Small,8,384,262,2.1751188298518976e-07,2.1751188298518976e-07,0.0023418049204223306
deit_small,DeiT-Small,8,384,263,2.1664589933154045e-07,2.1664589933154045e-07,0.002332481453799317
deit_small,DeiT-Small,8,384,264,2.152543348441169e-07,2.152543348441169e-07,0.0023174994099725192
deit_small,DeiT-Small,8,384,265,2.143715568173984e-07,2.143715568173984e-07,0.0023079951295707406
deit_small,DeiT-Small,8,384,266,2.1243792556970936e-07,2.1243792556970936e-07,0.002287177015599336
deit_small,DeiT-Small,8,384,267,2.0970483086509402e-07,2.0970483086509402e-07,0.0022577516134585055
deit_small,DeiT-Small,8,384,268,2.0957219635856592e-07,2.0957219635856592e-07,0.0022563236264642205
deit_small,DeiT-Small,8,384,269,2.0784057283463434e-07,2.0784057283463434e-07,0.0022376803945037024
deit_small,DeiT-Small,8,384,270,2.052067434562011e-07,2.052067434562011e-07,0.002209323715717616
deit_small,DeiT-Small,8,384,271,2.0339935010420004e-07,2.0339935010420004e-07,0.002189864720711155
deit_small,DeiT-Small,8,384,272,2.0309256243794995e-07,2.0309256243794995e-07,0.0021865617431611963
deit_small,DeiT-Small,8,384,273,1.995463514691015e-07,1.995463514691015e-07,0.002148382062208913
deit_small,DeiT-Small,8,384,274,1.9845657638041431e-07,1.9845657638041431e-07,0.0021366491829297833
deit_small,DeiT-Small,8,384,275,1.9732823683509787e-07,1.9732823683509787e-07,0.0021245011059472076
deit_small,DeiT-Small,8,384,276,1.964714390273967e-07,1.964714390273967e-07,0.002115276537181839
deit_small,DeiT-Small,8,384,277,1.9476027321838462e-07,1.9476027321838462e-07,0.0020968535597508733
deit_small,DeiT-Small,8,384,278,1.922861822070519e-07,1.922861822070519e-07,0.002070216677092347
deit_small,DeiT-Small,8,384,279,1.8934061784717455e-07,1.8934061784717455e-07,0.002038503756323549
deit_small,DeiT-Small,8,384,280,1.8675642549647996e-07,1.8675642549647996e-07,0.002010681486206075
deit_small,DeiT-Small,8,384,281,1.8473390050431137e-07,1.8473390050431137e-07,0.0019889063127611372
deit_small,DeiT-Small,8,384,282,1.8382579559778653e-07,1.8382579559778653e-07,0.0019791293547891243
deit_small,DeiT-Small,8,384,283,1.8328006567696973e-07,1.8328006567696973e-07,0.0019732538458456547
deit_small,DeiT-Small,8,384,284,1.811374432841226e-07,1.811374432841226e-07,0.0019501856640373157
deit_small,DeiT-Small,8,384,285,1.8025919175275657e-07,1.8025919175275657e-07,0.0019407301173826005
deit_small,DeiT-Small,8,384,286,1.7889517971778679e-07,1.7889517971778679e-07,0.001926044712377739
deit_small,DeiT-Small,8,384,287,1.76615369606068e-07,1.76615369606068e-07,0.0019014995221840836
deit_small,DeiT-Small,8,384,288,1.745589453997841e-07,1.745589453997841e-07,0.001879359378580623
deit_small,DeiT-Small,8,384,289,1.7448427244142595e-07,1.7448427244142595e-07,0.0018785554247970151
deit_small,DeiT-Small,8,384,290,1.7245787144011872e-07,1.7245787144011872e-07,0.0018567385209548783
deit_small,DeiT-Small,8,384,291,1.699282823099157e-07,1.699282823099157e-07,0.0018295041271808167
deit_small,DeiT-Small,8,384,292,1.6805384670246224e-07,1.6805384670246224e-07,0.0018093233330637054
deit_small,DeiT-Small,8,384,293,1.6729144902428862e-07,1.6729144902428862e-07,0.0018011151073357016
deit_small,DeiT-Small,8,384,294,1.6552978880960587e-07,1.6552978880960587e-07,0.0017821484904215479
deit_small,DeiT-Small,8,384,295,1.6366669466842616e-07,1.6366669466842616e-07,0.001762089802283936
deit_small,DeiT-Small,8,384,296,1.6265516644969447e-07,1.6265516644969447e-07,0.001751199354703501
deit_small,DeiT-Small,8,384,297,1.6089369134766425e-07,1.6089369134766425e-07,0.0017322347307734299
deit_small,DeiT-Small,8,384,298,1.6035788265583626e-07,1.6035788265583626e-07,0.0017264660370648049
deit_small,DeiT-Small,8,384,299,1.573412243885495e-07,1.573412243885495e-07,0.0016939876957594432
deit_small,DeiT-Small,8,384,300,1.5706857492154263e-07,1.5706857492154263e-07,0.0016910522613609895
deit_small,DeiT-Small,8,384,301,1.560104010223552e-07,1.560104010223552e-07,0.0016796596109468125
deit_small,DeiT-Small,8,384,302,1.55228285514997e-07,1.55228285514997e-07,0.0016712390965439524
deit_small,DeiT-Small,8,384,303,1.5358378959139868e-07,1.5358378959139868e-07,0.0016535339091645611
deit_small,DeiT-Small,8,384,304,1.5303933309672128e-07,1.5303933309672128e-07,0.0016476721103483637
deit_small,DeiT-Small,8,384,305,1.5026090901623335e-07,1.5026090901623335e-07,0.0016177586771445808
deit_small,DeiT-Small,8,384,306,1.5009210140369017e-07,1.5009210140369017e-07,0.001615941238519008
deit_small,DeiT-Small,8,384,307,1.4746573688515404e-07,1.4746573688515404e-07,0.00158766492888516
deit_small,DeiT-Small,8,384,308,1.4686406543562847e-07,1.4686406543562847e-07,0.001581187134929082
deit_small,DeiT-Small,8,384,309,1.4572247437663784e-07,1.4572247437663784e-07,0.00156889638776454
deit_small,DeiT-Small,8,384,310,1.437839368897901e-07,1.437839368897901e-07,0.001548025451598573
deit_small,DeiT-Small,8,384,311,1.4335126845874353e-07,1.4335126845874353e-07,0.0015433672000730449
deit_small,DeiT-Small,8,384,312,1.4233620932051655e-07,1.4233620932051655e-07,0.0015324387374447228
deit_small,DeiT-Small,8,384,313,1.391623373860931e-07,1.391623373860931e-07,0.001498267781767192
deit_small,DeiT-Small,8,384,314,1.376683964101276e-07,1.376683964101276e-07,0.0014821835187820074
deit_small,DeiT-Small,8,384,315,1.372242831363725e-07,1.372242831363725e-07,0.001477402048292069
deit_small,DeiT-Small,8,384,316,1.367799045307695e-07,1.367799045307695e-07,0.0014726177211516417
deit_small,DeiT-Small,8,384,317,1.3654507758013294e-07,1.3654507758013294e-07,0.0014700894964822524
deit_small,DeiT-Small,8,384,318,1.3403577022543073e-07,1.3403577022543073e-07,0.0014430734630157328
deit_small,DeiT-Small,8,384,319,1.3242442866050138e-07,1.3242442866050138e-07,0.0014257252264346099
deit_small,DeiT-Small,8,384,320,1.3137633979961452e-07,1.3137633979961452e-07,0.0014144411548805433
deit_small,DeiT-Small,8,384,321,1.306296680785119e-07,1.306296680785119e-07,0.0014064022400110626
deit_small,DeiT-Small,8,384,322,1.2902246530564262e-07,1.2902246530564262e-07,0.0013890985630350423
deit_small,DeiT-Small,8,384,323,1.2788959732199522e-07,1.2788959732199522e-07,0.0013769017313866535
deit_small,DeiT-Small,8,384,324,1.26841660311481e-07,1.26841660311481e-07,0.0013656192947039552
deit_small,DeiT-Small,8,384,325,1.261454097827555e-07,1.261454097827555e-07,0.0013581232310791139
deit_small,DeiT-Small,8,384,326,1.2578053920352984e-07,1.2578053920352984e-07,0.0013541949136648135
deit_small,DeiT-Small,8,384,327,1.239623158992992e-07,1.239623158992992e-07,0.0013346193198083447
deit_small,DeiT-Small,8,384,328,1.2117696532159862e-07,1.2117696532159862e-07,0.0013046313136431617
deit_small,DeiT-Small,8,384,329,1.1996916561254813e-07,1.1996916561254813e-07,0.001291627742239517
deit_small,DeiT-Small,8,384,330,1.1932563799231683e-07,1.1932563799231683e-07,0.0012846993108968125
deit_small,DeiT-Small,8,384,331,1.1849557605848436e-07,1.1849557605848436e-07,0.001275762589398077
deit_small,DeiT-Small,8,384,332,1.1749728848003353e-07,1.1749728848003353e-07,0.0012650146949330567
deit_small,DeiT-Small,8,384,333,1.1614375211562547e-07,1.1614375211562547e-07,0.0012504420744645136
deit_small,DeiT-Small,8,384,334,1.1509995210855773e-07,1.1509995210855773e-07,0.0012392041781301118
deit_small,DeiT-Small,8,384,335,1.138571634305683e-07,1.138571634305683e-07,0.0012258239039068457
deit_small,DeiT-Small,8,384,336,1.1325571743651673e-07,1.1325571743651673e-07,0.001219348537279018
deit_small,DeiT-Small,8,384,337,1.1217296215141631e-07,1.1217296215141631e-07,0.0012076912355285933
deit_small,DeiT-Small,8,384,338,1.1123862959708794e-07,1.1123862959708794e-07,0.0011976319020199685
deit_small,DeiT-Small,8,384,339,1.0990153173213636e-07,1.0990153173213636e-07,0.0011832362638770954
deit_small,DeiT-Small,8,384,340,1.0830122967824148e-07,1.0830122967824148e-07,0.0011660068823254302
deit_small,DeiT-Small,8,384,341,1.0720460960414649e-07,1.0720460960414649e-07,0.001154200307667969
deit_small,DeiT-Small,8,384,342,1.0579957598320297e-07,1.0579957598320297e-07,0.0011390732506919216
deit_small,DeiT-Small,8,384,343,1.0439646309585674e-07,1.0439646309585674e-07,0.0011239668729694726
deit_small,DeiT-Small,8,384,344,1.0348634851184332e-07,1.0348634851184332e-07,0.0011141682781444907
deit_small,DeiT-Small,8,384,345,1.0293100134887826e-07,1.0293100134887826e-07,0.0011081892267891095
deit_small,DeiT-Small,8,384,346,1.0208879000283874e-07,1.0208879000283874e-07,0.0010991217006975573
deit_small,DeiT-Small,8,384,347,1.011273437143199e-07,1.011273437143199e-07,0.0010887704517530178
deit_small,DeiT-Small,8,384,348,9.959216611297707e-08,9.959216611297707e-08,0.001072242221611258
deit_small,DeiT-Small,8,384,349,9.8474306352481e-08,9.8474306352481e-08,0.0010602069734604704
deit_small,DeiT-Small,8,384,350,9.725133960078542e-08,9.725133960078542e-08,0.0010470401086559915
deit_small,DeiT-Small,8,384,351,9.557128890817246e-08,9.557128890817246e-08,0.0010289521268661052
deit_small,DeiT-Small,8,384,352,9.508170874488178e-08,9.508170874488178e-08,0.0010236811447956067
deit_small,DeiT-Small,8,384,353,9.401016797834218e-08,9.401016797834218e-08,0.001012144582263589
deit_small,DeiT-Small,8,384,354,9.332020406420194e-08,9.332020406420194e-08,0.0010047162024120042
deit_small,DeiT-Small,8,384,355,9.143252866969219e-08,9.143252866969219e-08,0.0009843928643655762
deit_small,DeiT-Small,8,384,356,9.055739094821645e-08,9.055739094821645e-08,0.0009749708420186933
deit_small,DeiT-Small,8,384,357,8.962185197855907e-08,8.962185197855907e-08,0.0009648985198433587
deit_small,DeiT-Small,8,384,358,8.808180520270183e-08,8.808180520270183e-08,0.000948317866557264
deit_small,DeiT-Small,8,384,359,8.710891409042014e-08,8.710891409042014e-08,0.0009378433988522902
deit_small,DeiT-Small,8,384,360,8.620342989587384e-08,8.620342989587384e-08,0.0009280946563327949
deit_small,DeiT-Small,8,384,361,8.497549276870776e-08,8.497549276870776e-08,0.0009148742788209945
deit_small,DeiT-Small,8,384,362,8.331656801670942e-08,8.331656801670942e-08,0.0008970137458996524
deit_small,DeiT-Small,8,384,363,8.082085712743088e-08,8.082085712743088e-08,0.0008701440964797996
deit_small,DeiT-Small,8,384,364,8.074690970335518e-08,8.074690970335518e-08,0.0008693479540384011
deit_small,DeiT-Small,8,384,365,8.01744430587155e-08,8.01744430587155e-08,0.0008631845886774099
deit_small,DeiT-Small,8,384,366,7.984075878800145e-08,7.984075878800145e-08,0.0008595920333820337
deit_small,DeiT-Small,8,384,367,7.880123199515968e-08,7.880123199515968e-08,0.000848400143886261
deit_small,DeiT-Small,8,384,368,7.719936001610281e-08,7.719936001610281e-08,0.0008311538600007159
deit_small,DeiT-Small,8,384,369,7.523872326620606e-08,7.523872326620606e-08,0.0008100449958547434
deit_small,DeiT-Small,8,384,370,7.469634614991535e-08,7.469634614991535e-08,0.0008042055843144527
deit_small,DeiT-Small,8,384,371,7.318275676345054e-08,7.318275676345054e-08,0.0007879097800389519
deit_small,DeiT-Small,8,384,372,7.300632312964629e-08,7.300632312964629e-08,0.0007860102371445578
deit_small,DeiT-Small,8,384,373,7.111987419071713e-08,7.111987419071713e-08,0.0007657001035248208
deit_small,DeiT-Small,8,384,374,6.966150540683225e-08,6.966150540683225e-08,0.0007499988225326257
deit_small,DeiT-Small,8,384,375,6.690921520546954e-08,6.690921520546954e-08,0.00072036675532083
deit_small,DeiT-Small,8,384,376,6.529719188058539e-08,6.529719188058539e-08,0.0007030111786863971
deit_small,DeiT-Small,8,384,377,6.367007574059182e-08,6.367007574059182e-08,0.0006854931078093453
deit_small,DeiT-Small,8,384,378,6.250326129523781e-08,6.250326129523781e-08,0.0006729307973192288
deit_small,DeiT-Small,8,384,379,6.07391967179778e-08,6.07391967179778e-08,0.0006539382942418152
deit_small,DeiT-Small,8,384,380,6.004634174177578e-08,6.004634174177578e-08,0.000646478788259241
deit_small,DeiT-Small,8,384,381,5.778186549559673e-08,5.778186549559673e-08,0.0006220986875369156
deit_small,DeiT-Small,8,384,382,5.2140700512229464e-08,5.2140700512229464e-08,0.0005613640383138058
deit_small,DeiT-Small,8,384,383,4.635488156362738e-08,4.635488156362738e-08,0.0004990719966259884
deit_small,DeiT-Small,8,384,384,3.614259384499875e-20,3.614259384499875e-20,3.8912312716637616e-16
deit_small,DeiT-Small,10,384,1,1.642742120970303e-05,1.642742120970303e-05,1.0
deit_small,DeiT-Small,10,384,2,2.9858347344179115e-06,2.9858347344179115e-06,0.18175918765961252
deit_small,DeiT-Small,10,384,3,2.7398418893826224e-06,2.7398418893826224e-06,0.16678466171941253
deit_small,DeiT-Small,10,384,4,2.1361075808288265e-06,2.1361075808288265e-06,0.13003304374804198
deit_small,DeiT-Small,10,384,5,1.808262500303465e-06,1.808262500303465e-06,0.11007585896898996
deit_small,DeiT-Small,10,384,6,1.6899360622854428e-06,1.6899360622854428e-06,0.1028728758283293
deit_small,DeiT-Small,10,384,7,1.559471350140799e-06,1.559471350140799e-06,0.09493098948602358
deit_small,DeiT-Small,10,384,8,1.3940857620920413e-06,1.3940857620920413e-06,0.08486333577838802
deit_small,DeiT-Small,10,384,9,1.3836767960214942e-06,1.3836767960214942e-06,0.08422970217651758
deit_small,DeiT-Small,10,384,10,1.2433477891977884e-06,1.2433477891977884e-06,0.07568733846450543
deit_small,DeiT-Small,10,384,11,1.223459538579093e-06,1.223459538579093e-06,0.07447666453310661
deit_small,DeiT-Small,10,384,12,1.0484432438096342e-06,1.0484432438096342e-06,0.06382275284877703
deit_small,DeiT-Small,10,384,13,1.0168390114007452e-06,1.0168390114007452e-06,0.061898882266447186
deit_small,DeiT-Small,10,384,14,9.917685824965448e-07,9.917685824965448e-07,0.06037274930959622
deit_small,DeiT-Small,10,384,15,8.748744208827619e-07,8.748744208827619e-07,0.05325695431526454
deit_small,DeiT-Small,10,384,16,8.422395875836748e-07,8.422395875836748e-07,0.05127034711243644
deit_small,DeiT-Small,10,384,17,8.148307727932696e-07,8.148307727932696e-07,0.04960186765723042
deit_small,DeiT-Small,10,384,18,7.797456528910559e-07,7.797456528910559e-07,0.047466102131142225
deit_small,DeiT-Small,10,384,19,7.235659371408957e-07,7.235659371408957e-07,0.04404622782263073
deit_small,DeiT-Small,10,384,20,6.916178647911808e-07,6.916178647911808e-07,0.04210142638715987
deit_small,DeiT-Small,10,384,21,6.675848628944291e-07,6.675848628944291e-07,0.04063844558268909
deit_small,DeiT-Small,10,384,22,6.217368553023917e-07,6.217368553023917e-07,0.03784750189123758
deit_small,DeiT-Small,10,384,23,5.848411349921493e-07,5.848411349921493e-07,0.03560151818878953
deit_small,DeiT-Small,10,384,24,5.756269727258176e-07,5.756269727258176e-07,0.035040616867230354
deit_small,DeiT-Small,10,384,25,5.311449985659189e-07,5.311449985659189e-07,0.0323328288588712
deit_small,DeiT-Small,10,384,26,5.221904482103525e-07,5.221904482103525e-07,0.031787731107906045
deit_small,DeiT-Small,10,384,27,4.987308725429797e-07,4.987308725429797e-07,0.03035965695263229
deit_small,DeiT-Small,10,384,28,4.82544632569617e-07,4.82544632569617e-07,0.029374338577536258
deit_small,DeiT-Small,10,384,29,4.577158106712776e-07,4.577158106712776e-07,0.02786291316380948
deit_small,DeiT-Small,10,384,30,4.356381987594102e-07,4.356381987594102e-07,0.02651896443137989
deit_small,DeiT-Small,10,384,31,4.245439032458677e-07,4.245439032458677e-07,0.025843612203424016
deit_small,DeiT-Small,10,384,32,3.9420016084717405e-07,3.9420016084717405e-07,0.023996472472157443
deit_small,DeiT-Small,10,384,33,3.8872928503993195e-07,3.8872928503993195e-07,0.02366343932365507
deit_small,DeiT-Small,10,384,34,3.7227489164361713e-07,3.7227489164361713e-07,0.022661797423428155
deit_small,DeiT-Small,10,384,35,3.6475030521480287e-07,3.6475030521480287e-07,0.022203747049437027
deit_small,DeiT-Small,10,384,36,3.361750035754493e-07,3.361750035754493e-07,0.020464259075361386
deit_small,DeiT-Small,10,384,37,3.1905343306230324e-07,3.1905343306230324e-07,0.019422003550615175
deit_small,DeiT-Small,10,384,38,3.067636936191498e-07,3.067636936191498e-07,0.01867388007546532
deit_small,DeiT-Small,10,384,39,3.0263195066787233e-07,3.0263195066787233e-07,0.0184223650690298
deit_small,DeiT-Small,10,384,40,2.947415837693316e-07,2.947415837693316e-07,0.017942048237932766
deit_small,DeiT-Small,10,384,41,2.775769368126316e-07,2.775769368126316e-07,0.016897170485205424
deit_small,DeiT-Small,10,384,42,2.6574662096355427e-07,2.6574662096355427e-07,0.016177013882531253
deit_small,DeiT-Small,10,384,43,2.624345042219682e-07,2.624345042219682e-07,0.01597539266035003
deit_small,DeiT-Small,10,384,44,2.5510674003256094e-07,2.5510674003256094e-07,0.015529323609348951
deit_small,DeiT-Small,10,384,45,2.4799542858836013e-07,2.4799542858836013e-07,0.015096430865355727
deit_small,DeiT-Small,10,384,46,2.4051693245759084e-07,2.4051693245759084e-07,0.014641186184203214
deit_small,DeiT-Small,10,384,47,2.3199454131001357e-07,2.3199454131001357e-07,0.014122395618186472
deit_small,DeiT-Small,10,384,48,2.2345090461247349e-07,2.2345090461247349e-07,0.013602311754232604
deit_small,DeiT-Small,10,384,49,2.1643822907647938e-07,2.1643822907647938e-07,0.013175423355470905
deit_small,DeiT-Small,10,384,50,2.048178993775098e-07,2.048178993775098e-07,0.012468049413412006
deit_small,DeiT-Small,10,384,51,2.0353511550897328e-07,2.0353511550897328e-07,0.012389961449868536
deit_small,DeiT-Small,10,384,52,1.8991198406585333e-07,1.8991198406585333e-07,0.011560669300527817
deit_small,DeiT-Small,10,384,53,1.876065415789385e-07,1.876065415789385e-07,0.011420328192968397
deit_small,DeiT-Small,10,384,54,1.8210212843889712e-07,1.8210212843889712e-07,0.011085253498664573
deit_small,DeiT-Small,10,384,55,1.7732990822194772e-07,1.7732990822194772e-07,0.010794750189835393
deit_small,DeiT-Small,10,384,56,1.7433492951280755e-07,1.7433492951280755e-07,0.01061243437343865
deit_small,DeiT-Small,10,384,57,1.662059161024301e-07,1.662059161024301e-07,0.010117590215819074
deit_small,DeiT-Small,10,384,58,1.6401858270248678e-07,1.6401858270248678e-07,0.009984438860410267
deit_small,DeiT-Small,10,384,59,1.536614828627635e-07,1.536614828627635e-07,0.009353962554512313
deit_small,DeiT-Small,10,384,60,1.489380369197473e-07,1.489380369197473e-07,0.009066428322406166
deit_small,DeiT-Small,10,384,61,1.4404750824277887e-07,1.4404750824277887e-07,0.008768723124825928
deit_small,DeiT-Small,10,384,62,1.428954271141305e-07,1.428954271141305e-07,0.00869859153728449
deit_small,DeiT-Small,10,384,63,1.415223757643294e-07,1.415223757643294e-07,0.008615008646685076
deit_small,DeiT-Small,10,384,64,1.3893802903124794e-07,1.3893802903124794e-07,0.0084576895702402
deit_small,DeiT-Small,10,384,65,1.31896943808468e-07,1.31896943808468e-07,0.008029071765114398
deit_small,DeiT-Small,10,384,66,1.283607014302368e-07,1.283607014302368e-07,0.007813807157657783
deit_small,DeiT-Small,10,384,67,1.2534181106692123e-07,1.2534181106692123e-07,0.00763003574735679
deit_small,DeiT-Small,10,384,68,1.2181388877656015e-07,1.2181388877656015e-07,0.007415277615491438
deit_small,DeiT-Small,10,384,69,1.1905504032092424e-07,1.1905504032092424e-07,0.007247335951342328
deit_small,DeiT-Small,10,384,70,1.1345916315871672e-07,1.1345916315871672e-07,0.006906693491958487
deit_small,DeiT-Small,10,384,71,1.1086807234464744e-07,1.1086807234464744e-07,0.0067489638774929596
deit_small,DeiT-Small,10,384,72,1.0937155152704561e-07,1.0937155152704561e-07,0.006657864927846627
deit_small,DeiT-Small,10,384,73,1.0782296912414982e-07,1.0782296912414982e-07,0.006563596790253546
deit_small,DeiT-Small,10,384,74,1.0521578049044985e-07,1.0521578049044985e-07,0.006404887239897583
deit_small,DeiT-Small,10,384,75,1.0171161792554179e-07,1.0171161792554179e-07,0.00619157545345369
deit_small,DeiT-Small,10,384,76,9.917753577326102e-08,9.917753577326102e-08,0.006037316174414568
deit_small,DeiT-Small,10,384,77,9.593872482202013e-08,9.593872482202013e-08,0.0058401573562473046
deit_small,DeiT-Small,10,384,78,9.569440847637085e-08,9.569440847637085e-08,0.005825284885241023
deit_small,DeiT-Small,10,384,79,9.242611066650578e-08,9.242611066650578e-08,0.0056263310891373096
deit_small,DeiT-Small,10,384,80,9.15874806053631e-08,9.15874806053631e-08,0.005575280467713702
deit_small,DeiT-Small,10,384,81,8.83614751541045e-08,8.83614751541045e-08,0.005378901169339523
deit_small,DeiT-Small,10,384,82,8.411580384894667e-08,8.411580384894667e-08,0.005120450907977132
deit_small,DeiT-Small,10,384,83,8.249114372341369e-08,8.249114372341369e-08,0.005021551628242748
deit_small,DeiT-Small,10,384,84,8.125512792324443e-08,8.125512792324443e-08,0.004946310616011369
deit_small,DeiT-Small,10,384,85,8.033856353546942e-08,8.033856353546942e-08,0.004890515833855687
deit_small,DeiT-Small,10,384,86,7.840590675204593e-08,7.840590675204593e-08,0.004772867618791844
deit_small,DeiT-Small,10,384,87,7.729387213375517e-08,7.729387213375517e-08,0.004705173815601729
deit_small,DeiT-Small,10,384,88,7.587198976186874e-08,7.587198976186874e-08,0.004618618393802075
deit_small,DeiT-Small,10,384,89,7.489056412564148e-08,7.489056412564148e-08,0.004558875259216375
deit_small,DeiT-Small,10,384,90,7.210453852895193e-08,7.210453852895193e-08,0.004389279218479078
deit_small,DeiT-Small,10,384,91,7.019039521365599e-08,7.019039521365599e-08,0.004272757989074834
deit_small,DeiT-Small,10,384,92,6.802474086912801e-08,6.802474086912801e-08,0.0041409263207391606
deit_small,DeiT-Small,10,384,93,6.585621536101905e-08,6.585621536101905e-08,0.004008919873687806
deit_small,DeiT-Small,10,384,94,6.531772212014008e-08,6.531772212014008e-08,0.003976139729196174
deit_small,DeiT-Small,10,384,95,6.244607392831368e-08,6.244607392831368e-08,0.0038013315133984173
deit_small,DeiT-Small,10,384,96,6.236652584573436e-08,6.236652584573436e-08,0.0037964891171656883
deit_small,DeiT-Small,10,384,97,5.896870698990613e-08,5.896870698990613e-08,0.0035896508792917325
deit_small,DeiT-Small,10,384,98,5.737013480039453e-08,5.737013480039453e-08,0.0034923396720666212
deit_small,DeiT-Small,10,384,99,5.6961521281447125e-08,5.6961521281447125e-08,0.003467465803324152
deit_small,DeiT-Small,10,384,100,5.6011730194262055e-08,5.6011730194262055e-08,0.003409648384810279
deit_small,DeiT-Small,10,384,101,5.419839975053219e-08,5.419839975053219e-08,0.00329926402072891
deit_small,DeiT-Small,10,384,102,5.337802889584214e-08,5.337802889584214e-08,0.0032493249070836418
deit_small,DeiT-Small,10,384,103,5.187114912861851e-08,5.187114912861851e-08,0.003157595368528097
deit_small,DeiT-Small,10,384,104,5.108117273005012e-08,5.108117273005012e-08,0.0031095064817525035
deit_small,DeiT-Small,10,384,105,4.977638455308e-08,4.977638455308e-08,0.0030300790317398726
deit_small,DeiT-Small,10,384,106,4.8903453380420986e-08,4.8903453380420986e-08,0.00297694037038118
deit_small,DeiT-Small,10,384,107,4.7750560989437464e-08,4.7750560989437464e-08,0.0029067593981965405
deit_small,DeiT-Small,10,384,108,4.655987261076824e-08,4.655987261076824e-08,0.002834277639588809
deit_small,DeiT-Small,10,384,109,4.625474380471104e-08,4.625474380471104e-08,0.0028157032813762753
deit_small,DeiT-Small,10,384,110,4.482234332978511e-08,4.482234332978511e-08,0.0027285075823897617
deit_small,DeiT-Small,10,384,111,4.3636067545987226e-08,4.3636067545987226e-08,0.0026562944353197156
deit_small,DeiT-Small,10,384,112,4.329768420176832e-08,4.329768420176832e-08,0.0026356957460976337
deit_small,DeiT-Small,10,384,113,4.290954300067523e-08,4.290954300067523e-08,0.002612068105694536
deit_small,DeiT-Small,10,384,114,4.1552746610846214e-08,4.1552746610846214e-08,0.002529474716719545
deit_small,DeiT-Small,10,384,115,4.0861200162929185e-08,4.0861200162929185e-08,0.002487377637750841
deit_small,DeiT-Small,10,384,116,3.98299541405549e-08,3.98299541405549e-08,0.0024246017455879757
deit_small,DeiT-Small,10,384,117,3.941523946931412e-08,3.941523946931412e-08,0.0023993564763551017
deit_small,DeiT-Small,10,384,118,3.8060077702615894e-08,3.8060077702615894e-08,0.0023168625931461054
deit_small,DeiT-Small,10,384,119,3.7463281673007086e-08,3.7463281673007086e-08,0.0022805333347682716
deit_small,DeiT-Small,10,384,120,3.6360732836729405e-08,3.6360732836729405e-08,0.0022134169674332426
deit_small,DeiT-Small,10,384,121,3.5308857860387136e-08,3.5308857860387136e-08,0.00214938531189129
deit_small,DeiT-Small,10,384,122,3.5078756317079e-08,3.5078756317079e-08,0.0021353781503063527
deit_small,DeiT-Small,10,384,123,3.4815970349159656e-08,3.4815970349159656e-08,0.002119381362705623
deit_small,DeiT-Small,10,384,124,3.350140399518938e-08,3.350140399518938e-08,0.00203935867763599
deit_small,DeiT-Small,10,384,125,3.3100043265303937e-08,3.3100043265303937e-08,0.0020149263139215695
deit_small,DeiT-Small,10,384,126,3.2877088571254225e-08,3.2877088571254225e-08,0.0020013542084033878
deit_small,DeiT-Small,10,384,127,3.250188411466886e-08,3.250188411466886e-08,0.001978514077149935
deit_small,DeiT-Small,10,384,128,3.136798233901298e-08,3.136798233901298e-08,0.001909489136401102
deit_small,DeiT-Small,10,384,129,3.119428757063425e-08,3.119428757063425e-08,0.0018989156710859166
deit_small,DeiT-Small,10,384,130,3.071568677208029e-08,3.071568677208029e-08,0.0018697814087787407
deit_small,DeiT-Small,10,384,131,3.0286438219994214e-08,3.0286438219994214e-08,0.0018436514065947984
deit_small,DeiT-Small,10,384,132,2.9398484454083247e-08,2.9398484454083247e-08,0.0017895982624904464
deit_small,DeiT-Small,10,384,133,2.919744310049481e-08,2.919744310049481e-08,0.0017773601058727973
deit_small,DeiT-Small,10,384,134,2.8595438644708635e-08,2.8595438644708635e-08,0.001740713790659878
deit_small,DeiT-Small,10,384,135,2.828720443821806e-08,2.828720443821806e-08,0.0017219503948379875
deit_small,DeiT-Small,10,384,136,2.775964815325733e-08,2.775964815325733e-08,0.0016898360247109754
deit_small,DeiT-Small,10,384,137,2.734990202216085e-08,2.734990202216085e-08,0.0016648932095322633
deit_small,DeiT-Small,10,384,138,2.6524125710681458e-08,2.6524125710681458e-08,0.0016146250450444835
deit_small,DeiT-Small,10,384,139,2.5711373448209738e-08,2.5711373448209738e-08,0.0015651497042653928
deit_small,DeiT-Small,10,384,140,2.561369720715079e-08,2.561369720715079e-08,0.001559203777645988
deit_small,DeiT-Small,10,384,141,2.5036482717995906e-08,2.5036482717995906e-08,0.0015240665225779836
deit_small,DeiT-Small,10,384,142,2.4772677040351176e-08,2.4772677040351176e-08,0.0015080076613436402
deit_small,DeiT-Small,10,384,143,2.4280402164825507e-08,2.4280402164825507e-08,0.0014780410056378192
deit_small,DeiT-Small,10,384,144,2.3660320986260257e-08,2.3660320986260257e-08,0.0014402942911261713
deit_small,DeiT-Small,10,384,145,2.3242964248454427e-08,2.3242964248454427e-08,0.0014148881891897754
deit_small,DeiT-Small,10,384,146,2.317823453877272e-08,2.317823453877272e-08,0.0014109478440281456
deit_small,DeiT-Small,10,384,147,2.2546335528996467e-08,2.2546335528996467e-08,0.0013724817329015242
deit_small,DeiT-Small,10,384,148,2.232526810916929e-08,2.232526810916929e-08,0.0013590245129882369
deit_small,DeiT-Small,10,384,149,2.177388828389486e-08,2.177388828389486e-08,0.001325459912784965
deit_small,DeiT-Small,10,384,150,2.1557017190302463e-08,2.1557017190302463e-08,0.0013122581393097527
deit_small,DeiT-Small,10,384,151,2.1181588866772496e-08,2.1181588866772496e-08,0.0012894043804185997
deit_small,DeiT-Small,10,384,152,2.0736206647847115e-08,2.0736206647847115e-08,0.0012622922601874394
deit_small,DeiT-Small,10,384,153,2.0620237912620996e-08,2.0620237912620996e-08,0.0012552327994391132
deit_small,DeiT-Small,10,384,154,2.0508990694737133e-08,2.0508990694737133e-08,0.0012484607555215837
deit_small,DeiT-Small,10,384,155,2.0240968733275736e-08,2.0240968733275736e-08,0.0012321452329547742
deit_small,DeiT-Small,10,384,156,1.9525127080293656e-08,1.9525127080293656e-08,0.0011885692118712421
deit_small,DeiT-Small,10,384,157,1.8868094483395503e-08,1.8868094483395503e-08,0.0011485731231053397
deit_small,DeiT-Small,10,384,158,1.8233810221682212e-08,1.8233810221682212e-08,0.0011099618125644834
deit_small,DeiT-Small,10,384,159,1.8086602373134733e-08,1.8086602373134733e-08,0.0011010007074300676
deit_small,DeiT-Small,10,384,160,1.7857549199580545e-08,1.7857549199580545e-08,0.0010870573641243702
deit_small,DeiT-Small,10,384,161,1.7410511544830087e-08,1.7410511544830087e-08,0.0010598444711788595
deit_small,DeiT-Small,10,384,162,1.733616856108302e-08,1.733616856108302e-08,0.0010553189292329846
deit_small,DeiT-Small,10,384,163,1.713636029666887e-08,1.713636029666887e-08,0.0010431558354726486
deit_small,DeiT-Small,10,384,164,1.679768164023419e-08,1.679768164023419e-08,0.001022539169465775
deit_small,DeiT-Small,10,384,165,1.667926811566595e-08,1.667926811566595e-08,0.0010153308850335053
deit_small,DeiT-Small,10,384,166,1.62025152445422e-08,1.62025152445422e-08,0.0009863091131413868
deit_small,DeiT-Small,10,384,167,1.6078256262871853e-08,1.6078256262871853e-08,0.0009787449933636
deit_small,DeiT-Small,10,384,168,1.5960009358690264e-08,1.5960009358690264e-08,0.0009715468517519547
deit_small,DeiT-Small,10,384,169,1.560149213430972e-08,1.560149213430972e-08,0.0009497225361881227
deit_small,DeiT-Small,10,384,170,1.531933871002467e-08,1.531933871002467e-08,0.0009325467773953555
deit_small,DeiT-Small,10,384,171,1.5245122355361103e-08,1.5245122355361103e-08,0.0009280289438464275
deit_small,DeiT-Small,10,384,172,1.494352378503002e-08,1.494352378503002e-08,0.0009096694845934475
deit_small,DeiT-Small,10,384,173,1.4749178017462063e-08,1.4749178017462063e-08,0.0008978389139221868
deit_small,DeiT-Small,10,384,174,1.450188722959428e-08,1.450188722959428e-08,0.0008827853772342909
deit_small,DeiT-Small,10,384,175,1.4272783901584041e-08,1.4272783901584041e-08,0.0008688389808349026
deit_small,DeiT-Small,10,384,176,1.4142172240348549e-08,1.4142172240348549e-08,0.0008608881491390339
deit_small,DeiT-Small,10,384,177,1.3922221375594967e-08,1.3922221375594967e-08,0.0008474988982063516
deit_small,DeiT-Small,10,384,178,1.3586650960785563e-08,1.3586650960785563e-08,0.0008270714427630592
deit_small,DeiT-Small,10,384,179,1.3468751781212932e-08,1.3468751781212932e-08,0.0008198944684791714
deit_small,DeiT-Small,10,384,180,1.3312602343750329e-08,1.3312602343750329e-08,0.0008103890546062763
deit_small,DeiT-Small,10,384,181,1.3173977502588743e-08,1.3173977502588743e-08,0.0008019504299802938
deit_small,DeiT-Small,10,384,182,1.2953642617133726e-08,1.2953642617133726e-08,0.0007885378022377925
deit_small,DeiT-Small,10,384,183,1.2772494263080744e-08,1.2772494263080744e-08,0.0007775106086362805
deit_small,DeiT-Small,10,384,184,1.2588957110143801e-08,1.2588957110143801e-08,0.0007663379997042993
deit_small,DeiT-Small,10,384,185,1.2521885761506534e-08,1.2521885761506534e-08,0.0007622551100175328
deit_small,DeiT-Small,10,384,186,1.2117553283997046e-08,1.2117553283997046e-08,0.0007376418446517756
deit_small,DeiT-Small,10,384,187,1.1952753600644541e-08,1.1952753600644541e-08,0.0007276098572053732
deit_small,DeiT-Small,10,384,188,1.1653361538353895e-08,1.1653361538353895e-08,0.0007093847165415539
deit_small,DeiT-Small,10,384,189,1.1552253125979509e-08,1.1552253125979509e-08,0.0007032298605185852
deit_small,DeiT-Small,10,384,190,1.1277611877176637e-08,1.1277611877176637e-08,0.0006865113965979881
deit_small,DeiT-Small,10,384,191,1.1118944358167613e-08,1.1118944358167613e-08,0.0006768526974641699
deit_small,DeiT-Small,10,384,192,1.0940991578471896e-08,1.0940991578471896e-08,0.0006660200307038748
deit_small,DeiT-Small,10,384,193,1.0753873092654718e-08,1.0753873092654718e-08,0.00065462941233301
deit_small,DeiT-Small,10,384,194,1.0706033351390414e-08,1.0706033351390414e-08,0.000651717224190172
deit_small,DeiT-Small,10,384,195,1.0421809330743249e-08,1.0421809330743249e-08,0.0006344154202722639
deit_small,DeiT-Small,10,384,196,1.027519835567154e-08,1.027519835567154e-08,0.0006254906491106703
deit_small,DeiT-Small,10,384,197,1.0247432265531043e-08,1.0247432265531043e-08,0.0006238004209375413
deit_small,DeiT-Small,10,384,198,1.0113794913943586e-08,1.0113794913943586e-08,0.0006156654038900377
deit_small,DeiT-Small,10,384,199,9.962820102465442e-09,9.962820102465442e-09,0.0006064749893051259
deit_small,DeiT-Small,10,384,200,9.766669316436216e-09,9.766669316436216e-09,0.0005945345402519678
deit_small,DeiT-Small,10,384,201,9.60002096274159e-09,9.60002096274159e-09,0.0005843900171666163
deit_small,DeiT-Small,10,384,202,9.408685544545669e-09,9.408685544545669e-09,0.0005727426979828294
deit_small,DeiT-Small,10,384,203,9.31526584134421e-09,9.31526584134421e-09,0.000567055883113416
deit_small,DeiT-Small,10,384,204,9.220472019243934e-09,9.220472019243934e-09,0.0005612854203676086
deit_small,DeiT-Small,10,384,205,9.050193888840611e-09,9.050193888840611e-09,0.0005509199388821308
deit_small,DeiT-Small,10,384,206,8.87496847940269e-09,8.87496847940269e-09,0.0005402532975876089
deit_small,DeiT-Small,10,384,207,8.822483953081581e-09,8.822483953081581e-09,0.0005370583636018591
deit_small,DeiT-Small,10,384,208,8.77483235993964e-09,8.77483235993964e-09,0.000534157628755309
deit_small,DeiT-Small,10,384,209,8.636431386387867e-09,8.636431386387867e-09,0.0005257326318075212
deit_small,DeiT-Small,10,384,210,8.557288975991471e-09,8.557288975991471e-09,0.0005209149303931537
deit_small,DeiT-Small,10,384,211,8.508927110025075e-09,8.508927110025075e-09,0.0005179709585214256
deit_small,DeiT-Small,10,384,212,8.387343026159365e-09,8.387343026159365e-09,0.0005105696700103661
deit_small,DeiT-Small,10,384,213,8.187658094718206e-09,8.187658094718206e-09,0.0004984140840001155
deit_small,DeiT-Small,10,384,214,8.017234579555824e-09,8.017234579555824e-09,0.0004880397523879378
deit_small,DeiT-Small,10,384,215,7.828605447049845e-09,7.828605447049845e-09,0.0004765571751715843
deit_small,DeiT-Small,10,384,216,7.751290991739114e-09,7.751290991739114e-09,0.00047185074837922416
deit_small,DeiT-Small,10,384,217,7.706181096704002e-09,7.706181096704002e-09,0.00046910473642401435
deit_small,DeiT-Small,10,384,218,7.678638729755635e-09,7.678638729755635e-09,0.0004674281271378228
deit_small,DeiT-Small,10,384,219,7.522650663785207e-09,7.522650663785207e-09,0.00045793253656525683
deit_small,DeiT-Small,10,384,220,7.381079779720894e-09,7.381079779720894e-09,0.0004493145750327009
deit_small,DeiT-Small,10,384,221,7.334031263281637e-09,7.334031263281637e-09,0.00044645055177313617
deit_small,DeiT-Small,10,384,222,7.269304040613496e-09,7.269304040613496e-09,0.0004425103580055405
deit_small,DeiT-Small,10,384,223,7.117525180793594e-09,7.117525180793594e-09,0.000433270997920815
deit_small,DeiT-Small,10,384,224,7.085436722842668e-09,7.085436722842668e-09,0.00043131765067651524
deit_small,DeiT-Small,10,384,225,6.974047839855476e-09,6.974047839855476e-09,0.000424536983061966
deit_small,DeiT-Small,10,384,226,6.829766395645026e-09,6.829766395645026e-09,0.0004157540193594691
deit_small,DeiT-Small,10,384,227,6.676812393276547e-09,6.676812393276547e-09,0.0004064431238503106
deit_small,DeiT-Small,10,384,228,6.612663638457258e-09,6.612663638457258e-09,0.00040253814363458456
deit_small,DeiT-Small,10,384,229,6.476203855526746e-09,6.476203855526746e-09,0.0003942313143892304
deit_small,DeiT-Small,10,384,230,6.420875224132662e-09,6.420875224132662e-09,0.0003908632488427401
deit_small,DeiT-Small,10,384,231,6.304027121213212e-09,6.304027121213212e-09,0.0003837502576174082
deit_small,DeiT-Small,10,384,232,6.26582569627532e-09,6.26582569627532e-09,0.00038142479067708717
deit_small,DeiT-Small,10,384,233,6.212585350050521e-09,6.212585350050521e-09,0.0003781838470411285
deit_small,DeiT-Small,10,384,234,6.085246355787209e-09,6.085246355787209e-09,0.00037043223510899534
deit_small,DeiT-Small,10,384,235,6.071131275071752e-09,6.071131275071752e-09,0.00036957299612466103
deit_small,DeiT-Small,10,384,236,6.029965410751472e-09,6.029965410751472e-09,0.0003670670724136427
deit_small,DeiT-Small,10,384,237,5.883411195680397e-09,5.883411195680397e-09,0.00035814575645051934
deit_small,DeiT-Small,10,384,238,5.829969671896815e-09,5.829969671896815e-09,0.0003548925663666116
deit_small,DeiT-Small,10,384,239,5.767885573090552e-09,5.767885573090552e-09,0.0003511132696642423
deit_small,DeiT-Small,10,384,240,5.671935777984311e-09,5.671935777984311e-09,0.00034527243841742626
deit_small,DeiT-Small,10,384,241,5.630473702370235e-09,5.630473702370235e-09,0.0003427484831912958
deit_small,DeiT-Small,10,384,242,5.541111353015281e-09,5.541111353015281e-09,0.0003373086549788085
deit_small,DeiT-Small,10,384,243,5.525923331253153e-09,5.525923331253153e-09,0.0003363841019666074
deit_small,DeiT-Small,10,384,244,5.431500970497988e-09,5.431500970497988e-09,0.0003306362514945325
deit_small,DeiT-Small,10,384,245,5.358988742193828e-09,5.358988742193828e-09,0.0003262221546391277
deit_small,DeiT-Small,10,384,246,5.250575715851179e-09,5.250575715851179e-09,0.0003196226388077193
deit_small,DeiT-Small,10,384,247,5.194075608281711e-09,5.194075608281711e-09,0.0003161832610229642
deit_small,DeiT-Small,10,384,248,5.174442009847466e-09,5.174442009847466e-09,0.0003149880887446368
deit_small,DeiT-Small,10,384,249,5.088160318333071e-09,5.088160318333071e-09,0.0003097357919651866
deit_small,DeiT-Small,10,384,250,5.0084831272055446e-09,5.0084831272055446e-09,0.0003048855364010044
deit_small,DeiT-Small,10,384,251,4.979616637472814e-09,4.979616637472814e-09,0.0003031283226932509
deit_small,DeiT-Small,10,384,252,4.830090246045938e-09,4.830090246045938e-09,0.0002940260789802476
deit_small,DeiT-Small,10,384,253,4.766224591510592e-09,4.766224591510592e-09,0.0002901383321622856
deit_small,DeiT-Small,10,384,254,4.7438836768239555e-09,4.7438836768239555e-09,0.00028877835518224435
deit_small,DeiT-Small,10,384,255,4.680740044100165e-09,4.680740044100165e-09,0.0002849345605952708
deit_small,DeiT-Small,10,384,256,4.638278484081828e-09,4.638278484081828e-09,0.0002823497629282301
deit_small,DeiT-Small,10,384,257,4.525696111943296e-09,4.525696111943296e-09,0.00027549644306132154
deit_small,DeiT-Small,10,384,258,4.509535671568535e-09,4.509535671568535e-09,0.0002745126952065325
deit_small,DeiT-Small,10,384,259,4.491433415053087e-09,4.491433415053087e-09,0.00027341074157154834
deit_small,DeiT-Small,10,384,260,4.4258058296905566e-09,4.4258058296905566e-09,0.00026941573928088044
deit_small,DeiT-Small,10,384,261,4.334017665131591e-09,4.334017665131591e-09,0.0002638282424128541
deit_small,DeiT-Small,10,384,262,4.255787853056193e-09,4.255787853056193e-09,0.00025906609435097865
deit_small,DeiT-Small,10,384,263,4.234127107851184e-09,4.234127107851184e-09,0.0002577475218904263
deit_small,DeiT-Small,10,384,264,4.180644127194427e-09,4.180644127194427e-09,0.00025449180816798476
deit_small,DeiT-Small,10,384,265,4.13402996894477e-09,4.13402996894477e-09,0.000251654225953795
deit_small,DeiT-Small,10,384,266,4.0650749985498716e-09,4.0650749985498716e-09,0.00024745667300165116
deit_small,DeiT-Small,10,384,267,3.99663147773079e-09,3.99663147773079e-09,0.0002432902539426053
deit_small,DeiT-Small,10,384,268,3.920064276870205e-09,3.920064276870205e-09,0.00023862931538851502
deit_small,DeiT-Small,10,384,269,3.8944164672775535e-09,3.8944164672775535e-09,0.0002370680350594088
deit_small,DeiT-Small,10,384,270,3.889325923295176e-09,3.889325923295176e-09,0.00023675815416469048
deit_small,DeiT-Small,10,384,271,3.84642811001368e-09,3.84642811001368e-09,0.0002341468000918943
deit_small,DeiT-Small,10,384,272,3.795296174000341e-09,3.795296174000341e-09,0.000231034203454807
deit_small,DeiT-Small,10,384,273,3.747923863806729e-09,3.747923863806729e-09,0.0002281504696301924
deit_small,DeiT-Small,10,384,274,3.670273300631332e-09,3.670273300631332e-09,0.0002234235826657593
deit_small,DeiT-Small,10,384,275,3.640578572374259e-09,3.640578572374259e-09,0.00022161595090919767
deit_small,DeiT-Small,10,384,276,3.559294096198659e-09,3.559294096198659e-09,0.00021666785375274388
deit_small,DeiT-Small,10,384,277,3.553152647772067e-09,3.553152647772067e-09,0.00021629400028248867
deit_small,DeiT-Small,10,384,278,3.4744798866211987e-09,3.4744798866211987e-09,0.00021150488821513634
deit_small,DeiT-Small,10,384,279,3.453808531394789e-09,3.453808531394789e-09,0.0002102465437091709
deit_small,DeiT-Small,10,384,280,3.448892344424861e-09,3.448892344424861e-09,0.0002099472765930989
deit_small,DeiT-Small,10,384,281,3.3855830073132224e-09,3.3855830073132224e-09,0.00020609339494585385
deit_small,DeiT-Small,10,384,282,3.3376278512906995e-09,3.3376278512906995e-09,0.00020317418106496804
deit_small,DeiT-Small,10,384,283,3.2932764664340945e-09,3.2932764664340945e-09,0.00020047434252729127
deit_small,DeiT-Small,10,384,284,3.22898912323364e-09,3.22898912323364e-09,0.00019656092590639873
deit_small,DeiT-Small,10,384,285,3.206079734958363e-09,3.206079734958363e-09,0.00019516634376335698
deit_small,DeiT-Small,10,384,286,3.1765241021186343e-09,3.1765241021186343e-09,0.00019336717927719458
deit_small,DeiT-Small,10,384,287,3.1523704068923762e-09,3.1523704068923762e-09,0.00019189685140783968
deit_small,DeiT-Small,10,384,288,3.095544654971593e-09,3.095544654971593e-09,0.00018843765040511514
deit_small,DeiT-Small,10,384,289,3.075293395987282e-09,3.075293395987282e-09,0.00018720487876519704
deit_small,DeiT-Small,10,384,290,3.0223921468576416e-09,3.0223921468576416e-09,0.00018398457726721183
deit_small,DeiT-Small,10,384,291,3.0150440287862075e-09,3.0150440287862075e-09,0.00018353726919751348
deit_small,DeiT-Small,10,384,292,2.9206793655556216e-09,2.9206793655556216e-09,0.00017779293099457946
deit_small,DeiT-Small,10,384,293,2.9081313036338143e-09,2.9081313036338143e-09,0.00017702908244150313
deit_small,DeiT-Small,10,384,294,2.8907026801103892e-09,2.8907026801103892e-09,0.00017596813542486908
deit_small,DeiT-Small,10,384,295,2.8300764979010262e-09,2.8300764979010262e-09,0.000172277587685486
deit_small,DeiT-Small,10,384,296,2.77324156644755e-09,2.77324156644755e-09,0.00016881782788947457
deit_small,DeiT-Small,10,384,297,2.766128899513761e-09,2.766128899513761e-09,0.00016838485263164237
deit_small,DeiT-Small,10,384,298,2.723993395410139e-09,2.723993395410139e-09,0.00016581990323601028
deit_small,DeiT-Small,10,384,299,2.7198850446440898e-09,2.7198850446440898e-09,0.00016556981220141608
deit_small,DeiT-Small,10,384,300,2.6946089119609065e-09,2.6946089119609065e-09,0.00016403115726826967
deit_small,DeiT-Small,10,384,301,2.649844777432119e-09,2.649844777432119e-09,0.00016130619307837314
deit_small,DeiT-Small,10,384,302,2.602164688215398e-09,2.602164688215398e-09,0.00015840372356669118
deit_small,DeiT-Small,10,384,303,2.5526415619392376e-09,2.5526415619392376e-09,0.00015538906133553653
deit_small,DeiT-Small,10,384,304,2.536916782072244e-09,2.536916782072244e-09,0.00015443183380321358
deit_small,DeiT-Small,10,384,305,2.47929772669599e-09,2.47929772669599e-09,0.00015092434138302648
deit_small,DeiT-Small,10,384,306,2.4653811273096264e-09,2.4653811273096264e-09,0.0001500771847168211
deit_small,DeiT-Small,10,384,307,2.4413338013168176e-09,2.4413338013168176e-09,0.00014861333194980222
deit_small,DeiT-Small,10,384,308,2.4086841992889436e-09,2.4086841992889436e-09,0.00014662582571793004
deit_small,DeiT-Small,10,384,309,2.345372106427619e-09,2.345372106427619e-09,0.0001427717763176548
deit_small,DeiT-Small,10,384,310,2.3277885374693087e-09,2.3277885374693087e-09,0.00014170139717939272
deit_small,DeiT-Small,10,384,311,2.289753279354083e-09,2.289753279354083e-09,0.0001393860454495205
deit_small,DeiT-Small,10,384,312,2.285362113853683e-09,2.285362113853683e-09,0.00013911873839965883
deit_small,DeiT-Small,10,384,313,2.248554805717734e-09,2.248554805717734e-09,0.0001368781366846308
deit_small,DeiT-Small,10,384,314,2.2166150167542366e-09,2.2166150167542366e-09,0.00013493383949058114
deit_small,DeiT-Small,10,384,315,2.211564309614378e-09,2.211564309614378e-09,0.00013462638361693034
deit_small,DeiT-Small,10,384,316,2.174002887268032e-09,2.174002887268032e-09,0.00013233987608377232
deit_small,DeiT-Small,10,384,317,2.156175659171336e-09,2.156175659171336e-09,0.00013125466448122533
deit_small,DeiT-Small,10,384,318,2.1420990549509258e-09,2.1420990549509258e-09,0.00013039776770840163
deit_small,DeiT-Small,10,384,319,2.081182679574234e-09,2.081182679574234e-09,0.00012668955480029705
deit_small,DeiT-Small,10,384,320,2.0689797599120333e-09,2.0689797599120333e-09,0.00012594671637749014
deit_small,DeiT-Small,10,384,321,2.04034363024739e-09,2.04034363024739e-09,0.0001242035255687143
deit_small,DeiT-Small,10,384,322,2.015618138613755e-09,2.015618138613755e-09,0.0001226983902636653
deit_small,DeiT-Small,10,384,323,1.9821339923450623e-09,1.9821339923450623e-09,0.00012066008212988987
deit_small,DeiT-Small,10,384,324,1.977246963916336e-09,1.977246963916336e-09,0.00012036259000581627
deit_small,DeiT-Small,10,384,325,1.9494243063419534e-09,1.9494243063419534e-09,0.00011866891835649198
deit_small,DeiT-Small,10,384,326,1.9003874489142124e-09,1.9003874489142124e-09,0.00011568385717118696
deit_small,DeiT-Small,10,384,327,1.8738135135932534e-09,1.8738135135932534e-09,0.00011406620002453372
deit_small,DeiT-Small,10,384,328,1.8587857479556436e-09,1.8587857479556436e-09,0.00011315140241596364
deit_small,DeiT-Small,10,384,329,1.8506700711315976e-09,1.8506700711315976e-09,0.0001126573701073958
deit_small,DeiT-Small,10,384,330,1.8335504660946338e-09,1.8335504660946338e-09,0.00011161523422870706
deit_small,DeiT-Small,10,384,331,1.8148702258150962e-09,1.8148702258150962e-09,0.00011047809650994546
deit_small,DeiT-Small,10,384,332,1.762795488411848e-09,1.762795488411848e-09,0.00010730810794396838
deit_small,DeiT-Small,10,384,333,1.7191150521554625e-09,1.7191150521554625e-09,0.00010464911261543894
deit_small,DeiT-Small,10,384,334,1.7178743494131145e-09,1.7178743494131145e-09,0.00010457358629109929
deit_small,DeiT-Small,10,384,335,1.680508683411997e-09,1.680508683411997e-09,0.00010229899519587328
deit_small,DeiT-Small,10,384,336,1.6617487552676468e-09,1.6617487552676468e-09,0.00010115700657179944
deit_small,DeiT-Small,10,384,337,1.6491969695409083e-09,1.6491969695409083e-09,0.00010039293133646521
deit_small,DeiT-Small,10,384,338,1.6259908375812957e-09,1.6259908375812957e-09,9.898028526966163e-05
deit_small,DeiT-Small,10,384,339,1.6114426797972106e-09,1.6114426797972106e-09,9.809468322668898e-05
deit_small,DeiT-Small,10,384,340,1.5947407144693425e-09,1.5947407144693425e-09,9.707797067548206e-05
deit_small,DeiT-Small,10,384,341,1.5910436712634155e-09,1.5910436712634155e-09,9.685291750622727e-05
deit_small,DeiT-Small,10,384,342,1.5667536648291596e-09,1.5667536648291596e-09,9.537429185195178e-05
deit_small,DeiT-Small,10,384,343,1.5502341604695998e-09,1.5502341604695998e-09,9.436868639819971e-05
deit_small,DeiT-Small,10,384,344,1.5147258267813904e-09,1.5147258267813904e-09,9.220715822923575e-05
deit_small,DeiT-Small,10,384,345,1.50929047599144e-09,1.50929047599144e-09,9.187628762449714e-05
deit_small,DeiT-Small,10,384,346,1.487525385579325e-09,1.487525385579325e-09,9.055136327183859e-05
deit_small,DeiT-Small,10,384,347,1.468556626350981e-09,1.468556626350981e-09,8.939666230044449e-05
deit_small,DeiT-Small,10,384,348,1.4549459973710163e-09,1.4549459973710163e-09,8.856813122388542e-05
deit_small,DeiT-Small,10,384,349,1.43409707866409e-09,1.43409707866409e-09,8.729897774929065e-05
deit_small,DeiT-Small,10,384,350,1.3777144594769168e-09,1.3777144594769168e-09,8.38667519320169e-05
deit_small,DeiT-Small,10,384,351,1.3677701920577763e-09,1.3677701920577763e-09,8.326140631555052e-05
deit_small,DeiT-Small,10,384,352,1.3279006880363195e-09,1.3279006880363195e-09,8.083439701734689e-05
deit_small,DeiT-Small,10,384,353,1.3185191401254738e-09,1.3185191401254738e-09,8.026330629098842e-05
deit_small,DeiT-Small,10,384,354,1.3047760377391328e-09,1.3047760377391328e-09,7.94267110511815e-05
deit_small,DeiT-Small,10,384,355,1.279961274578644e-09,1.279961274578644e-09,7.791614144663323e-05
deit_small,DeiT-Small,10,384,356,1.2623844973905602e-09,1.2623844973905602e-09,7.684617574941828e-05
deit_small,DeiT-Small,10,384,357,1.2468904962375706e-09,1.2468904962375706e-09,7.590299660065219e-05
deit_small,DeiT-Small,10,384,358,1.230632859781701e-09,1.230632859781701e-09,7.49133320484176e-05
deit_small,DeiT-Small,10,384,359,1.2102851731453631e-09,1.2102851731453631e-09,7.367469048827307e-05
deit_small,DeiT-Small,10,384,360,1.1813158131583364e-09,1.1813158131583364e-09,7.191121467443593e-05
deit_small,DeiT-Small,10,384,361,1.1678802622562057e-09,1.1678802622562057e-09,7.109334127053277e-05
deit_small,DeiT-Small,10,384,362,1.157813142980224e-09,1.157813142980224e-09,7.04805171913623e-05
deit_small,DeiT-Small,10,384,363,1.1484318765515798e-09,1.1484318765515798e-09,6.990944359990274e-05
deit_small,DeiT-Small,10,384,364,1.1152977925211298e-09,1.1152977925211298e-09,6.789244509432603e-05
deit_small,DeiT-Small,10,384,365,1.1107277553136576e-09,1.1107277553136576e-09,6.761424943907778e-05
deit_small,DeiT-Small,10,384,366,1.0738951916962698e-09,1.0738951916962698e-09,6.537211032623686e-05
deit_small,DeiT-Small,10,384,367,1.0650975412241694e-09,1.0650975412241694e-09,6.483656367166493e-05
deit_small,DeiT-Small,10,384,368,1.052868496999984e-09,1.052868496999984e-09,6.409213494678619e-05
deit_small,DeiT-Small,10,384,369,1.0346366833205705e-09,1.0346366833205705e-09,6.298229467139075e-05
deit_small,DeiT-Small,10,384,370,1.020267359560921e-09,1.020267359560921e-09,6.210757893991842e-05
deit_small,DeiT-Small,10,384,371,1.0022142104053567e-09,1.0022142104053567e-09,6.100861465787389e-05
deit_small,DeiT-Small,10,384,372,9.9622782675058e-10,9.9622782675058e-10,6.064420057374237e-05
deit_small,DeiT-Small,10,384,373,9.616285217874256e-10,9.616285217874256e-10,5.853800846230384e-05
deit_small,DeiT-Small,10,384,374,9.239108562702716e-10,9.239108562702716e-10,5.624198980936545e-05
deit_small,DeiT-Small,10,384,375,9.147788872136949e-10,9.147788872136949e-10,5.56860919030536e-05
deit_small,DeiT-Small,10,384,376,8.87864789068506e-10,8.87864789068506e-10,5.40477277434196e-05
deit_small,DeiT-Small,10,384,377,8.703837918491684e-10,8.703837918491684e-10,5.2983592539470964e-05
deit_small,DeiT-Small,10,384,378,8.581620384170553e-10,8.581620384170553e-10,5.2239607633008944e-05
deit_small,DeiT-Small,10,384,379,8.477952968292581e-10,8.477952968292581e-10,5.1608544397004863e-05
deit_small,DeiT-Small,10,384,380,8.101584789121496e-10,8.101584789121496e-10,4.931744724690087e-05
deit_small,DeiT-Small,10,384,381,7.938455378190373e-10,7.938455378190373e-10,4.8324416089735624e-05
deit_small,DeiT-Small,10,384,382,7.655014789033983e-10,7.655014789033983e-10,4.659900474526378e-05
deit_small,DeiT-Small,10,384,383,7.225214964127972e-10,7.225214964127972e-10,4.398264871823171e-05
deit_small,DeiT-Small,10,384,384,2.955097058669169e-21,2.955097058669169e-21,1.798880676976682e-16
vit_base,ViT-B/16 AugReg,5,768,1,3.410233568269675e-05,3.410233568269675e-05,1.0
vit_base,ViT-B/16 AugReg,5,768,2,2.5726938802501782e-05,2.5726938802501782e-05,0.7544040103844097
vit_base,ViT-B/16 AugReg,5,768,3,2.3269837657457575e-05,2.3269837657457575e-05,0.6823531934577872
vit_base,ViT-B/16 AugReg,5,768,4,2.2438731024857372e-05,2.2438731024857372e-05,0.6579822342269244
vit_base,ViT-B/16 AugReg,5,768,5,2.1048686430950762e-05,2.1048686430950762e-05,0.6172212550717076
vit_base,ViT-B/16 AugReg,5,768,6,1.9502130755091864e-05,1.9502130755091864e-05,0.5718708224723472
vit_base,ViT-B/16 AugReg,5,768,7,1.6661409204821776e-05,1.6661409204821776e-05,0.4885709107976332
vit_base,ViT-B/16 AugReg,5,768,8,1.651016635523586e-05,1.651016635523586e-05,0.4841359403899419
vit_base,ViT-B/16 AugReg,5,768,9,1.552047194246781e-05,1.552047194246781e-05,0.4551146316450921
vit_base,ViT-B/16 AugReg,5,768,10,1.516000269871519e-05,1.516000269871519e-05,0.44454441008881557
vit_base,ViT-B/16 AugReg,5,768,11,1.5043405714099659e-05,1.5043405714099659e-05,0.4411253778647356
vit_base,ViT-B/16 AugReg,5,768,12,1.3738454310800701e-05,1.3738454310800701e-05,0.40285962928256214
vit_base,ViT-B/16 AugReg,5,768,13,1.280711242336295e-05,1.280711242336295e-05,0.3755494210873414
vit_base,ViT-B/16 AugReg,5,768,14,1.2356506066749541e-05,1.2356506066749541e-05,0.36233606348022473
vit_base,ViT-B/16 AugReg,5,768,15,1.2138798092434689e-05,1.2138798092434689e-05,0.3559521026764691
vit_base,ViT-B/16 AugReg,5,768,16,1.1499502829369162e-05,1.1499502829369162e-05,0.337205725037887
vit_base,ViT-B/16 AugReg,5,768,17,1.1429788786529319e-05,1.1429788786529319e-05,0.3351614649763917
vit_base,ViT-B/16 AugReg,5,768,18,1.058214543875387e-05,1.058214543875387e-05,0.310305591300691
vit_base,ViT-B/16 AugReg,5,768,19,1.041413157691562e-05,1.041413157691562e-05,0.3053788360367254
vit_base,ViT-B/16 AugReg,5,768,20,9.865943227386387e-06,9.865943227386387e-06,0.28930403240363056
vit_base,ViT-B/16 AugReg,5,768,21,9.761087049010404e-06,9.761087049010404e-06,0.2862292817662663
vit_base,ViT-B/16 AugReg,5,768,22,9.403871830893804e-06,9.403871830893804e-06,0.2757544796459573
vit_base,ViT-B/16 AugReg,5,768,23,9.241118364069212e-06,9.241118364069212e-06,0.2709819775997948
vit_base,ViT-B/16 AugReg,5,768,24,8.951566290156441e-06,8.951566290156441e-06,0.2624912960052292
vit_base,ViT-B/16 AugReg,5,768,25,8.702022709131766e-06,8.702022709131766e-06,0.25517380363911857
vit_base,ViT-B/16 AugReg,5,768,26,8.495070560626627e-06,8.495070560626627e-06,0.24910524134383435
vit_base,ViT-B/16 AugReg,5,768,27,8.353101509592254e-06,8.353101509592254e-06,0.24494221121137316
vit_base,ViT-B/16 AugReg,5,768,28,8.039214619158402e-06,8.039214619158402e-06,0.2357379475106579
vit_base,ViT-B/16 AugReg,5,768,29,7.654033901674675e-06,7.654033901674675e-06,0.22444309893877065
vit_base,ViT-B/16 AugReg,5,768,30,7.449599826714401e-06,7.449599826714401e-06,0.21844837538486458
vit_base,ViT-B/16 AugReg,5,768,31,7.212908356209615e-06,7.212908356209615e-06,0.21150775194173538
vit_base,ViT-B/16 AugReg,5,768,32,7.204195519039862e-06,7.204195519039862e-06,0.21125226102020964
vit_base,ViT-B/16 AugReg,5,768,33,7.021730137105484e-06,7.021730137105484e-06,0.20590173653906801
vit_base,ViT-B/16 AugReg,5,768,34,6.961282150385295e-06,6.961282150385295e-06,0.20412918971756513
vit_base,ViT-B/16 AugReg,5,768,35,6.899345490489364e-06,6.899345490489364e-06,0.20231298978122594
vit_base,ViT-B/16 AugReg,5,768,36,6.685123054447948e-06,6.685123054447948e-06,0.19603123717534474
vit_base,ViT-B/16 AugReg,5,768,37,6.626583620851522e-06,6.626583620851522e-06,0.19431465582029905
vit_base,ViT-B/16 AugReg,5,768,38,6.515397540028959e-06,6.515397540028959e-06,0.19105429025891676
vit_base,ViT-B/16 AugReg,5,768,39,6.254040462759999e-06,6.254040462759999e-06,0.1833903847803964
vit_base,ViT-B/16 AugReg,5,768,40,6.1768923018163145e-06,6.1768923018163145e-06,0.18112813032188937
vit_base,ViT-B/16 AugReg,5,768,41,6.033242885695311e-06,6.033242885695311e-06,0.1769158259959458
vit_base,ViT-B/16 AugReg,5,768,42,5.7646767862558416e-06,5.7646767862558416e-06,0.16904052672206826
vit_base,ViT-B/16 AugReg,5,768,43,5.713082254534512e-06,5.713082254534512e-06,0.16752759422966107
vit_base,ViT-B/16 AugReg,5,768,44,5.645919672052881e-06,5.645919672052881e-06,0.16555815192792134
vit_base,ViT-B/16 AugReg,5,768,45,5.567810362122246e-06,5.567810362122246e-06,0.163267713212597
vit_base,ViT-B/16 AugReg,5,768,46,5.4846725309917615e-06,5.4846725309917615e-06,0.160829820632334
vit_base,ViT-B/16 AugReg,5,768,47,5.345908237272807e-06,5.345908237272807e-06,0.15676076521601065
vit_base,ViT-B/16 AugReg,5,768,48,5.317131097942258e-06,5.317131097942258e-06,0.15591691863616625
vit_base,ViT-B/16 AugReg,5,768,49,5.255091984133991e-06,5.255091984133991e-06,0.15409771439204917
vit_base,ViT-B/16 AugReg,5,768,50,5.169935225773514e-06,5.169935225773514e-06,0.15160061978970837
vit_base,ViT-B/16 AugReg,5,768,51,5.029890985326906e-06,5.029890985326906e-06,0.14749403184952614
vit_base,ViT-B/16 AugReg,5,768,52,4.977732870072606e-06,4.977732870072606e-06,0.14596457311275216
vit_base,ViT-B/16 AugReg,5,768,53,4.883343527224235e-06,4.883343527224235e-06,0.1431967467759695
vit_base,ViT-B/16 AugReg,5,768,54,4.821525973268798e-06,4.821525973268798e-06,0.14138403944323386
vit_base,ViT-B/16 AugReg,5,768,55,4.679300491328604e-06,4.679300491328604e-06,0.13721348985790566
vit_base,ViT-B/16 AugReg,5,768,56,4.667988608036781e-06,4.667988608036781e-06,0.13688178579525512
vit_base,ViT-B/16 AugReg,5,768,57,4.648435074420984e-06,4.648435074420984e-06,0.1363084076607563
vit_base,ViT-B/16 AugReg,5,768,58,4.58488622379147e-06,4.58488622379147e-06,0.1344449326418954
vit_base,ViT-B/16 AugReg,5,768,59,4.513150299604037e-06,4.513150299604037e-06,0.13234138393324105
vit_base,ViT-B/16 AugReg,5,768,60,4.491020273426056e-06,4.491020273426056e-06,0.13169245400703636
vit_base,ViT-B/16 AugReg,5,768,61,4.3787564822211305e-06,4.3787564822211305e-06,0.12840048620021285
vit_base,ViT-B/16 AugReg,5,768,62,4.317298361648305e-06,4.317298361648305e-06,0.12659831871395447
vit_base,ViT-B/16 AugReg,5,768,63,4.302808281841621e-06,4.302808281841621e-06,0.12617341879092556
vit_base,ViT-B/16 AugReg,5,768,64,4.24810780802729e-06,4.24810780802729e-06,0.12456940919101755
vit_base,ViT-B/16 AugReg,5,768,65,4.2162005401736505e-06,4.2162005401736505e-06,0.12363377627277644
vit_base,ViT-B/16 AugReg,5,768,66,4.1305023462440475e-06,4.1305023462440475e-06,0.12112080488199028
vit_base,ViT-B/16 AugReg,5,768,67,4.128507525968534e-06,4.128507525968534e-06,0.12106230976030495
vit_base,ViT-B/16 AugReg,5,768,68,4.085385837698163e-06,4.085385837698163e-06,0.11979783073248719
vit_base,ViT-B/16 AugReg,5,768,69,4.0278430722209165e-06,4.0278430722209165e-06,0.11811047517969897
vit_base,ViT-B/16 AugReg,5,768,70,3.9780294523165154e-06,3.9780294523165154e-06,0.11664976526329063
vit_base,ViT-B/16 AugReg,5,768,71,3.8849210517846465e-06,3.8849210517846465e-06,0.11391950064452108
vit_base,ViT-B/16 AugReg,5,768,72,3.8312189647406605e-06,3.8312189647406605e-06,0.11234476724374602
vit_base,ViT-B/16 AugReg,5,768,73,3.8064069224521407e-06,3.8064069224521407e-06,0.11161719120557133
vit_base,ViT-B/16 AugReg,5,768,74,3.7497071731208313e-06,3.7497071731208313e-06,0.10995455584068403
vit_base,ViT-B/16 AugReg,5,768,75,3.712035188585852e-06,3.712035188585852e-06,0.10884988122585718
vit_base,ViT-B/16 AugReg,5,768,76,3.6706189157751573e-06,3.6706189157751573e-06,0.10763541095625306
vit_base,ViT-B/16 AugReg,5,768,77,3.6112488172331397e-06,3.6112488172331397e-06,0.10589447159378759
vit_base,ViT-B/16 AugReg,5,768,78,3.566123677331495e-06,3.566123677331495e-06,0.10457124434268347
vit_base,ViT-B/16 AugReg,5,768,79,3.5541638607874213e-06,3.5541638607874213e-06,0.10422054060627806
vit_base,ViT-B/16 AugReg,5,768,80,3.510245015314168e-06,3.510245015314168e-06,0.10293268613549067
vit_base,ViT-B/16 AugReg,5,768,81,3.423638218708809e-06,3.423638218708809e-06,0.10039307132988946
vit_base,ViT-B/16 AugReg,5,768,82,3.3940972992307647e-06,3.3940972992307647e-06,0.09952682803931528
vit_base,ViT-B/16 AugReg,5,768,83,3.3561064813769166e-06,3.3561064813769166e-06,0.09841280411417035
vit_base,ViT-B/16 AugReg,5,768,84,3.3097232560606026e-06,3.3097232560606026e-06,0.09705268538952098
vit_base,ViT-B/16 AugReg,5,768,85,3.293860453599524e-06,3.293860453599524e-06,0.0965875324273112
vit_base,ViT-B/16 AugReg,5,768,86,3.292949171858543e-06,3.292949171858543e-06,0.0965608104529145
vit_base,ViT-B/16 AugReg,5,768,87,3.2244125978128004e-06,3.2244125978128004e-06,0.09455107790311387
vit_base,ViT-B/16 AugReg,5,768,88,3.196317128761928e-06,3.196317128761928e-06,0.09372722028490599
vit_base,ViT-B/16 AugReg,5,768,89,3.138577380928975e-06,3.138577380928975e-06,0.09203408851908827
vit_base,ViT-B/16 AugReg,5,768,90,3.1085196154870906e-06,3.1085196154870906e-06,0.09115268949347445
vit_base,ViT-B/16 AugReg,5,768,91,3.0796277182323607e-06,3.0796277182323607e-06,0.09030547780910324
vit_base,ViT-B/16 AugReg,5,768,92,3.0598279316832893e-06,3.0598279316832893e-06,0.08972487867556302
vit_base,ViT-B/16 AugReg,5,768,93,3.031384307667912e-06,3.031384307667912e-06,0.08889081193362401
vit_base,ViT-B/16 AugReg,5,768,94,3.0158601903017585e-06,3.0158601903017585e-06,0.0884355904053804
vit_base,ViT-B/16 AugReg,5,768,95,2.9951339742661637e-06,2.9951339742661637e-06,0.08782782511245618
vit_base,ViT-B/16 AugReg,5,768,96,2.962295164595007e-06,2.962295164595007e-06,0.08686487612336923
vit_base,ViT-B/16 AugReg,5,768,97,2.9373693877163998e-06,2.9373693877163998e-06,0.08613396498840979
vit_base,ViT-B/16 AugReg,5,768,98,2.918291781121012e-06,2.918291781121012e-06,0.08557454270212142
vit_base,ViT-B/16 AugReg,5,768,99,2.863163042919392e-06,2.863163042919392e-06,0.08395797488944835
vit_base,ViT-B/16 AugReg,5,768,100,2.8337275631585864e-06,2.8337275631585864e-06,0.08309482346091611
vit_base,ViT-B/16 AugReg,5,768,101,2.7806248271136473e-06,2.7806248271136473e-06,0.08153766513196672
vit_base,ViT-B/16 AugReg,5,768,102,2.7614323455611444e-06,2.7614323455611444e-06,0.08097487430933574
vit_base,ViT-B/16 AugReg,5,768,103,2.753426872623835e-06,2.753426872623835e-06,0.0807401257861907
vit_base,ViT-B/16 AugReg,5,768,104,2.7077024255162926e-06,2.7077024255162926e-06,0.07939932474742951
vit_base,ViT-B/16 AugReg,5,768,105,2.6839034359589642e-06,2.6839034359589642e-06,0.0787014549657593
vit_base,ViT-B/16 AugReg,5,768,106,2.672859479372762e-06,2.672859479372762e-06,0.078377607453115
vit_base,ViT-B/16 AugReg,5,768,107,2.64889804120583e-06,2.64889804120583e-06,0.07767497410888075
vit_base,ViT-B/16 AugReg,5,768,108,2.600926774375661e-06,2.600926774375661e-06,0.07626828844146738
vit_base,ViT-B/16 AugReg,5,768,109,2.5755412977517552e-06,2.5755412977517552e-06,0.07552389729887517
vit_base,ViT-B/16 AugReg,5,768,110,2.566169965251791e-06,2.566169965251791e-06,0.07524909698645202
vit_base,ViT-B/16 AugReg,5,768,111,2.547525926468829e-06,2.547525926468829e-06,0.07470238842794052
vit_base,ViT-B/16 AugReg,5,768,112,2.514304659168077e-06,2.514304659168077e-06,0.07372822444076213
vit_base,ViT-B/16 AugReg,5,768,113,2.503722674192123e-06,2.503722674192123e-06,0.07341792355479311
vit_base,ViT-B/16 AugReg,5,768,114,2.4794773037603417e-06,2.4794773037603417e-06,0.07270696432146168
vit_base,ViT-B/16 AugReg,5,768,115,2.4643278697180112e-06,2.4643278697180112e-06,0.07226272982141782
vit_base,ViT-B/16 AugReg,5,768,116,2.456558651340264e-06,2.456558651340264e-06,0.07203490910995584
vit_base,ViT-B/16 AugReg,5,768,117,2.4185333963181645e-06,2.4185333963181645e-06,0.0709198753663465
vit_base,ViT-B/16 AugReg,5,768,118,2.3933621681901134e-06,2.3933621681901134e-06,0.07018176674052523
vit_base,ViT-B/16 AugReg,5,768,119,2.385717768383253e-06,2.385717768383253e-06,0.06995760614701084
vit_base,ViT-B/16 AugReg,5,768,120,2.3621716843667824e-06,2.3621716843667824e-06,0.06926715244215162
vit_base,ViT-B/16 AugReg,5,768,121,2.3293750912352313e-06,2.3293750912352313e-06,0.06830544138996138
vit_base,ViT-B/16 AugReg,5,768,122,2.3030410091437227e-06,2.3030410091437227e-06,0.06753323381050018
vit_base,ViT-B/16 AugReg,5,768,123,2.2825151863475812e-06,2.2825151863475812e-06,0.06693134474967095
vit_base,ViT-B/16 AugReg,5,768,124,2.2658315670126354e-06,2.2658315670126354e-06,0.06644212256001868
vit_base,ViT-B/16 AugReg,5,768,125,2.2547363244404387e-06,2.2547363244404387e-06,0.06611677116252404
vit_base,ViT-B/16 AugReg,5,768,126,2.249238107462395e-06,2.249238107462395e-06,0.06595554417123518
vit_base,ViT-B/16 AugReg,5,768,127,2.227143137475837e-06,2.227143137475837e-06,0.06530764221542373
vit_base,ViT-B/16 AugReg,5,768,128,2.213125310343694e-06,2.213125310343694e-06,0.06489659039590699
vit_base,ViT-B/16 AugReg,5,768,129,2.1945872381885815e-06,2.1945872381885815e-06,0.0643529891503032
vit_base,ViT-B/16 AugReg,5,768,130,2.1591257107834158e-06,2.1591257107834158e-06,0.06331313288546798
vit_base,ViT-B/16 AugReg,5,768,131,2.1447586967805636e-06,2.1447586967805636e-06,0.06289184168311372
vit_base,ViT-B/16 AugReg,5,768,132,2.129736259807089e-06,2.129736259807089e-06,0.06245133118221284
vit_base,ViT-B/16 AugReg,5,768,133,2.125385281548906e-06,2.125385281548906e-06,0.06232374525089522
vit_base,ViT-B/16 AugReg,5,768,134,2.1106271241605147e-06,2.1106271241605147e-06,0.061890984353644436
vit_base,ViT-B/16 AugReg,5,768,135,2.0924483638777475e-06,2.0924483638777475e-06,0.06135791939141104
vit_base,ViT-B/16 AugReg,5,768,136,2.080492445778283e-06,2.080492445778283e-06,0.06100732997106436
vit_base,ViT-B/16 AugReg,5,768,137,2.0553127343327224e-06,2.0553127343327224e-06,0.0602689725846424
vit_base,ViT-B/16 AugReg,5,768,138,2.044157636616147e-06,2.044157636616147e-06,0.05994186602454143
vit_base,ViT-B/16 AugReg,5,768,139,2.0344690948640978e-06,2.0344690948640978e-06,0.059657764025130136
vit_base,ViT-B/16 AugReg,5,768,140,2.0294104569831946e-06,2.0294104569831946e-06,0.059509427033553636
vit_base,ViT-B/16 AugReg,5,768,141,2.0150893255601345e-06,2.0150893255601345e-06,0.05908948126924265
vit_base,ViT-B/16 AugReg,5,768,142,1.9682672496861365e-06,1.9682672496861365e-06,0.05771649390821109
vit_base,ViT-B/16 AugReg,5,768,143,1.9661212162740312e-06,1.9661212162740312e-06,0.057653564687407184
vit_base,ViT-B/16 AugReg,5,768,144,1.946479031595581e-06,1.946479031595581e-06,0.05707758699305774
vit_base,ViT-B/16 AugReg,5,768,145,1.945200123701787e-06,1.945200123701787e-06,0.05704008493144843
vit_base,ViT-B/16 AugReg,5,768,146,1.9323395035183367e-06,1.9323395035183367e-06,0.05666296647530774
vit_base,ViT-B/16 AugReg,5,768,147,1.9088711140732405e-06,1.9088711140732405e-06,0.055974791047575856
vit_base,ViT-B/16 AugReg,5,768,148,1.8903138189391273e-06,1.8903138189391273e-06,0.05543062611685737
vit_base,ViT-B/16 AugReg,5,768,149,1.8775147176988502e-06,1.8775147176988502e-06,0.05505531161173474
vit_base,ViT-B/16 AugReg,5,768,150,1.8656065308245584e-06,1.8656065308245584e-06,0.05470612183819281
vit_base,ViT-B/16 AugReg,5,768,151,1.8555368306083046e-06,1.8555368306083046e-06,0.05441084293677249
vit_base,ViT-B/16 AugReg,5,768,152,1.8399256197884793e-06,1.8399256197884793e-06,0.05395306752323252
vit_base,ViT-B/16 AugReg,5,768,153,1.815810661822444e-06,1.815810661822444e-06,0.053245932440450755
vit_base,ViT-B/16 AugReg,5,768,154,1.8085080234370253e-06,1.8085080234370253e-06,0.053031793489577546
vit_base,ViT-B/16 AugReg,5,768,155,1.7917050810594632e-06,1.7917050810594632e-06,0.05253907233012665
vit_base,ViT-B/16 AugReg,5,768,156,1.7742039821863715e-06,1.7742039821863715e-06,0.05202587877541152
vit_base,ViT-B/16 AugReg,5,768,157,1.7604584936491476e-06,1.7604584936491476e-06,0.05162281287795751
vit_base,ViT-B/16 AugReg,5,768,158,1.7517574249341675e-06,1.7517574249341675e-06,0.05136766704877036
vit_base,ViT-B/16 AugReg,5,768,159,1.7349808355120682e-06,1.7349808355120682e-06,0.050875718650332316
vit_base,ViT-B/16 AugReg,5,768,160,1.73278625704761e-06,1.73278625704761e-06,0.050811365918458536
vit_base,ViT-B/16 AugReg,5,768,161,1.7192075214446748e-06,1.7192075214446748e-06,0.050413189801453595
vit_base,ViT-B/16 AugReg,5,768,162,1.709868005632619e-06,1.709868005632619e-06,0.050139322465827245
vit_base,ViT-B/16 AugReg,5,768,163,1.68981868709844e-06,1.68981868709844e-06,0.04955140617995384
vit_base,ViT-B/16 AugReg,5,768,164,1.6834337330258687e-06,1.6834337330258687e-06,0.049364176949323435
vit_base,ViT-B/16 AugReg,5,768,165,1.6706677738762298e-06,1.6706677738762298e-06,0.04898983428645075
vit_base,ViT-B/16 AugReg,5,768,166,1.66020809658991e-06,1.66020809658991e-06,0.048683119890591146
vit_base,ViT-B/16 AugReg,5,768,167,1.6542564960871478e-06,1.6542564960871478e-06,0.04850859810539324
vit_base,ViT-B/16 AugReg,5,768,168,1.6385231860026956e-06,1.6385231860026956e-06,0.048047242313495525
vit_base,ViT-B/16 AugReg,5,768,169,1.6282729672110038e-06,1.6282729672110038e-06,0.04774666997478347
vit_base,ViT-B/16 AugReg,5,768,170,1.6237267443091952e-06,1.6237267443091952e-06,0.047613358786244696
vit_base,ViT-B/16 AugReg,5,768,171,1.6069389530083106e-06,1.6069389530083106e-06,0.04712108190946166
vit_base,ViT-B/16 AugReg,5,768,172,1.5980970751046872e-06,1.5980970751046872e-06,0.04686180706137231
vit_base,ViT-B/16 AugReg,5,768,173,1.5879435854820116e-06,1.5879435854820116e-06,0.04656407116090062
vit_base,ViT-B/16 AugReg,5,768,174,1.571509078737779e-06,1.571509078737779e-06,0.046082153825468035
vit_base,ViT-B/16 AugReg,5,768,175,1.5616655401912037e-06,1.5616655401912037e-06,0.04579350677682703
vit_base,ViT-B/16 AugReg,5,768,176,1.5605461650763564e-06,1.5605461650763564e-06,0.04576068277540782
vit_base,ViT-B/16 AugReg,5,768,177,1.5460645951212489e-06,1.5460645951212489e-06,0.04533603239105143
vit_base,ViT-B/16 AugReg,5,768,178,1.5436830504102185e-06,1.5436830504102185e-06,0.04526619715357124
vit_base,ViT-B/16 AugReg,5,768,179,1.5340970652216212e-06,1.5340970652216212e-06,0.044985102472028325
vit_base,ViT-B/16 AugReg,5,768,180,1.5208603972083738e-06,1.5208603972083738e-06,0.04459695697559057
vit_base,ViT-B/16 AugReg,5,768,181,1.5065346551477921e-06,1.5065346551477921e-06,0.04417687601122863
vit_base,ViT-B/16 AugReg,5,768,182,1.5022495499128434e-06,1.5022495499128434e-06,0.04405122170781613
vit_base,ViT-B/16 AugReg,5,768,183,1.494063882220945e-06,1.494063882220945e-06,0.043811189242941535
vit_base,ViT-B/16 AugReg,5,768,184,1.473446695085071e-06,1.473446695085071e-06,0.04320662105946855
vit_base,ViT-B/16 AugReg,5,768,185,1.4674362630112122e-06,1.4674362630112122e-06,0.04303037412642025
vit_base,ViT-B/16 AugReg,5,768,186,1.46225939944331e-06,1.46225939944331e-06,0.0428785703433577
vit_base,ViT-B/16 AugReg,5,768,187,1.4483419004827797e-06,1.4483419004827797e-06,0.04247046049745082
vit_base,ViT-B/16 AugReg,5,768,188,1.4410558969531164e-06,1.4410558969531164e-06,0.042256809338848206
vit_base,ViT-B/16 AugReg,5,768,189,1.4251035295687372e-06,1.4251035295687372e-06,0.041789030019190834
vit_base,ViT-B/16 AugReg,5,768,190,1.4160151822942454e-06,1.4160151822942454e-06,0.04152252782535128
vit_base,ViT-B/16 AugReg,5,768,191,1.4018950278298754e-06,1.4018950278298754e-06,0.04110847540982906
vit_base,ViT-B/16 AugReg,5,768,192,1.3918897590346656e-06,1.3918897590346656e-06,0.04081508586348528
vit_base,ViT-B/16 AugReg,5,768,193,1.387338593657763e-06,1.387338593657763e-06,0.04068162974425495
vit_base,ViT-B/16 AugReg,5,768,194,1.375256404030467e-06,1.375256404030467e-06,0.04032733760017092
vit_base,ViT-B/16 AugReg,5,768,195,1.3646136725508262e-06,1.3646136725508262e-06,0.040015255413816724
vit_base,ViT-B/16 AugReg,5,768,196,1.3570584313038658e-06,1.3570584313038658e-06,0.03979370926175085
vit_base,ViT-B/16 AugReg,5,768,197,1.3447438411126593e-06,1.3447438411126593e-06,0.03943260231864328
vit_base,ViT-B/16 AugReg,5,768,198,1.3335127838482733e-06,1.3335127838482733e-06,0.03910326835838658
vit_base,ViT-B/16 AugReg,5,768,199,1.3278101946879252e-06,1.3278101946879252e-06,0.0389360484584534
vit_base,ViT-B/16 AugReg,5,768,200,1.3177264810551335e-06,1.3177264810551335e-06,0.03864035863454764
vit_base,ViT-B/16 AugReg,5,768,201,1.314204668441372e-06,1.314204668441372e-06,0.03853708674588494
vit_base,ViT-B/16 AugReg,5,768,202,1.3113761023874212e-06,1.3113761023874212e-06,0.03845414327596344
vit_base,ViT-B/16 AugReg,5,768,203,1.2975034540863627e-06,1.2975034540863627e-06,0.03804734860857949
vit_base,ViT-B/16 AugReg,5,768,204,1.2950372309815943e-06,1.2950372309815943e-06,0.0379750303038242
vit_base,ViT-B/16 AugReg,5,768,205,1.2846259669348609e-06,1.2846259669348609e-06,0.03766973555382219
vit_base,ViT-B/16 AugReg,5,768,206,1.2785191283052038e-06,1.2785191283052038e-06,0.037490661642683734
vit_base,ViT-B/16 AugReg,5,768,207,1.2732731181815256e-06,1.2732731181815256e-06,0.037336830240269264
vit_base,ViT-B/16 AugReg,5,768,208,1.2549666006867294e-06,1.2549666006867294e-06,0.03680001898883101
vit_base,ViT-B/16 AugReg,5,768,209,1.2436279593416371e-06,1.2436279593416371e-06,0.036467530286280185
vit_base,ViT-B/16 AugReg,5,768,210,1.2368993371663753e-06,1.2368993371663753e-06,0.036270223502432065
vit_base,ViT-B/16 AugReg,5,768,211,1.2316356335566582e-06,1.2316356335566582e-06,0.03611587326499693
vit_base,ViT-B/16 AugReg,5,768,212,1.219234881750831e-06,1.219234881750831e-06,0.03575223976137978
vit_base,ViT-B/16 AugReg,5,768,213,1.214650858493483e-06,1.214650858493483e-06,0.035617820133938424
vit_base,ViT-B/16 AugReg,5,768,214,1.2094898288518923e-06,1.2094898288518923e-06,0.035466480657088184
vit_base,ViT-B/16 AugReg,5,768,215,1.2056417157902938e-06,1.2056417157902938e-06,0.035353640495716154
vit_base,ViT-B/16 AugReg,5,768,216,1.1976055799464206e-06,1.1976055799464206e-06,0.03511799282868698
vit_base,ViT-B/16 AugReg,5,768,217,1.1928404015022043e-06,1.1928404015022043e-06,0.034978261096275644
vit_base,ViT-B/16 AugReg,5,768,218,1.1825640618056366e-06,1.1825640618056366e-06,0.0346769228010872
vit_base,ViT-B/16 AugReg,5,768,219,1.1764430413106002e-06,1.1764430413106002e-06,0.034497433027952926
vit_base,ViT-B/16 AugReg,5,768,220,1.1751712772165542e-06,1.1751712772165542e-06,0.03446014044758895
vit_base,ViT-B/16 AugReg,5,768,221,1.1577946380282714e-06,1.1577946380282714e-06,0.033950596487023824
vit_base,ViT-B/16 AugReg,5,768,222,1.1541810541697477e-06,1.1541810541697477e-06,0.03384463354383582
vit_base,ViT-B/16 AugReg,5,768,223,1.1466491875323526e-06,1.1466491875323526e-06,0.03362377281724293
vit_base,ViT-B/16 AugReg,5,768,224,1.140246840066549e-06,1.140246840066549e-06,0.03343603355136467
vit_base,ViT-B/16 AugReg,5,768,225,1.137865588211549e-06,1.137865588211549e-06,0.03336620690144965
vit_base,ViT-B/16 AugReg,5,768,226,1.1346214272900563e-06,1.1346214272900563e-06,0.033271076733484686
vit_base,ViT-B/16 AugReg,5,768,227,1.1283213652644386e-06,1.1283213652644386e-06,0.03308633683519044
vit_base,ViT-B/16 AugReg,5,768,228,1.122020173843326e-06,1.122020173843326e-06,0.032901563819062105
vit_base,ViT-B/16 AugReg,5,768,229,1.1176257807275622e-06,1.1176257807275622e-06,0.03277270481196502
vit_base,ViT-B/16 AugReg,5,768,230,1.1089149629635999e-06,1.1089149629635999e-06,0.03251727310649442
vit_base,ViT-B/16 AugReg,5,768,231,1.0971843363354416e-06,1.0971843363354416e-06,0.032173290021661013
vit_base,ViT-B/16 AugReg,5,768,232,1.0965311429468993e-06,1.0965311429468993e-06,0.032154136102274966
vit_base,ViT-B/16 AugReg,5,768,233,1.0859692579634058e-06,1.0859692579634058e-06,0.031844424618528926
vit_base,ViT-B/16 AugReg,5,768,234,1.0825547472825322e-06,1.0825547472825322e-06,0.03174429919859747
vit_base,ViT-B/16 AugReg,5,768,235,1.0775449508983566e-06,1.0775449508983566e-06,0.03159739441087885
vit_base,ViT-B/16 AugReg,5,768,236,1.0701135867122455e-06,1.0701135867122455e-06,0.031379480768386564
vit_base,ViT-B/16 AugReg,5,768,237,1.0660139797701378e-06,1.0660139797701378e-06,0.031259265925032365
vit_base,ViT-B/16 AugReg,5,768,238,1.0608484951265913e-06,1.0608484951265913e-06,0.03110779581191142
vit_base,ViT-B/16 AugReg,5,768,239,1.0540778810999303e-06,1.0540778810999303e-06,0.030909257679812265
vit_base,ViT-B/16 AugReg,5,768,240,1.0492519590587364e-06,1.0492519590587364e-06,0.030767744732250656
vit_base,ViT-B/16 AugReg,5,768,241,1.0428823257795201e-06,1.0428823257795201e-06,0.030580964760975896
vit_base,ViT-B/16 AugReg,5,768,242,1.039541358276809e-06,1.039541358276809e-06,0.030482995884773486
vit_base,ViT-B/16 AugReg,5,768,243,1.0290987001051574e-06,1.0290987001051574e-06,0.03017678054900251
vit_base,ViT-B/16 AugReg,5,768,244,1.0225172923366685e-06,1.0225172923366685e-06,0.0299837906075004
vit_base,ViT-B/16 AugReg,5,768,245,1.018627303262159e-06,1.018627303262159e-06,0.029869722494667787
vit_base,ViT-B/16 AugReg,5,768,246,1.0168383461633485e-06,1.0168383461633485e-06,0.029817264002808
vit_base,ViT-B/16 AugReg,5,768,247,1.0084367729247386e-06,1.0084367729247386e-06,0.029570900430623916
vit_base,ViT-B/16 AugReg,5,768,248,9.966963578244582e-07,9.966963578244582e-07,0.029226630313482427
vit_base,ViT-B/16 AugReg,5,768,249,9.952331186626062e-07,9.952331186626062e-07,0.029183723013071493
vit_base,ViT-B/16 AugReg,5,768,250,9.927359945127344e-07,9.927359945127344e-07,0.02911049858137549
vit_base,ViT-B/16 AugReg,5,768,251,9.9033066406512e-07,9.9033066406512e-07,0.02903996586273725
vit_base,ViT-B/16 AugReg,5,768,252,9.824357198297662e-07,9.824357198297662e-07,0.028808458428501313
vit_base,ViT-B/16 AugReg,5,768,253,9.73795275619988e-07,9.73795275619988e-07,0.028555090322276197
vit_base,ViT-B/16 AugReg,5,768,254,9.715231744459736e-07,9.715231744459736e-07,0.028488464352865915
vit_base,ViT-B/16 AugReg,5,768,255,9.662628099859508e-07,9.662628099859508e-07,0.028334212031002465
vit_base,ViT-B/16 AugReg,5,768,256,9.602693680823286e-07,9.602693680823286e-07,0.02815846330929062
vit_base,ViT-B/16 AugReg,5,768,257,9.565958905534759e-07,9.565958905534759e-07,0.028050744073780408
vit_base,ViT-B/16 AugReg,5,768,258,9.526774270445796e-07,9.526774270445796e-07,0.027935840990737783
vit_base,ViT-B/16 AugReg,5,768,259,9.399316596990218e-07,9.399316596990218e-07,0.027562090422326574
vit_base,ViT-B/16 AugReg,5,768,260,9.320839640172695e-07,9.320839640172695e-07,0.027331968481273308
vit_base,ViT-B/16 AugReg,5,768,261,9.279921103365627e-07,9.279921103365627e-07,0.027211980990716086
vit_base,ViT-B/16 AugReg,5,768,262,9.203239737594419e-07,9.203239737594419e-07,0.026987124351907865
vit_base,ViT-B/16 AugReg,5,768,263,9.135142975518791e-07,9.135142975518791e-07,0.026787440779764214
vit_base,ViT-B/16 AugReg,5,768,264,9.110563722932159e-07,9.110563722932159e-07,0.026715365796938027
vit_base,ViT-B/16 AugReg,5,768,265,9.082406549911246e-07,9.082406549911246e-07,0.02663279909745181
vit_base,ViT-B/16 AugReg,5,768,266,9.040181020469036e-07,9.040181020469036e-07,0.02650897904642922
vit_base,ViT-B/16 AugReg,5,768,267,8.988024833007364e-07,8.988024833007364e-07,0.026356038825715435
vit_base,ViT-B/16 AugReg,5,768,268,8.937722565293125e-07,8.937722565293125e-07,0.026208534947440725
vit_base,ViT-B/16 AugReg,5,768,269,8.900069075499211e-07,8.900069075499211e-07,0.026098121719020657
vit_base,ViT-B/16 AugReg,5,768,270,8.862610313407383e-07,8.862610313407383e-07,0.025988279500468937
vit_base,ViT-B/16 AugReg,5,768,271,8.847697526859181e-07,8.847697526859181e-07,0.02594454998385472
vit_base,ViT-B/16 AugReg,5,768,272,8.84151287715098e-07,8.84151287715098e-07,0.025926414423388288
vit_base,ViT-B/16 AugReg,5,768,273,8.741400810503537e-07,8.741400810503537e-07,0.02563285075789942
vit_base,ViT-B/16 AugReg,5,768,274,8.682203731701504e-07,8.682203731701504e-07,0.025459264176168395
vit_base,ViT-B/16 AugReg,5,768,275,8.615947524026364e-07,8.615947524026364e-07,0.025264977754582443
vit_base,ViT-B/16 AugReg,5,768,276,8.608232267350332e-07,8.608232267350332e-07,0.025242353918057528
vit_base,ViT-B/16 AugReg,5,768,277,8.541116006269624e-07,8.541116006269624e-07,0.025045545518465228
vit_base,ViT-B/16 AugReg,5,768,278,8.515319083995151e-07,8.515319083995151e-07,0.02496989990136
vit_base,ViT-B/16 AugReg,5,768,279,8.432783930639784e-07,8.432783930639784e-07,0.024727877905789637
vit_base,ViT-B/16 AugReg,5,768,280,8.392830384585536e-07,8.392830384585536e-07,0.02461072010631809
vit_base,ViT-B/16 AugReg,5,768,281,8.364630221421822e-07,8.364630221421822e-07,0.024528027344666508
vit_base,ViT-B/16 AugReg,5,768,282,8.352593412657801e-07,8.352593412657801e-07,0.02449273120285377
vit_base,ViT-B/16 AugReg,5,768,283,8.302987773597095e-07,8.302987773597095e-07,0.024347270083937285
vit_base,ViT-B/16 AugReg,5,768,284,8.257031179603554e-07,8.257031179603554e-07,0.024212509244031358
vit_base,ViT-B/16 AugReg,5,768,285,8.204489959203328e-07,8.204489959203328e-07,0.0240584399718
vit_base,ViT-B/16 AugReg,5,768,286,8.137639696655837e-07,8.137639696655837e-07,0.023862411573131074
vit_base,ViT-B/16 AugReg,5,768,287,8.113668094444904e-07,8.113668094444904e-07,0.02379211843416847
vit_base,ViT-B/16 AugReg,5,768,288,8.066295793030541e-07,8.066295793030541e-07,0.0236532062439445
vit_base,ViT-B/16 AugReg,5,768,289,8.037538906063404e-07,8.037538906063404e-07,0.023568880972987396
vit_base,ViT-B/16 AugReg,5,768,290,7.994744088389199e-07,7.994744088389199e-07,0.02344339156935127
vit_base,ViT-B/16 AugReg,5,768,291,7.942041462788185e-07,7.942041462788185e-07,0.023288849000503837
vit_base,ViT-B/16 AugReg,5,768,292,7.902466774112098e-07,7.902466774112098e-07,0.023172802143642455
vit_base,ViT-B/16 AugReg,5,768,293,7.890145031463064e-07,7.890145031463064e-07,0.023136670475818643
vit_base,ViT-B/16 AugReg,5,768,294,7.850051630494825e-07,7.850051630494825e-07,0.023019102572724597
vit_base,ViT-B/16 AugReg,5,768,295,7.754792462523501e-07,7.754792462523501e-07,0.022739769306939935
vit_base,ViT-B/16 AugReg,5,768,296,7.698398853720342e-07,7.698398853720342e-07,0.022574403481772212
vit_base,ViT-B/16 AugReg,5,768,297,7.697503423240119e-07,7.697503423240119e-07,0.022571777765784444
vit_base,ViT-B/16 AugReg,5,768,298,7.621051086577968e-07,7.621051086577968e-07,0.022347592720591357
vit_base,ViT-B/16 AugReg,5,768,299,7.611373166237392e-07,7.611373166237392e-07,0.022319213666351135
vit_base,ViT-B/16 AugReg,5,768,300,7.599901621270013e-07,7.599901621270013e-07,0.022285575076097037
vit_base,ViT-B/16 AugReg,5,768,301,7.549723780800925e-07,7.549723780800925e-07,0.022138436062112878
vit_base,ViT-B/16 AugReg,5,768,302,7.523999348737897e-07,7.523999348737897e-07,0.022063003011713107
vit_base,ViT-B/16 AugReg,5,768,303,7.457724369240727e-07,7.457724369240727e-07,0.021868661544566043
vit_base,ViT-B/16 AugReg,5,768,304,7.445330197047315e-07,7.445330197047315e-07,0.02183231748793387
vit_base,ViT-B/16 AugReg,5,768,305,7.38483817679251e-07,7.38483817679251e-07,0.021654933684027742
vit_base,ViT-B/16 AugReg,5,768,306,7.336302799176603e-07,7.336302799176603e-07,0.021512610946759828
vit_base,ViT-B/16 AugReg,5,768,307,7.279934579338019e-07,7.279934579338019e-07,0.021347319570934255
vit_base,ViT-B/16 AugReg,5,768,308,7.23483760825313e-07,7.23483760825313e-07,0.02121507944666684
vit_base,ViT-B/16 AugReg,5,768,309,7.183136447625457e-07,7.183136447625457e-07,0.021063473524102698
vit_base,ViT-B/16 AugReg,5,768,310,7.174731504248363e-07,7.174731504248363e-07,0.02103882728445713
vit_base,ViT-B/16 AugReg,5,768,311,7.16044547305739e-07,7.16044547305739e-07,0.02099693563420802
vit_base,ViT-B/16 AugReg,5,768,312,7.141502439609522e-07,7.141502439609522e-07,0.020941388021211295
vit_base,ViT-B/16 AugReg,5,768,313,7.099239047930036e-07,7.099239047930036e-07,0.02081745694483951
vit_base,ViT-B/16 AugReg,5,768,314,7.076443891271991e-07,7.076443891271991e-07,0.020750613556544523
vit_base,ViT-B/16 AugReg,5,768,315,7.007059081836946e-07,7.007059081836946e-07,0.020547152978123644
vit_base,ViT-B/16 AugReg,5,768,316,6.991374773636379e-07,6.991374773636379e-07,0.020501161089631015
vit_base,ViT-B/16 AugReg,5,768,317,6.953267034063542e-07,6.953267034063542e-07,0.020389415841659122
vit_base,ViT-B/16 AugReg,5,768,318,6.944393327527047e-07,6.944393327527047e-07,0.02036339502414369
vit_base,ViT-B/16 AugReg,5,768,319,6.901554684618567e-07,6.901554684618567e-07,0.020237777109561327
vit_base,ViT-B/16 AugReg,5,768,320,6.840062154742858e-07,6.840062154742858e-07,0.02005745946080007
vit_base,ViT-B/16 AugReg,5,768,321,6.809924005688227e-07,6.809924005688227e-07,0.019969083845314234
vit_base,ViT-B/16 AugReg,5,768,322,6.773249029746425e-07,6.773249029746425e-07,0.019861539962446377
vit_base,ViT-B/16 AugReg,5,768,323,6.723630502762151e-07,6.723630502762151e-07,0.019716041051621187
vit_base,ViT-B/16 AugReg,5,768,324,6.715179149872849e-07,6.715179149872849e-07,0.01969125872302077
vit_base,ViT-B/16 AugReg,5,768,325,6.692661093095448e-07,6.692661093095448e-07,0.01962522788869048
vit_base,ViT-B/16 AugReg,5,768,326,6.660792400320668e-07,6.660792400320668e-07,0.01953177771251692
vit_base,ViT-B/16 AugReg,5,768,327,6.642788146765668e-07,6.642788146765668e-07,0.01947898293117842
vit_base,ViT-B/16 AugReg,5,768,328,6.557981983695189e-07,6.557981983695189e-07,0.019230301539207056
vit_base,ViT-B/16 AugReg,5,768,329,6.550826563400729e-07,6.550826563400729e-07,0.01920931933915766
vit_base,ViT-B/16 AugReg,5,768,330,6.523476115099935e-07,6.523476115099935e-07,0.01912911823928205
vit_base,ViT-B/16 AugReg,5,768,331,6.476384154867606e-07,6.476384154867606e-07,0.01899102810765443
vit_base,ViT-B/16 AugReg,5,768,332,6.452780295332625e-07,6.452780295332625e-07,0.018921813319099767
vit_base,ViT-B/16 AugReg,5,768,333,6.407501479002266e-07,6.407501479002266e-07,0.018789039960841688
vit_base,ViT-B/16 AugReg,5,768,334,6.365699051038935e-07,6.365699051038935e-07,0.018666460591638713
vit_base,ViT-B/16 AugReg,5,768,335,6.335046307333494e-07,6.335046307333494e-07,0.018576576004287724
vit_base,ViT-B/16 AugReg,5,768,336,6.268622777859811e-07,6.268622777859811e-07,0.018381798936547504
vit_base,ViT-B/16 AugReg,5,768,337,6.255258138954251e-07,6.255258138954251e-07,0.018342609131397764
vit_base,ViT-B/16 AugReg,5,768,338,6.234897223630294e-07,6.234897223630294e-07,0.01828290379181808
vit_base,ViT-B/16 AugReg,5,768,339,6.217053408089198e-07,6.217053408089198e-07,0.018230579470964743
vit_base,ViT-B/16 AugReg,5,768,340,6.175889715175986e-07,6.175889715175986e-07,0.01810987309678493
vit_base,ViT-B/16 AugReg,5,768,341,6.118077236993673e-07,6.118077236993673e-07,0.017940346649329173
vit_base,ViT-B/16 AugReg,5,768,342,6.110874214895026e-07,6.110874214895026e-07,0.017919224864106992
vit_base,ViT-B/16 AugReg,5,768,343,6.097201930309417e-07,6.097201930309417e-07,0.01787913293400337
vit_base,ViT-B/16 AugReg,5,768,344,6.087077979257565e-07,6.087077979257565e-07,0.017849445961398182
vit_base,ViT-B/16 AugReg,5,768,345,6.034517875773424e-07,6.034517875773424e-07,0.017695321317346864
vit_base,ViT-B/16 AugReg,5,768,346,6.01500537689317e-07,6.01500537689317e-07,0.01763810383212296
vit_base,ViT-B/16 AugReg,5,768,347,5.978647339358975e-07,5.978647339358975e-07,0.017531489323742985
vit_base,ViT-B/16 AugReg,5,768,348,5.95884514819908e-07,5.95884514819908e-07,0.01747342235922729
vit_base,ViT-B/16 AugReg,5,768,349,5.936538965266259e-07,5.936538965266259e-07,0.017408012813264317
vit_base,ViT-B/16 AugReg,5,768,350,5.90593503707454e-07,5.90593503707454e-07,0.01731827137010784
vit_base,ViT-B/16 AugReg,5,768,351,5.875267699838488e-07,5.875267699838488e-07,0.01722834398941053
vit_base,ViT-B/16 AugReg,5,768,352,5.845932985055626e-07,5.845932985055626e-07,0.017142324324787545
vit_base,ViT-B/16 AugReg,5,768,353,5.814802571737986e-07,5.814802571737986e-07,0.017051039042725657
vit_base,ViT-B/16 AugReg,5,768,354,5.770117351002372e-07,5.770117351002372e-07,0.016920006314787652
vit_base,ViT-B/16 AugReg,5,768,355,5.74783582027433e-07,5.74783582027433e-07,0.0168546690577289
vit_base,ViT-B/16 AugReg,5,768,356,5.739699131364117e-07,5.739699131364117e-07,0.01683080943419484
vit_base,ViT-B/16 AugReg,5,768,357,5.7107233360896e-07,5.7107233360896e-07,0.01674584224736013
vit_base,ViT-B/16 AugReg,5,768,358,5.670493537320761e-07,5.670493537320761e-07,0.016627874378111654
vit_base,ViT-B/16 AugReg,5,768,359,5.662381423002791e-07,5.662381423002791e-07,0.016604086815894658
vit_base,ViT-B/16 AugReg,5,768,360,5.620417872982616e-07,5.620417872982616e-07,0.016481034980352888
vit_base,ViT-B/16 AugReg,5,768,361,5.575016278819523e-07,5.575016278819523e-07,0.01634790159445953
vit_base,ViT-B/16 AugReg,5,768,362,5.56376826441465e-07,5.56376826441465e-07,0.016314918474155015
vit_base,ViT-B/16 AugReg,5,768,363,5.561081841500669e-07,5.561081841500669e-07,0.016307040940665884
vit_base,ViT-B/16 AugReg,5,768,364,5.5201769833835e-07,5.5201769833835e-07,0.01618709356082139
vit_base,ViT-B/16 AugReg,5,768,365,5.483742791989105e-07,5.483742791989105e-07,0.016080255742633817
vit_base,ViT-B/16 AugReg,5,768,366,5.45476699540042e-07,5.45476699540042e-07,0.015995288551945507
vit_base,ViT-B/16 AugReg,5,768,367,5.446669954607871e-07,5.446669954607871e-07,0.015971545190587834
vit_base,ViT-B/16 AugReg,5,768,368,5.424041263476533e-07,5.424041263476533e-07,0.015905189937557997
vit_base,ViT-B/16 AugReg,5,768,369,5.401456143424296e-07,5.401456143424296e-07,0.015838962450202353
vit_base,ViT-B/16 AugReg,5,768,370,5.377765393532191e-07,5.377765393532191e-07,0.015769492868668307
vit_base,ViT-B/16 AugReg,5,768,371,5.36417197593142e-07,5.36417197593142e-07,0.015729632204204588
vit_base,ViT-B/16 AugReg,5,768,372,5.325254437152135e-07,5.325254437152135e-07,0.015615512341150658
vit_base,ViT-B/16 AugReg,5,768,373,5.303982198441684e-07,5.303982198441684e-07,0.015553134682012066
vit_base,ViT-B/16 AugReg,5,768,374,5.267835927318544e-07,5.267835927318544e-07,0.015447141146966664
vit_base,ViT-B/16 AugReg,5,768,375,5.243699653119657e-07,5.243699653119657e-07,0.015376365132023109
vit_base,ViT-B/16 AugReg,5,768,376,5.229162745065259e-07,5.229162745065259e-07,0.015333737822886113
vit_base,ViT-B/16 AugReg,5,768,377,5.206967497230743e-07,5.206967497230743e-07,0.015268653577510578
vit_base,ViT-B/16 AugReg,5,768,378,5.205186611029436e-07,5.205186611029436e-07,0.01526343139502467
vit_base,ViT-B/16 AugReg,5,768,379,5.138541727407659e-07,5.138541727407659e-07,0.015068005239344689
vit_base,ViT-B/16 AugReg,5,768,380,5.114595438646128e-07,5.114595438646128e-07,0.014997786328287282
vit_base,ViT-B/16 AugReg,5,768,381,5.099091924004889e-07,5.099091924004889e-07,0.014952324589872968
vit_base,ViT-B/16 AugReg,5,768,382,5.069522195157329e-07,5.069522195157329e-07,0.014865615781647367
vit_base,ViT-B/16 AugReg,5,768,383,5.048584920468257e-07,5.048584920468257e-07,0.014804220354413637
vit_base,ViT-B/16 AugReg,5,768,384,5.021992578080307e-07,5.021992578080307e-07,0.014726242286766375
vit_base,ViT-B/16 AugReg,5,768,385,5.007101593396674e-07,5.007101593396674e-07,0.014682576700859928
vit_base,ViT-B/16 AugReg,5,768,386,4.989609071576044e-07,4.989609071576044e-07,0.014631282496312216
vit_base,ViT-B/16 AugReg,5,768,387,4.973723146574789e-07,4.973723146574789e-07,0.014584699396699728
vit_base,ViT-B/16 AugReg,5,768,388,4.927643243569091e-07,4.927643243569091e-07,0.014449576971554292
vit_base,ViT-B/16 AugReg,5,768,389,4.919265153099604e-07,4.919265153099604e-07,0.014425009474044912
vit_base,ViT-B/16 AugReg,5,768,390,4.907409590892935e-07,4.907409590892935e-07,0.014390244810659451
vit_base,ViT-B/16 AugReg,5,768,391,4.884679162570006e-07,4.884679162570006e-07,0.014323591228528236
vit_base,ViT-B/16 AugReg,5,768,392,4.857372712950927e-07,4.857372712950927e-07,0.014243519148207548
vit_base,ViT-B/16 AugReg,5,768,393,4.839492945537463e-07,4.839492945537463e-07,0.01419108940386445
vit_base,ViT-B/16 AugReg,5,768,394,4.807478505779331e-07,4.807478505779331e-07,0.014097211846456039
vit_base,ViT-B/16 AugReg,5,768,395,4.778976746360936e-07,4.778976746360936e-07,0.01401363469888589
vit_base,ViT-B/16 AugReg,5,768,396,4.7588158107147345e-07,4.7588158107147345e-07,0.013954515769807871
vit_base,ViT-B/16 AugReg,5,768,397,4.729585565137741e-07,4.729585565137741e-07,0.013868802445509604
vit_base,ViT-B/16 AugReg,5,768,398,4.714863486558723e-07,4.714863486558723e-07,0.013825632151498079
vit_base,ViT-B/16 AugReg,5,768,399,4.6927073472465806e-07,4.6927073472465806e-07,0.013760662586016426
vit_base,ViT-B/16 AugReg,5,768,400,4.67249162616635e-07,4.67249162616635e-07,0.013701383006845291
vit_base,ViT-B/16 AugReg,5,768,401,4.6385058935216457e-07,4.6385058935216457e-07,0.013601724927818321
vit_base,ViT-B/16 AugReg,5,768,402,4.616449205587809e-07,4.616449205587809e-07,0.01353704698863239
vit_base,ViT-B/16 AugReg,5,768,403,4.6097795535679165e-07,4.6097795535679165e-07,0.013517489231410275
vit_base,ViT-B/16 AugReg,5,768,404,4.5779227481647095e-07,4.5779227481647095e-07,0.013424073913176307
vit_base,ViT-B/16 AugReg,5,768,405,4.5760919818004583e-07,4.5760919818004583e-07,0.013418705464571246
vit_base,ViT-B/16 AugReg,5,768,406,4.517697346329475e-07,4.517697346329475e-07,0.01324747192791759
vit_base,ViT-B/16 AugReg,5,768,407,4.5108562649671485e-07,4.5108562649671485e-07,0.013227411479782954
vit_base,ViT-B/16 AugReg,5,768,408,4.4997072172230837e-07,4.4997072172230837e-07,0.013194718564412582
vit_base,ViT-B/16 AugReg,5,768,409,4.488040189640349e-07,4.488040189640349e-07,0.013160506750619855
vit_base,ViT-B/16 AugReg,5,768,410,4.4779671795052256e-07,4.4779671795052256e-07,0.013130969154635677
vit_base,ViT-B/16 AugReg,5,768,411,4.4645978154667394e-07,4.4645978154667394e-07,0.013091765493740186
vit_base,ViT-B/16 AugReg,5,768,412,4.45013946448036e-07,4.45013946448036e-07,0.013049368541458365
vit_base,ViT-B/16 AugReg,5,768,413,4.4088842305061294e-07,4.4088842305061294e-07,0.012928393736805429
vit_base,ViT-B/16 AugReg,5,768,414,4.376986755753767e-07,4.376986755753767e-07,0.012834859161786432
vit_base,ViT-B/16 AugReg,5,768,415,4.3690554211402746e-07,4.3690554211402746e-07,0.012811601709020471
vit_base,ViT-B/16 AugReg,5,768,416,4.326589853945625e-07,4.326589853945625e-07,0.01268707778318217
vit_base,ViT-B/16 AugReg,5,768,417,4.3130192833458374e-07,4.3130192833458374e-07,0.012647284114132478
vit_base,ViT-B/16 AugReg,5,768,418,4.291494850339403e-07,4.291494850339403e-07,0.012584166932932024
vit_base,ViT-B/16 AugReg,5,768,419,4.2463791968333895e-07,4.2463791968333895e-07,0.012451872025258283
vit_base,ViT-B/16 AugReg,5,768,420,4.2433626386488925e-07,4.2433626386488925e-07,0.01244302641945414
vit_base,ViT-B/16 AugReg,5,768,421,4.23105069072352e-07,4.23105069072352e-07,0.01240692347319284
vit_base,ViT-B/16 AugReg,5,768,422,4.2070265841202606e-07,4.2070265841202606e-07,0.012336476372950819
vit_base,ViT-B/16 AugReg,5,768,423,4.2024618033079493e-07,4.2024618033079493e-07,0.012323090835799393
vit_base,ViT-B/16 AugReg,5,768,424,4.186357766969528e-07,4.186357766969528e-07,0.012275868157305286
vit_base,ViT-B/16 AugReg,5,768,425,4.1702552288208643e-07,4.1702552288208643e-07,0.012228649872028614
vit_base,ViT-B/16 AugReg,5,768,426,4.137700564187252e-07,4.137700564187252e-07,0.01213318818595375
vit_base,ViT-B/16 AugReg,5,768,427,4.13101297483628e-07,4.13101297483628e-07,0.01211357783019045
vit_base,ViT-B/16 AugReg,5,768,428,4.1148865726425754e-07,4.1148865726425754e-07,0.012066289567170133
vit_base,ViT-B/16 AugReg,5,768,429,4.0865258003208925e-07,4.0865258003208925e-07,0.011983125843179013
vit_base,ViT-B/16 AugReg,5,768,430,4.063342073268663e-07,4.063342073268663e-07,0.011915143030306777
vit_base,ViT-B/16 AugReg,5,768,431,4.0424971278409654e-07,4.0424971278409654e-07,0.011854018344825853
vit_base,ViT-B/16 AugReg,5,768,432,4.034800351817479e-07,4.034800351817479e-07,0.011831448700051077
vit_base,ViT-B/16 AugReg,5,768,433,4.0205827958469016e-07,4.0205827958469016e-07,0.011789757843146542
vit_base,ViT-B/16 AugReg,5,768,434,4.0055397689545236e-07,4.0055397689545236e-07,0.011745646416198121
vit_base,ViT-B/16 AugReg,5,768,435,3.9971290423786387e-07,3.9971290423786387e-07,0.01172098321818687
vit_base,ViT-B/16 AugReg,5,768,436,3.9805363656870406e-07,3.9805363656870406e-07,0.011672327674924427
vit_base,ViT-B/16 AugReg,5,768,437,3.947480975770351e-07,3.947480975770351e-07,0.011575397686831378
vit_base,ViT-B/16 AugReg,5,768,438,3.9283476719437636e-07,3.9283476719437636e-07,0.011519292134400566
vit_base,ViT-B/16 AugReg,5,768,439,3.907946978701916e-07,3.907946978701916e-07,0.01145947015202474
vit_base,ViT-B/16 AugReg,5,768,440,3.885481078025488e-07,3.885481078025488e-07,0.01139359225766155
vit_base,ViT-B/16 AugReg,5,768,441,3.865825652160522e-07,3.865825652160522e-07,0.011335955660427128
vit_base,ViT-B/16 AugReg,5,768,442,3.85348347379927e-07,3.85348347379927e-07,0.011299764067933028
vit_base,ViT-B/16 AugReg,5,768,443,3.8421341203767006e-07,3.8421341203767006e-07,0.01126648378611254
vit_base,ViT-B/16 AugReg,5,768,444,3.8147517155860447e-07,3.8147517155860447e-07,0.011186188978608931
vit_base,ViT-B/16 AugReg,5,768,445,3.8079536309583054e-07,3.8079536309583054e-07,0.011166254611969087
vit_base,ViT-B/16 AugReg,5,768,446,3.78260119657538e-07,3.78260119657538e-07,0.01109191238914067
vit_base,ViT-B/16 AugReg,5,768,447,3.771144923932567e-07,3.771144923932567e-07,0.011058318582694663
vit_base,ViT-B/16 AugReg,5,768,448,3.7633350663952766e-07,3.7633350663952766e-07,0.011035417343289958
vit_base,ViT-B/16 AugReg,5,768,449,3.728996360174824e-07,3.728996360174824e-07,0.01093472422203294
vit_base,ViT-B/16 AugReg,5,768,450,3.7275365452634915e-07,3.7275365452634915e-07,0.01093044353309446
vit_base,ViT-B/16 AugReg,5,768,451,3.7178732278652313e-07,3.7178732278652313e-07,0.010902107299798972
vit_base,ViT-B/16 AugReg,5,768,452,3.6861756157083744e-07,3.6861756157083744e-07,0.010809158791955445
vit_base,ViT-B/16 AugReg,5,768,453,3.676240823752627e-07,3.676240823752627e-07,0.010780026500114248
vit_base,ViT-B/16 AugReg,5,768,454,3.644253841439834e-07,3.644253841439834e-07,0.010686229457558531
vit_base,ViT-B/16 AugReg,5,768,455,3.6428524081204454e-07,3.6428524081204454e-07,0.010682119963908512
vit_base,ViT-B/16 AugReg,5,768,456,3.638946720077742e-07,3.638946720077742e-07,0.01067066711774852
vit_base,ViT-B/16 AugReg,5,768,457,3.6036019576366987e-07,3.6036019576366987e-07,0.010567023887062191
vit_base,ViT-B/16 AugReg,5,768,458,3.58028861881655e-07,3.58028861881655e-07,0.010498661007061635
vit_base,ViT-B/16 AugReg,5,768,459,3.572142584887016e-07,3.572142584887016e-07,0.010474773980655796
vit_base,ViT-B/16 AugReg,5,768,460,3.564648400118228e-07,3.564648400118228e-07,0.010452798404441554
vit_base,ViT-B/16 AugReg,5,768,461,3.5441853839518826e-07,3.5441853839518826e-07,0.010392793669408908
vit_base,ViT-B/16 AugReg,5,768,462,3.5315397696476447e-07,3.5315397696476447e-07,0.010355712296385376
vit_base,ViT-B/16 AugReg,5,768,463,3.5081841772024275e-07,3.5081841772024275e-07,0.010287225513947574
vit_base,ViT-B/16 AugReg,5,768,464,3.500880724734333e-07,3.500880724734333e-07,0.010265809231684539
vit_base,ViT-B/16 AugReg,5,768,465,3.4962814312799724e-07,3.4962814312799724e-07,0.010252322491371046
vit_base,ViT-B/16 AugReg,5,768,466,3.480445393568372e-07,3.480445393568372e-07,0.010205885678775726
vit_base,ViT-B/16 AugReg,5,768,467,3.4537167266185223e-07,3.4537167266185223e-07,0.010127507859735574
vit_base,ViT-B/16 AugReg,5,768,468,3.445821543400855e-07,3.445821543400855e-07,0.010104356415532081
vit_base,ViT-B/16 AugReg,5,768,469,3.4148542599515137e-07,3.4148542599515137e-07,0.010013549487415853
vit_base,ViT-B/16 AugReg,5,768,470,3.4082407739973e-07,3.4082407739973e-07,0.009994156428782718
vit_base,ViT-B/16 AugReg,5,768,471,3.3960485261026296e-07,3.3960485261026296e-07,0.00995840448496247
vit_base,ViT-B/16 AugReg,5,768,472,3.389144305311275e-07,3.389144305311275e-07,0.009938158889893573
vit_base,ViT-B/16 AugReg,5,768,473,3.376541791065519e-07,3.376541791065519e-07,0.009901203901346703
vit_base,ViT-B/16 AugReg,5,768,474,3.3575767122669625e-07,3.3575767122669625e-07,0.009845591643655569
vit_base,ViT-B/16 AugReg,5,768,475,3.3469063762308164e-07,3.3469063762308164e-07,0.009814302478785961
vit_base,ViT-B/16 AugReg,5,768,476,3.3303256165481585e-07,3.3303256165481585e-07,0.009765681880370261
vit_base,ViT-B/16 AugReg,5,768,477,3.307286890890276e-07,3.307286890890276e-07,0.009698124262404604
vit_base,ViT-B/16 AugReg,5,768,478,3.2904382986155735e-07,3.2904382986155735e-07,0.00964871828496227
vit_base,ViT-B/16 AugReg,5,768,479,3.2737427329246257e-07,3.2737427329246257e-07,0.009599761035094427
vit_base,ViT-B/16 AugReg,5,768,480,3.2730733124566395e-07,3.2730733124566395e-07,0.00959779805967182
vit_base,ViT-B/16 AugReg,5,768,481,3.2560633068778815e-07,3.2560633068778815e-07,0.009547918761851792
vit_base,ViT-B/16 AugReg,5,768,482,3.241666270883796e-07,3.241666270883796e-07,0.009505701606616321
vit_base,ViT-B/16 AugReg,5,768,483,3.2325211932641563e-07,3.2325211932641563e-07,0.00947888503397822
vit_base,ViT-B/16 AugReg,5,768,484,3.2204910447162396e-07,3.2204910447162396e-07,0.009443608422253292
vit_base,ViT-B/16 AugReg,5,768,485,3.1999488641889833e-07,3.1999488641889833e-07,0.009383371549569879
vit_base,ViT-B/16 AugReg,5,768,486,3.1743986109489335e-07,3.1743986109489335e-07,0.009308449252523188
vit_base,ViT-B/16 AugReg,5,768,487,3.1681806368382147e-07,3.1681806368382147e-07,0.009290215973229436
vit_base,ViT-B/16 AugReg,5,768,488,3.154173884749767e-07,3.154173884749767e-07,0.009249143267187326
vit_base,ViT-B/16 AugReg,5,768,489,3.137822442293855e-07,3.137822442293855e-07,0.0092011951072488
vit_base,ViT-B/16 AugReg,5,768,490,3.1308419999293144e-07,3.1308419999293144e-07,0.009180726003814099
vit_base,ViT-B/16 AugReg,5,768,491,3.1226179884280385e-07,3.1226179884280385e-07,0.009156610319839265
vit_base,ViT-B/16 AugReg,5,768,492,3.101089509490774e-07,3.101089509490774e-07,0.00909348127455165
vit_base,ViT-B/16 AugReg,5,768,493,3.08807853986879e-07,3.08807853986879e-07,0.009055328551691128
vit_base,ViT-B/16 AugReg,5,768,494,3.0792528765105497e-07,3.0792528765105497e-07,0.009029448613611935
vit_base,ViT-B/16 AugReg,5,768,495,3.061115362430775e-07,3.061115362430775e-07,0.008976263065711245
vit_base,ViT-B/16 AugReg,5,768,496,3.0549691829435096e-07,3.0549691829435096e-07,0.008958240313415178
vit_base,ViT-B/16 AugReg,5,768,497,3.0416101518677576e-07,3.0416101518677576e-07,0.008919066952387799
vit_base,ViT-B/16 AugReg,5,768,498,3.0089086151312143e-07,3.0089086151312143e-07,0.008823174585833165
vit_base,ViT-B/16 AugReg,5,768,499,3.0022635293651847e-07,3.0022635293651847e-07,0.008803688865477062
vit_base,ViT-B/16 AugReg,5,768,500,2.991843814171425e-07,2.991843814171425e-07,0.008773134608751924
vit_base,ViT-B/16 AugReg,5,768,501,2.9782436710968877e-07,2.9782436710968877e-07,0.008733254222842058
vit_base,ViT-B/16 AugReg,5,768,502,2.962617118667548e-07,2.962617118667548e-07,0.008687431694512221
vit_base,ViT-B/16 AugReg,5,768,503,2.951905230240985e-07,2.951905230240985e-07,0.008656020683471127
vit_base,ViT-B/16 AugReg,5,768,504,2.928953767318029e-07,2.928953767318029e-07,0.008588718950427073
vit_base,ViT-B/16 AugReg,5,768,505,2.9132519066617974e-07,2.9132519066617974e-07,0.008542675591982863
vit_base,ViT-B/16 AugReg,5,768,506,2.911074018572712e-07,2.911074018572712e-07,0.008536289260825522
vit_base,ViT-B/16 AugReg,5,768,507,2.897098366334517e-07,2.897098366334517e-07,0.008495307750443855
vit_base,ViT-B/16 AugReg,5,768,508,2.8840690083488835e-07,2.8840690083488835e-07,0.00845710110645658
vit_base,ViT-B/16 AugReg,5,768,509,2.8756819708515767e-07,2.8756819708515767e-07,0.008432507373125984
vit_base,ViT-B/16 AugReg,5,768,510,2.8578662020307206e-07,2.8578662020307206e-07,0.00838026529508587
vit_base,ViT-B/16 AugReg,5,768,511,2.850687193718076e-07,2.850687193718076e-07,0.008359213926700311
vit_base,ViT-B/16 AugReg,5,768,512,2.824336913393834e-07,2.824336913393834e-07,0.008281945669858853
vit_base,ViT-B/16 AugReg,5,768,513,2.8193278108625904e-07,2.8193278108625904e-07,0.008267257225706962
vit_base,ViT-B/16 AugReg,5,768,514,2.8039907812226136e-07,2.8039907812226136e-07,0.008222283679664018
vit_base,ViT-B/16 AugReg,5,768,515,2.7932189112141203e-07,2.7932189112141203e-07,0.008190696781603076
vit_base,ViT-B/16 AugReg,5,768,516,2.786472114663406e-07,2.786472114663406e-07,0.008170912809579902
vit_base,ViT-B/16 AugReg,5,768,517,2.7751955556351396e-07,2.7751955556351396e-07,0.00813784598643562
vit_base,ViT-B/16 AugReg,5,768,518,2.754156440496842e-07,2.754156440496842e-07,0.00807615192731294
vit_base,ViT-B/16 AugReg,5,768,519,2.745120444492418e-07,2.745120444492418e-07,0.00804965522020027
vit_base,ViT-B/16 AugReg,5,768,520,2.737154869739756e-07,2.737154869739756e-07,0.00802629736334619
vit_base,ViT-B/16 AugReg,5,768,521,2.724822450626762e-07,2.724822450626762e-07,0.007990134388388286
vit_base,ViT-B/16 AugReg,5,768,522,2.711504040432092e-07,2.711504040432092e-07,0.007951080142020558
vit_base,ViT-B/16 AugReg,5,768,523,2.703529015593924e-07,2.703529015593924e-07,0.007927694574203822
vit_base,ViT-B/16 AugReg,5,768,524,2.6831617254826695e-07,2.6831617254826695e-07,0.007867970541513626
vit_base,ViT-B/16 AugReg,5,768,525,2.6746677251590743e-07,2.6746677251590743e-07,0.007843063155689303
vit_base,ViT-B/16 AugReg,5,768,526,2.665680880468044e-07,2.665680880468044e-07,0.007816710577453465
vit_base,ViT-B/16 AugReg,5,768,527,2.649754549701825e-07,2.649754549701825e-07,0.007770008993977176
vit_base,ViT-B/16 AugReg,5,768,528,2.6460802515514067e-07,2.6460802515514067e-07,0.0077592346640761225
vit_base,ViT-B/16 AugReg,5,768,529,2.6365405177408873e-07,2.6365405177408873e-07,0.007731260821171985
vit_base,ViT-B/16 AugReg,5,768,530,2.607814720846036e-07,2.607814720846036e-07,0.007647026717202893
vit_base,ViT-B/16 AugReg,5,768,531,2.603577363767562e-07,2.603577363767562e-07,0.007634601301190629
vit_base,ViT-B/16 AugReg,5,768,532,2.595448369571265e-07,2.595448369571265e-07,0.0076107642412545215
vit_base,ViT-B/16 AugReg,5,768,533,2.587937951039859e-07,2.587937951039859e-07,0.007588741061958867
vit_base,ViT-B/16 AugReg,5,768,534,2.5560673616567235e-07,2.5560673616567235e-07,0.007495285324264906
vit_base,ViT-B/16 AugReg,5,768,535,2.547280612038796e-07,2.547280612038796e-07,0.007469519494910332
vit_base,ViT-B/16 AugReg,5,768,536,2.5409741337828467e-07,2.5409741337828467e-07,0.007451026690444892
vit_base,ViT-B/16 AugReg,5,768,537,2.5306896208666775e-07,2.5306896208666775e-07,0.007420868894181723
vit_base,ViT-B/16 AugReg,5,768,538,2.5235983102614774e-07,2.5235983102614774e-07,0.007400074686209634
vit_base,ViT-B/16 AugReg,5,768,539,2.514112113068228e-07,2.514112113068228e-07,0.007372257831430204
vit_base,ViT-B/16 AugReg,5,768,540,2.508911718891245e-07,2.508911718891245e-07,0.007357008453131399
vit_base,ViT-B/16 AugReg,5,768,541,2.4952057575002755e-07,2.4952057575002755e-07,0.007316817770831817
vit_base,ViT-B/16 AugReg,5,768,542,2.485208142912022e-07,2.485208142912022e-07,0.00728750126101479
vit_base,ViT-B/16 AugReg,5,768,543,2.479511825555305e-07,2.479511825555305e-07,0.007270797662147786
vit_base,ViT-B/16 AugReg,5,768,544,2.4670066762984686e-07,2.4670066762984686e-07,0.007234128181871742
vit_base,ViT-B/16 AugReg,5,768,545,2.4621032906682037e-07,2.4621032906682037e-07,0.007219749736723914
vit_base,ViT-B/16 AugReg,5,768,546,2.4460162158545224e-07,2.4460162158545224e-07,0.007172576795364816
vit_base,ViT-B/16 AugReg,5,768,547,2.4444399010709107e-07,2.4444399010709107e-07,0.007167954487971332
vit_base,ViT-B/16 AugReg,5,768,548,2.4275689543250667e-07,2.4275689543250667e-07,0.007118482959385083
vit_base,ViT-B/16 AugReg,5,768,549,2.4232707634437195e-07,2.4232707634437195e-07,0.007105879157342491
vit_base,ViT-B/16 AugReg,5,768,550,2.411538518996248e-07,2.411538518996248e-07,0.007071476104845932
vit_base,ViT-B/16 AugReg,5,768,551,2.3947054987310006e-07,2.3947054987310006e-07,0.00702211578999281
vit_base,ViT-B/16 AugReg,5,768,552,2.3928662217090414e-07,2.3928662217090414e-07,0.007016722385156635
vit_base,ViT-B/16 AugReg,5,768,553,2.3838307196051778e-07,2.3838307196051778e-07,0.0069902271263335035
vit_base,ViT-B/16 AugReg,5,768,554,2.373997090005439e-07,2.373997090005439e-07,0.006961391477974296
vit_base,ViT-B/16 AugReg,5,768,555,2.3566836666595323e-07,2.3566836666595323e-07,0.006910622452922762
vit_base,ViT-B/16 AugReg,5,768,556,2.353335379024631e-07,2.353335379024631e-07,0.006900804100109467
vit_base,ViT-B/16 AugReg,5,768,557,2.326513340989532e-07,2.326513340989532e-07,0.006822152484323783
vit_base,ViT-B/16 AugReg,5,768,558,2.3190416002050988e-07,2.3190416002050988e-07,0.006800242721737567
vit_base,ViT-B/16 AugReg,5,768,559,2.3117137784236568e-07,2.3117137784236568e-07,0.0067787549801071306
vit_base,ViT-B/16 AugReg,5,768,560,2.2980893825129763e-07,2.2980893825129763e-07,0.00673880347638185
vit_base,ViT-B/16 AugReg,5,768,561,2.2844530831347698e-07,2.2844530831347698e-07,0.006698817067517997
vit_base,ViT-B/16 AugReg,5,768,562,2.2818854889453843e-07,2.2818854889453843e-07,0.0066912879814950465
vit_base,ViT-B/16 AugReg,5,768,563,2.2593805825126191e-07,2.2593805825126191e-07,0.006625295708584004
vit_base,ViT-B/16 AugReg,5,768,564,2.2585729742227504e-07,2.2585729742227504e-07,0.006622927518037224
vit_base,ViT-B/16 AugReg,5,768,565,2.2546762335716462e-07,2.2546762335716462e-07,0.006611500908765176
vit_base,ViT-B/16 AugReg,5,768,566,2.2398146926957107e-07,2.2398146926957107e-07,0.0065679216624220105
vit_base,ViT-B/16 AugReg,5,768,567,2.229980720392195e-07,2.229980720392195e-07,0.006539085009135223
vit_base,ViT-B/16 AugReg,5,768,568,2.213916035553249e-07,2.213916035553249e-07,0.006491977723029019
vit_base,ViT-B/16 AugReg,5,768,569,2.2078514436907298e-07,2.2078514436907298e-07,0.006474194214242563
vit_base,ViT-B/16 AugReg,5,768,570,2.202155108584992e-07,2.202155108584992e-07,0.0064574905633292086
vit_base,ViT-B/16 AugReg,5,768,571,2.195468882768869e-07,2.195468882768869e-07,0.006437884205927961
vit_base,ViT-B/16 AugReg,5,768,572,2.1823244785976517e-07,2.1823244785976517e-07,0.006399340206204544
vit_base,ViT-B/16 AugReg,5,768,573,2.175374825695446e-07,2.175374825695446e-07,0.00637896138826413
vit_base,ViT-B/16 AugReg,5,768,574,2.1641368729721404e-07,2.1641368729721404e-07,0.006346007772336269
vit_base,ViT-B/16 AugReg,5,768,575,2.1543021264820037e-07,2.1543021264820037e-07,0.006317168848862981
vit_base,ViT-B/16 AugReg,5,768,576,2.1282695293184386e-07,2.1282695293184386e-07,0.0062408321503864194
vit_base,ViT-B/16 AugReg,5,768,577,2.1202583318874668e-07,2.1202583318874668e-07,0.006217340511850245
vit_base,ViT-B/16 AugReg,5,768,578,2.1140791243233208e-07,2.1140791243233208e-07,0.0061992209096574805
vit_base,ViT-B/16 AugReg,5,768,579,2.092466794112517e-07,2.092466794112517e-07,0.006135845983048656
vit_base,ViT-B/16 AugReg,5,768,580,2.0799379807468884e-07,2.0799379807468884e-07,0.006099107111312121
vit_base,ViT-B/16 AugReg,5,768,581,2.0732756741607908e-07,2.0732756741607908e-07,0.0060795708934762325
vit_base,ViT-B/16 AugReg,5,768,582,2.0599002297095422e-07,2.0599002297095422e-07,0.0060403494026795325
vit_base,ViT-B/16 AugReg,5,768,583,2.0521933097569343e-07,2.0521933097569343e-07,0.006017750012349449
vit_base,ViT-B/16 AugReg,5,768,584,2.045272572579868e-07,2.045272572579868e-07,0.005997455985449181
vit_base,ViT-B/16 AugReg,5,768,585,2.040281977239733e-07,2.040281977239733e-07,0.005982821810867798
vit_base,ViT-B/16 AugReg,5,768,586,2.0369467773763408e-07,2.0369467773763408e-07,0.005973041835987414
vit_base,ViT-B/16 AugReg,5,768,587,2.025661932400238e-07,2.025661932400238e-07,0.005939950715540117
vit_base,ViT-B/16 AugReg,5,768,588,2.0246269529374767e-07,2.0246269529374767e-07,0.0059369157930280895
vit_base,ViT-B/16 AugReg,5,768,589,2.0158613231542109e-07,2.0158613231542109e-07,0.005911211894430571
vit_base,ViT-B/16 AugReg,5,768,590,1.9953212618777929e-07,1.9953212618777929e-07,0.0058509812361333445
vit_base,ViT-B/16 AugReg,5,768,591,1.9813951970359372e-07,1.9813951970359372e-07,0.0058101451333765425
vit_base,ViT-B/16 AugReg,5,768,592,1.9740591324500872e-07,1.9740591324500872e-07,0.005788633220954742
vit_base,ViT-B/16 AugReg,5,768,593,1.9632185840530618e-07,1.9632185840530618e-07,0.005756844933789046
vit_base,ViT-B/16 AugReg,5,768,594,1.9601672175380543e-07,1.9601672175380543e-07,0.005747897257760639
vit_base,ViT-B/16 AugReg,5,768,595,1.9535943537876244e-07,1.9535943537876244e-07,0.005728623317665783
vit_base,ViT-B/16 AugReg,5,768,596,1.9437474768096806e-07,1.9437474768096806e-07,0.005699748823350896
vit_base,ViT-B/16 AugReg,5,768,597,1.938240726014185e-07,1.938240726014185e-07,0.005683601100078412
vit_base,ViT-B/16 AugReg,5,768,598,1.9336261506468205e-07,1.9336261506468205e-07,0.00567006954784017
vit_base,ViT-B/16 AugReg,5,768,599,1.9205337276757925e-07,1.9205337276757925e-07,0.005631677975213458
vit_base,ViT-B/16 AugReg,5,768,600,1.9136106682095465e-07,1.9136106682095465e-07,0.005611377138547426
vit_base,ViT-B/16 AugReg,5,768,601,1.904632859838204e-07,1.904632859838204e-07,0.005585051057967855
vit_base,ViT-B/16 AugReg,5,768,602,1.8963925014357455e-07,1.8963925014357455e-07,0.0055608874391496884
vit_base,ViT-B/16 AugReg,5,768,603,1.89402042728133e-07,1.89402042728133e-07,0.005553931686392791
vit_base,ViT-B/16 AugReg,5,768,604,1.8799821434724356e-07,1.8799821434724356e-07,0.005512766518295471
vit_base,ViT-B/16 AugReg,5,768,605,1.8671843463580832e-07,1.8671843463580832e-07,0.005475238891937474
vit_base,ViT-B/16 AugReg,5,768,606,1.8627570907343926e-07,1.8627570907343926e-07,0.005462256626837266
vit_base,ViT-B/16 AugReg,5,768,607,1.8571495941674095e-07,1.8571495941674095e-07,0.005445813481654608
vit_base,ViT-B/16 AugReg,5,768,608,1.8456156769740288e-07,1.8456156769740288e-07,0.005411991994174403
vit_base,ViT-B/16 AugReg,5,768,609,1.8355241710453936e-07,1.8355241710453936e-07,0.0053824001620414634
vit_base,ViT-B/16 AugReg,5,768,610,1.8307775755520607e-07,1.8307775755520607e-07,0.00536848148052505
vit_base,ViT-B/16 AugReg,5,768,611,1.8236200031759347e-07,1.8236200031759347e-07,0.005347492969817973
vit_base,ViT-B/16 AugReg,5,768,612,1.8188141624252172e-07,1.8188141624252172e-07,0.00533340056044334
vit_base,ViT-B/16 AugReg,5,768,613,1.8129731116868725e-07,1.8129731116868725e-07,0.005316272552576979
vit_base,ViT-B/16 AugReg,5,768,614,1.8013758445359408e-07,1.8013758445359408e-07,0.0052822653008191
vit_base,ViT-B/16 AugReg,5,768,615,1.790134486626335e-07,1.790134486626335e-07,0.005249301699691599
vit_base,ViT-B/16 AugReg,5,768,616,1.78517470472321e-07,1.78517470472321e-07,0.005234757880906654
vit_base,ViT-B/16 AugReg,5,768,617,1.7634203008872266e-07,1.7634203008872266e-07,0.005170966344636541
vit_base,ViT-B/16 AugReg,5,768,618,1.7547770812412847e-07,1.7547770812412847e-07,0.005145621395462495
vit_base,ViT-B/16 AugReg,5,768,619,1.753078314971711e-07,1.753078314971711e-07,0.00514064001739684
vit_base,ViT-B/16 AugReg,5,768,620,1.7441328566970198e-07,1.7441328566970198e-07,0.005114408798638326
vit_base,ViT-B/16 AugReg,5,768,621,1.7404336568450566e-07,1.7404336568450566e-07,0.005103561448221093
vit_base,ViT-B/16 AugReg,5,768,622,1.725082784568416e-07,1.725082784568416e-07,0.005058547310716049
vit_base,ViT-B/16 AugReg,5,768,623,1.7223264635046625e-07,1.7223264635046625e-07,0.005050464811354717
vit_base,ViT-B/16 AugReg,5,768,624,1.7145094775816703e-07,1.7145094775816703e-07,0.005027542669024863
vit_base,ViT-B/16 AugReg,5,768,625,1.7051857795427904e-07,1.7051857795427904e-07,0.0050002023187168025
vit_base,ViT-B/16 AugReg,5,768,626,1.6942766712618153e-07,1.6942766712618153e-07,0.004968212989943319
vit_base,ViT-B/16 AugReg,5,768,627,1.6803815119886711e-07,1.6803815119886711e-07,0.004927467513145392
vit_base,ViT-B/16 AugReg,5,768,628,1.6779271831134423e-07,1.6779271831134423e-07,0.004920270560719421
vit_base,ViT-B/16 AugReg,5,768,629,1.6711875289701861e-07,1.6711875289701861e-07,0.004900507532738098
vit_base,ViT-B/16 AugReg,5,768,630,1.6588593296632197e-07,1.6588593296632197e-07,0.004864356931730374
vit_base,ViT-B/16 AugReg,5,768,631,1.6475725836853552e-07,1.6475725836853552e-07,0.00483126023687967
vit_base,ViT-B/16 AugReg,5,768,632,1.6402511678437034e-07,1.6402511678437034e-07,0.004809791279709776
vit_base,ViT-B/16 AugReg,5,768,633,1.635444848325703e-07,1.635444848325703e-07,0.004795697466421675
vit_base,ViT-B/16 AugReg,5,768,634,1.6265075283550323e-07,1.6265075283550323e-07,0.004769490112022765
vit_base,ViT-B/16 AugReg,5,768,635,1.6229811032306609e-07,1.6229811032306609e-07,0.004759149397658848
vit_base,ViT-B/16 AugReg,5,768,636,1.6163110671130604e-07,1.6163110671130604e-07,0.00473959051412764
vit_base,ViT-B/16 AugReg,5,768,637,1.6062665599234388e-07,1.6062665599234388e-07,0.004710136498769044
vit_base,ViT-B/16 AugReg,5,768,638,1.589953984233448e-07,1.589953984233448e-07,0.004662302309809759
vit_base,ViT-B/16 AugReg,5,768,639,1.5816364955749595e-07,1.5816364955749595e-07,0.004637912518049223
vit_base,ViT-B/16 AugReg,5,768,640,1.5781369519472223e-07,1.5781369519472223e-07,0.004627650629654544
vit_base,ViT-B/16 AugReg,5,768,641,1.5733137557725685e-07,1.5733137557725685e-07,0.004613507328094408
vit_base,ViT-B/16 AugReg,5,768,642,1.5572930757138133e-07,1.5572930757138133e-07,0.0045665290794259916
vit_base,ViT-B/16 AugReg,5,768,643,1.5536197170580345e-07,1.5536197170580345e-07,0.004555757504452485
vit_base,ViT-B/16 AugReg,5,768,644,1.550632851682873e-07,1.550632851682873e-07,0.004546998968371694
vit_base,ViT-B/16 AugReg,5,768,645,1.5481486936329384e-07,1.5481486936329384e-07,0.0045397145463513125
vit_base,ViT-B/16 AugReg,5,768,646,1.5343957997481923e-07,1.5343957997481923e-07,0.0044993862415316395
vit_base,ViT-B/16 AugReg,5,768,647,1.5269294341596007e-07,1.5269294341596007e-07,0.004477492240903465
vit_base,ViT-B/16 AugReg,5,768,648,1.5234146896287032e-07,1.5234146896287032e-07,0.00446718577813329
vit_base,ViT-B/16 AugReg,5,768,649,1.506813106209021e-07,1.506813106209021e-07,0.004418504117222581
vit_base,ViT-B/16 AugReg,5,768,650,1.5016148975737582e-07,1.5016148975737582e-07,0.004403261147698062
vit_base,ViT-B/16 AugReg,5,768,651,1.4978836326522265e-07,1.4978836326522265e-07,0.004392319771259072
vit_base,ViT-B/16 AugReg,5,768,652,1.493101827645057e-07,1.493101827645057e-07,0.00437829784310828
vit_base,ViT-B/16 AugReg,5,768,653,1.4859305583252314e-07,1.4859305583252314e-07,0.004357269168161935
vit_base,ViT-B/16 AugReg,5,768,654,1.4783428352964456e-07,1.4783428352964456e-07,0.004335019304987209
vit_base,ViT-B/16 AugReg,5,768,655,1.4687918672912616e-07,1.4687918672912616e-07,0.004307012519487089
vit_base,ViT-B/16 AugReg,5,768,656,1.4654978350085858e-07,1.4654978350085858e-07,0.004297353262381285
vit_base,ViT-B/16 AugReg,5,768,657,1.4612314799573675e-07,1.4612314799573675e-07,0.004284842814150072
vit_base,ViT-B/16 AugReg,5,768,658,1.4498166226052903e-07,1.4498166226052903e-07,0.004251370451851237
vit_base,ViT-B/16 AugReg,5,768,659,1.4316118845583236e-07,1.4316118845583236e-07,0.004197987779718889
vit_base,ViT-B/16 AugReg,5,768,660,1.428832994531074e-07,1.428832994531074e-07,0.004189839100246885
vit_base,ViT-B/16 AugReg,5,768,661,1.424601285294414e-07,1.424601285294414e-07,0.004177430245686208
vit_base,ViT-B/16 AugReg,5,768,662,1.4178683336980257e-07,1.4178683336980257e-07,0.004157686871921329
vit_base,ViT-B/16 AugReg,5,768,663,1.4075263705147355e-07,1.4075263705147355e-07,0.004127360611340481
vit_base,ViT-B/16 AugReg,5,768,664,1.402124600945821e-07,1.402124600945821e-07,0.004111520729816896
vit_base,ViT-B/16 AugReg,5,768,665,1.4004281897533288e-07,1.4004281897533288e-07,0.004106546257662624
vit_base,ViT-B/16 AugReg,5,768,666,1.3804422532852698e-07,1.3804422532852698e-07,0.004047940487506535
vit_base,ViT-B/16 AugReg,5,768,667,1.36951830857369e-07,1.36951830857369e-07,0.004015907653118824
vit_base,ViT-B/16 AugReg,5,768,668,1.36712063756278e-07,1.36712063756278e-07,0.004008876841407804
vit_base,ViT-B/16 AugReg,5,768,669,1.3664193944957926e-07,1.3664193944957926e-07,0.0040068205509721224
vit_base,ViT-B/16 AugReg,5,768,670,1.3566797490203252e-07,1.3566797490203252e-07,0.00397826049700371
vit_base,ViT-B/16 AugReg,5,768,671,1.3558340751998725e-07,1.3558340751998725e-07,0.003975780684980507
vit_base,ViT-B/16 AugReg,5,768,672,1.3398617507627356e-07,1.3398617507627356e-07,0.003928944231941775
vit_base,ViT-B/16 AugReg,5,768,673,1.3368820899654979e-07,1.3368820899654979e-07,0.0039202068222084305
vit_base,ViT-B/16 AugReg,5,768,674,1.320548843483168e-07,1.320548843483168e-07,0.003872312019241556
vit_base,ViT-B/16 AugReg,5,768,675,1.3158005060620895e-07,1.3158005060620895e-07,0.003858388229782502
vit_base,ViT-B/16 AugReg,5,768,676,1.3096135344980955e-07,1.3096135344980955e-07,0.003840245860821149
vit_base,ViT-B/16 AugReg,5,768,677,1.3056369794309388e-07,1.3056369794309388e-07,0.0038285852077088334
vit_base,ViT-B/16 AugReg,5,768,678,1.2994327203110273e-07,1.2994327203110273e-07,0.0038103921455747945
vit_base,ViT-B/16 AugReg,5,768,679,1.2961764599978253e-07,1.2961764599978253e-07,0.003800843649121356
vit_base,ViT-B/16 AugReg,5,768,680,1.288908151114135e-07,1.288908151114135e-07,0.0037795304201644953
vit_base,ViT-B/16 AugReg,5,768,681,1.2807089695602288e-07,1.2807089695602288e-07,0.0037554875462974526
vit_base,ViT-B/16 AugReg,5,768,682,1.2722389250720352e-07,1.2722389250720352e-07,0.0037306504073782816
vit_base,ViT-B/16 AugReg,5,768,683,1.2676811968913684e-07,1.2676811968913684e-07,0.0037172855510145594
vit_base,ViT-B/16 AugReg,5,768,684,1.260923339742821e-07,1.260923339742821e-07,0.0036974691454421506
vit_base,ViT-B/16 AugReg,5,768,685,1.2537893552143716e-07,1.2537893552143716e-07,0.0036765498025712485
vit_base,ViT-B/16 AugReg,5,768,686,1.2460905278750268e-07,1.2460905278750268e-07,0.003653974142619455
vit_base,ViT-B/16 AugReg,5,768,687,1.241950028350764e-07,1.241950028350764e-07,0.0036418327469016133
vit_base,ViT-B/16 AugReg,5,768,688,1.2389799615108026e-07,1.2389799615108026e-07,0.0036331234700133787
vit_base,ViT-B/16 AugReg,5,768,689,1.2226979881908462e-07,1.2226979881908462e-07,0.003585379017928187
vit_base,ViT-B/16 AugReg,5,768,690,1.2159523597614523e-07,1.2159523597614523e-07,0.0035655984712461113
vit_base,ViT-B/16 AugReg,5,768,691,1.206564352016132e-07,1.206564352016132e-07,0.0035380695423402717
vit_base,ViT-B/16 AugReg,5,768,692,1.203494984325172e-07,1.203494984325172e-07,0.0035290690805551356
vit_base,ViT-B/16 AugReg,5,768,693,1.2002840403977477e-07,1.2002840403977477e-07,0.0035196534676267413
vit_base,ViT-B/16 AugReg,5,768,694,1.1949710413945858e-07,1.1949710413945858e-07,0.0035040738925131883
vit_base,ViT-B/16 AugReg,5,768,695,1.1925965371606573e-07,1.1925965371606573e-07,0.0034971110139114937
vit_base,ViT-B/16 AugReg,5,768,696,1.1759766669227486e-07,1.1759766669227486e-07,0.0034483757296407992
vit_base,ViT-B/16 AugReg,5,768,697,1.1694674817854402e-07,1.1694674817854402e-07,0.0034292885175569326
vit_base,ViT-B/16 AugReg,5,768,698,1.1636429141907065e-07,1.1636429141907065e-07,0.0034122088440444553
vit_base,ViT-B/16 AugReg,5,768,699,1.1539809054927724e-07,1.1539809054927724e-07,0.0033838764483169787
vit_base,ViT-B/16 AugReg,5,768,700,1.1497353958927875e-07,1.1497353958927875e-07,0.003371427126254446
vit_base,ViT-B/16 AugReg,5,768,701,1.1424132391701992e-07,1.1424132391701992e-07,0.003349955996561991
vit_base,ViT-B/16 AugReg,5,768,702,1.1408086781743324e-07,1.1408086781743324e-07,0.0033452508613747815
vit_base,ViT-B/16 AugReg,5,768,703,1.1315308686244761e-07,1.1315308686244761e-07,0.0033180450721989867
vit_base,ViT-B/16 AugReg,5,768,704,1.1286052147758643e-07,1.1286052147758643e-07,0.003309466029766722
vit_base,ViT-B/16 AugReg,5,768,705,1.1215841386179163e-07,1.1215841386179163e-07,0.003288877773808904
vit_base,ViT-B/16 AugReg,5,768,706,1.1085130231382051e-07,1.1085130231382051e-07,0.003250548682214326
vit_base,ViT-B/16 AugReg,5,768,707,1.1052523928276967e-07,1.1052523928276967e-07,0.003240987371397241
vit_base,ViT-B/16 AugReg,5,768,708,1.0880865507340958e-07,1.0880865507340958e-07,0.0031906511062999776
vit_base,ViT-B/16 AugReg,5,768,709,1.0853555551284655e-07,1.0853555551284655e-07,0.0031826428700576256
vit_base,ViT-B/16 AugReg,5,768,710,1.0820449147343767e-07,1.0820449147343767e-07,0.0031729349121485473
vit_base,ViT-B/16 AugReg,5,768,711,1.0801562880448281e-07,1.0801562880448281e-07,0.0031673967967915193
vit_base,ViT-B/16 AugReg,5,768,712,1.0709027954841133e-07,1.0709027954841133e-07,0.003140262313550215
vit_base,ViT-B/16 AugReg,5,768,713,1.059136308881295e-07,1.059136308881295e-07,0.0031057588510533967
vit_base,ViT-B/16 AugReg,5,768,714,1.0576188228454279e-07,1.0576188228454279e-07,0.0031013090501658958
vit_base,ViT-B/16 AugReg,5,768,715,1.0425652390190879e-07,1.0425652390190879e-07,0.0030571666665872308
vit_base,ViT-B/16 AugReg,5,768,716,1.0387037894172547e-07,1.0387037894172547e-07,0.003045843543040029
vit_base,ViT-B/16 AugReg,5,768,717,1.0289297270074439e-07,1.0289297270074439e-07,0.0030171825665580867
vit_base,ViT-B/16 AugReg,5,768,718,1.0230709312886112e-07,1.0230709312886112e-07,0.0030000025241898876
vit_base,ViT-B/16 AugReg,5,768,719,1.0189140329516224e-07,1.0189140329516224e-07,0.002987813041405874
vit_base,ViT-B/16 AugReg,5,768,720,1.0094102184052755e-07,1.0094102184052755e-07,0.0029599445263728437
vit_base,ViT-B/16 AugReg,5,768,721,1.0038762463993948e-07,1.0038762463993948e-07,0.002943716980971346
vit_base,ViT-B/16 AugReg,5,768,722,1.0020249386818937e-07,1.0020249386818937e-07,0.002938288297919468
vit_base,ViT-B/16 AugReg,5,768,723,9.981370061187292e-08,9.981370061187292e-08,0.002926887517048212
vit_base,ViT-B/16 AugReg,5,768,724,9.720473999959723e-08,9.720473999959723e-08,0.0028503836483234827
vit_base,ViT-B/16 AugReg,5,768,725,9.68769885063212e-08,9.68769885063212e-08,0.002840772825876434
vit_base,ViT-B/16 AugReg,5,768,726,9.633846253858085e-08,9.633846253858085e-08,0.0028249813571409486
vit_base,ViT-B/16 AugReg,5,768,727,9.544156080912965e-08,9.544156080912965e-08,0.0027986810550796356
vit_base,ViT-B/16 AugReg,5,768,728,9.434768294103033e-08,9.434768294103033e-08,0.002766604722294772
vit_base,ViT-B/16 AugReg,5,768,729,9.33874961705916e-08,9.33874961705916e-08,0.0027384486810378703
vit_base,ViT-B/16 AugReg,5,768,730,9.302291546800277e-08,9.302291546800277e-08,0.002727757897099167
vit_base,ViT-B/16 AugReg,5,768,731,9.269183651132816e-08,9.269183651132816e-08,0.0027180495017635775
vit_base,ViT-B/16 AugReg,5,768,732,9.192733410563989e-08,9.192733410563989e-08,0.002695631611892293
vit_base,ViT-B/16 AugReg,5,768,733,9.15292681263854e-08,9.15292681263854e-08,0.0026839589222865637
vit_base,ViT-B/16 AugReg,5,768,734,9.095301446067707e-08,9.095301446067707e-08,0.002667061145223138
vit_base,ViT-B/16 AugReg,5,768,735,8.947811952978741e-08,8.947811952978741e-08,0.002623812056814275
vit_base,ViT-B/16 AugReg,5,768,736,8.853978102128897e-08,8.853978102128897e-08,0.0025962966831686355
vit_base,ViT-B/16 AugReg,5,768,737,8.821355193713562e-08,8.821355193713562e-08,0.0025867305030926216
vit_base,ViT-B/16 AugReg,5,768,738,8.71589011190161e-08,8.71589011190161e-08,0.002555804444891434
vit_base,ViT-B/16 AugReg,5,768,739,8.661491026838184e-08,8.661491026838184e-08,0.002539852726636831
vit_base,ViT-B/16 AugReg,5,768,740,8.540565726612357e-08,8.540565726612357e-08,0.0025043931905654694
vit_base,ViT-B/16 AugReg,5,768,741,8.413314436805924e-08,8.413314436805924e-08,0.002467078652643365
vit_base,ViT-B/16 AugReg,5,768,742,8.361042271232018e-08,8.361042271232018e-08,0.0024517506217248174
vit_base,ViT-B/16 AugReg,5,768,743,8.243687601711062e-08,8.243687601711062e-08,0.0024173381197153143
vit_base,ViT-B/16 AugReg,5,768,744,8.097720360669483e-08,8.097720360669483e-08,0.002374535408956813
vit_base,ViT-B/16 AugReg,5,768,745,8.015499241194126e-08,8.015499241194126e-08,0.0023504252951392786
vit_base,ViT-B/16 AugReg,5,768,746,8.013631738196291e-08,8.013631738196291e-08,0.002349877677810304
vit_base,ViT-B/16 AugReg,5,768,747,7.869000536242814e-08,7.869000536242814e-08,0.002307466740536333
vit_base,ViT-B/16 AugReg,5,768,748,7.85183792663146e-08,7.85183792663146e-08,0.0023024340619036895
vit_base,ViT-B/16 AugReg,5,768,749,7.758280553590207e-08,7.758280553590207e-08,0.002274999761241192
vit_base,ViT-B/16 AugReg,5,768,750,7.615916571322055e-08,7.615916571322055e-08,0.0022332536522377587
vit_base,ViT-B/16 AugReg,5,768,751,7.533449184063729e-08,7.533449184063729e-08,0.00220907132407536
vit_base,ViT-B/16 AugReg,5,768,752,7.423731122860472e-08,7.423731122860472e-08,0.0021768981432633114
vit_base,ViT-B/16 AugReg,5,768,753,7.276494092393038e-08,7.276494092393038e-08,0.00213372308574309
vit_base,ViT-B/16 AugReg,5,768,754,7.163492686320004e-08,7.163492686320004e-08,0.0021005871131444826
vit_base,ViT-B/16 AugReg,5,768,755,7.072149786609114e-08,7.072149786609114e-08,0.0020738021736726574
vit_base,ViT-B/16 AugReg,5,768,756,6.859267218018016e-08,6.859267218018016e-08,0.0020113775437083487
vit_base,ViT-B/16 AugReg,5,768,757,6.681033351265065e-08,6.681033351265065e-08,0.0019591131274492054
vit_base,ViT-B/16 AugReg,5,768,758,6.568735335479676e-08,6.568735335479676e-08,0.0019261834135345165
vit_base,ViT-B/16 AugReg,5,768,759,6.261200909308552e-08,6.261200909308552e-08,0.0018360035416827578
vit_base,ViT-B/16 AugReg,5,768,760,6.214902003507423e-08,6.214902003507423e-08,0.001822427079873246
vit_base,ViT-B/16 AugReg,5,768,761,6.089983172206211e-08,6.089983172206211e-08,0.0017857965005300853
vit_base,ViT-B/16 AugReg,5,768,762,5.991310816063122e-08,5.991310816063122e-08,0.001756862307558325
vit_base,ViT-B/16 AugReg,5,768,763,5.647820000446438e-08,5.647820000446438e-08,0.0016561387621646388
vit_base,ViT-B/16 AugReg,5,768,764,5.244099257147137e-08,5.244099257147137e-08,0.0015377536911080113
vit_base,ViT-B/16 AugReg,5,768,765,4.7261707835260644e-08,4.7261707835260644e-08,0.0013858789109052392
vit_base,ViT-B/16 AugReg,5,768,766,4.441505062463402e-08,4.441505062463402e-08,0.0013024049448662797
vit_base,ViT-B/16 AugReg,5,768,767,1.1350356379614968e-08,1.1350356379614968e-08,0.0003328322284204729
vit_base,ViT-B/16 AugReg,5,768,768,7.189741881070981e-20,7.189741881070981e-20,2.108284296995821e-15
vit_base,ViT-B/16 AugReg,7,768,1,1.8837580113227213e-05,1.8837580113227213e-05,1.0
vit_base,ViT-B/16 AugReg,7,768,2,1.2215331176329135e-05,1.2215331176329135e-05,0.6484554333893384
vit_base,ViT-B/16 AugReg,7,768,3,1.0178099640752775e-05,1.0178099640752775e-05,0.5403082338376362
vit_base,ViT-B/16 AugReg,7,768,4,8.711503048564245e-06,8.711503048564245e-06,0.46245340411039715
vit_base,ViT-B/16 AugReg,7,768,5,7.484900456485369e-06,7.484900456485369e-06,0.3973387458206314
vit_base,ViT-B/16 AugReg,7,768,6,7.3815251574457274e-06,7.3815251574457274e-06,0.39185102932953847
vit_base,ViT-B/16 AugReg,7,768,7,7.100825195114145e-06,7.100825195114145e-06,0.3769499666322931
vit_base,ViT-B/16 AugReg,7,768,8,6.951245066706934e-06,6.951245066706934e-06,0.36900944945821185
vit_base,ViT-B/16 AugReg,7,768,9,6.217209846355404e-06,6.217209846355404e-06,0.33004291469422103
vit_base,ViT-B/16 AugReg,7,768,10,6.043554948058554e-06,6.043554948058554e-06,0.32082437933813707
vit_base,ViT-B/16 AugReg,7,768,11,5.506060429440729e-06,5.506060429440729e-06,0.29229128138250254
vit_base,ViT-B/16 AugReg,7,768,12,5.387542773882433e-06,5.387542773882433e-06,0.28599972722077255
vit_base,ViT-B/16 AugReg,7,768,13,5.316515375268833e-06,5.316515375268833e-06,0.2822292111466975
vit_base,ViT-B/16 AugReg,7,768,14,5.152258485152072e-06,5.152258485152072e-06,0.27350957257690983
vit_base,ViT-B/16 AugReg,7,768,15,4.777404223571272e-06,4.777404223571272e-06,0.25361029361816567
vit_base,ViT-B/16 AugReg,7,768,16,4.651431104656979e-06,4.651431104656979e-06,0.24692296339012657
vit_base,ViT-B/16 AugReg,7,768,17,4.432736245209314e-06,4.432736245209314e-06,0.235313464816894
vit_base,ViT-B/16 AugReg,7,768,18,4.3549151519983715e-06,4.3549151519983715e-06,0.23118230291907155
vit_base,ViT-B/16 AugReg,7,768,19,4.305177127320329e-06,4.305177127320329e-06,0.22854194123890445
vit_base,ViT-B/16 AugReg,7,768,20,4.186441165797914e-06,4.186441165797914e-06,0.22223879822325554
vit_base,ViT-B/16 AugReg,7,768,21,4.058308268360705e-06,4.058308268360705e-06,0.21543681534291534
vit_base,ViT-B/16 AugReg,7,768,22,3.964844499253653e-06,3.964844499253653e-06,0.21047525613280083
vit_base,ViT-B/16 AugReg,7,768,23,3.828475522734962e-06,3.828475522734962e-06,0.20323605790781563
vit_base,ViT-B/16 AugReg,7,768,24,3.72875207111018e-06,3.72875207111018e-06,0.19794220110532967
vit_base,ViT-B/16 AugReg,7,768,25,3.629020871391089e-06,3.629020871391089e-06,0.1926479329923536
vit_base,ViT-B/16 AugReg,7,768,26,3.545205345714086e-06,3.545205345714086e-06,0.1881985544005593
vit_base,ViT-B/16 AugReg,7,768,27,3.453984702311587e-06,3.453984702311587e-06,0.18335607235911885
vit_base,ViT-B/16 AugReg,7,768,28,3.378034291111695e-06,3.378034291111695e-06,0.17932421631692147
vit_base,ViT-B/16 AugReg,7,768,29,3.351075011268911e-06,3.351075011268911e-06,0.17789307284303899
vit_base,ViT-B/16 AugReg,7,768,30,3.3079906425657465e-06,3.3079906425657465e-06,0.17560592298386402
vit_base,ViT-B/16 AugReg,7,768,31,3.2291653783072522e-06,3.2291653783072522e-06,0.17142145428965286
vit_base,ViT-B/16 AugReg,7,768,32,3.0816909251137625e-06,3.0816909251137625e-06,0.16359271767342806
vit_base,ViT-B/16 AugReg,7,768,33,3.0333148776162867e-06,3.0333148776162867e-06,0.16102465706231445
vit_base,ViT-B/16 AugReg,7,768,34,2.973575224182724e-06,2.973575224182724e-06,0.15785335517138765
vit_base,ViT-B/16 AugReg,7,768,35,2.9494054167943863e-06,2.9494054167943863e-06,0.15657029188814955
vit_base,ViT-B/16 AugReg,7,768,36,2.8448013796826923e-06,2.8448013796826923e-06,0.15101734737601216
vit_base,ViT-B/16 AugReg,7,768,37,2.827175677207402e-06,2.827175677207402e-06,0.15008168035459288
vit_base,ViT-B/16 AugReg,7,768,38,2.7126764979811586e-06,2.7126764979811586e-06,0.14400344851493926
vit_base,ViT-B/16 AugReg,7,768,39,2.7021227356068804e-06,2.7021227356068804e-06,0.14344319808410672
vit_base,ViT-B/16 AugReg,7,768,40,2.672660921553457e-06,2.672660921553457e-06,0.14187920664378703
vit_base,ViT-B/16 AugReg,7,768,41,2.6180832705460064e-06,2.6180832705460064e-06,0.1389819315861947
vit_base,ViT-B/16 AugReg,7,768,42,2.5555833715146226e-06,2.5555833715146226e-06,0.13566410102326065
vit_base,ViT-B/16 AugReg,7,768,43,2.5335669556750347e-06,2.5335669556750347e-06,0.13449535133740645
vit_base,ViT-B/16 AugReg,7,768,44,2.4961024675340647e-06,2.4961024675340647e-06,0.13250653494401718
vit_base,ViT-B/16 AugReg,7,768,45,2.4684033461801855e-06,2.4684033461801855e-06,0.13103611670625054
vit_base,ViT-B/16 AugReg,7,768,46,2.405837584571232e-06,2.405837584571232e-06,0.12771478980370315
vit_base,ViT-B/16 AugReg,7,768,47,2.3704999939381655e-06,2.3704999939381655e-06,0.12583888056161036
vit_base,ViT-B/16 AugReg,7,768,48,2.2922860995134978e-06,2.2922860995134978e-06,0.12168686666414863
vit_base,ViT-B/16 AugReg,7,768,49,2.2367250091399566e-06,2.2367250091399566e-06,0.1187373853592475
vit_base,ViT-B/16 AugReg,7,768,50,2.1901033038673438e-06,2.1901033038673438e-06,0.116262454662609
vit_base,ViT-B/16 AugReg,7,768,51,2.1697811441139824e-06,2.1697811441139824e-06,0.11518364519604213
vit_base,ViT-B/16 AugReg,7,768,52,2.103348527699564e-06,2.103348527699564e-06,0.11165704485697993
vit_base,ViT-B/16 AugReg,7,768,53,2.094317294812366e-06,2.094317294812366e-06,0.1111776184745617
vit_base,ViT-B/16 AugReg,7,768,54,2.0360371094421964e-06,2.0360371094421964e-06,0.1080837929927395
vit_base,ViT-B/16 AugReg,7,768,55,2.012925803037975e-06,2.012925803037975e-06,0.10685692063093367
vit_base,ViT-B/16 AugReg,7,768,56,1.9867960059545252e-06,1.9867960059545252e-06,0.10546981056019258
vit_base,ViT-B/16 AugReg,7,768,57,1.950368586338096e-06,1.950368586338096e-06,0.10353604733808684
vit_base,ViT-B/16 AugReg,7,768,58,1.9326173525653663e-06,1.9326173525653663e-06,0.1025937164406981
vit_base,ViT-B/16 AugReg,7,768,59,1.921685145236955e-06,1.921685145236955e-06,0.10201337611764699
vit_base,ViT-B/16 AugReg,7,768,60,1.8936532577314326e-06,1.8936532577314326e-06,0.10052529286401087
vit_base,ViT-B/16 AugReg,7,768,61,1.8474817452770565e-06,1.8474817452770565e-06,0.09807426082184555
vit_base,ViT-B/16 AugReg,7,768,62,1.8189407261694587e-06,1.8189407261694587e-06,0.0965591501263079
vit_base,ViT-B/16 AugReg,7,768,63,1.804591486106511e-06,1.804591486106511e-06,0.09579741533995538
vit_base,ViT-B/16 AugReg,7,768,64,1.7648102523242999e-06,1.7648102523242999e-06,0.09368561363596274
vit_base,ViT-B/16 AugReg,7,768,65,1.7519089843107763e-06,1.7519089843107763e-06,0.09300074498850495
vit_base,ViT-B/16 AugReg,7,768,66,1.7275786799809184e-06,1.7275786799809184e-06,0.09170916166497743
vit_base,ViT-B/16 AugReg,7,768,67,1.7029072438399068e-06,1.7029072438399068e-06,0.09039946923141012
vit_base,ViT-B/16 AugReg,7,768,68,1.6722698268487402e-06,1.6722698268487402e-06,0.08877307046856406
vit_base,ViT-B/16 AugReg,7,768,69,1.6440962536763066e-06,1.6440962536763066e-06,0.08727746577820093
vit_base,ViT-B/16 AugReg,7,768,70,1.6193567604659583e-06,1.6193567604659583e-06,0.0859641605096024
vit_base,ViT-B/16 AugReg,7,768,71,1.5999440859329806e-06,1.5999440859329806e-06,0.08493363140680396
vit_base,ViT-B/16 AugReg,7,768,72,1.5951526526885459e-06,1.5951526526885459e-06,0.08467927637735566
vit_base,ViT-B/16 AugReg,7,768,73,1.5763899958906794e-06,1.5763899958906794e-06,0.08368325370963031
vit_base,ViT-B/16 AugReg,7,768,74,1.5645831945712344e-06,1.5645831945712344e-06,0.08305648523679687
vit_base,ViT-B/16 AugReg,7,768,75,1.5425353468441748e-06,1.5425353468441748e-06,0.08188606697741661
vit_base,ViT-B/16 AugReg,7,768,76,1.5245089595808613e-06,1.5245089595808613e-06,0.08092912945386199
vit_base,ViT-B/16 AugReg,7,768,77,1.4885369679066041e-06,1.4885369679066041e-06,0.07901954279474548
vit_base,ViT-B/16 AugReg,7,768,78,1.4798510293387553e-06,1.4798510293387553e-06,0.07855844649067456
vit_base,ViT-B/16 AugReg,7,768,79,1.4657639029145613e-06,1.4657639029145613e-06,0.07781062610506663
vit_base,ViT-B/16 AugReg,7,768,80,1.4456436430678876e-06,1.4456436430678876e-06,0.07674253457071153
vit_base,ViT-B/16 AugReg,7,768,81,1.4392145488232753e-06,1.4392145488232753e-06,0.07640124369332874
vit_base,ViT-B/16 AugReg,7,768,82,1.40454204451998e-06,1.40454204451998e-06,0.07456064080830374
vit_base,ViT-B/16 AugReg,7,768,83,1.386372186831159e-06,1.386372186831159e-06,0.07359608710344318
vit_base,ViT-B/16 AugReg,7,768,84,1.3617834828044867e-06,1.3617834828044867e-06,0.07229078653517078
vit_base,ViT-B/16 AugReg,7,768,85,1.3584808644972694e-06,1.3584808644972694e-06,0.07211546580462226
vit_base,ViT-B/16 AugReg,7,768,86,1.345223463852839e-06,1.345223463852839e-06,0.0714116917229863
vit_base,ViT-B/16 AugReg,7,768,87,1.3333158508256694e-06,1.3333158508256694e-06,0.07077957162286747
vit_base,ViT-B/16 AugReg,7,768,88,1.3134979869172618e-06,1.3134979869172618e-06,0.06972753289022303
vit_base,ViT-B/16 AugReg,7,768,89,1.3051268407300117e-06,1.3051268407300117e-06,0.06928314745764975
vit_base,ViT-B/16 AugReg,7,768,90,1.2908265498253473e-06,1.2908265498253473e-06,0.06852401115570919
vit_base,ViT-B/16 AugReg,7,768,91,1.276632025863994e-06,1.276632025863994e-06,0.06777048953159218
vit_base,ViT-B/16 AugReg,7,768,92,1.2660855749099893e-06,1.2660855749099893e-06,0.06721062723024493
vit_base,ViT-B/16 AugReg,7,768,93,1.2509570042130454e-06,1.2509570042130454e-06,0.06640752138511989
vit_base,ViT-B/16 AugReg,7,768,94,1.2344268394159767e-06,1.2344268394159767e-06,0.06553001139191957
vit_base,ViT-B/16 AugReg,7,768,95,1.220447707238333e-06,1.220447707238333e-06,0.06478792392136234
vit_base,ViT-B/16 AugReg,7,768,96,1.2093680446115348e-06,1.2093680446115348e-06,0.0641997558785351
vit_base,ViT-B/16 AugReg,7,768,97,1.1868476829933083e-06,1.1868476829933083e-06,0.06300425404216
vit_base,ViT-B/16 AugReg,7,768,98,1.184007727754849e-06,1.184007727754849e-06,0.062853493954007
vit_base,ViT-B/16 AugReg,7,768,99,1.1697228764030314e-06,1.1697228764030314e-06,0.062095177266515526
vit_base,ViT-B/16 AugReg,7,768,100,1.1601019634722992e-06,1.1601019634722992e-06,0.061584447497994105
vit_base,ViT-B/16 AugReg,7,768,101,1.1484233292335356e-06,1.1484233292335356e-06,0.060964482822671334
vit_base,ViT-B/16 AugReg,7,768,102,1.1460952709360833e-06,1.1460952709360833e-06,0.060840896975473395
vit_base,ViT-B/16 AugReg,7,768,103,1.1324529353748928e-06,1.1324529353748928e-06,0.0601166884795206
vit_base,ViT-B/16 AugReg,7,768,104,1.1250275429348423e-06,1.1250275429348423e-06,0.05972250873905401
vit_base,ViT-B/16 AugReg,7,768,105,1.1088002126408012e-06,1.1088002126408012e-06,0.058861074828939056
vit_base,ViT-B/16 AugReg,7,768,106,1.0981693704073868e-06,1.0981693704073868e-06,0.05829673258489733
vit_base,ViT-B/16 AugReg,7,768,107,1.0870797610929611e-06,1.0870797610929611e-06,0.0577080365184297
vit_base,ViT-B/16 AugReg,7,768,108,1.0683210193781645e-06,1.0683210193781645e-06,0.05671222168435636
vit_base,ViT-B/16 AugReg,7,768,109,1.0592612964865147e-06,1.0592612964865147e-06,0.05623128289937472
vit_base,ViT-B/16 AugReg,7,768,110,1.045246626506152e-06,1.045246626506152e-06,0.0554873088912418
vit_base,ViT-B/16 AugReg,7,768,111,1.0439627606910288e-06,1.0439627606910288e-06,0.0554191543932964
vit_base,ViT-B/16 AugReg,7,768,112,1.0327164472649148e-06,1.0327164472649148e-06,0.05482213963033238
vit_base,ViT-B/16 AugReg,7,768,113,1.0230149480793037e-06,1.0230149480793037e-06,0.05430713191026971
vit_base,ViT-B/16 AugReg,7,768,114,1.0064293815930687e-06,1.0064293815930687e-06,0.0534266808976373
vit_base,ViT-B/16 AugReg,7,768,115,9.949097436126552e-07,9.949097436126552e-07,0.05281515659827548
vit_base,ViT-B/16 AugReg,7,768,116,9.848269860868987e-07,9.848269860868987e-07,0.05227990963634343
vit_base,ViT-B/16 AugReg,7,768,117,9.772343730322141e-07,9.772343730322141e-07,0.051876852926880344
vit_base,ViT-B/16 AugReg,7,768,118,9.749734468207764e-07,9.749734468207764e-07,0.051756830811627325
vit_base,ViT-B/16 AugReg,7,768,119,9.698659044417537e-07,9.698659044417537e-07,0.05148569501030238
vit_base,ViT-B/16 AugReg,7,768,120,9.426872379533018e-07,9.426872379533018e-07,0.050042905314115885
vit_base,ViT-B/16 AugReg,7,768,121,9.381196101645239e-07,9.381196101645239e-07,0.04980043108115585
vit_base,ViT-B/16 AugReg,7,768,122,9.331198155180299e-07,9.331198155180299e-07,0.04953501510859241
vit_base,ViT-B/16 AugReg,7,768,123,9.155410836796202e-07,9.155410836796202e-07,0.048601841541034946
vit_base,ViT-B/16 AugReg,7,768,124,9.086244903252256e-07,9.086244903252256e-07,0.048234671590711126
vit_base,ViT-B/16 AugReg,7,768,125,9.068225555054563e-07,9.068225555054563e-07,0.04813901520549932
vit_base,ViT-B/16 AugReg,7,768,126,8.999970105642852e-07,8.999970105642852e-07,0.04777667859431334
vit_base,ViT-B/16 AugReg,7,768,127,8.948186149632879e-07,8.948186149632879e-07,0.04750178152314647
vit_base,ViT-B/16 AugReg,7,768,128,8.85291734494311e-07,8.85291734494311e-07,0.04699604350309753
vit_base,ViT-B/16 AugReg,7,768,129,8.778807414392787e-07,8.778807414392787e-07,0.046602628159381036
vit_base,ViT-B/16 AugReg,7,768,130,8.690851660242811e-07,8.690851660242811e-07,0.046135711742191034
vit_base,ViT-B/16 AugReg,7,768,131,8.511793121053017e-07,8.511793121053017e-07,0.04518517277639222
vit_base,ViT-B/16 AugReg,7,768,132,8.486017307680859e-07,8.486017307680859e-07,0.045048340905115614
vit_base,ViT-B/16 AugReg,7,768,133,8.418221161834306e-07,8.418221161834306e-07,0.044688442524118424
vit_base,ViT-B/16 AugReg,7,768,134,8.333154398239904e-07,8.333154398239904e-07,0.04423686242156231
vit_base,ViT-B/16 AugReg,7,768,135,8.28213522603492e-07,8.28213522603492e-07,0.04396602523388575
vit_base,ViT-B/16 AugReg,7,768,136,8.178301933401643e-07,8.178301933401643e-07,0.043414822308620586
vit_base,ViT-B/16 AugReg,7,768,137,8.140303303371982e-07,8.140303303371982e-07,0.0432131051570477
vit_base,ViT-B/16 AugReg,7,768,138,8.058089578458618e-07,8.058089578458618e-07,0.04277667051725214
vit_base,ViT-B/16 AugReg,7,768,139,8.049123072028709e-07,8.049123072028709e-07,0.04272907148183457
vit_base,ViT-B/16 AugReg,7,768,140,7.95717366666252e-07,7.95717366666252e-07,0.04224095461749473
vit_base,ViT-B/16 AugReg,7,768,141,7.903717465781673e-07,7.903717465781673e-07,0.041957180371760744
vit_base,ViT-B/16 AugReg,7,768,142,7.8131040683295e-07,7.8131040683295e-07,0.04147615575550152
vit_base,ViT-B/16 AugReg,7,768,143,7.80314536672589e-07,7.80314536672589e-07,0.04142328961482024
vit_base,ViT-B/16 AugReg,7,768,144,7.756810772116972e-07,7.756810772116972e-07,0.041177320682874545
vit_base,ViT-B/16 AugReg,7,768,145,7.655161922254955e-07,7.655161922254955e-07,0.040637713953926166
vit_base,ViT-B/16 AugReg,7,768,146,7.5736694398283e-07,7.5736694398283e-07,0.04020510805690103
vit_base,ViT-B/16 AugReg,7,768,147,7.534708584803467e-07,7.534708584803467e-07,0.03999828289788033
vit_base,ViT-B/16 AugReg,7,768,148,7.490746079287571e-07,7.490746079287571e-07,0.039764906289782846
vit_base,ViT-B/16 AugReg,7,768,149,7.43403927020366e-07,7.43403927020366e-07,0.03946387606858106
vit_base,ViT-B/16 AugReg,7,768,150,7.382983974799399e-07,7.382983974799399e-07,0.03919284711954736
vit_base,ViT-B/16 AugReg,7,768,151,7.29275193393256e-07,7.29275193393256e-07,0.03871384694901335
vit_base,ViT-B/16 AugReg,7,768,152,7.224063670463478e-07,7.224063670463478e-07,0.03834921272818342
vit_base,ViT-B/16 AugReg,7,768,153,7.172658225209234e-07,7.172658225209234e-07,0.038076324995548645
vit_base,ViT-B/16 AugReg,7,768,154,7.149555811562654e-07,7.149555811562654e-07,0.03795368496690527
vit_base,ViT-B/16 AugReg,7,768,155,7.115409080226999e-07,7.115409080226999e-07,0.037772415763905685
vit_base,ViT-B/16 AugReg,7,768,156,7.032984217574634e-07,7.032984217574634e-07,0.03733486029150991
vit_base,ViT-B/16 AugReg,7,768,157,6.96028479677361e-07,6.96028479677361e-07,0.03694893269165871
vit_base,ViT-B/16 AugReg,7,768,158,6.914690763724533e-07,6.914690763724533e-07,0.03670689505850719
vit_base,ViT-B/16 AugReg,7,768,159,6.835610721532432e-07,6.835610721532432e-07,0.036287095690877305
vit_base,ViT-B/16 AugReg,7,768,160,6.785650379869178e-07,6.785650379869178e-07,0.03602187934481291
vit_base,ViT-B/16 AugReg,7,768,161,6.738294562108491e-07,6.738294562108491e-07,0.03577048921149406
vit_base,ViT-B/16 AugReg,7,768,162,6.698027852932705e-07,6.698027852932705e-07,0.03555673187677402
vit_base,ViT-B/16 AugReg,7,768,163,6.682474736573222e-07,6.682474736573222e-07,0.03547416757570139
vit_base,ViT-B/16 AugReg,7,768,164,6.634212127270816e-07,6.634212127270816e-07,0.035217963705499844
vit_base,ViT-B/16 AugReg,7,768,165,6.609188160194961e-07,6.609188160194961e-07,0.035085123038463825
vit_base,ViT-B/16 AugReg,7,768,166,6.541206536468043e-07,6.541206536468043e-07,0.03472424004118763
vit_base,ViT-B/16 AugReg,7,768,167,6.495666976946576e-07,6.495666976946576e-07,0.03448249158279892
vit_base,ViT-B/16 AugReg,7,768,168,6.485011948513272e-07,6.485011948513272e-07,0.03442592896504621
vit_base,ViT-B/16 AugReg,7,768,169,6.373986056638651e-07,6.373986056638651e-07,0.033836543857154025
vit_base,ViT-B/16 AugReg,7,768,170,6.353703297957629e-07,6.353703297957629e-07,0.033728872072566474
vit_base,ViT-B/16 AugReg,7,768,171,6.304212161803915e-07,6.304212161803915e-07,0.03346614652153371
vit_base,ViT-B/16 AugReg,7,768,172,6.286554136193492e-07,6.286554136193492e-07,0.033372408230817566
vit_base,ViT-B/16 AugReg,7,768,173,6.255560956354509e-07,6.255560956354509e-07,0.03320787977412253
vit_base,ViT-B/16 AugReg,7,768,174,6.145212969267744e-07,6.145212969267744e-07,0.03262209334920227
vit_base,ViT-B/16 AugReg,7,768,175,6.12348825665223e-07,6.12348825665223e-07,0.032506766898113895
vit_base,ViT-B/16 AugReg,7,768,176,6.09020769979866e-07,6.09020769979866e-07,0.032330095814813754
vit_base,ViT-B/16 AugReg,7,768,177,6.07614757319626e-07,6.07614757319626e-07,0.03225545710581882
vit_base,ViT-B/16 AugReg,7,768,178,6.047162524086188e-07,6.047162524086188e-07,0.032101588886356176
vit_base,ViT-B/16 AugReg,7,768,179,5.986421037058362e-07,5.986421037058362e-07,0.03177914042608301
vit_base,ViT-B/16 AugReg,7,768,180,5.968452003352852e-07,5.968452003352852e-07,0.03168375113723856
vit_base,ViT-B/16 AugReg,7,768,181,5.876961712919858e-07,5.876961712919858e-07,0.031198071501727667
vit_base,ViT-B/16 AugReg,7,768,182,5.830383668809261e-07,5.830383668809261e-07,0.030950810208978656
vit_base,ViT-B/16 AugReg,7,768,183,5.77189421823948e-07,5.77189421823948e-07,0.030640316768641745
vit_base,ViT-B/16 AugReg,7,768,184,5.732614302685192e-07,5.732614302685192e-07,0.030431797864843124
vit_base,ViT-B/16 AugReg,7,768,185,5.708276533078276e-07,5.708276533078276e-07,0.030302599902787334
vit_base,ViT-B/16 AugReg,7,768,186,5.679169452392779e-07,5.679169452392779e-07,0.030148083874133213
vit_base,ViT-B/16 AugReg,7,768,187,5.64743791031711e-07,5.64743791031711e-07,0.02997963579383341
vit_base,ViT-B/16 AugReg,7,768,188,5.603080583067844e-07,5.603080583067844e-07,0.029744163259767746
vit_base,ViT-B/16 AugReg,7,768,189,5.586989576575842e-07,5.586989576575842e-07,0.029658743548768327
vit_base,ViT-B/16 AugReg,7,768,190,5.561877264687295e-07,5.561877264687295e-07,0.029525433899983272
vit_base,ViT-B/16 AugReg,7,768,191,5.450225709519798e-07,5.450225709519798e-07,0.028932727435053106
vit_base,ViT-B/16 AugReg,7,768,192,5.415919760358449e-07,5.415919760358449e-07,0.02875061301825888
vit_base,ViT-B/16 AugReg,7,768,193,5.378988938793593e-07,5.378988938793593e-07,0.028554564367939277
vit_base,ViT-B/16 AugReg,7,768,194,5.346911613420724e-07,5.346911613420724e-07,0.028384280684047494
vit_base,ViT-B/16 AugReg,7,768,195,5.299508984292194e-07,5.299508984292194e-07,0.02813264205082812
vit_base,ViT-B/16 AugReg,7,768,196,5.21756865944111e-07,5.21756865944111e-07,0.02769765876550928
vit_base,ViT-B/16 AugReg,7,768,197,5.212964715644689e-07,5.212964715644689e-07,0.027673218557325702
vit_base,ViT-B/16 AugReg,7,768,198,5.194891672535163e-07,5.194891672535163e-07,0.027577277130662114
vit_base,ViT-B/16 AugReg,7,768,199,5.142369238576902e-07,5.142369238576902e-07,0.027298459821631104
vit_base,ViT-B/16 AugReg,7,768,200,5.128767825592424e-07,5.128767825592424e-07,0.027226256211067945
vit_base,ViT-B/16 AugReg,7,768,201,5.117198136378875e-07,5.117198136378875e-07,0.027164838082284908
vit_base,ViT-B/16 AugReg,7,768,202,5.075850435190277e-07,5.075850435190277e-07,0.026945342260952927
vit_base,ViT-B/16 AugReg,7,768,203,5.043184821268995e-07,5.043184821268995e-07,0.026771935625254827
vit_base,ViT-B/16 AugReg,7,768,204,4.985712686878331e-07,4.985712686878331e-07,0.02646684264598034
vit_base,ViT-B/16 AugReg,7,768,205,4.969032066536129e-07,4.969032066536129e-07,0.0263782929477604
vit_base,ViT-B/16 AugReg,7,768,206,4.923989281309897e-07,4.923989281309897e-07,0.026139181634335356
vit_base,ViT-B/16 AugReg,7,768,207,4.894399865393715e-07,4.894399865393715e-07,0.02598210511103285
vit_base,ViT-B/16 AugReg,7,768,208,4.839422928040435e-07,4.839422928040435e-07,0.025690257978742876
vit_base,ViT-B/16 AugReg,7,768,209,4.817926905835794e-07,4.817926905835794e-07,0.025576145539271164
vit_base,ViT-B/16 AugReg,7,768,210,4.78818951742174e-07,4.78818951742174e-07,0.025418283498418192
vit_base,ViT-B/16 AugReg,7,768,211,4.7514420183635493e-07,4.7514420183635493e-07,0.02522320802249553
vit_base,ViT-B/16 AugReg,7,768,212,4.7193127895700053e-07,4.7193127895700053e-07,0.02505264880734993
vit_base,ViT-B/16 AugReg,7,768,213,4.6753946661049686e-07,4.6753946661049686e-07,0.02481950780303272
vit_base,ViT-B/16 AugReg,7,768,214,4.667538512308493e-07,4.667538512308493e-07,0.024777803116182
vit_base,ViT-B/16 AugReg,7,768,215,4.63660250138286e-07,4.63660250138286e-07,0.024613578142805983
vit_base,ViT-B/16 AugReg,7,768,216,4.611446279625073e-07,4.611446279625073e-07,0.024480035396834472
vit_base,ViT-B/16 AugReg,7,768,217,4.599044792831859e-07,4.599044792831859e-07,0.02441420163942682
vit_base,ViT-B/16 AugReg,7,768,218,4.567822485925153e-07,4.567822485925153e-07,0.024248456853105872
vit_base,ViT-B/16 AugReg,7,768,219,4.52611672118393e-07,4.52611672118393e-07,0.024027060237985766
vit_base,ViT-B/16 AugReg,7,768,220,4.5078704749566956e-07,4.5078704749566956e-07,0.023930199356080758
vit_base,ViT-B/16 AugReg,7,768,221,4.501326052633192e-07,4.501326052633192e-07,0.023895458044913574
vit_base,ViT-B/16 AugReg,7,768,222,4.435575384810043e-07,4.435575384810043e-07,0.02354641816066124
vit_base,ViT-B/16 AugReg,7,768,223,4.403118898588515e-07,4.403118898588515e-07,0.023374121687194684
vit_base,ViT-B/16 AugReg,7,768,224,4.389709277077923e-07,4.389709277077923e-07,0.023302936208858347
vit_base,ViT-B/16 AugReg,7,768,225,4.358493450235655e-07,4.358493450235655e-07,0.023137225822202314
vit_base,ViT-B/16 AugReg,7,768,226,4.3456654029121427e-07,4.3456654029121427e-07,0.023069127652233526
vit_base,ViT-B/16 AugReg,7,768,227,4.2918031637207194e-07,4.2918031637207194e-07,0.022783197936910894
vit_base,ViT-B/16 AugReg,7,768,228,4.2723806466505546e-07,4.2723806466505546e-07,0.022680092777153528
vit_base,ViT-B/16 AugReg,7,768,229,4.2522172704366715e-07,4.2522172704366715e-07,0.022573054738866834
vit_base,ViT-B/16 AugReg,7,768,230,4.2496372600780846e-07,4.2496372600780846e-07,0.02255935865718819
vit_base,ViT-B/16 AugReg,7,768,231,4.2187027288506466e-07,4.2187027288506466e-07,0.0223951415388455
vit_base,ViT-B/16 AugReg,7,768,232,4.209194339719976e-07,4.209194339719976e-07,0.022344665898802997
vit_base,ViT-B/16 AugReg,7,768,233,4.172397203241317e-07,4.172397203241317e-07,0.022149326920773534
vit_base,ViT-B/16 AugReg,7,768,234,4.1646195929571024e-07,4.1646195929571024e-07,0.022108039185101194
vit_base,ViT-B/16 AugReg,7,768,235,4.153720723505319e-07,4.153720723505319e-07,0.022050182128163558
vit_base,ViT-B/16 AugReg,7,768,236,4.129568676835529e-07,4.129568676835529e-07,0.02192197008327977
vit_base,ViT-B/16 AugReg,7,768,237,4.108379833238721e-07,4.108379833238721e-07,0.02180948831295976
vit_base,ViT-B/16 AugReg,7,768,238,4.057217804071468e-07,4.057217804071468e-07,0.021537892763745195
vit_base,ViT-B/16 AugReg,7,768,239,4.0241808215892265e-07,4.0241808215892265e-07,0.0213625147041236
vit_base,ViT-B/16 AugReg,7,768,240,3.995994913703953e-07,3.995994913703953e-07,0.021212888755801913
vit_base,ViT-B/16 AugReg,7,768,241,3.9622799302662804e-07,3.9622799302662804e-07,0.021033911502699225
vit_base,ViT-B/16 AugReg,7,768,242,3.9595844813922997e-07,3.9595844813922997e-07,0.02101960261133537
vit_base,ViT-B/16 AugReg,7,768,243,3.90668866616263e-07,3.90668866616263e-07,0.020738803193832017
vit_base,ViT-B/16 AugReg,7,768,244,3.895849468524289e-07,3.895849468524289e-07,0.02068126290695233
vit_base,ViT-B/16 AugReg,7,768,245,3.8706798750768565e-07,3.8706798750768565e-07,0.02054764917686521
vit_base,ViT-B/16 AugReg,7,768,246,3.8403450975466605e-07,3.8403450975466605e-07,0.020386615873501074
vit_base,ViT-B/16 AugReg,7,768,247,3.823375536484789e-07,3.823375536484789e-07,0.020296532322642245
vit_base,ViT-B/16 AugReg,7,768,248,3.7818952320293087e-07,3.7818952320293087e-07,0.020076332571898496
vit_base,ViT-B/16 AugReg,7,768,249,3.773308227947348e-07,3.773308227947348e-07,0.020030748138917476
vit_base,ViT-B/16 AugReg,7,768,250,3.7673553358506733e-07,3.7673553358506733e-07,0.019999146988127967
vit_base,ViT-B/16 AugReg,7,768,251,3.753343552650213e-07,3.753343552650213e-07,0.019924764911893975
vit_base,ViT-B/16 AugReg,7,768,252,3.7382909348650544e-07,3.7382909348650544e-07,0.019844857526260144
vit_base,ViT-B/16 AugReg,7,768,253,3.7247747749061987e-07,3.7247747749061987e-07,0.019773106484578494
vit_base,ViT-B/16 AugReg,7,768,254,3.676578017944135e-07,3.676578017944135e-07,0.01951725219399357
vit_base,ViT-B/16 AugReg,7,768,255,3.659869712125018e-07,3.659869712125018e-07,0.019428555526381872
vit_base,ViT-B/16 AugReg,7,768,256,3.6489714722129256e-07,3.6489714722129256e-07,0.019370701811379273
vit_base,ViT-B/16 AugReg,7,768,257,3.6103120460025797e-07,3.6103120460025797e-07,0.01916547679851682
vit_base,ViT-B/16 AugReg,7,768,258,3.597182890478173e-07,3.597182890478173e-07,0.019095780184379064
vit_base,ViT-B/16 AugReg,7,768,259,3.579554118989005e-07,3.579554118989005e-07,0.01900219719026195
vit_base,ViT-B/16 AugReg,7,768,260,3.5685941636657863e-07,3.5685941636657863e-07,0.0189440158566865
vit_base,ViT-B/16 AugReg,7,768,261,3.565416796386185e-07,3.565416796386185e-07,0.018927148683405736
vit_base,ViT-B/16 AugReg,7,768,262,3.5241787876019424e-07,3.5241787876019424e-07,0.018708235168313176
vit_base,ViT-B/16 AugReg,7,768,263,3.5058917825540447e-07,3.5058917825540447e-07,0.01861115791668117
vit_base,ViT-B/16 AugReg,7,768,264,3.468793754186535e-07,3.468793754186535e-07,0.018414221642783335
vit_base,ViT-B/16 AugReg,7,768,265,3.465773970738802e-07,3.465773970738802e-07,0.018398191009179752
vit_base,ViT-B/16 AugReg,7,768,266,3.444152907480898e-07,3.444152907480898e-07,0.01828341478459068
vit_base,ViT-B/16 AugReg,7,768,267,3.4191350697189564e-07,3.4191350697189564e-07,0.01815060665524728
vit_base,ViT-B/16 AugReg,7,768,268,3.403273634618999e-07,3.403273634618999e-07,0.018066405632586095
vit_base,ViT-B/16 AugReg,7,768,269,3.3808935321510043e-07,3.3808935321510043e-07,0.017947600019904027
vit_base,ViT-B/16 AugReg,7,768,270,3.364510962497977e-07,3.364510962497977e-07,0.017860632534937505
vit_base,ViT-B/16 AugReg,7,768,271,3.3435235279296237e-07,3.3435235279296237e-07,0.01774921995199318
vit_base,ViT-B/16 AugReg,7,768,272,3.335076688303481e-07,3.335076688303481e-07,0.017704379587278753
vit_base,ViT-B/16 AugReg,7,768,273,3.3081266591581135e-07,3.3081266591581135e-07,0.017561314347564427
vit_base,ViT-B/16 AugReg,7,768,274,3.291279661934678e-07,3.291279661934678e-07,0.017471881431435212
vit_base,ViT-B/16 AugReg,7,768,275,3.287082159806791e-07,3.287082159806791e-07,0.01744959883408111
vit_base,ViT-B/16 AugReg,7,768,276,3.2417055616931064e-07,3.2417055616931064e-07,0.01720871546243285
vit_base,ViT-B/16 AugReg,7,768,277,3.2081197256772566e-07,3.2081197256772566e-07,0.017030423793258913
vit_base,ViT-B/16 AugReg,7,768,278,3.203616189930306e-07,3.203616189930306e-07,0.017006516604968904
vit_base,ViT-B/16 AugReg,7,768,279,3.187212345834446e-07,3.187212345834446e-07,0.016919436183825312
vit_base,ViT-B/16 AugReg,7,768,280,3.170767891053357e-07,3.170767891053357e-07,0.016832140179337228
vit_base,ViT-B/16 AugReg,7,768,281,3.1591358685997716e-07,3.1591358685997716e-07,0.01677039115221342
vit_base,ViT-B/16 AugReg,7,768,282,3.128423920246625e-07,3.128423920246625e-07,0.01660735562340056
vit_base,ViT-B/16 AugReg,7,768,283,3.115371971983046e-07,3.115371971983046e-07,0.016538068866900374
vit_base,ViT-B/16 AugReg,7,768,284,3.10280100167388e-07,3.10280100167388e-07,0.01647133539989662
vit_base,ViT-B/16 AugReg,7,768,285,3.0865435413311405e-07,3.0865435413311405e-07,0.01638503206239244
vit_base,ViT-B/16 AugReg,7,768,286,3.0622392837542507e-07,3.0622392837542507e-07,0.016256012000203962
vit_base,ViT-B/16 AugReg,7,768,287,3.0584275203986033e-07,3.0584275203986033e-07,0.01623577711157848
vit_base,ViT-B/16 AugReg,7,768,288,3.038764012402619e-07,3.038764012402619e-07,0.016131392642459875
vit_base,ViT-B/16 AugReg,7,768,289,3.0036226829841155e-07,3.0036226829841155e-07,0.01594484357826331
vit_base,ViT-B/16 AugReg,7,768,290,2.9892713240051367e-07,2.9892713240051367e-07,0.015868658851282896
vit_base,ViT-B/16 AugReg,7,768,291,2.9763773372622465e-07,2.9763773372622465e-07,0.015800210639435153
vit_base,ViT-B/16 AugReg,7,768,292,2.962221733815293e-07,2.962221733815293e-07,0.01572506508803275
vit_base,ViT-B/16 AugReg,7,768,293,2.942837486522511e-07,2.942837486522511e-07,0.015622163084822845
vit_base,ViT-B/16 AugReg,7,768,294,2.93684580896638e-07,2.93684580896638e-07,0.015590356039968268
vit_base,ViT-B/16 AugReg,7,768,295,2.9232846220112385e-07,2.9232846220112385e-07,0.015518365970789375
vit_base,ViT-B/16 AugReg,7,768,296,2.9038979145026363e-07,2.9038979145026363e-07,0.015415450907431585
vit_base,ViT-B/16 AugReg,7,768,297,2.8778077977798956e-07,2.8778077977798956e-07,0.015276950545039386
vit_base,ViT-B/16 AugReg,7,768,298,2.8492197658477954e-07,2.8492197658477954e-07,0.015125189906144868
vit_base,ViT-B/16 AugReg,7,768,299,2.837983513015204e-07,2.837983513015204e-07,0.01506554183688622
vit_base,ViT-B/16 AugReg,7,768,300,2.8278420027748004e-07,2.8278420027748004e-07,0.015011705249705454
vit_base,ViT-B/16 AugReg,7,768,301,2.814045147201128e-07,2.814045147201128e-07,0.014938464124833028
vit_base,ViT-B/16 AugReg,7,768,302,2.8082577004600735e-07,2.8082577004600735e-07,0.014907741246914167
vit_base,ViT-B/16 AugReg,7,768,303,2.7963427127382183e-07,2.7963427127382183e-07,0.014844490088059166
vit_base,ViT-B/16 AugReg,7,768,304,2.7638778009556887e-07,2.7638778009556887e-07,0.01467214888718627
vit_base,ViT-B/16 AugReg,7,768,305,2.754277282390709e-07,2.754277282390709e-07,0.014621184174589038
vit_base,ViT-B/16 AugReg,7,768,306,2.751713776013633e-07,2.751713776013633e-07,0.014607575704914761
vit_base,ViT-B/16 AugReg,7,768,307,2.7351793959259803e-07,2.7351793959259803e-07,0.014519802328566688
vit_base,ViT-B/16 AugReg,7,768,308,2.7148800262269236e-07,2.7148800262269236e-07,0.014412042363767372
vit_base,ViT-B/16 AugReg,7,768,309,2.711572952298381e-07,2.711572952298381e-07,0.014394486637879731
vit_base,ViT-B/16 AugReg,7,768,310,2.689915872207733e-07,2.689915872207733e-07,0.014279519216584248
vit_base,ViT-B/16 AugReg,7,768,311,2.6829644191672877e-07,2.6829644191672877e-07,0.014242617167602044
vit_base,ViT-B/16 AugReg,7,768,312,2.677772090916297e-07,2.677772090916297e-07,0.014215053498490721
vit_base,ViT-B/16 AugReg,7,768,313,2.6547367258177647e-07,2.6547367258177647e-07,0.014092769399577413
vit_base,ViT-B/16 AugReg,7,768,314,2.6377902543293845e-07,2.6377902543293845e-07,0.014002808420584783
vit_base,ViT-B/16 AugReg,7,768,315,2.629098159892657e-07,2.629098159892657e-07,0.013956666111517047
vit_base,ViT-B/16 AugReg,7,768,316,2.6089354283912477e-07,2.6089354283912477e-07,0.01384963149571068
vit_base,ViT-B/16 AugReg,7,768,317,2.599625076452524e-07,2.599625076452524e-07,0.013800207143523393
vit_base,ViT-B/16 AugReg,7,768,318,2.592894401924859e-07,2.592894401924859e-07,0.013764477105550314
vit_base,ViT-B/16 AugReg,7,768,319,2.573158820713824e-07,2.573158820713824e-07,0.013659710033068552
vit_base,ViT-B/16 AugReg,7,768,320,2.5458007642959256e-07,2.5458007642959256e-07,0.013514478765286506
vit_base,ViT-B/16 AugReg,7,768,321,2.5419026798949726e-07,2.5419026798949726e-07,0.013493785638156999
vit_base,ViT-B/16 AugReg,7,768,322,2.5280918128041205e-07,2.5280918128041205e-07,0.013420470132620517
vit_base,ViT-B/16 AugReg,7,768,323,2.522059751944299e-07,2.522059751944299e-07,0.013388448711484872
vit_base,ViT-B/16 AugReg,7,768,324,2.505371970976018e-07,2.505371970976018e-07,0.013299861000813035
vit_base,ViT-B/16 AugReg,7,768,325,2.500835938559693e-07,2.500835938559693e-07,0.013275781302735785
vit_base,ViT-B/16 AugReg,7,768,326,2.465489509990706e-07,2.465489509990706e-07,0.013088143462012454
vit_base,ViT-B/16 AugReg,7,768,327,2.4592619298744934e-07,2.4592619298744934e-07,0.013055084119576853
vit_base,ViT-B/16 AugReg,7,768,328,2.447764487340945e-07,2.447764487340945e-07,0.012994049515002163
vit_base,ViT-B/16 AugReg,7,768,329,2.444612564147158e-07,2.444612564147158e-07,0.012977317412604503
vit_base,ViT-B/16 AugReg,7,768,330,2.4378633422197195e-07,2.4378633422197195e-07,0.012941488915064633
vit_base,ViT-B/16 AugReg,7,768,331,2.410522758896086e-07,2.410522758896086e-07,0.012796350403858323
vit_base,ViT-B/16 AugReg,7,768,332,2.408674579205084e-07,2.408674579205084e-07,0.012786539272705103
vit_base,ViT-B/16 AugReg,7,768,333,2.394983316103884e-07,2.394983316103884e-07,0.012713858689430042
vit_base,ViT-B/16 AugReg,7,768,334,2.3829044313507414e-07,2.3829044313507414e-07,0.012649737477042147
vit_base,ViT-B/16 AugReg,7,768,335,2.3782611703713406e-07,2.3782611703713406e-07,0.012625088552119246
vit_base,ViT-B/16 AugReg,7,768,336,2.3757106277385503e-07,2.3757106277385503e-07,0.012611548900967348
vit_base,ViT-B/16 AugReg,7,768,337,2.3425860065245745e-07,2.3425860065245745e-07,0.012435705607853936
vit_base,ViT-B/16 AugReg,7,768,338,2.3274818063634163e-07,2.3274818063634163e-07,0.012355524395243978
vit_base,ViT-B/16 AugReg,7,768,339,2.3232711041414124e-07,2.3232711041414124e-07,0.01233317172469556
vit_base,ViT-B/16 AugReg,7,768,340,2.305507903607294e-07,2.305507903607294e-07,0.01223887510895538
vit_base,ViT-B/16 AugReg,7,768,341,2.3024561291618305e-07,2.3024561291618305e-07,0.01222267464994143
vit_base,ViT-B/16 AugReg,7,768,342,2.2881677479181111e-07,2.2881677479181111e-07,0.012146824242628832
vit_base,ViT-B/16 AugReg,7,768,343,2.272496815539488e-07,2.272496815539488e-07,0.01206363451080325
vit_base,ViT-B/16 AugReg,7,768,344,2.2682983391378868e-07,2.2682983391378868e-07,0.012041346741480623
vit_base,ViT-B/16 AugReg,7,768,345,2.2613958033738272e-07,2.2613958033738272e-07,0.012004704371693365
vit_base,ViT-B/16 AugReg,7,768,346,2.2509874053007907e-07,2.2509874053007907e-07,0.011949451000451016
vit_base,ViT-B/16 AugReg,7,768,347,2.2431781207784936e-07,2.2431781207784936e-07,0.01190799512089877
vit_base,ViT-B/16 AugReg,7,768,348,2.2370434900879016e-07,2.2370434900879016e-07,0.011875429203972507
vit_base,ViT-B/16 AugReg,7,768,349,2.2144846715833845e-07,2.2144846715833845e-07,0.011755674870512886
vit_base,ViT-B/16 AugReg,7,768,350,2.2109792900345986e-07,2.2109792900345986e-07,0.011737066421191286
vit_base,ViT-B/16 AugReg,7,768,351,2.2033218779147723e-07,2.2033218779147723e-07,0.011696416761979222
vit_base,ViT-B/16 AugReg,7,768,352,2.1905165164617883e-07,2.1905165164617883e-07,0.011628439020804323
vit_base,ViT-B/16 AugReg,7,768,353,2.1780987353848881e-07,2.1780987353848881e-07,0.011562518764581068
vit_base,ViT-B/16 AugReg,7,768,354,2.163985206447956e-07,2.163985206447956e-07,0.011487596567291928
vit_base,ViT-B/16 AugReg,7,768,355,2.1569913703030202e-07,2.1569913703030202e-07,0.011450469526011158
vit_base,ViT-B/16 AugReg,7,768,356,2.144035429469597e-07,2.144035429469597e-07,0.01138169242855199
vit_base,ViT-B/16 AugReg,7,768,357,2.1327894908535537e-07,2.1327894908535537e-07,0.011321992941948895
vit_base,ViT-B/16 AugReg,7,768,358,2.1173380687221113e-07,2.1173380687221113e-07,0.011239968488496973
vit_base,ViT-B/16 AugReg,7,768,359,2.1073423071417265e-07,2.1073423071417265e-07,0.011186905613540089
vit_base,ViT-B/16 AugReg,7,768,360,2.0923847048546197e-07,2.0923847048546197e-07,0.011107502621238524
vit_base,ViT-B/16 AugReg,7,768,361,2.088238081832417e-07,2.088238081832417e-07,0.011085490117523723
vit_base,ViT-B/16 AugReg,7,768,362,2.0801977629770364e-07,2.0801977629770364e-07,0.011042807783555918
vit_base,ViT-B/16 AugReg,7,768,363,2.0690800063937558e-07,2.0690800063937558e-07,0.010983788756077575
vit_base,ViT-B/16 AugReg,7,768,364,2.0573700911574318e-07,2.0573700911574318e-07,0.010921626232197442
vit_base,ViT-B/16 AugReg,7,768,365,2.039615226172413e-07,2.039615226172413e-07,0.010827373866032044
vit_base,ViT-B/16 AugReg,7,768,366,2.0328697870834016e-07,2.0328697870834016e-07,0.010791565449831734
vit_base,ViT-B/16 AugReg,7,768,367,2.0196959284635678e-07,2.0196959284635678e-07,0.010721631527636583
vit_base,ViT-B/16 AugReg,7,768,368,2.0083174340810484e-07,2.0083174340810484e-07,0.010661228363779406
vit_base,ViT-B/16 AugReg,7,768,369,2.002936119783071e-07,2.002936119783071e-07,0.010632661455155092
vit_base,ViT-B/16 AugReg,7,768,370,1.9898410374766193e-07,1.9898410374766193e-07,0.0105631457199718
vit_base,ViT-B/16 AugReg,7,768,371,1.974785039657985e-07,1.974785039657985e-07,0.01048322039130359
vit_base,ViT-B/16 AugReg,7,768,372,1.9705166899393059e-07,1.9705166899393059e-07,0.010460561696858637
vit_base,ViT-B/16 AugReg,7,768,373,1.9615130729861866e-07,1.9615130729861866e-07,0.010412765658837824
vit_base,ViT-B/16 AugReg,7,768,374,1.9542145332711736e-07,1.9542145332711736e-07,0.010374021087236038
vit_base,ViT-B/16 AugReg,7,768,375,1.9428818970335268e-07,1.9428818970335268e-07,0.010313861363059527
vit_base,ViT-B/16 AugReg,7,768,376,1.9322111032439494e-07,1.9322111032439494e-07,0.010257215054322215
vit_base,ViT-B/16 AugReg,7,768,377,1.917105887700457e-07,1.917105887700457e-07,0.01017702845151708
vit_base,ViT-B/16 AugReg,7,768,378,1.9067344889478307e-07,1.9067344889478307e-07,0.010121971492553738
vit_base,ViT-B/16 AugReg,7,768,379,1.9012406173938893e-07,1.9012406173938893e-07,0.010092807069517875
vit_base,ViT-B/16 AugReg,7,768,380,1.8985683085500718e-07,1.8985683085500718e-07,0.010078621017871351
vit_base,ViT-B/16 AugReg,7,768,381,1.8912211812245857e-07,1.8912211812245857e-07,0.01003961851711847
vit_base,ViT-B/16 AugReg,7,768,382,1.8800376002711024e-07,1.8800376002711024e-07,0.00998025005850403
vit_base,ViT-B/16 AugReg,7,768,383,1.8684474036152723e-07,1.8684474036152723e-07,0.009918723065195097
vit_base,ViT-B/16 AugReg,7,768,384,1.8609583624392697e-07,1.8609583624392697e-07,0.009878967209448296
vit_base,ViT-B/16 AugReg,7,768,385,1.8535320392732524e-07,1.8535320392732524e-07,0.009839544294607962
vit_base,ViT-B/16 AugReg,7,768,386,1.8445538611468854e-07,1.8445538611468854e-07,0.009791883299552325
vit_base,ViT-B/16 AugReg,7,768,387,1.8321117088421298e-07,1.8321117088421298e-07,0.009725833667752648
vit_base,ViT-B/16 AugReg,7,768,388,1.8194625388645261e-07,1.8194625388645261e-07,0.009658685074878335
vit_base,ViT-B/16 AugReg,7,768,389,1.8068293973276854e-07,1.8068293973276854e-07,0.009591621569582503
vit_base,ViT-B/16 AugReg,7,768,390,1.8023962727640692e-07,1.8023962727640692e-07,0.009568088161697998
vit_base,ViT-B/16 AugReg,7,768,391,1.7976656133426296e-07,1.7976656133426296e-07,0.009542975278870134
vit_base,ViT-B/16 AugReg,7,768,392,1.7890749687129176e-07,1.7890749687129176e-07,0.009497371519904938
vit_base,ViT-B/16 AugReg,7,768,393,1.7785896924966587e-07,1.7785896924966587e-07,0.009441710038158158
vit_base,ViT-B/16 AugReg,7,768,394,1.7716915313537933e-07,1.7716915313537933e-07,0.009405090891211457
vit_base,ViT-B/16 AugReg,7,768,395,1.759670739536185e-07,1.759670739536185e-07,0.00934127806734897
vit_base,ViT-B/16 AugReg,7,768,396,1.753031986814494e-07,1.753031986814494e-07,0.009306035999727826
vit_base,ViT-B/16 AugReg,7,768,397,1.7468373911844732e-07,1.7468373911844732e-07,0.00927315175667332
vit_base,ViT-B/16 AugReg,7,768,398,1.741795984736977e-07,1.741795984736977e-07,0.009246389261611886
vit_base,ViT-B/16 AugReg,7,768,399,1.7335368913770123e-07,1.7335368913770123e-07,0.009202545554987564
vit_base,ViT-B/16 AugReg,7,768,400,1.7281296453948437e-07,1.7281296453948437e-07,0.00917384098704589
vit_base,ViT-B/16 AugReg,7,768,401,1.7150508091693386e-07,1.7150508091693386e-07,0.009104411494792151
vit_base,ViT-B/16 AugReg,7,768,402,1.7105484804984757e-07,1.7105484804984757e-07,0.00908051071431079
vit_base,ViT-B/16 AugReg,7,768,403,1.6960937835381306e-07,1.6960937835381306e-07,0.009003777413783534
vit_base,ViT-B/16 AugReg,7,768,404,1.690094548511341e-07,1.690094548511341e-07,0.008971930249812738
vit_base,ViT-B/16 AugReg,7,768,405,1.6761753016999308e-07,1.6761753016999308e-07,0.008898039406467969
vit_base,ViT-B/16 AugReg,7,768,406,1.6709414623712166e-07,1.6709414623712166e-07,0.008870255374244853
vit_base,ViT-B/16 AugReg,7,768,407,1.6677326033242282e-07,1.6677326033242282e-07,0.008853221025736706
vit_base,ViT-B/16 AugReg,7,768,408,1.6499592473891678e-07,1.6499592473891678e-07,0.008758870499670036
vit_base,ViT-B/16 AugReg,7,768,409,1.6481579326486376e-07,1.6481579326486376e-07,0.008749308152862734
vit_base,ViT-B/16 AugReg,7,768,410,1.637287422095842e-07,1.637287422095842e-07,0.008691601640203167
vit_base,ViT-B/16 AugReg,7,768,411,1.6290039516764205e-07,1.6290039516764205e-07,0.00864762852704515
vit_base,ViT-B/16 AugReg,7,768,412,1.6200587398595351e-07,1.6200587398595351e-07,0.008600142534878862
vit_base,ViT-B/16 AugReg,7,768,413,1.60915223981201e-07,1.60915223981201e-07,0.008542244970637757
vit_base,ViT-B/16 AugReg,7,768,414,1.60196298553349e-07,1.60196298553349e-07,0.008504080544871244
vit_base,ViT-B/16 AugReg,7,768,415,1.5961225482199948e-07,1.5961225482199948e-07,0.008473076364512673
vit_base,ViT-B/16 AugReg,7,768,416,1.5900926401244683e-07,1.5900926401244683e-07,0.008441066371406965
vit_base,ViT-B/16 AugReg,7,768,417,1.5805630004714792e-07,1.5805630004714792e-07,0.008390477922170337
vit_base,ViT-B/16 AugReg,7,768,418,1.576250042323246e-07,1.576250042323246e-07,0.008367582422205323
vit_base,ViT-B/16 AugReg,7,768,419,1.5711852595765248e-07,1.5711852595765248e-07,0.008340695833183389
vit_base,ViT-B/16 AugReg,7,768,420,1.5666339418612377e-07,1.5666339418612377e-07,0.008316534992523758
vit_base,ViT-B/16 AugReg,7,768,421,1.5579555425196549e-07,1.5579555425196549e-07,0.008270465384381843
vit_base,ViT-B/16 AugReg,7,768,422,1.5391707053759112e-07,1.5391707053759112e-07,0.008170745372411976
vit_base,ViT-B/16 AugReg,7,768,423,1.5375406209792855e-07,1.5375406209792855e-07,0.008162092008302426
vit_base,ViT-B/16 AugReg,7,768,424,1.529723932094051e-07,1.529723932094051e-07,0.008120596822412037
vit_base,ViT-B/16 AugReg,7,768,425,1.5215857672844829e-07,1.5215857672844829e-07,0.008077395069529491
vit_base,ViT-B/16 AugReg,7,768,426,1.513362052770069e-07,1.513362052770069e-07,0.008033739172832658
vit_base,ViT-B/16 AugReg,7,768,427,1.5046135195146175e-07,1.5046135195146175e-07,0.00798729725618059
vit_base,ViT-B/16 AugReg,7,768,428,1.4968592013096536e-07,1.4968592013096536e-07,0.00794613316738386
vit_base,ViT-B/16 AugReg,7,768,429,1.4899003639298891e-07,1.4899003639298891e-07,0.007909191918359638
vit_base,ViT-B/16 AugReg,7,768,430,1.4758457509450574e-07,1.4758457509450574e-07,0.007834582478610193
vit_base,ViT-B/16 AugReg,7,768,431,1.4711532563619792e-07,1.4711532563619792e-07,0.007809672195257061
vit_base,ViT-B/16 AugReg,7,768,432,1.4596504865527553e-07,1.4596504865527553e-07,0.0077486093106398
vit_base,ViT-B/16 AugReg,7,768,433,1.455748928362892e-07,1.455748928362892e-07,0.007727897742771676
vit_base,ViT-B/16 AugReg,7,768,434,1.4510771713765025e-07,1.4510771713765025e-07,0.007703097545727741
vit_base,ViT-B/16 AugReg,7,768,435,1.439836306402666e-07,1.439836306402666e-07,0.007643424992744444
vit_base,ViT-B/16 AugReg,7,768,436,1.435887766137147e-07,1.435887766137147e-07,0.007622464018766971
vit_base,ViT-B/16 AugReg,7,768,437,1.4318546378818155e-07,1.4318546378818155e-07,0.007601054006275508
vit_base,ViT-B/16 AugReg,7,768,438,1.419608432282157e-07,1.419608432282157e-07,0.007536044564903262
vit_base,ViT-B/16 AugReg,7,768,439,1.4070778903635417e-07,1.4070778903635417e-07,0.007469525713525866
vit_base,ViT-B/16 AugReg,7,768,440,1.4051745220830344e-07,1.4051745220830344e-07,0.007459421611676973
vit_base,ViT-B/16 AugReg,7,768,441,1.403449897295392e-07,1.403449897295392e-07,0.007450266376358657
vit_base,ViT-B/16 AugReg,7,768,442,1.3975205637187572e-07,1.3975205637187572e-07,0.007418790286855677
vit_base,ViT-B/16 AugReg,7,768,443,1.3850262126492184e-07,1.3850262126492184e-07,0.007352463555956916
vit_base,ViT-B/16 AugReg,7,768,444,1.3805077258279974e-07,1.3805077258279974e-07,0.007328476999328826
vit_base,ViT-B/16 AugReg,7,768,445,1.3752004768235496e-07,1.3752004768235496e-07,0.007300303269090932
vit_base,ViT-B/16 AugReg,7,768,446,1.3663864797968866e-07,1.3663864797968866e-07,0.007253513835556027
vit_base,ViT-B/16 AugReg,7,768,447,1.3629368710582628e-07,1.3629368710582628e-07,0.007235201458287348
vit_base,ViT-B/16 AugReg,7,768,448,1.3520457442954403e-07,1.3520457442954403e-07,0.0071773855037042264
vit_base,ViT-B/16 AugReg,7,768,449,1.3515907102558076e-07,1.3515907102558076e-07,0.007174969938451696
vit_base,ViT-B/16 AugReg,7,768,450,1.3437108811304907e-07,1.3437108811304907e-07,0.007133139570230548
vit_base,ViT-B/16 AugReg,7,768,451,1.3393933294248753e-07,1.3393933294248753e-07,0.0071102196851940205
vit_base,ViT-B/16 AugReg,7,768,452,1.3300406581442436e-07,1.3300406581442436e-07,0.007060570679194229
vit_base,ViT-B/16 AugReg,7,768,453,1.3257028320172682e-07,1.3257028320172682e-07,0.007037543166632095
vit_base,ViT-B/16 AugReg,7,768,454,1.3219320806908606e-07,1.3219320806908606e-07,0.0070175259919008255
vit_base,ViT-B/16 AugReg,7,768,455,1.3147787016273069e-07,1.3147787016273069e-07,0.006979552011057443
vit_base,ViT-B/16 AugReg,7,768,456,1.3114299065760108e-07,1.3114299065760108e-07,0.0069617748070261
vit_base,ViT-B/16 AugReg,7,768,457,1.3083778578326427e-07,1.3083778578326427e-07,0.006945572891891443
vit_base,ViT-B/16 AugReg,7,768,458,1.305540830630106e-07,1.305540830630106e-07,0.006930512426664571
vit_base,ViT-B/16 AugReg,7,768,459,1.302162881501734e-07,1.302162881501734e-07,0.006912580457122474
vit_base,ViT-B/16 AugReg,7,768,460,1.2906564921120014e-07,1.2906564921120014e-07,0.006851498357826434
vit_base,ViT-B/16 AugReg,7,768,461,1.2855623764628282e-07,1.2855623764628282e-07,0.006824456053992534
vit_base,ViT-B/16 AugReg,7,768,462,1.278763472609369e-07,1.278763472609369e-07,0.006788363818086473
vit_base,ViT-B/16 AugReg,7,768,463,1.2704320838367424e-07,1.2704320838367424e-07,0.006744136328554648
vit_base,ViT-B/16 AugReg,7,768,464,1.264601712636927e-07,1.264601712636927e-07,0.006713185584537791
vit_base,ViT-B/16 AugReg,7,768,465,1.2566351995349065e-07,1.2566351995349065e-07,0.006670895051177688
vit_base,ViT-B/16 AugReg,7,768,466,1.2483008046998913e-07,1.2483008046998913e-07,0.006626651603851017
vit_base,ViT-B/16 AugReg,7,768,467,1.2418521729380607e-07,1.2418521729380607e-07,0.006592418800470382
vit_base,ViT-B/16 AugReg,7,768,468,1.239576160862847e-07,1.239576160862847e-07,0.006580336505071858
vit_base,ViT-B/16 AugReg,7,768,469,1.2340416852600117e-07,1.2340416852600117e-07,0.0065509565339207385
vit_base,ViT-B/16 AugReg,7,768,470,1.2288414833621373e-07,1.2288414833621373e-07,0.006523351067259853
vit_base,ViT-B/16 AugReg,7,768,471,1.222911546986548e-07,1.222911546986548e-07,0.006491871777776033
vit_base,ViT-B/16 AugReg,7,768,472,1.2179255280179702e-07,1.2179255280179702e-07,0.006465403309222173
vit_base,ViT-B/16 AugReg,7,768,473,1.2112894890985216e-07,1.2112894890985216e-07,0.0064301756479219355
vit_base,ViT-B/16 AugReg,7,768,474,1.2081586582480424e-07,1.2081586582480424e-07,0.006413555515019191
vit_base,ViT-B/16 AugReg,7,768,475,1.2011592664198433e-07,1.2011592664198433e-07,0.006376398981185611
vit_base,ViT-B/16 AugReg,7,768,476,1.1940089757154426e-07,1.1940089757154426e-07,0.006338441395012534
vit_base,ViT-B/16 AugReg,7,768,477,1.1888634147650563e-07,1.1888634147650563e-07,0.0063111259918691475
vit_base,ViT-B/16 AugReg,7,768,478,1.185811925014316e-07,1.185811925014316e-07,0.0062949270441678045
vit_base,ViT-B/16 AugReg,7,768,479,1.176261054008822e-07,1.176261054008822e-07,0.006244225887500725
vit_base,ViT-B/16 AugReg,7,768,480,1.166856825538221e-07,1.166856825538221e-07,0.006194303188225792
vit_base,ViT-B/16 AugReg,7,768,481,1.1637240252689064e-07,1.1637240252689064e-07,0.006177672600589354
vit_base,ViT-B/16 AugReg,7,768,482,1.1580316826581795e-07,1.1580316826581795e-07,0.006147454586510518
vit_base,ViT-B/16 AugReg,7,768,483,1.1537899958876993e-07,1.1537899958876993e-07,0.006124937433325317
vit_base,ViT-B/16 AugReg,7,768,484,1.15063721776198e-07,1.15063721776198e-07,0.006108200792489452
vit_base,ViT-B/16 AugReg,7,768,485,1.1439385530430155e-07,1.1439385530430155e-07,0.00607264067978548
vit_base,ViT-B/16 AugReg,7,768,486,1.1355852355587541e-07,1.1355852355587541e-07,0.0060282967808661285
vit_base,ViT-B/16 AugReg,7,768,487,1.1318165090184964e-07,1.1318165090184964e-07,0.006008290354788018
vit_base,ViT-B/16 AugReg,7,768,488,1.1242379543182553e-07,1.1242379543182553e-07,0.0059680593131431325
vit_base,ViT-B/16 AugReg,7,768,489,1.1204577851223247e-07,1.1204577851223247e-07,0.005947992143298549
vit_base,ViT-B/16 AugReg,7,768,490,1.1170694971919225e-07,1.1170694971919225e-07,0.005930005289838412
vit_base,ViT-B/16 AugReg,7,768,491,1.1121625734489822e-07,1.1121625734489822e-07,0.005903956701254071
vit_base,ViT-B/16 AugReg,7,768,492,1.1083871147105257e-07,1.1083871147105257e-07,0.005883914537049522
vit_base,ViT-B/16 AugReg,7,768,493,1.1032402487658448e-07,1.1032402487658448e-07,0.005856592206295016
vit_base,ViT-B/16 AugReg,7,768,494,1.0952704438298258e-07,1.0952704438298258e-07,0.005814284198110765
vit_base,ViT-B/16 AugReg,7,768,495,1.0927088928045852e-07,1.0927088928045852e-07,0.005800686108494987
vit_base,ViT-B/16 AugReg,7,768,496,1.0882188190344281e-07,1.0882188190344281e-07,0.005776850383613296
vit_base,ViT-B/16 AugReg,7,768,497,1.0874461738850684e-07,1.0874461738850684e-07,0.005772748767881786
vit_base,ViT-B/16 AugReg,7,768,498,1.0778562784112871e-07,1.0778562784112871e-07,0.005721840448362298
vit_base,ViT-B/16 AugReg,7,768,499,1.0724660650109546e-07,1.0724660650109546e-07,0.005693226298519625
vit_base,ViT-B/16 AugReg,7,768,500,1.0679983636412286e-07,1.0679983636412286e-07,0.005669509338364064
vit_base,ViT-B/16 AugReg,7,768,501,1.0649611865348673e-07,1.0649611865348673e-07,0.005653386369871796
vit_base,ViT-B/16 AugReg,7,768,502,1.0572244732244935e-07,1.0572244732244935e-07,0.005612315737317771
vit_base,ViT-B/16 AugReg,7,768,503,1.0554415080808921e-07,1.0554415080808921e-07,0.005602850800033445
vit_base,ViT-B/16 AugReg,7,768,504,1.0493562497869087e-07,1.0493562497869087e-07,0.005570546978324889
vit_base,ViT-B/16 AugReg,7,768,505,1.0454829913921132e-07,1.0454829913921132e-07,0.005549985640979463
vit_base,ViT-B/16 AugReg,7,768,506,1.0389278412370658e-07,1.0389278412370658e-07,0.005515187380716487
vit_base,ViT-B/16 AugReg,7,768,507,1.03656911962078e-07,1.03656911962078e-07,0.005502666018619508
vit_base,ViT-B/16 AugReg,7,768,508,1.0309198010665791e-07,1.0309198010665791e-07,0.005472676399357137
vit_base,ViT-B/16 AugReg,7,768,509,1.025677536940875e-07,1.025677536940875e-07,0.0054448476437834676
vit_base,ViT-B/16 AugReg,7,768,510,1.0208597771699649e-07,1.0208597771699649e-07,0.005419272385486213
vit_base,ViT-B/16 AugReg,7,768,511,1.0167132256952857e-07,1.0167132256952857e-07,0.0053972602615841225
vit_base,ViT-B/16 AugReg,7,768,512,1.0158064112952106e-07,1.0158064112952106e-07,0.00539244640335698
vit_base,ViT-B/16 AugReg,7,768,513,1.0088749468133017e-07,1.0088749468133017e-07,0.005355650464386868
vit_base,ViT-B/16 AugReg,7,768,514,1.0024976142679777e-07,1.0024976142679777e-07,0.005321796155569113
vit_base,ViT-B/16 AugReg,7,768,515,9.988334020825358e-08,9.988334020825358e-08,0.005302344547860388
vit_base,ViT-B/16 AugReg,7,768,516,9.964990619095647e-08,9.964990619095647e-08,0.005289952615568978
vit_base,ViT-B/16 AugReg,7,768,517,9.930215941549185e-08,9.930215941549185e-08,0.005271492347669683
vit_base,ViT-B/16 AugReg,7,768,518,9.81812301283336e-08,9.81812301283336e-08,0.005211987396374417
vit_base,ViT-B/16 AugReg,7,768,519,9.755125863674596e-08,9.755125863674596e-08,0.005178545123651432
vit_base,ViT-B/16 AugReg,7,768,520,9.717191849231645e-08,9.717191849231645e-08,0.0051584077099205055
vit_base,ViT-B/16 AugReg,7,768,521,9.667719019415026e-08,9.667719019415026e-08,0.005132144872804883
vit_base,ViT-B/16 AugReg,7,768,522,9.627223355683357e-08,9.627223355683357e-08,0.005110647597948844
vit_base,ViT-B/16 AugReg,7,768,523,9.606893779790646e-08,9.606893779790646e-08,0.005099855566397808
vit_base,ViT-B/16 AugReg,7,768,524,9.573402179853496e-08,9.573402179853496e-08,0.005082076425055958
vit_base,ViT-B/16 AugReg,7,768,525,9.54190693307299e-08,9.54190693307299e-08,0.0050653570552689695
vit_base,ViT-B/16 AugReg,7,768,526,9.496160556933399e-08,9.496160556933399e-08,0.005041072420053287
vit_base,ViT-B/16 AugReg,7,768,527,9.44694818148486e-08,9.44694818148486e-08,0.005014947846115054
vit_base,ViT-B/16 AugReg,7,768,528,9.401804151840868e-08,9.401804151840868e-08,0.004990982968793953
vit_base,ViT-B/16 AugReg,7,768,529,9.371837121706732e-08,9.371837121706732e-08,0.0049750748585409305
vit_base,ViT-B/16 AugReg,7,768,530,9.348157519879515e-08,9.348157519879515e-08,0.004962504453167795
vit_base,ViT-B/16 AugReg,7,768,531,9.282609785142253e-08,9.282609785142253e-08,0.0049277081925317295
vit_base,ViT-B/16 AugReg,7,768,532,9.263756319781925e-08,9.263756319781925e-08,0.004917699759788774
vit_base,ViT-B/16 AugReg,7,768,533,9.241863147702566e-08,9.241863147702566e-08,0.004906077687342226
vit_base,ViT-B/16 AugReg,7,768,534,9.182193168635194e-08,9.182193168635194e-08,0.004874401655331365
vit_base,ViT-B/16 AugReg,7,768,535,9.133866083552901e-08,9.133866083552901e-08,0.004848747041101824
vit_base,ViT-B/16 AugReg,7,768,536,9.080540571761699e-08,9.080540571761699e-08,0.004820438993321441
vit_base,ViT-B/16 AugReg,7,768,537,9.057333790634545e-08,9.057333790634545e-08,0.004808119586588907
vit_base,ViT-B/16 AugReg,7,768,538,8.96415789569428e-08,8.96415789569428e-08,0.004758656813568057
vit_base,ViT-B/16 AugReg,7,768,539,8.932492288358575e-08,8.932492288358575e-08,0.004741847007241887
vit_base,ViT-B/16 AugReg,7,768,540,8.90627159275926e-08,8.90627159275926e-08,0.004727927652716672
vit_base,ViT-B/16 AugReg,7,768,541,8.845318009030775e-08,8.845318009030775e-08,0.0046955702143609435
vit_base,ViT-B/16 AugReg,7,768,542,8.788041508496562e-08,8.788041508496562e-08,0.004665164769399361
vit_base,ViT-B/16 AugReg,7,768,543,8.772441852446122e-08,8.772441852446122e-08,0.004656883633522738
vit_base,ViT-B/16 AugReg,7,768,544,8.697291464968394e-08,8.697291464968394e-08,0.004616989768691895
vit_base,ViT-B/16 AugReg,7,768,545,8.66944872669515e-08,8.66944872669515e-08,0.004602209346734356
vit_base,ViT-B/16 AugReg,7,768,546,8.609505863590485e-08,8.609505863590485e-08,0.004570388453209622
vit_base,ViT-B/16 AugReg,7,768,547,8.575770091032135e-08,8.575770091032135e-08,0.00455247969191673
vit_base,ViT-B/16 AugReg,7,768,548,8.537034499620864e-08,8.537034499620864e-08,0.0045319167580481325
vit_base,ViT-B/16 AugReg,7,768,549,8.51295513171138e-08,8.51295513171138e-08,0.004519134135352038
vit_base,ViT-B/16 AugReg,7,768,550,8.474623588880486e-08,8.474623588880486e-08,0.00449878569218657
vit_base,ViT-B/16 AugReg,7,768,551,8.43366829771585e-08,8.43366829771585e-08,0.004477044422385212
vit_base,ViT-B/16 AugReg,7,768,552,8.407782954092446e-08,8.407782954092446e-08,0.0044633030907131966
vit_base,ViT-B/16 AugReg,7,768,553,8.385450530853707e-08,8.385450530853707e-08,0.004451447840142526
vit_base,ViT-B/16 AugReg,7,768,554,8.339178393031451e-08,8.339178393031451e-08,0.004426884102367224
vit_base,ViT-B/16 AugReg,7,768,555,8.25660847371089e-08,8.25660847371089e-08,0.00438305155125171
vit_base,ViT-B/16 AugReg,7,768,556,8.235802858821013e-08,8.235802858821013e-08,0.004372006812614996
vit_base,ViT-B/16 AugReg,7,768,557,8.192406339744687e-08,8.192406339744687e-08,0.004348969607827819
vit_base,ViT-B/16 AugReg,7,768,558,8.157052039882945e-08,8.157052039882945e-08,0.004330201645250228
vit_base,ViT-B/16 AugReg,7,768,559,8.098794485586876e-08,8.098794485586876e-08,0.004299275404222506
vit_base,ViT-B/16 AugReg,7,768,560,8.070884793810586e-08,8.070884793810586e-08,0.004284459439746956
vit_base,ViT-B/16 AugReg,7,768,561,8.049104842507314e-08,8.049104842507314e-08,0.004272897470973706
vit_base,ViT-B/16 AugReg,7,768,562,8.010930720792738e-08,8.010930720792738e-08,0.004252632595397797
vit_base,ViT-B/16 AugReg,7,768,563,7.978059449679693e-08,7.978059449679693e-08,0.004235182757937006
vit_base,ViT-B/16 AugReg,7,768,564,7.938293692040876e-08,7.938293692040876e-08,0.0042140729564658
vit_base,ViT-B/16 AugReg,7,768,565,7.905537748088818e-08,7.905537748088818e-08,0.004196684340860625
vit_base,ViT-B/16 AugReg,7,768,566,7.865016542350055e-08,7.865016542350055e-08,0.004175173506934399
vit_base,ViT-B/16 AugReg,7,768,567,7.786971891183251e-08,7.786971891183251e-08,0.004133743211377485
vit_base,ViT-B/16 AugReg,7,768,568,7.76925912851829e-08,7.76925912851829e-08,0.004124340324935334
vit_base,ViT-B/16 AugReg,7,768,569,7.7554151186925e-08,7.7554151186925e-08,0.004116991180436636
vit_base,ViT-B/16 AugReg,7,768,570,7.736164202490612e-08,7.736164202490612e-08,0.004106771759424926
vit_base,ViT-B/16 AugReg,7,768,571,7.698427538411814e-08,7.698427538411814e-08,0.004086739109874414
vit_base,ViT-B/16 AugReg,7,768,572,7.670681206282292e-08,7.670681206282292e-08,0.004072009865479567
vit_base,ViT-B/16 AugReg,7,768,573,7.603502582037033e-08,7.603502582037033e-08,0.004036347841036158
vit_base,ViT-B/16 AugReg,7,768,574,7.583630154628465e-08,7.583630154628465e-08,0.004025798488471168
vit_base,ViT-B/16 AugReg,7,768,575,7.568495200367033e-08,7.568495200367033e-08,0.004017764041280786
vit_base,ViT-B/16 AugReg,7,768,576,7.478991937090308e-08,7.478991937090308e-08,0.00397025089854231
vit_base,ViT-B/16 AugReg,7,768,577,7.436498594947126e-08,7.436498594947126e-08,0.003947693148614895
vit_base,ViT-B/16 AugReg,7,768,578,7.428160140480197e-08,7.428160140480197e-08,0.003943266648811412
vit_base,ViT-B/16 AugReg,7,768,579,7.373789949640601e-08,7.373789949640601e-08,0.003914404029243085
vit_base,ViT-B/16 AugReg,7,768,580,7.354392700278602e-08,7.354392700278602e-08,0.003904106926724923
vit_base,ViT-B/16 AugReg,7,768,581,7.329209909464634e-08,7.329209909464634e-08,0.0038907385478447265
vit_base,ViT-B/16 AugReg,7,768,582,7.305356359360671e-08,7.305356359360671e-08,0.0038780758013769816
vit_base,ViT-B/16 AugReg,7,768,583,7.267255175297692e-08,7.267255175297692e-08,0.0038578496450267685
vit_base,ViT-B/16 AugReg,7,768,584,7.200023384578402e-08,7.200023384578402e-08,0.00382215939696137
vit_base,ViT-B/16 AugReg,7,768,585,7.146807545560835e-08,7.146807545560835e-08,0.003793909569383888
vit_base,ViT-B/16 AugReg,7,768,586,7.136750979828099e-08,7.136750979828099e-08,0.0037885710037760503
vit_base,ViT-B/16 AugReg,7,768,587,7.117946579997107e-08,7.117946579997107e-08,0.0037785886176532235
vit_base,ViT-B/16 AugReg,7,768,588,7.062274162024931e-08,7.062274162024931e-08,0.0037490347059312584
vit_base,ViT-B/16 AugReg,7,768,589,7.039293805045276e-08,7.039293805045276e-08,0.003736835497305986
vit_base,ViT-B/16 AugReg,7,768,590,7.00603937072232e-08,7.00603937072232e-08,0.003719182256219247
vit_base,ViT-B/16 AugReg,7,768,591,6.989118392628891e-08,6.989118392628891e-08,0.0037101996915842343
vit_base,ViT-B/16 AugReg,7,768,592,6.966096340554017e-08,6.966096340554017e-08,0.0036979783489614055
vit_base,ViT-B/16 AugReg,7,768,593,6.930387498735649e-08,6.930387498735649e-08,0.0036790221764574356
vit_base,ViT-B/16 AugReg,7,768,594,6.889551644844555e-08,6.889551644844555e-08,0.003657344310380349
vit_base,ViT-B/16 AugReg,7,768,595,6.86182200566056e-08,6.86182200566056e-08,0.0036426239274981948
vit_base,ViT-B/16 AugReg,7,768,596,6.842599851383102e-08,6.842599851383102e-08,0.0036324197748618587
vit_base,ViT-B/16 AugReg,7,768,597,6.783335884741764e-08,6.783335884741764e-08,0.0036009592760689567
vit_base,ViT-B/16 AugReg,7,768,598,6.72250979596781e-08,6.72250979596781e-08,0.003568669518887649
vit_base,ViT-B/16 AugReg,7,768,599,6.719938890461886e-08,6.719938890461886e-08,0.0035673047440649428
vit_base,ViT-B/16 AugReg,7,768,600,6.684534198342683e-08,6.684534198342683e-08,0.0035485100305686257
vit_base,ViT-B/16 AugReg,7,768,601,6.631625771672307e-08,6.631625771672307e-08,0.003520423393987728
vit_base,ViT-B/16 AugReg,7,768,602,6.59504614766705e-08,6.59504614766705e-08,0.0035010049634964504
vit_base,ViT-B/16 AugReg,7,768,603,6.559612168035508e-08,6.559612168035508e-08,0.003482194702614448
vit_base,ViT-B/16 AugReg,7,768,604,6.553104658514493e-08,6.553104658514493e-08,0.003478740166797268
vit_base,ViT-B/16 AugReg,7,768,605,6.509104106821772e-08,6.509104106821772e-08,0.0034553823090319674
vit_base,ViT-B/16 AugReg,7,768,606,6.450462276546923e-08,6.450462276546923e-08,0.0034242520736607733
vit_base,ViT-B/16 AugReg,7,768,607,6.4240687047608e-08,6.4240687047608e-08,0.00341024094716391
vit_base,ViT-B/16 AugReg,7,768,608,6.390619521648138e-08,6.390619521648138e-08,0.0033924843229523024
vit_base,ViT-B/16 AugReg,7,768,609,6.361148895317278e-08,6.361148895317278e-08,0.003376839730518603
vit_base,ViT-B/16 AugReg,7,768,610,6.330697701033196e-08,6.330697701033196e-08,0.003360674599912098
vit_base,ViT-B/16 AugReg,7,768,611,6.308695327534225e-08,6.308695327534225e-08,0.0033489945574826986
vit_base,ViT-B/16 AugReg,7,768,612,6.255823706008352e-08,6.255823706008352e-08,0.0033209274590506933
vit_base,ViT-B/16 AugReg,7,768,613,6.238587833235153e-08,6.238587833235153e-08,0.003311777731394806
vit_base,ViT-B/16 AugReg,7,768,614,6.219758964291007e-08,6.219758964291007e-08,0.003301782355751559
vit_base,ViT-B/16 AugReg,7,768,615,6.176492130204375e-08,6.176492130204375e-08,0.003278813994727177
vit_base,ViT-B/16 AugReg,7,768,616,6.139970375429462e-08,6.139970375429462e-08,0.0032594262843337026
vit_base,ViT-B/16 AugReg,7,768,617,6.114764568486503e-08,6.114764568486503e-08,0.003246045687255174
vit_base,ViT-B/16 AugReg,7,768,618,6.075767923417956e-08,6.075767923417956e-08,0.0032253441720742704
vit_base,ViT-B/16 AugReg,7,768,619,6.037342927975468e-08,6.037342927975468e-08,0.0032049461192397094
vit_base,ViT-B/16 AugReg,7,768,620,6.009853466194397e-08,6.009853466194397e-08,0.0031903532354320015
vit_base,ViT-B/16 AugReg,7,768,621,5.995342557037686e-08,5.995342557037686e-08,0.003182650064924171
vit_base,ViT-B/16 AugReg,7,768,622,5.953852170124491e-08,5.953852170124491e-08,0.0031606247375393325
vit_base,ViT-B/16 AugReg,7,768,623,5.922265881047486e-08,5.922265881047486e-08,0.003143857037608052
vit_base,ViT-B/16 AugReg,7,768,624,5.898097625645162e-08,5.898097625645162e-08,0.003131027228653263
vit_base,ViT-B/16 AugReg,7,768,625,5.8786142301091314e-08,5.8786142301091314e-08,0.0031206843951157694
vit_base,ViT-B/16 AugReg,7,768,626,5.849118650286353e-08,5.849118650286353e-08,0.003105026556027368
vit_base,ViT-B/16 AugReg,7,768,627,5.806644709807764e-08,5.806644709807764e-08,0.0030824791055463134
vit_base,ViT-B/16 AugReg,7,768,628,5.7904933549633045e-08,5.7904933549633045e-08,0.0030739050982973044
vit_base,ViT-B/16 AugReg,7,768,629,5.7823734738577105e-08,5.7823734738577105e-08,0.0030695946289818255
vit_base,ViT-B/16 AugReg,7,768,630,5.7470657600527763e-08,5.7470657600527763e-08,0.00305085139678708
vit_base,ViT-B/16 AugReg,7,768,631,5.7131093860728375e-08,5.7131093860728375e-08,0.003032825528402799
vit_base,ViT-B/16 AugReg,7,768,632,5.681297853809705e-08,5.681297853809705e-08,0.003015938257282027
vit_base,ViT-B/16 AugReg,7,768,633,5.645031877972759e-08,5.645031877972759e-08,0.0029966863280963454
vit_base,ViT-B/16 AugReg,7,768,634,5.601936290809126e-08,5.601936290809126e-08,0.002973808874142813
vit_base,ViT-B/16 AugReg,7,768,635,5.580421337512503e-08,5.580421337512503e-08,0.0029623875805545163
vit_base,ViT-B/16 AugReg,7,768,636,5.548531135446518e-08,5.548531135446518e-08,0.002945458547274072
vit_base,ViT-B/16 AugReg,7,768,637,5.522180107797206e-08,5.522180107797206e-08,0.0029314700054916755
vit_base,ViT-B/16 AugReg,7,768,638,5.485221108536041e-08,5.485221108536041e-08,0.0029118501822240294
vit_base,ViT-B/16 AugReg,7,768,639,5.471837017483758e-08,5.471837017483758e-08,0.002904745187329868
vit_base,ViT-B/16 AugReg,7,768,640,5.4368501020218754e-08,5.4368501020218754e-08,0.0028861722521377753
vit_base,ViT-B/16 AugReg,7,768,641,5.417865308036597e-08,5.417865308036597e-08,0.002876094103102089
vit_base,ViT-B/16 AugReg,7,768,642,5.387445370051114e-08,5.387445370051114e-08,0.0028599455650188334
vit_base,ViT-B/16 AugReg,7,768,643,5.365149080628166e-08,5.365149080628166e-08,0.0028481094962196927
vit_base,ViT-B/16 AugReg,7,768,644,5.322611734752439e-08,5.322611734752439e-08,0.002825528386745945
vit_base,ViT-B/16 AugReg,7,768,645,5.304591439838391e-08,5.304591439838391e-08,0.0028159622456568386
vit_base,ViT-B/16 AugReg,7,768,646,5.2911789311982146e-08,5.2911789311982146e-08,0.002808842165179645
vit_base,ViT-B/16 AugReg,7,768,647,5.245119981959154e-08,5.245119981959154e-08,0.0027843915993626908
vit_base,ViT-B/16 AugReg,7,768,648,5.230995989210432e-08,5.230995989210432e-08,0.002776893824880073
vit_base,ViT-B/16 AugReg,7,768,649,5.217679606154427e-08,5.217679606154427e-08,0.002769824773029483
vit_base,ViT-B/16 AugReg,7,768,650,5.145228131918213e-08,5.145228131918213e-08,0.0027313636364075127
vit_base,ViT-B/16 AugReg,7,768,651,5.1195162557610876e-08,5.1195162557610876e-08,0.0027177143905900676
vit_base,ViT-B/16 AugReg,7,768,652,5.102304078383052e-08,5.102304078383052e-08,0.002708577241723505
vit_base,ViT-B/16 AugReg,7,768,653,5.0694613464522143e-08,5.0694613464522143e-08,0.002691142554394544
vit_base,ViT-B/16 AugReg,7,768,654,5.0468257800419233e-08,5.0468257800419233e-08,0.0026791263791351764
vit_base,ViT-B/16 AugReg,7,768,655,5.025179811212119e-08,5.025179811212119e-08,0.0026676355354600884
vit_base,ViT-B/16 AugReg,7,768,656,5.018058895081969e-08,5.018058895081969e-08,0.0026638553704456075
vit_base,ViT-B/16 AugReg,7,768,657,4.9853356095922495e-08,4.9853356095922495e-08,0.002646484091707559
vit_base,ViT-B/16 AugReg,7,768,658,4.957467208310463e-08,4.957467208310463e-08,0.002631690046445759
vit_base,ViT-B/16 AugReg,7,768,659,4.908289769882446e-08,4.908289769882446e-08,0.0026055840189558024
vit_base,ViT-B/16 AugReg,7,768,660,4.8927171767767297e-08,4.8927171767767297e-08,0.002597317249544809
vit_base,ViT-B/16 AugReg,7,768,661,4.8662296963496885e-08,4.8662296963496885e-08,0.002583256271293976
vit_base,ViT-B/16 AugReg,7,768,662,4.809750484498714e-08,4.809750484498714e-08,0.0025532740700178595
vit_base,ViT-B/16 AugReg,7,768,663,4.7939244158566713e-08,4.7939244158566713e-08,0.0025448727421684665
vit_base,ViT-B/16 AugReg,7,768,664,4.7771204312006046e-08,4.7771204312006046e-08,0.0025359522839381297
vit_base,ViT-B/16 AugReg,7,768,665,4.762844414009492e-08,4.762844414009492e-08,0.002528373806710533
vit_base,ViT-B/16 AugReg,7,768,666,4.722108431767005e-08,4.722108431767005e-08,0.002506748957872394
vit_base,ViT-B/16 AugReg,7,768,667,4.700267710350447e-08,4.700267710350447e-08,0.0024951547290567606
vit_base,ViT-B/16 AugReg,7,768,668,4.658519790795713e-08,4.658519790795713e-08,0.0024729926895040158
vit_base,ViT-B/16 AugReg,7,768,669,4.63545869576369e-08,4.63545869576369e-08,0.0024607506207810644
vit_base,ViT-B/16 AugReg,7,768,670,4.616627366688001e-08,4.616627366688001e-08,0.0024507539391677683
vit_base,ViT-B/16 AugReg,7,768,671,4.59503796035537e-08,4.59503796035537e-08,0.002439293121906282
vit_base,ViT-B/16 AugReg,7,768,672,4.558804564473949e-08,4.558804564473949e-08,0.0024200584879120893
vit_base,ViT-B/16 AugReg,7,768,673,4.513104162925003e-08,4.513104162925003e-08,0.002395798258480148
vit_base,ViT-B/16 AugReg,7,768,674,4.4991774820718596e-08,4.4991774820718596e-08,0.0023884052277567567
vit_base,ViT-B/16 AugReg,7,768,675,4.487618220958953e-08,4.487618220958953e-08,0.0023822689506747606
vit_base,ViT-B/16 AugReg,7,768,676,4.449391965975906e-08,4.449391965975906e-08,0.002361976399957906
vit_base,ViT-B/16 AugReg,7,768,677,4.438171630475834e-08,4.438171630475834e-08,0.002356020042807662
vit_base,ViT-B/16 AugReg,7,768,678,4.405922984871761e-08,4.405922984871761e-08,0.0023389007284316987
vit_base,ViT-B/16 AugReg,7,768,679,4.3855769327234604e-08,4.3855769327234604e-08,0.002328099950398636
vit_base,ViT-B/16 AugReg,7,768,680,4.363888533129636e-08,4.363888533129636e-08,0.0023165865821934517
vit_base,ViT-B/16 AugReg,7,768,681,4.3360067332334056e-08,4.3360067332334056e-08,0.0023017854242269606
vit_base,ViT-B/16 AugReg,7,768,682,4.328355354892306e-08,4.328355354892306e-08,0.002297723661359804
vit_base,ViT-B/16 AugReg,7,768,683,4.3115066731466175e-08,4.3115066731466175e-08,0.002288779475511932
vit_base,ViT-B/16 AugReg,7,768,684,4.267258817545229e-08,4.267258817545229e-08,0.0022652903355399037
vit_base,ViT-B/16 AugReg,7,768,685,4.241285601188295e-08,4.241285601188295e-08,0.0022515023562979753
vit_base,ViT-B/16 AugReg,7,768,686,4.199471452079951e-08,4.199471452079951e-08,0.002229305158538491
vit_base,ViT-B/16 AugReg,7,768,687,4.184347922666301e-08,4.184347922666301e-08,0.00222127677627137
vit_base,ViT-B/16 AugReg,7,768,688,4.146209085059132e-08,4.146209085059132e-08,0.0022010306313961113
vit_base,ViT-B/16 AugReg,7,768,689,4.123853783862338e-08,4.123853783862338e-08,0.002189163235975668
vit_base,ViT-B/16 AugReg,7,768,690,4.11345525465086e-08,4.11345525465086e-08,0.0021836431377735767
vit_base,ViT-B/16 AugReg,7,768,691,4.084008064594914e-08,4.084008064594914e-08,0.0021680109865742465
vit_base,ViT-B/16 AugReg,7,768,692,4.062399264980487e-08,4.062399264980487e-08,0.0021565398743164394
vit_base,ViT-B/16 AugReg,7,768,693,4.046553439608131e-08,4.046553439608131e-08,0.002148128058532718
vit_base,ViT-B/16 AugReg,7,768,694,4.006716392805647e-08,4.006716392805647e-08,0.0021269804129418115
vit_base,ViT-B/16 AugReg,7,768,695,3.9777870117157235e-08,3.9777870117157235e-08,0.0021116231425726676
vit_base,ViT-B/16 AugReg,7,768,696,3.943725638123413e-08,3.943725638123413e-08,0.0020935415347506556
vit_base,ViT-B/16 AugReg,7,768,697,3.931861931795788e-08,3.931861931795788e-08,0.0020872436417854684
vit_base,ViT-B/16 AugReg,7,768,698,3.907668696736136e-08,3.907668696736136e-08,0.0020744005722859713
vit_base,ViT-B/16 AugReg,7,768,699,3.889664067911755e-08,3.889664067911755e-08,0.0020648427475992753
vit_base,ViT-B/16 AugReg,7,768,700,3.833392024916393e-08,3.833392024916393e-08,0.00203497052268656
vit_base,ViT-B/16 AugReg,7,768,701,3.816711050466501e-08,3.816711050466501e-08,0.0020261153648851718
vit_base,ViT-B/16 AugReg,7,768,702,3.78796983501996e-08,3.78796983501996e-08,0.002010857982952999
vit_base,ViT-B/16 AugReg,7,768,703,3.7667323921187005e-08,3.7667323921187005e-08,0.0019995840067980964
vit_base,ViT-B/16 AugReg,7,768,704,3.732883575634797e-08,3.732883575634797e-08,0.0019816152357136746
vit_base,ViT-B/16 AugReg,7,768,705,3.688342045046111e-08,3.688342045046111e-08,0.0019579701972740446
vit_base,ViT-B/16 AugReg,7,768,706,3.665717791253004e-08,3.665717791253004e-08,0.0019459600273599054
vit_base,ViT-B/16 AugReg,7,768,707,3.646687135602343e-08,3.646687135602343e-08,0.001935857532487277
vit_base,ViT-B/16 AugReg,7,768,708,3.6241095019288383e-08,3.6241095019288383e-08,0.0019238721110383448
vit_base,ViT-B/16 AugReg,7,768,709,3.603304477929174e-08,3.603304477929174e-08,0.001912827686077914
vit_base,ViT-B/16 AugReg,7,768,710,3.556276180605084e-08,3.556276180605084e-08,0.0018878625381972326
vit_base,ViT-B/16 AugReg,7,768,711,3.548068068252834e-08,3.548068068252834e-08,0.0018835052309938054
vit_base,ViT-B/16 AugReg,7,768,712,3.540863373604399e-08,3.540863373604399e-08,0.0018796805918389198
vit_base,ViT-B/16 AugReg,7,768,713,3.511142473793424e-08,3.511142473793424e-08,0.0018639031407903608
vit_base,ViT-B/16 AugReg,7,768,714,3.4822796339676135e-08,3.4822796339676135e-08,0.0018485811941006455
vit_base,ViT-B/16 AugReg,7,768,715,3.466372516773593e-08,3.466372516773593e-08,0.0018401368413236926
vit_base,ViT-B/16 AugReg,7,768,716,3.455544348683741e-08,3.455544348683741e-08,0.0018343886677128745
vit_base,ViT-B/16 AugReg,7,768,717,3.41819281887396e-08,3.41819281887396e-08,0.0018145604681324232
vit_base,ViT-B/16 AugReg,7,768,718,3.407630047418029e-08,3.407630047418029e-08,0.0018089531813193394
vit_base,ViT-B/16 AugReg,7,768,719,3.376315251031221e-08,3.376315251031221e-08,0.001792329604300113
vit_base,ViT-B/16 AugReg,7,768,720,3.3508507562032676e-08,3.3508507562032676e-08,0.0017788116817883605
vit_base,ViT-B/16 AugReg,7,768,721,3.325878368945273e-08,3.325878368945273e-08,0.0017655549964243741
vit_base,ViT-B/16 AugReg,7,768,722,3.3035616179708584e-08,3.3035616179708584e-08,0.0017537080655339542
vit_base,ViT-B/16 AugReg,7,768,723,3.3018576140291635e-08,3.3018576140291635e-08,0.0017528034886554738
vit_base,ViT-B/16 AugReg,7,768,724,3.2622147306575426e-08,3.2622147306575426e-08,0.0017317589154495
vit_base,ViT-B/16 AugReg,7,768,725,3.222410560241888e-08,3.222410560241888e-08,0.0017106287224117511
vit_base,ViT-B/16 AugReg,7,768,726,3.2043217278632174e-08,3.2043217278632174e-08,0.0017010261979526944
vit_base,ViT-B/16 AugReg,7,768,727,3.16985735795415e-08,3.16985735795415e-08,0.001682730658025638
vit_base,ViT-B/16 AugReg,7,768,728,3.1636176558327514e-08,3.1636176558327514e-08,0.0016794182887701957
vit_base,ViT-B/16 AugReg,7,768,729,3.1428159647654404e-08,3.1428159647654404e-08,0.0016683756331093951
vit_base,ViT-B/16 AugReg,7,768,730,3.1066582996251706e-08,3.1066582996251706e-08,0.0016491812010629558
vit_base,ViT-B/16 AugReg,7,768,731,3.0751460891050116e-08,3.0751460891050116e-08,0.0016324528260111984
vit_base,ViT-B/16 AugReg,7,768,732,3.035553259787874e-08,3.035553259787874e-08,0.0016114348241876328
vit_base,ViT-B/16 AugReg,7,768,733,2.9800150942657726e-08,2.9800150942657726e-08,0.0015819521808819227
vit_base,ViT-B/16 AugReg,7,768,734,2.957492642204492e-08,2.957492642204492e-08,0.001569996052798642
vit_base,ViT-B/16 AugReg,7,768,735,2.9207969718989256e-08,2.9207969718989256e-08,0.0015505160186939431
vit_base,ViT-B/16 AugReg,7,768,736,2.8911306082337758e-08,2.8911306082337758e-08,0.0015347675183627785
vit_base,ViT-B/16 AugReg,7,768,737,2.8855632173611435e-08,2.8855632173611435e-08,0.0015318120480533395
vit_base,ViT-B/16 AugReg,7,768,738,2.8646917932117954e-08,2.8646917932117954e-08,0.0015207323743246035
vit_base,ViT-B/16 AugReg,7,768,739,2.8363612695044552e-08,2.8363612695044552e-08,0.0015056930096413196
vit_base,ViT-B/16 AugReg,7,768,740,2.80305551815593e-08,2.80305551815593e-08,0.0014880125267192382
vit_base,ViT-B/16 AugReg,7,768,741,2.7405420828639267e-08,2.7405420828639267e-08,0.0014548270353152185
vit_base,ViT-B/16 AugReg,7,768,742,2.7331055945467734e-08,2.7331055945467734e-08,0.001450879347622609
vit_base,ViT-B/16 AugReg,7,768,743,2.6962035663369084e-08,2.6962035663369084e-08,0.0014312897676510535
vit_base,ViT-B/16 AugReg,7,768,744,2.6770776289337065e-08,2.6770776289337065e-08,0.0014211366921030046
vit_base,ViT-B/16 AugReg,7,768,745,2.651661304519959e-08,2.651661304519959e-08,0.00140764434103616
vit_base,ViT-B/16 AugReg,7,768,746,2.604900881715463e-08,2.604900881715463e-08,0.0013828213953481082
vit_base,ViT-B/16 AugReg,7,768,747,2.5911775251948215e-08,2.5911775251948215e-08,0.0013755363001086165
vit_base,ViT-B/16 AugReg,7,768,748,2.575017746106079e-08,2.575017746106079e-08,0.001366957820817959
vit_base,ViT-B/16 AugReg,7,768,749,2.5224688697286915e-08,2.5224688697286915e-08,0.001339062052857567
vit_base,ViT-B/16 AugReg,7,768,750,2.5098180749405947e-08,2.5098180749405947e-08,0.0013323463310333963
vit_base,ViT-B/16 AugReg,7,768,751,2.4763736027042908e-08,2.4763736027042908e-08,0.0013145922076081586
vit_base,ViT-B/16 AugReg,7,768,752,2.3991054504630883e-08,2.3991054504630883e-08,0.0012735741194159565
vit_base,ViT-B/16 AugReg,7,768,753,2.395250884352536e-08,2.395250884352536e-08,0.0012715279085505568
vit_base,ViT-B/16 AugReg,7,768,754,2.3569060872608965e-08,2.3569060872608965e-08,0.0012511724293111004
vit_base,ViT-B/16 AugReg,7,768,755,2.2810253678012686e-08,2.2810253678012686e-08,0.001210890865010627
vit_base,ViT-B/16 AugReg,7,768,756,2.2065641585829607e-08,2.2065641585829607e-08,0.001171362853041604
vit_base,ViT-B/16 AugReg,7,768,757,2.1713839000020855e-08,2.1713839000020855e-08,0.001152687280930209
vit_base,ViT-B/16 AugReg,7,768,758,2.1491528544265232e-08,2.1491528544265232e-08,0.001140885847071965
vit_base,ViT-B/16 AugReg,7,768,759,2.1070772972097124e-08,2.1070772972097124e-08,0.0011185498798384314
vit_base,ViT-B/16 AugReg,7,768,760,2.0536587195809756e-08,2.0536587195809756e-08,0.0010901924277094141
vit_base,ViT-B/16 AugReg,7,768,761,1.9911267613255346e-08,1.9911267613255346e-08,0.0010569971033208357
vit_base,ViT-B/16 AugReg,7,768,762,1.9142266180863377e-08,1.9142266180863377e-08,0.001016174374086522
vit_base,ViT-B/16 AugReg,7,768,763,1.8006924928855373e-08,1.8006924928855373e-08,0.0009559043582360891
vit_base,ViT-B/16 AugReg,7,768,764,1.7233432012077537e-08,1.7233432012077537e-08,0.0009148431968698947
vit_base,ViT-B/16 AugReg,7,768,765,1.6508507776621104e-08,1.6508507776621104e-08,0.0008763603221535498
vit_base,ViT-B/16 AugReg,7,768,766,7.23590232603563e-09,7.23590232603563e-09,0.00038412058674961043
vit_base,ViT-B/16 AugReg,7,768,767,3.3701351675029567e-09,3.3701351675029567e-09,0.00017890488837982665
vit_base,ViT-B/16 AugReg,7,768,768,2.5959218107955316e-20,2.5959218107955316e-20,1.378054821899735e-15
vit_base,ViT-B/16 AugReg,8,768,1,1.452348127852618e-05,1.452348127852618e-05,1.0
vit_base,ViT-B/16 AugReg,8,768,2,1.1099574741871532e-05,1.1099574741871532e-05,0.7642502874488436
vit_base,ViT-B/16 AugReg,8,768,3,6.4973137359307266e-06,6.4973137359307266e-06,0.4473661384159586
vit_base,ViT-B/16 AugReg,8,768,4,5.878629392502857e-06,5.878629392502857e-06,0.40476723725975783
vit_base,ViT-B/16 AugReg,8,768,5,5.850223059066134e-06,5.850223059066134e-06,0.40281134714691524
vit_base,ViT-B/16 AugReg,8,768,6,4.921519379657567e-06,4.921519379657567e-06,0.33886636993393054
vit_base,ViT-B/16 AugReg,8,768,7,4.831467978044513e-06,4.831467978044513e-06,0.33266596936287735
vit_base,ViT-B/16 AugReg,8,768,8,4.740060956376519e-06,4.740060956376519e-06,0.32637222890802203
vit_base,ViT-B/16 AugReg,8,768,9,4.244268432334418e-06,4.244268432334418e-06,0.2922349229457691
vit_base,ViT-B/16 AugReg,8,768,10,3.975292813829582e-06,3.975292813829582e-06,0.2737148716339302
vit_base,ViT-B/16 AugReg,8,768,11,3.7138965141687666e-06,3.7138965141687666e-06,0.2557166868566134
vit_base,ViT-B/16 AugReg,8,768,12,3.6417147509372845e-06,3.6417147509372845e-06,0.25074668263743166
vit_base,ViT-B/16 AugReg,8,768,13,3.2906942117664627e-06,3.2906942117664627e-06,0.22657750911497695
vit_base,ViT-B/16 AugReg,8,768,14,3.2547322062525074e-06,3.2547322062525074e-06,0.22410138064245105
vit_base,ViT-B/16 AugReg,8,768,15,3.162145510801273e-06,3.162145510801273e-06,0.21772641491105105
vit_base,ViT-B/16 AugReg,8,768,16,3.074907202965709e-06,3.074907202965709e-06,0.21171970714157493
vit_base,ViT-B/16 AugReg,8,768,17,2.934115306544912e-06,2.934115306544912e-06,0.20202561977224934
vit_base,ViT-B/16 AugReg,8,768,18,2.8664860557546677e-06,2.8664860557546677e-06,0.1973690743136727
vit_base,ViT-B/16 AugReg,8,768,19,2.7189547495941976e-06,2.7189547495941976e-06,0.18721095152402145
vit_base,ViT-B/16 AugReg,8,768,20,2.673352247057164e-06,2.673352247057164e-06,0.18407103612340328
vit_base,ViT-B/16 AugReg,8,768,21,2.564989938614109e-06,2.564989938614109e-06,0.1766098560960448
vit_base,ViT-B/16 AugReg,8,768,22,2.493681488782741e-06,2.493681488782741e-06,0.17169998301094624
vit_base,ViT-B/16 AugReg,8,768,23,2.433786456570689e-06,2.433786456570689e-06,0.16757596955553525
vit_base,ViT-B/16 AugReg,8,768,24,2.3870697964825315e-06,2.3870697964825315e-06,0.16435933993401117
vit_base,ViT-B/16 AugReg,8,768,25,2.3595602541721407e-06,2.3595602541721407e-06,0.16246519749096858
vit_base,ViT-B/16 AugReg,8,768,26,2.2624667358941717e-06,2.2624667358941717e-06,0.15577991891237272
vit_base,ViT-B/16 AugReg,8,768,27,2.2114012474650225e-06,2.2114012474650225e-06,0.15226385499836798
vit_base,ViT-B/16 AugReg,8,768,28,2.2003720827834376e-06,2.2003720827834376e-06,0.1515044527262769
vit_base,ViT-B/16 AugReg,8,768,29,2.1465439638192465e-06,2.1465439638192465e-06,0.1477981706075552
vit_base,ViT-B/16 AugReg,8,768,30,2.049076777652055e-06,2.049076777652055e-06,0.14108716349445333
vit_base,ViT-B/16 AugReg,8,768,31,1.959879990151183e-06,1.959879990151183e-06,0.13494560653642873
vit_base,ViT-B/16 AugReg,8,768,32,1.920442383060746e-06,1.920442383060746e-06,0.1322301689402962
vit_base,ViT-B/16 AugReg,8,768,33,1.8780655511107575e-06,1.8780655511107575e-06,0.12931235391115128
vit_base,ViT-B/16 AugReg,8,768,34,1.8644808355334293e-06,1.8644808355334293e-06,0.12837699169896502
vit_base,ViT-B/16 AugReg,8,768,35,1.781510583857809e-06,1.781510583857809e-06,0.12266415673299191
vit_base,ViT-B/16 AugReg,8,768,36,1.7697422154805412e-06,1.7697422154805412e-06,0.12185385731843845
vit_base,ViT-B/16 AugReg,8,768,37,1.7166592395098142e-06,1.7166592395098142e-06,0.11819888128667853
vit_base,ViT-B/16 AugReg,8,768,38,1.6505259810561835e-06,1.6505259810561835e-06,0.11364534090711316
vit_base,ViT-B/16 AugReg,8,768,39,1.6303897395398105e-06,1.6303897395398105e-06,0.11225887982865633
vit_base,ViT-B/16 AugReg,8,768,40,1.6198503297660016e-06,1.6198503297660016e-06,0.11153319914840565
vit_base,ViT-B/16 AugReg,8,768,41,1.5799098407006985e-06,1.5799098407006985e-06,0.10878313610915641
vit_base,ViT-B/16 AugReg,8,768,42,1.5627076878299942e-06,1.5627076878299942e-06,0.10759869881476346
vit_base,ViT-B/16 AugReg,8,768,43,1.5524361709020332e-06,1.5524361709020332e-06,0.10689146363257969
vit_base,ViT-B/16 AugReg,8,768,44,1.5145878800882066e-06,1.5145878800882066e-06,0.10428545684343696
vit_base,ViT-B/16 AugReg,8,768,45,1.4468627992604115e-06,1.4468627992604115e-06,0.09962231310200283
vit_base,ViT-B/16 AugReg,8,768,46,1.4247495284299054e-06,1.4247495284299054e-06,0.09809972561719629
vit_base,ViT-B/16 AugReg,8,768,47,1.3936280909026893e-06,1.3936280909026893e-06,0.09595688968616982
vit_base,ViT-B/16 AugReg,8,768,48,1.3813230764813102e-06,1.3813230764813102e-06,0.0951096400367643
vit_base,ViT-B/16 AugReg,8,768,49,1.3659782939981051e-06,1.3659782939981051e-06,0.09405309015117362
vit_base,ViT-B/16 AugReg,8,768,50,1.3470527341436797e-06,1.3470527341436797e-06,0.09274998936621183
vit_base,ViT-B/16 AugReg,8,768,51,1.3110576599466714e-06,1.3110576599466714e-06,0.09027158398208197
vit_base,ViT-B/16 AugReg,8,768,52,1.3036649166571598e-06,1.3036649166571598e-06,0.08976256392361692
vit_base,ViT-B/16 AugReg,8,768,53,1.281368314316947e-06,1.281368314316947e-06,0.08822735332826333
vit_base,ViT-B/16 AugReg,8,768,54,1.2590625687995185e-06,1.2590625687995185e-06,0.08669151318844721
vit_base,ViT-B/16 AugReg,8,768,55,1.2225367553877687e-06,1.2225367553877687e-06,0.08417656427838421
vit_base,ViT-B/16 AugReg,8,768,56,1.2008005500666953e-06,1.2008005500666953e-06,0.08267993926787714
vit_base,ViT-B/16 AugReg,8,768,57,1.182890637451265e-06,1.182890637451265e-06,0.08144676987329741
vit_base,ViT-B/16 AugReg,8,768,58,1.155102399414031e-06,1.155102399414031e-06,0.07953343811045618
vit_base,ViT-B/16 AugReg,8,768,59,1.15251501515095e-06,1.15251501515095e-06,0.079355286315204
vit_base,ViT-B/16 AugReg,8,768,60,1.121873453749899e-06,1.121873453749899e-06,0.0772454917822392
vit_base,ViT-B/16 AugReg,8,768,61,1.0992183998067082e-06,1.0992183998067082e-06,0.0756856003547832
vit_base,ViT-B/16 AugReg,8,768,62,1.0846841838288335e-06,1.0846841838288335e-06,0.07468486122763161
vit_base,ViT-B/16 AugReg,8,768,63,1.061265785206721e-06,1.061265785206721e-06,0.07307241045408752
vit_base,ViT-B/16 AugReg,8,768,64,1.0495291199082937e-06,1.0495291199082937e-06,0.0722642939238049
vit_base,ViT-B/16 AugReg,8,768,65,1.0389942006915893e-06,1.0389942006915893e-06,0.07153892243644114
vit_base,ViT-B/16 AugReg,8,768,66,1.0300184643247594e-06,1.0300184643247594e-06,0.07092090694864613
vit_base,ViT-B/16 AugReg,8,768,67,1.0120949618183957e-06,1.0120949618183957e-06,0.06968680183551015
vit_base,ViT-B/16 AugReg,8,768,68,9.909728617764434e-07,9.909728617764434e-07,0.06823246043919615
vit_base,ViT-B/16 AugReg,8,768,69,9.634607489746527e-07,9.634607489746527e-07,0.06633814100749977
vit_base,ViT-B/16 AugReg,8,768,70,9.565485047902418e-07,9.565485047902418e-07,0.06586220524169745
vit_base,ViT-B/16 AugReg,8,768,71,9.404584948636968e-07,9.404584948636968e-07,0.06475434345443196
vit_base,ViT-B/16 AugReg,8,768,72,9.287276792298072e-07,9.287276792298072e-07,0.06394662969704003
vit_base,ViT-B/16 AugReg,8,768,73,9.070954127598895e-07,9.070954127598895e-07,0.062457161293765245
vit_base,ViT-B/16 AugReg,8,768,74,8.926044974134814e-07,8.926044974134814e-07,0.06145940358894872
vit_base,ViT-B/16 AugReg,8,768,75,8.856250744735358e-07,8.856250744735358e-07,0.06097884229609498
vit_base,ViT-B/16 AugReg,8,768,76,8.706644430339676e-07,8.706644430339676e-07,0.059948742752283235
vit_base,ViT-B/16 AugReg,8,768,77,8.571858826460655e-07,8.571858826460655e-07,0.059020689751118086
vit_base,ViT-B/16 AugReg,8,768,78,8.483969338170999e-07,8.483969338170999e-07,0.05841553533528525
vit_base,ViT-B/16 AugReg,8,768,79,8.384073657398325e-07,8.384073657398325e-07,0.057727713463539006
vit_base,ViT-B/16 AugReg,8,768,80,8.353333188592622e-07,8.353333188592622e-07,0.05751605299304868
vit_base,ViT-B/16 AugReg,8,768,81,8.270975872032485e-07,8.270975872032485e-07,0.05694898980082419
vit_base,ViT-B/16 AugReg,8,768,82,8.222054219715205e-07,8.222054219715205e-07,0.056612144581836554
vit_base,ViT-B/16 AugReg,8,768,83,8.100265138782398e-07,8.100265138782398e-07,0.05577357785945657
vit_base,ViT-B/16 AugReg,8,768,84,7.980423148714194e-07,7.980423148714194e-07,0.05494841763946581
vit_base,ViT-B/16 AugReg,8,768,85,7.826606337732247e-07,7.826606337732247e-07,0.053889327136079586
vit_base,ViT-B/16 AugReg,8,768,86,7.800933823993644e-07,7.800933823993644e-07,0.05371256157108683
vit_base,ViT-B/16 AugReg,8,768,87,7.757716632907853e-07,7.757716632907853e-07,0.05341499385810544
vit_base,ViT-B/16 AugReg,8,768,88,7.668427090849311e-07,7.668427090849311e-07,0.05280019950993107
vit_base,ViT-B/16 AugReg,8,768,89,7.578208433750114e-07,7.578208433750114e-07,0.052179007831648055
vit_base,ViT-B/16 AugReg,8,768,90,7.415544585292175e-07,7.415544585292175e-07,0.05105900192302029
vit_base,ViT-B/16 AugReg,8,768,91,7.373975851338213e-07,7.373975851338213e-07,0.050772784499272014
vit_base,ViT-B/16 AugReg,8,768,92,7.18615466088412e-07,7.18615466088412e-07,0.049479560189947515
vit_base,ViT-B/16 AugReg,8,768,93,7.140800808040183e-07,7.140800808040183e-07,0.04916728070285928
vit_base,ViT-B/16 AugReg,8,768,94,7.082251428012215e-07,7.082251428012215e-07,0.04876414471290529
vit_base,ViT-B/16 AugReg,8,768,95,6.940459888048252e-07,6.940459888048252e-07,0.047787853028806046
vit_base,ViT-B/16 AugReg,8,768,96,6.888350865928654e-07,6.888350865928654e-07,0.047429061488952276
vit_base,ViT-B/16 AugReg,8,768,97,6.751048047365145e-07,6.751048047365145e-07,0.046483676453984664
vit_base,ViT-B/16 AugReg,8,768,98,6.702643151863405e-07,6.702643151863405e-07,0.046150389313157694
vit_base,ViT-B/16 AugReg,8,768,99,6.65339274520139e-07,6.65339274520139e-07,0.04581128048850672
vit_base,ViT-B/16 AugReg,8,768,100,6.536797959960451e-07,6.536797959960451e-07,0.04500847857755351
vit_base,ViT-B/16 AugReg,8,768,101,6.471879485426191e-07,6.471879485426191e-07,0.04456148881463595
vit_base,ViT-B/16 AugReg,8,768,102,6.383290829714916e-07,6.383290829714916e-07,0.043951520350378984
vit_base,ViT-B/16 AugReg,8,768,103,6.319941835910906e-07,6.319941835910906e-07,0.043515337092459444
vit_base,ViT-B/16 AugReg,8,768,104,6.285708399067928e-07,6.285708399067928e-07,0.043279626134552995
vit_base,ViT-B/16 AugReg,8,768,105,6.192749004302591e-07,6.192749004302591e-07,0.042639563376990985
vit_base,ViT-B/16 AugReg,8,768,106,6.111903523537412e-07,6.111903523537412e-07,0.04208290978123971
vit_base,ViT-B/16 AugReg,8,768,107,6.0538172647401e-07,6.0538172647401e-07,0.04168296256690897
vit_base,ViT-B/16 AugReg,8,768,108,5.98558167799436e-07,5.98558167799436e-07,0.04121313315454466
vit_base,ViT-B/16 AugReg,8,768,109,5.915755262356609e-07,5.915755262356609e-07,0.040732350246517
vit_base,ViT-B/16 AugReg,8,768,110,5.88307257136606e-07,5.88307257136606e-07,0.04050731679645243
vit_base,ViT-B/16 AugReg,8,768,111,5.864166519485976e-07,5.864166519485976e-07,0.040377141038192337
vit_base,ViT-B/16 AugReg,8,768,112,5.82431379948269e-07,5.82431379948269e-07,0.04010273905950001
vit_base,ViT-B/16 AugReg,8,768,113,5.775327784516403e-07,5.775327784516403e-07,0.03976545067783138
vit_base,ViT-B/16 AugReg,8,768,114,5.647037218314003e-07,5.647037218314003e-07,0.03888211861892561
vit_base,ViT-B/16 AugReg,8,768,115,5.560601131928139e-07,5.560601131928139e-07,0.038286971458763225
vit_base,ViT-B/16 AugReg,8,768,116,5.519533519186493e-07,5.519533519186493e-07,0.038004204455769484
vit_base,ViT-B/16 AugReg,8,768,117,5.499892999506806e-07,5.499892999506806e-07,0.03786897159180919
vit_base,ViT-B/16 AugReg,8,768,118,5.446355836890913e-07,5.446355836890913e-07,0.03750034673121843
vit_base,ViT-B/16 AugReg,8,768,119,5.353455618601121e-07,5.353455618601121e-07,0.03686069142745079
vit_base,ViT-B/16 AugReg,8,768,120,5.263456347296067e-07,5.263456347296067e-07,0.03624101030844717
vit_base,ViT-B/16 AugReg,8,768,121,5.259523516947793e-07,5.259523516947793e-07,0.03621393119240844
vit_base,ViT-B/16 AugReg,8,768,122,5.232218763502802e-07,5.232218763502802e-07,0.03602592700166829
vit_base,ViT-B/16 AugReg,8,768,123,5.182532886729248e-07,5.182532886729248e-07,0.03568381979045153
vit_base,ViT-B/16 AugReg,8,768,124,5.15292966045015e-07,5.15292966045015e-07,0.03547998969137695
vit_base,ViT-B/16 AugReg,8,768,125,5.127060684355438e-07,5.127060684355438e-07,0.03530187140417978
vit_base,ViT-B/16 AugReg,8,768,126,5.054445599146992e-07,5.054445599146992e-07,0.034801887386464884
vit_base,ViT-B/16 AugReg,8,768,127,5.017890308101785e-07,5.017890308101785e-07,0.034550189530116515
vit_base,ViT-B/16 AugReg,8,768,128,4.981650101273484e-07,4.981650101273484e-07,0.03430066115511263
vit_base,ViT-B/16 AugReg,8,768,129,4.940531730652434e-07,4.940531730652434e-07,0.03401754466373913
vit_base,ViT-B/16 AugReg,8,768,130,4.883936166123031e-07,4.883936166123031e-07,0.03362786147797923
vit_base,ViT-B/16 AugReg,8,768,131,4.783255355651828e-07,4.783255355651828e-07,0.03293463367301717
vit_base,ViT-B/16 AugReg,8,768,132,4.7668569530590035e-07,4.7668569530590035e-07,0.032821724086958964
vit_base,ViT-B/16 AugReg,8,768,133,4.70514312642389e-07,4.70514312642389e-07,0.03239679961154163
vit_base,ViT-B/16 AugReg,8,768,134,4.6912327663292465e-07,4.6912327663292465e-07,0.03230102119707008
vit_base,ViT-B/16 AugReg,8,768,135,4.6168099247221895e-07,4.6168099247221895e-07,0.03178859005070922
vit_base,ViT-B/16 AugReg,8,768,136,4.579087303274875e-07,4.579087303274875e-07,0.031528854655841536
vit_base,ViT-B/16 AugReg,8,768,137,4.5303501549047947e-07,4.5303501549047947e-07,0.03119327982061149
vit_base,ViT-B/16 AugReg,8,768,138,4.493006619519791e-07,4.493006619519791e-07,0.0309361545854916
vit_base,ViT-B/16 AugReg,8,768,139,4.48758842485194e-07,4.48758842485194e-07,0.030898848139716356
vit_base,ViT-B/16 AugReg,8,768,140,4.4452192009330337e-07,4.4452192009330337e-07,0.030607119021150604
vit_base,ViT-B/16 AugReg,8,768,141,4.330214772768438e-07,4.330214772768438e-07,0.029815267357220437
vit_base,ViT-B/16 AugReg,8,768,142,4.2905320241321006e-07,4.2905320241321006e-07,0.029542035699635625
vit_base,ViT-B/16 AugReg,8,768,143,4.261012582111928e-07,4.261012582111928e-07,0.02933878248882439
vit_base,ViT-B/16 AugReg,8,768,144,4.2508690911989467e-07,4.2508690911989467e-07,0.029268940481123534
vit_base,ViT-B/16 AugReg,8,768,145,4.195363875352418e-07,4.195363875352418e-07,0.02888676478383671
vit_base,ViT-B/16 AugReg,8,768,146,4.1847745894694103e-07,4.1847745894694103e-07,0.028813853298773794
vit_base,ViT-B/16 AugReg,8,768,147,4.154668434847187e-07,4.154668434847187e-07,0.028606560336123462
vit_base,ViT-B/16 AugReg,8,768,148,4.11873528487751e-07,4.11873528487751e-07,0.028359146170879167
vit_base,ViT-B/16 AugReg,8,768,149,4.10535608549505e-07,4.10535608549505e-07,0.02826702501118007
vit_base,ViT-B/16 AugReg,8,768,150,4.057211786515172e-07,4.057211786515172e-07,0.027935532182039563
vit_base,ViT-B/16 AugReg,8,768,151,4.0173062922539276e-07,4.0173062922539276e-07,0.027660766831391525
vit_base,ViT-B/16 AugReg,8,768,152,4.005847652302355e-07,4.005847652302355e-07,0.02758186949450774
vit_base,ViT-B/16 AugReg,8,768,153,3.949156890643338e-07,3.949156890643338e-07,0.027191530838287365
vit_base,ViT-B/16 AugReg,8,768,154,3.906927398559024e-07,3.906927398559024e-07,0.02690076382950722
vit_base,ViT-B/16 AugReg,8,768,155,3.905472434778804e-07,3.905472434778804e-07,0.026890745819690448
vit_base,ViT-B/16 AugReg,8,768,156,3.864720464025879e-07,3.864720464025879e-07,0.02661015213852408
vit_base,ViT-B/16 AugReg,8,768,157,3.8310513683003287e-07,3.8310513683003287e-07,0.026378326895802613
vit_base,ViT-B/16 AugReg,8,768,158,3.794637946693372e-07,3.794637946693372e-07,0.026127605867499324
vit_base,ViT-B/16 AugReg,8,768,159,3.778078030177513e-07,3.778078030177513e-07,0.026013584193230747
vit_base,ViT-B/16 AugReg,8,768,160,3.766753740075254e-07,3.766753740075254e-07,0.02593561190900298
vit_base,ViT-B/16 AugReg,8,768,161,3.690769965429765e-07,3.690769965429765e-07,0.025412433111934293
vit_base,ViT-B/16 AugReg,8,768,162,3.672449861037807e-07,3.672449861037807e-07,0.025286291837396724
vit_base,ViT-B/16 AugReg,8,768,163,3.6605368672295993e-07,3.6605368672295993e-07,0.025204266091780062
vit_base,ViT-B/16 AugReg,8,768,164,3.610176753461477e-07,3.610176753461477e-07,0.02485751648813935
vit_base,ViT-B/16 AugReg,8,768,165,3.585494988976244e-07,3.585494988976244e-07,0.02468757262955686
vit_base,ViT-B/16 AugReg,8,768,166,3.5147659851942545e-07,3.5147659851942545e-07,0.024200575039753328
vit_base,ViT-B/16 AugReg,8,768,167,3.5023796032287303e-07,3.5023796032287303e-07,0.02411528982660104
vit_base,ViT-B/16 AugReg,8,768,168,3.489013459376988e-07,3.489013459376988e-07,0.02402325855947292
vit_base,ViT-B/16 AugReg,8,768,169,3.4731083349945584e-07,3.4731083349945584e-07,0.02391374539195195
vit_base,ViT-B/16 AugReg,8,768,170,3.4261404067841877e-07,3.4261404067841877e-07,0.023590352347890153
vit_base,ViT-B/16 AugReg,8,768,171,3.4141214343424857e-07,3.4141214343424857e-07,0.02350759689682986
vit_base,ViT-B/16 AugReg,8,768,172,3.3855898915440126e-07,3.3855898915440126e-07,0.023311145768816502
vit_base,ViT-B/16 AugReg,8,768,173,3.3571813287037897e-07,3.3571813287037897e-07,0.023115541407194014
vit_base,ViT-B/16 AugReg,8,768,174,3.311590870564721e-07,3.311590870564721e-07,0.022801632797648196
vit_base,ViT-B/16 AugReg,8,768,175,3.301694533668988e-07,3.301694533668988e-07,0.022733492544592164
vit_base,ViT-B/16 AugReg,8,768,176,3.2649291098561905e-07,3.2649291098561905e-07,0.02248034783976745
vit_base,ViT-B/16 AugReg,8,768,177,3.2438087021852124e-07,3.2438087021852124e-07,0.02233492535278972
vit_base,ViT-B/16 AugReg,8,768,178,3.2286886721977837e-07,3.2286886721977837e-07,0.0222308178754056
vit_base,ViT-B/16 AugReg,8,768,179,3.1802992907894263e-07,3.1802992907894263e-07,0.021897637555340712
vit_base,ViT-B/16 AugReg,8,768,180,3.1544644695271874e-07,3.1544644695271874e-07,0.021719754437878803
vit_base,ViT-B/16 AugReg,8,768,181,3.146534286916428e-07,3.146534286916428e-07,0.021665151946515495
vit_base,ViT-B/16 AugReg,8,768,182,3.13416210785763e-07,3.13416210785763e-07,0.021579964526078695
vit_base,ViT-B/16 AugReg,8,768,183,3.124057182563029e-07,3.124057182563029e-07,0.02151038805814506
vit_base,ViT-B/16 AugReg,8,768,184,3.076219737146211e-07,3.076219737146211e-07,0.02118100803899257
vit_base,ViT-B/16 AugReg,8,768,185,3.0714801660828077e-07,3.0714801660828077e-07,0.02114837418921159
vit_base,ViT-B/16 AugReg,8,768,186,3.0474124788039835e-07,3.0474124788039835e-07,0.020982658498756506
vit_base,ViT-B/16 AugReg,8,768,187,3.029332260570432e-07,3.029332260570432e-07,0.020858168936737486
vit_base,ViT-B/16 AugReg,8,768,188,3.009261654896973e-07,3.009261654896973e-07,0.020719974758024052
vit_base,ViT-B/16 AugReg,8,768,189,2.9976216446716423e-07,2.9976216446716423e-07,0.02063982861398253
vit_base,ViT-B/16 AugReg,8,768,190,2.9662081280760033e-07,2.9662081280760033e-07,0.02042353393921963
vit_base,ViT-B/16 AugReg,8,768,191,2.9371831298226375e-07,2.9371831298226375e-07,0.02022368517226951
vit_base,ViT-B/16 AugReg,8,768,192,2.8950969953650534e-07,2.8950969953650534e-07,0.019933905238309662
vit_base,ViT-B/16 AugReg,8,768,193,2.8906834207194184e-07,2.8906834207194184e-07,0.019903516004757506
vit_base,ViT-B/16 AugReg,8,768,194,2.86828897840735e-07,2.86828897840735e-07,0.019749321277731696
vit_base,ViT-B/16 AugReg,8,768,195,2.843234409617654e-07,2.843234409617654e-07,0.01957681051182641
vit_base,ViT-B/16 AugReg,8,768,196,2.823217087805349e-07,2.823217087805349e-07,0.019438983213891294
vit_base,ViT-B/16 AugReg,8,768,197,2.7997102600672523e-07,2.7997102600672523e-07,0.01927712926656771
vit_base,ViT-B/16 AugReg,8,768,198,2.780435007702841e-07,2.780435007702841e-07,0.019144411414733446
vit_base,ViT-B/16 AugReg,8,768,199,2.75001403219111e-07,2.75001403219111e-07,0.018934950783853502
vit_base,ViT-B/16 AugReg,8,768,200,2.739003391597504e-07,2.739003391597504e-07,0.018859138102427835
vit_base,ViT-B/16 AugReg,8,768,201,2.7255922991733484e-07,2.7255922991733484e-07,0.018766797346331122
vit_base,ViT-B/16 AugReg,8,768,202,2.711937134761587e-07,2.711937134761587e-07,0.018672776056601146
vit_base,ViT-B/16 AugReg,8,768,203,2.692241585306534e-07,2.692241585306534e-07,0.01853716429054218
vit_base,ViT-B/16 AugReg,8,768,204,2.6531608145787623e-07,2.6531608145787623e-07,0.018268077492561072
vit_base,ViT-B/16 AugReg,8,768,205,2.6429796223994445e-07,2.6429796223994445e-07,0.018197975896503855
vit_base,ViT-B/16 AugReg,8,768,206,2.622176756101329e-07,2.622176756101329e-07,0.018054739809375945
vit_base,ViT-B/16 AugReg,8,768,207,2.6002847008810147e-07,2.6002847008810147e-07,0.017904004219192877
vit_base,ViT-B/16 AugReg,8,768,208,2.5953197410393757e-07,2.5953197410393757e-07,0.017869818477176738
vit_base,ViT-B/16 AugReg,8,768,209,2.576938781185219e-07,2.576938781185219e-07,0.017743258188347544
vit_base,ViT-B/16 AugReg,8,768,210,2.5549354673555057e-07,2.5549354673555057e-07,0.017591756537966748
vit_base,ViT-B/16 AugReg,8,768,211,2.542421498307834e-07,2.542421498307834e-07,0.017505592836525728
vit_base,ViT-B/16 AugReg,8,768,212,2.53028223402772e-07,2.53028223402772e-07,0.017422009127858972
vit_base,ViT-B/16 AugReg,8,768,213,2.5109982994095453e-07,2.5109982994095453e-07,0.01728923149522149
vit_base,ViT-B/16 AugReg,8,768,214,2.5056900020859184e-07,2.5056900020859184e-07,0.017252681736786676
vit_base,ViT-B/16 AugReg,8,768,215,2.4936490985379304e-07,2.4936490985379304e-07,0.01716977528125393
vit_base,ViT-B/16 AugReg,8,768,216,2.4739985875180735e-07,2.4739985875180735e-07,0.0170344736229049
vit_base,ViT-B/16 AugReg,8,768,217,2.4477669119645194e-07,2.4477669119645194e-07,0.01685385800430429
vit_base,ViT-B/16 AugReg,8,768,218,2.4345875718480007e-07,2.4345875718480007e-07,0.016763112955897712
vit_base,ViT-B/16 AugReg,8,768,219,2.4072589640770364e-07,2.4072589640770364e-07,0.016574944518545357
vit_base,ViT-B/16 AugReg,8,768,220,2.391697936421124e-07,2.391697936421124e-07,0.016467800595146496
vit_base,ViT-B/16 AugReg,8,768,221,2.3853830976541817e-07,2.3853830976541817e-07,0.016424320394732843
vit_base,ViT-B/16 AugReg,8,768,222,2.3662342309548426e-07,2.3662342309548426e-07,0.016292472758948358
vit_base,ViT-B/16 AugReg,8,768,223,2.3329481229189677e-07,2.3329481229189677e-07,0.016063284540245654
vit_base,ViT-B/16 AugReg,8,768,224,2.310991814024254e-07,2.310991814024254e-07,0.01591210653771552
vit_base,ViT-B/16 AugReg,8,768,225,2.301641684018575e-07,2.301641684018575e-07,0.015847727138407836
vit_base,ViT-B/16 AugReg,8,768,226,2.2814590230487855e-07,2.2814590230487855e-07,0.01570876141398727
vit_base,ViT-B/16 AugReg,8,768,227,2.259408297816506e-07,2.259408297816506e-07,0.015556933317063407
vit_base,ViT-B/16 AugReg,8,768,228,2.25659007409342e-07,2.25659007409342e-07,0.015537528715170522
vit_base,ViT-B/16 AugReg,8,768,229,2.2411088384680341e-07,2.2411088384680341e-07,0.01543093419193954
vit_base,ViT-B/16 AugReg,8,768,230,2.2360304489868885e-07,2.2360304489868885e-07,0.015395967441311683
vit_base,ViT-B/16 AugReg,8,768,231,2.2164433868726364e-07,2.2164433868726364e-07,0.015261102654153437
vit_base,ViT-B/16 AugReg,8,768,232,2.2117156783048757e-07,2.2117156783048757e-07,0.015228550482417925
vit_base,ViT-B/16 AugReg,8,768,233,2.192178983573562e-07,2.192178983573562e-07,0.015094032494914476
vit_base,ViT-B/16 AugReg,8,768,234,2.1698100642617716e-07,2.1698100642617716e-07,0.014940013503993448
vit_base,ViT-B/16 AugReg,8,768,235,2.1562651806627421e-07,2.1562651806627421e-07,0.01484675154193855
vit_base,ViT-B/16 AugReg,8,768,236,2.1402083291374434e-07,2.1402083291374434e-07,0.014736193672118179
vit_base,ViT-B/16 AugReg,8,768,237,2.121806098022197e-07,2.121806098022197e-07,0.014609486922115649
vit_base,ViT-B/16 AugReg,8,768,238,2.1155334452196644e-07,2.1155334452196644e-07,0.014566297189005262
vit_base,ViT-B/16 AugReg,8,768,239,2.0956348093643593e-07,2.0956348093643593e-07,0.014429287091538297
vit_base,ViT-B/16 AugReg,8,768,240,2.087149198343791e-07,2.087149198343791e-07,0.014370860252560545
vit_base,ViT-B/16 AugReg,8,768,241,2.0807371838850894e-07,2.0807371838850894e-07,0.014326710958491622
vit_base,ViT-B/16 AugReg,8,768,242,2.0736709877984973e-07,2.0736709877984973e-07,0.014278057361250856
vit_base,ViT-B/16 AugReg,8,768,243,2.0498424677309028e-07,2.0498424677309028e-07,0.014113988433074343
vit_base,ViT-B/16 AugReg,8,768,244,2.046049957184986e-07,2.046049957184986e-07,0.014087875475215374
vit_base,ViT-B/16 AugReg,8,768,245,1.9996895762453355e-07,1.9996895762453355e-07,0.013768665638051904
vit_base,ViT-B/16 AugReg,8,768,246,1.9966042943368028e-07,1.9966042943368028e-07,0.013747422233324317
vit_base,ViT-B/16 AugReg,8,768,247,1.9882027458389098e-07,1.9882027458389098e-07,0.01368957419856756
vit_base,ViT-B/16 AugReg,8,768,248,1.9742110348189357e-07,1.9742110348189357e-07,0.013593235650311489
vit_base,ViT-B/16 AugReg,8,768,249,1.9643555943601883e-07,1.9643555943601883e-07,0.013525376985644643
vit_base,ViT-B/16 AugReg,8,768,250,1.9605905124229835e-07,1.9605905124229835e-07,0.013499452884769657
vit_base,ViT-B/16 AugReg,8,768,251,1.9458011948601352e-07,1.9458011948601352e-07,0.013397622495214812
vit_base,ViT-B/16 AugReg,8,768,252,1.9292414718716497e-07,1.9292414718716497e-07,0.013283602153459905
vit_base,ViT-B/16 AugReg,8,768,253,1.9114155549685987e-07,1.9114155549685987e-07,0.01316086355820721
vit_base,ViT-B/16 AugReg,8,768,254,1.905482957291564e-07,1.905482957291564e-07,0.013120015241173151
vit_base,ViT-B/16 AugReg,8,768,255,1.8947438005668455e-07,1.8947438005668455e-07,0.01304607183518965
vit_base,ViT-B/16 AugReg,8,768,256,1.892508152971189e-07,1.892508152971189e-07,0.013030678503847239
vit_base,ViT-B/16 AugReg,8,768,257,1.8898103004306712e-07,1.8898103004306712e-07,0.013012102705877182
vit_base,ViT-B/16 AugReg,8,768,258,1.8762428364520321e-07,1.8762428364520321e-07,0.012918685268842309
vit_base,ViT-B/16 AugReg,8,768,259,1.8666683211253326e-07,1.8666683211253326e-07,0.0128527608865053
vit_base,ViT-B/16 AugReg,8,768,260,1.8528678594821336e-07,1.8528678594821336e-07,0.012757739166997843
vit_base,ViT-B/16 AugReg,8,768,261,1.8461550779329022e-07,1.8461550779329022e-07,0.012711518970748086
vit_base,ViT-B/16 AugReg,8,768,262,1.8253463624435137e-07,1.8253463624435137e-07,0.012568242609589723
vit_base,ViT-B/16 AugReg,8,768,263,1.8091236252087218e-07,1.8091236252087218e-07,0.012456542550053872
vit_base,ViT-B/16 AugReg,8,768,264,1.79923103117792e-07,1.79923103117792e-07,0.01238842806812571
vit_base,ViT-B/16 AugReg,8,768,265,1.7853497168638622e-07,1.7853497168638622e-07,0.012292849645515821
vit_base,ViT-B/16 AugReg,8,768,266,1.7727522947858202e-07,1.7727522947858202e-07,0.012206111336453048
vit_base,ViT-B/16 AugReg,8,768,267,1.760802810142517e-07,1.760802810142517e-07,0.012123834336785131
vit_base,ViT-B/16 AugReg,8,768,268,1.7572674424247315e-07,1.7572674424247315e-07,0.01209949191054458
vit_base,ViT-B/16 AugReg,8,768,269,1.7481724546970225e-07,1.7481724546970225e-07,0.012036869268264201
vit_base,ViT-B/16 AugReg,8,768,270,1.7416840035817622e-07,1.7416840035817622e-07,0.011992193677124396
vit_base,ViT-B/16 AugReg,8,768,271,1.7319863164824787e-07,1.7319863164824787e-07,0.011925421207677818
vit_base,ViT-B/16 AugReg,8,768,272,1.7200979151137266e-07,1.7200979151137266e-07,0.011843564790881044
vit_base,ViT-B/16 AugReg,8,768,273,1.7059576392748058e-07,1.7059576392748058e-07,0.011746203314195505
vit_base,ViT-B/16 AugReg,8,768,274,1.7011650571850466e-07,1.7011650571850466e-07,0.011713204462213333
vit_base,ViT-B/16 AugReg,8,768,275,1.6947739806083077e-07,1.6947739806083077e-07,0.0116691993338686
vit_base,ViT-B/16 AugReg,8,768,276,1.6927205646244073e-07,1.6927205646244073e-07,0.011655060740341876
vit_base,ViT-B/16 AugReg,8,768,277,1.6761450057610723e-07,1.6761450057610723e-07,0.011540931362230288
vit_base,ViT-B/16 AugReg,8,768,278,1.6644123663793197e-07,1.6644123663793197e-07,0.011460147429254797
vit_base,ViT-B/16 AugReg,8,768,279,1.6592811158487732e-07,1.6592811158487732e-07,0.011424816709077305
vit_base,ViT-B/16 AugReg,8,768,280,1.638874083652005e-07,1.638874083652005e-07,0.011284306098670547
vit_base,ViT-B/16 AugReg,8,768,281,1.6330235417156425e-07,1.6330235417156425e-07,0.011244022768357637
vit_base,ViT-B/16 AugReg,8,768,282,1.6250882210546183e-07,1.6250882210546183e-07,0.011189384899455247
vit_base,ViT-B/16 AugReg,8,768,283,1.6111674383302352e-07,1.6111674383302352e-07,0.011093534720993106
vit_base,ViT-B/16 AugReg,8,768,284,1.607210152602871e-07,1.607210152602871e-07,0.011066287219850144
vit_base,ViT-B/16 AugReg,8,768,285,1.5957720772824e-07,1.5957720772824e-07,0.010987531478708502
vit_base,ViT-B/16 AugReg,8,768,286,1.5902761131927497e-07,1.5902761131927497e-07,0.01094968955923857
vit_base,ViT-B/16 AugReg,8,768,287,1.5737405573664574e-07,1.5737405573664574e-07,0.010835835618098845
vit_base,ViT-B/16 AugReg,8,768,288,1.5721137661514376e-07,1.5721137661514376e-07,0.010824634507402162
vit_base,ViT-B/16 AugReg,8,768,289,1.5538531963204845e-07,1.5538531963204845e-07,0.01069890315222114
vit_base,ViT-B/16 AugReg,8,768,290,1.5448115575869284e-07,1.5448115575869284e-07,0.010636647839185932
vit_base,ViT-B/16 AugReg,8,768,291,1.5278584370601751e-07,1.5278584370601751e-07,0.010519918797424992
vit_base,ViT-B/16 AugReg,8,768,292,1.522216091954446e-07,1.522216091954446e-07,0.010481068985885167
vit_base,ViT-B/16 AugReg,8,768,293,1.5085381372442206e-07,1.5085381372442206e-07,0.01038689077579962
vit_base,ViT-B/16 AugReg,8,768,294,1.5021010642702473e-07,1.5021010642702473e-07,0.010342568943791678
vit_base,ViT-B/16 AugReg,8,768,295,1.495345784397364e-07,1.495345784397364e-07,0.01029605612951986
vit_base,ViT-B/16 AugReg,8,768,296,1.4899549549610022e-07,1.4899549549610022e-07,0.010258938104350973
vit_base,ViT-B/16 AugReg,8,768,297,1.4815011517907524e-07,1.4815011517907524e-07,0.010200730275193998
vit_base,ViT-B/16 AugReg,8,768,298,1.4727951419260607e-07,1.4727951419260607e-07,0.010140785901680988
vit_base,ViT-B/16 AugReg,8,768,299,1.4698611081235096e-07,1.4698611081235096e-07,0.010120583900891487
vit_base,ViT-B/16 AugReg,8,768,300,1.4635821370409542e-07,1.4635821370409542e-07,0.010077350663886257
vit_base,ViT-B/16 AugReg,8,768,301,1.4560662719732452e-07,1.4560662719732452e-07,0.010025600915161605
vit_base,ViT-B/16 AugReg,8,768,302,1.453877742019887e-07,1.453877742019887e-07,0.010010532007704865
vit_base,ViT-B/16 AugReg,8,768,303,1.4374730729514625e-07,1.4374730729514625e-07,0.00989757927444607
vit_base,ViT-B/16 AugReg,8,768,304,1.4258606726943044e-07,1.4258606726943044e-07,0.00981762323612124
vit_base,ViT-B/16 AugReg,8,768,305,1.4175531010429128e-07,1.4175531010429128e-07,0.00976042226968577
vit_base,ViT-B/16 AugReg,8,768,306,1.4130687092081046e-07,1.4130687092081046e-07,0.009729545431351983
vit_base,ViT-B/16 AugReg,8,768,307,1.407784105238144e-07,1.407784105238144e-07,0.009693158811170402
vit_base,ViT-B/16 AugReg,8,768,308,1.3994606106542174e-07,1.3994606106542174e-07,0.009635848208951128
vit_base,ViT-B/16 AugReg,8,768,309,1.3899096211866992e-07,1.3899096211866992e-07,0.00957008581160057
vit_base,ViT-B/16 AugReg,8,768,310,1.3866141253842836e-07,1.3866141253842836e-07,0.009547394999809543
vit_base,ViT-B/16 AugReg,8,768,311,1.3762716261652696e-07,1.3762716261652696e-07,0.009476182740016803
vit_base,ViT-B/16 AugReg,8,768,312,1.372962627251511e-07,1.372962627251511e-07,0.009453398953882475
vit_base,ViT-B/16 AugReg,8,768,313,1.361086852463984e-07,1.361086852463984e-07,0.009371629476167197
vit_base,ViT-B/16 AugReg,8,768,314,1.3487142118684079e-07,1.3487142118684079e-07,0.009286438877864366
vit_base,ViT-B/16 AugReg,8,768,315,1.342882156488275e-07,1.342882156488275e-07,0.009246282834913728
vit_base,ViT-B/16 AugReg,8,768,316,1.3396954897099665e-07,1.3396954897099665e-07,0.009224341354650176
vit_base,ViT-B/16 AugReg,8,768,317,1.334839879097838e-07,1.334839879097838e-07,0.009190908525984587
vit_base,ViT-B/16 AugReg,8,768,318,1.3288168493999805e-07,1.3288168493999805e-07,0.009149437548177338
vit_base,ViT-B/16 AugReg,8,768,319,1.3188123408082144e-07,1.3188123408082144e-07,0.009080552489561548
vit_base,ViT-B/16 AugReg,8,768,320,1.3144431442273275e-07,1.3144431442273275e-07,0.009050468816803646
vit_base,ViT-B/16 AugReg,8,768,321,1.3027056698866173e-07,1.3027056698866173e-07,0.008969651593194423
vit_base,ViT-B/16 AugReg,8,768,322,1.2893261108762868e-07,1.2893261108762868e-07,0.00887752795731304
vit_base,ViT-B/16 AugReg,8,768,323,1.2875087409047768e-07,1.2875087409047768e-07,0.008865014635357668
vit_base,ViT-B/16 AugReg,8,768,324,1.2821408325705597e-07,1.2821408325705597e-07,0.008828054431180217
vit_base,ViT-B/16 AugReg,8,768,325,1.271908475331369e-07,1.271908475331369e-07,0.008757600543142232
vit_base,ViT-B/16 AugReg,8,768,326,1.2629968848001835e-07,1.2629968848001835e-07,0.008696240664196666
vit_base,ViT-B/16 AugReg,8,768,327,1.254730495955168e-07,1.254730495955168e-07,0.008639323257918614
vit_base,ViT-B/16 AugReg,8,768,328,1.2511162487840528e-07,1.2511162487840528e-07,0.008614437714970594
vit_base,ViT-B/16 AugReg,8,768,329,1.2343939120034636e-07,1.2343939120034636e-07,0.008499297711965156
vit_base,ViT-B/16 AugReg,8,768,330,1.2305733221772442e-07,1.2305733221772442e-07,0.00847299141698705
vit_base,ViT-B/16 AugReg,8,768,331,1.2270045845807097e-07,1.2270045845807097e-07,0.008448419225732801
vit_base,ViT-B/16 AugReg,8,768,332,1.2243635501153782e-07,1.2243635501153782e-07,0.00843023464302372
vit_base,ViT-B/16 AugReg,8,768,333,1.2170204509977192e-07,1.2170204509977192e-07,0.008379674457233303
vit_base,ViT-B/16 AugReg,8,768,334,1.2100134048908098e-07,1.2100134048908098e-07,0.008331428131352266
vit_base,ViT-B/16 AugReg,8,768,335,1.2051286249280032e-07,1.2051286249280032e-07,0.008297794459995322
vit_base,ViT-B/16 AugReg,8,768,336,1.1948754485485459e-07,1.1948754485485459e-07,0.0082271972238174
vit_base,ViT-B/16 AugReg,8,768,337,1.187584071389636e-07,1.187584071389636e-07,0.008176993164480121
vit_base,ViT-B/16 AugReg,8,768,338,1.1832391213576605e-07,1.1832391213576605e-07,0.008147076438946832
vit_base,ViT-B/16 AugReg,8,768,339,1.1806625510364375e-07,1.1806625510364375e-07,0.008129335717753266
vit_base,ViT-B/16 AugReg,8,768,340,1.1663439569814217e-07,1.1663439569814217e-07,0.008030746448552454
vit_base,ViT-B/16 AugReg,8,768,341,1.1582486428388556e-07,1.1582486428388556e-07,0.007975006960289846
vit_base,ViT-B/16 AugReg,8,768,342,1.1488513776188376e-07,1.1488513776188376e-07,0.007910303016105938
vit_base,ViT-B/16 AugReg,8,768,343,1.1483266923360965e-07,1.1483266923360965e-07,0.00790669034726519
vit_base,ViT-B/16 AugReg,8,768,344,1.1405510533010214e-07,1.1405510533010214e-07,0.007853151950472047
vit_base,ViT-B/16 AugReg,8,768,345,1.1367723938692756e-07,1.1367723938692756e-07,0.007827134363095577
vit_base,ViT-B/16 AugReg,8,768,346,1.1357736996020714e-07,1.1357736996020714e-07,0.007820257952075027
vit_base,ViT-B/16 AugReg,8,768,347,1.1264979727978387e-07,1.1264979727978387e-07,0.007756390848683312
vit_base,ViT-B/16 AugReg,8,768,348,1.1199695755053618e-07,1.1199695755053618e-07,0.007711440212074378
vit_base,ViT-B/16 AugReg,8,768,349,1.1130584209028956e-07,1.1130584209028956e-07,0.007663854137703319
vit_base,ViT-B/16 AugReg,8,768,350,1.1045992943113665e-07,1.1045992943113665e-07,0.007605609654653402
vit_base,ViT-B/16 AugReg,8,768,351,1.0982684363076386e-07,1.0982684363076386e-07,0.007562019155362516
vit_base,ViT-B/16 AugReg,8,768,352,1.0970367584272893e-07,1.0970367584272893e-07,0.007553538558619018
vit_base,ViT-B/16 AugReg,8,768,353,1.0885351960348067e-07,1.0885351960348067e-07,0.00749500188804092
vit_base,ViT-B/16 AugReg,8,768,354,1.0840450969610313e-07,1.0840450969610313e-07,0.007464085753075301
vit_base,ViT-B/16 AugReg,8,768,355,1.0782664449147821e-07,1.0782664449147821e-07,0.007424297413520698
vit_base,ViT-B/16 AugReg,8,768,356,1.0710985278990125e-07,1.0710985278990125e-07,0.007374943426840055
vit_base,ViT-B/16 AugReg,8,768,357,1.0630600404999009e-07,1.0630600404999009e-07,0.007319595213522928
vit_base,ViT-B/16 AugReg,8,768,358,1.0614910925795334e-07,1.0614910925795334e-07,0.007308792377134884
vit_base,ViT-B/16 AugReg,8,768,359,1.0578286725233517e-07,1.0578286725233517e-07,0.0072835751445310395
vit_base,ViT-B/16 AugReg,8,768,360,1.0509619001909794e-07,1.0509619001909794e-07,0.00723629465990973
vit_base,ViT-B/16 AugReg,8,768,361,1.0494475043582902e-07,1.0494475043582902e-07,0.007225867436548839
vit_base,ViT-B/16 AugReg,8,768,362,1.0407737797447264e-07,1.0407737797447264e-07,0.007166145359952862
vit_base,ViT-B/16 AugReg,8,768,363,1.0344909911368395e-07,1.0344909911368395e-07,0.00712288583775293
vit_base,ViT-B/16 AugReg,8,768,364,1.0223310147277461e-07,1.0223310147277461e-07,0.007039159517761919
vit_base,ViT-B/16 AugReg,8,768,365,1.0201003300209913e-07,1.0201003300209913e-07,0.007023800357902272
vit_base,ViT-B/16 AugReg,8,768,366,1.0146657205792096e-07,1.0146657205792096e-07,0.0069863808898177355
vit_base,ViT-B/16 AugReg,8,768,367,1.0099075133304575e-07,1.0099075133304575e-07,0.006953618722417917
vit_base,ViT-B/16 AugReg,8,768,368,1.0073740123650512e-07,1.0073740123650512e-07,0.006936174551032147
vit_base,ViT-B/16 AugReg,8,768,369,1.0034787563390666e-07,1.0034787563390666e-07,0.006909354149289048
vit_base,ViT-B/16 AugReg,8,768,370,1.002061702132005e-07,1.002061702132005e-07,0.006899597162104736
vit_base,ViT-B/16 AugReg,8,768,371,9.95502154034697e-08,9.95502154034697e-08,0.006854432039697021
vit_base,ViT-B/16 AugReg,8,768,372,9.918069266173799e-08,9.918069266173799e-08,0.006828988915239108
vit_base,ViT-B/16 AugReg,8,768,373,9.85600594087304e-08,9.85600594087304e-08,0.006786255823833176
vit_base,ViT-B/16 AugReg,8,768,374,9.838265029562412e-08,9.838265029562412e-08,0.0067740404940713934
vit_base,ViT-B/16 AugReg,8,768,375,9.769439603851404e-08,9.769439603851404e-08,0.006726651425024449
vit_base,ViT-B/16 AugReg,8,768,376,9.734148883180059e-08,9.734148883180059e-08,0.006702352346866429
vit_base,ViT-B/16 AugReg,8,768,377,9.671696660248318e-08,9.671696660248318e-08,0.006659351483826739
vit_base,ViT-B/16 AugReg,8,768,378,9.626676298666013e-08,9.626676298666013e-08,0.0066283531572417275
vit_base,ViT-B/16 AugReg,8,768,379,9.58265690624485e-08,9.58265690624485e-08,0.006598044038114588
vit_base,ViT-B/16 AugReg,8,768,380,9.505937510137003e-08,9.505937510137003e-08,0.006545219653494572
vit_base,ViT-B/16 AugReg,8,768,381,9.464763548459946e-08,9.464763548459946e-08,0.006516869727683097
vit_base,ViT-B/16 AugReg,8,768,382,9.431200384084409e-08,9.431200384084409e-08,0.006493760141398738
vit_base,ViT-B/16 AugReg,8,768,383,9.379401466121661e-08,9.379401466121661e-08,0.006458094506576503
vit_base,ViT-B/16 AugReg,8,768,384,9.286763790547969e-08,9.286763790547969e-08,0.0063943097474012615
vit_base,ViT-B/16 AugReg,8,768,385,9.247804146329425e-08,9.247804146329425e-08,0.006367484468068166
vit_base,ViT-B/16 AugReg,8,768,386,9.216969317416995e-08,9.216969317416995e-08,0.006346253450296951
vit_base,ViT-B/16 AugReg,8,768,387,9.191626884482814e-08,9.191626884482814e-08,0.006328804167684764
vit_base,ViT-B/16 AugReg,8,768,388,9.100563080093036e-08,9.100563080093036e-08,0.006266103082012956
vit_base,ViT-B/16 AugReg,8,768,389,9.048178999598935e-08,9.048178999598935e-08,0.006230034539292724
vit_base,ViT-B/16 AugReg,8,768,390,9.03367466843708e-08,9.03367466843708e-08,0.0062200477249169574
vit_base,ViT-B/16 AugReg,8,768,391,8.988726877275054e-08,8.988726877275054e-08,0.00618909936598012
vit_base,ViT-B/16 AugReg,8,768,392,8.900212562314826e-08,8.900212562314826e-08,0.006128153706146414
vit_base,ViT-B/16 AugReg,8,768,393,8.841551512426855e-08,8.841551512426855e-08,0.0060877632179686895
vit_base,ViT-B/16 AugReg,8,768,394,8.830232938719031e-08,8.830232938719031e-08,0.006079969925513002
vit_base,ViT-B/16 AugReg,8,768,395,8.772380225029328e-08,8.772380225029328e-08,0.006040136009263707
vit_base,ViT-B/16 AugReg,8,768,396,8.709558156380538e-08,8.709558156380538e-08,0.005996880492597964
vit_base,ViT-B/16 AugReg,8,768,397,8.694731643161523e-08,8.694731643161523e-08,0.0059866718429397465
vit_base,ViT-B/16 AugReg,8,768,398,8.634657533397004e-08,8.634657533397004e-08,0.005945308406300528
vit_base,ViT-B/16 AugReg,8,768,399,8.605932723764359e-08,8.605932723764359e-08,0.0059255302215239095
vit_base,ViT-B/16 AugReg,8,768,400,8.576359439860728e-08,8.576359439860728e-08,0.005905167828144192
vit_base,ViT-B/16 AugReg,8,768,401,8.5442011036112e-08,8.5442011036112e-08,0.005883025522430564
vit_base,ViT-B/16 AugReg,8,768,402,8.526800381685814e-08,8.526800381685814e-08,0.0058710444267196385
vit_base,ViT-B/16 AugReg,8,768,403,8.510686555239395e-08,8.510686555239395e-08,0.005859949410216781
vit_base,ViT-B/16 AugReg,8,768,404,8.38790306490429e-08,8.38790306490429e-08,0.00577540804717826
vit_base,ViT-B/16 AugReg,8,768,405,8.363847898503133e-08,8.363847898503133e-08,0.005758845099259757
vit_base,ViT-B/16 AugReg,8,768,406,8.33468275741966e-08,8.33468275741966e-08,0.00573876372859927
vit_base,ViT-B/16 AugReg,8,768,407,8.289141574258976e-08,8.289141574258976e-08,0.005707406795445771
vit_base,ViT-B/16 AugReg,8,768,408,8.26306950171762e-08,8.26306950171762e-08,0.005689455126667911
vit_base,ViT-B/16 AugReg,8,768,409,8.214770124085413e-08,8.214770124085413e-08,0.005656199065875089
vit_base,ViT-B/16 AugReg,8,768,410,8.153070740493303e-08,8.153070740493303e-08,0.005613716562948373
vit_base,ViT-B/16 AugReg,8,768,411,8.08970702950687e-08,8.08970702950687e-08,0.005570088103785403
vit_base,ViT-B/16 AugReg,8,768,412,8.063852534974595e-08,8.063852534974595e-08,0.005552286246202881
vit_base,ViT-B/16 AugReg,8,768,413,8.042985966485071e-08,8.042985966485071e-08,0.005537918775973566
vit_base,ViT-B/16 AugReg,8,768,414,7.99948214287699e-08,7.99948214287699e-08,0.005507964646675101
vit_base,ViT-B/16 AugReg,8,768,415,7.973569355608547e-08,7.973569355608547e-08,0.0054901226522031865
vit_base,ViT-B/16 AugReg,8,768,416,7.914676874307882e-08,7.914676874307882e-08,0.005449572814205501
vit_base,ViT-B/16 AugReg,8,768,417,7.87301569777973e-08,7.87301569777973e-08,0.005420887421406634
vit_base,ViT-B/16 AugReg,8,768,418,7.841869202127028e-08,7.841869202127028e-08,0.0053994418085708505
vit_base,ViT-B/16 AugReg,8,768,419,7.825156992588411e-08,7.825156992588411e-08,0.005387934781283028
vit_base,ViT-B/16 AugReg,8,768,420,7.779423717902382e-08,7.779423717902382e-08,0.005356445585401564
vit_base,ViT-B/16 AugReg,8,768,421,7.73716387625783e-08,7.73716387625783e-08,0.005327347987632746
vit_base,ViT-B/16 AugReg,8,768,422,7.699625442119107e-08,7.699625442119107e-08,0.005301501268503341
vit_base,ViT-B/16 AugReg,8,768,423,7.653384453771015e-08,7.653384453771015e-08,0.005269662491380075
vit_base,ViT-B/16 AugReg,8,768,424,7.618200135114467e-08,7.618200135114467e-08,0.0052454366752814445
vit_base,ViT-B/16 AugReg,8,768,425,7.569392044148704e-08,7.569392044148704e-08,0.00521183034493286
vit_base,ViT-B/16 AugReg,8,768,426,7.523479413602783e-08,7.523479413602783e-08,0.005180217655340451
vit_base,ViT-B/16 AugReg,8,768,427,7.467326830742378e-08,7.467326830742378e-08,0.005141554347429951
vit_base,ViT-B/16 AugReg,8,768,428,7.46296775714835e-08,7.46296775714835e-08,0.005138552950237066
vit_base,ViT-B/16 AugReg,8,768,429,7.402380125454212e-08,7.402380125454212e-08,0.005096835933130623
vit_base,ViT-B/16 AugReg,8,768,430,7.358302255429925e-08,7.358302255429925e-08,0.0050664865498257685
vit_base,ViT-B/16 AugReg,8,768,431,7.350596819696665e-08,7.350596819696665e-08,0.005061181047938523
vit_base,ViT-B/16 AugReg,8,768,432,7.263912632344861e-08,7.263912632344861e-08,0.005001495504445606
vit_base,ViT-B/16 AugReg,8,768,433,7.247733358851505e-08,7.247733358851505e-08,0.004990355425023134
vit_base,ViT-B/16 AugReg,8,768,434,7.227629656907798e-08,7.227629656907798e-08,0.004976513219040859
vit_base,ViT-B/16 AugReg,8,768,435,7.208146202176002e-08,7.208146202176002e-08,0.004963098078167849
vit_base,ViT-B/16 AugReg,8,768,436,7.17332660903748e-08,7.17332660903748e-08,0.0049391233902326605
vit_base,ViT-B/16 AugReg,8,768,437,7.132852318481541e-08,7.132852318481541e-08,0.004911255216080928
vit_base,ViT-B/16 AugReg,8,768,438,7.104784051828859e-08,7.104784051828859e-08,0.004891929087507207
vit_base,ViT-B/16 AugReg,8,768,439,7.101675132537489e-08,7.101675132537489e-08,0.004889788471747289
vit_base,ViT-B/16 AugReg,8,768,440,7.0169972889935e-08,7.0169972889935e-08,0.00483148437652379
vit_base,ViT-B/16 AugReg,8,768,441,6.994199779665701e-08,6.994199779665701e-08,0.004815787375997128
vit_base,ViT-B/16 AugReg,8,768,442,6.985578588850674e-08,6.985578588850674e-08,0.004809851339967135
vit_base,ViT-B/16 AugReg,8,768,443,6.940883212870125e-08,6.940883212870125e-08,0.004779076779017596
vit_base,ViT-B/16 AugReg,8,768,444,6.93069321476088e-08,6.93069321476088e-08,0.004772060556175547
vit_base,ViT-B/16 AugReg,8,768,445,6.850309389385094e-08,6.850309389385094e-08,0.00471671306487218
vit_base,ViT-B/16 AugReg,8,768,446,6.836360643895345e-08,6.836360643895345e-08,0.004707108793539264
vit_base,ViT-B/16 AugReg,8,768,447,6.807606221571229e-08,6.807606221571229e-08,0.0046873102192355725
vit_base,ViT-B/16 AugReg,8,768,448,6.790586301568302e-08,6.790586301568302e-08,0.004675591320938033
vit_base,ViT-B/16 AugReg,8,768,449,6.752645594561641e-08,6.752645594561641e-08,0.00464946762078719
vit_base,ViT-B/16 AugReg,8,768,450,6.738648001114601e-08,6.738648001114601e-08,0.00463982971567436
vit_base,ViT-B/16 AugReg,8,768,451,6.704604935760367e-08,6.704604935760367e-08,0.004616389698297418
vit_base,ViT-B/16 AugReg,8,768,452,6.663156792840392e-08,6.663156792840392e-08,0.004587850987691402
vit_base,ViT-B/16 AugReg,8,768,453,6.630020286475208e-08,6.630020286475208e-08,0.004565035172578135
vit_base,ViT-B/16 AugReg,8,768,454,6.573933230626475e-08,6.573933230626475e-08,0.00452641698264618
vit_base,ViT-B/16 AugReg,8,768,455,6.555790677101112e-08,6.555790677101112e-08,0.004513925106093009
vit_base,ViT-B/16 AugReg,8,768,456,6.481788351119025e-08,6.481788351119025e-08,0.004462971533349053
vit_base,ViT-B/16 AugReg,8,768,457,6.473820405505147e-08,6.473820405505147e-08,0.004457485282868833
vit_base,ViT-B/16 AugReg,8,768,458,6.437638443892044e-08,6.437638443892044e-08,0.004432572549537741
vit_base,ViT-B/16 AugReg,8,768,459,6.396742793033123e-08,6.396742793033123e-08,0.004404414251899152
vit_base,ViT-B/16 AugReg,8,768,460,6.379445995345129e-08,6.379445995345129e-08,0.004392504712198386
vit_base,ViT-B/16 AugReg,8,768,461,6.353523657966226e-08,6.353523657966226e-08,0.004374656142091968
vit_base,ViT-B/16 AugReg,8,768,462,6.322488218892524e-08,6.322488218892524e-08,0.004353286996169915
vit_base,ViT-B/16 AugReg,8,768,463,6.295609703800271e-08,6.295609703800271e-08,0.004334780059315874
vit_base,ViT-B/16 AugReg,8,768,464,6.278466850138537e-08,6.278466850138537e-08,0.004322976516258274
vit_base,ViT-B/16 AugReg,8,768,465,6.23887593214055e-08,6.23887593214055e-08,0.004295716579581436
vit_base,ViT-B/16 AugReg,8,768,466,6.215698492019032e-08,6.215698492019032e-08,0.004279757981448503
vit_base,ViT-B/16 AugReg,8,768,467,6.193297771830057e-08,6.193297771830057e-08,0.004264334186175605
vit_base,ViT-B/16 AugReg,8,768,468,6.162138440341754e-08,6.162138440341754e-08,0.004242879735351632
vit_base,ViT-B/16 AugReg,8,768,469,6.153467995327112e-08,6.153467995327112e-08,0.004236909785827573
vit_base,ViT-B/16 AugReg,8,768,470,6.111209239512986e-08,6.111209239512986e-08,0.0042078129356966
vit_base,ViT-B/16 AugReg,8,768,471,6.083839894368832e-08,6.083839894368832e-08,0.0041889680426442566
vit_base,ViT-B/16 AugReg,8,768,472,6.031257672417446e-08,6.031257672417446e-08,0.004152763071575005
vit_base,ViT-B/16 AugReg,8,768,473,6.012895190003673e-08,6.012895190003673e-08,0.004140119765151686
vit_base,ViT-B/16 AugReg,8,768,474,5.97973796015983e-08,5.97973796015983e-08,0.004117289681091285
vit_base,ViT-B/16 AugReg,8,768,475,5.9550222405598324e-08,5.9550222405598324e-08,0.004100271915773171
vit_base,ViT-B/16 AugReg,8,768,476,5.91724484357535e-08,5.91724484357535e-08,0.004074260661129742
vit_base,ViT-B/16 AugReg,8,768,477,5.883373422098243e-08,5.883373422098243e-08,0.0040509388274539634
vit_base,ViT-B/16 AugReg,8,768,478,5.871977473427091e-08,5.871977473427091e-08,0.004043092259229304
vit_base,ViT-B/16 AugReg,8,768,479,5.8373127724396725e-08,5.8373127724396725e-08,0.004019224220759304
vit_base,ViT-B/16 AugReg,8,768,480,5.8167405619501535e-08,5.8167405619501535e-08,0.0040050594278319114
vit_base,ViT-B/16 AugReg,8,768,481,5.776733969085821e-08,5.776733969085821e-08,0.003977513282319619
vit_base,ViT-B/16 AugReg,8,768,482,5.744956313584874e-08,5.744956313584874e-08,0.003955633090586297
vit_base,ViT-B/16 AugReg,8,768,483,5.719951543062191e-08,5.719951543062191e-08,0.003938416302102083
vit_base,ViT-B/16 AugReg,8,768,484,5.6681848152332604e-08,5.6681848152332604e-08,0.003902772831479464
vit_base,ViT-B/16 AugReg,8,768,485,5.6550825746929484e-08,5.6550825746929484e-08,0.003893751412792689
vit_base,ViT-B/16 AugReg,8,768,486,5.6364370632775976e-08,5.6364370632775976e-08,0.0038809132295377423
vit_base,ViT-B/16 AugReg,8,768,487,5.593933554174084e-08,5.593933554174084e-08,0.003851647856939812
vit_base,ViT-B/16 AugReg,8,768,488,5.5348266350358336e-08,5.5348266350358336e-08,0.0038109503698809458
vit_base,ViT-B/16 AugReg,8,768,489,5.511822441136514e-08,5.511822441136514e-08,0.003795111058728094
vit_base,ViT-B/16 AugReg,8,768,490,5.4928411264664844e-08,5.4928411264664844e-08,0.003782041661449292
vit_base,ViT-B/16 AugReg,8,768,491,5.466234632619174e-08,5.466234632619174e-08,0.0037637220221444583
vit_base,ViT-B/16 AugReg,8,768,492,5.455782872004854e-08,5.455782872004854e-08,0.0037565255653075062
vit_base,ViT-B/16 AugReg,8,768,493,5.438712721955556e-08,5.438712721955556e-08,0.0037447720816062274
vit_base,ViT-B/16 AugReg,8,768,494,5.425568847868045e-08,5.425568847868045e-08,0.0037357219965505565
vit_base,ViT-B/16 AugReg,8,768,495,5.374615011424518e-08,5.374615011424518e-08,0.003700638234285606
vit_base,ViT-B/16 AugReg,8,768,496,5.357127420953429e-08,5.357127420953429e-08,0.0036885973260930606
vit_base,ViT-B/16 AugReg,8,768,497,5.341235103685997e-08,5.341235103685997e-08,0.003677654827553864
vit_base,ViT-B/16 AugReg,8,768,498,5.2822249809421804e-08,5.2822249809421804e-08,0.003637023988699087
vit_base,ViT-B/16 AugReg,8,768,499,5.2719495605628874e-08,5.2719495605628874e-08,0.003629948949194278
vit_base,ViT-B/16 AugReg,8,768,500,5.247104347849974e-08,5.247104347849974e-08,0.0036128420226685773
vit_base,ViT-B/16 AugReg,8,768,501,5.2294771044539907e-08,5.2294771044539907e-08,0.0036007049578299657
vit_base,ViT-B/16 AugReg,8,768,502,5.220447211447446e-08,5.220447211447446e-08,0.003594487513931101
vit_base,ViT-B/16 AugReg,8,768,503,5.1916428417591336e-08,5.1916428417591336e-08,0.003574654548861699
vit_base,ViT-B/16 AugReg,8,768,504,5.16179319349184e-08,5.16179319349184e-08,0.003554101867521153
vit_base,ViT-B/16 AugReg,8,768,505,5.120453420059315e-08,5.120453420059315e-08,0.003525637773658445
vit_base,ViT-B/16 AugReg,8,768,506,5.105962933969966e-08,5.105962933969966e-08,0.003515660492171
vit_base,ViT-B/16 AugReg,8,768,507,5.0492806120824577e-08,5.0492806120824577e-08,0.003476632437670516
vit_base,ViT-B/16 AugReg,8,768,508,5.039564418122786e-08,5.039564418122786e-08,0.0034699424480094027
vit_base,ViT-B/16 AugReg,8,768,509,5.032195113887518e-08,5.032195113887518e-08,0.0034648683861547122
vit_base,ViT-B/16 AugReg,8,768,510,4.983955384537167e-08,4.983955384537167e-08,0.0034316533955989176
vit_base,ViT-B/16 AugReg,8,768,511,4.97012813352657e-08,4.97012813352657e-08,0.003422132778093085
vit_base,ViT-B/16 AugReg,8,768,512,4.9512581763021775e-08,4.9512581763021775e-08,0.0034091400548867737
vit_base,ViT-B/16 AugReg,8,768,513,4.9401530484572796e-08,4.9401530484572796e-08,0.0034014937284778863
vit_base,ViT-B/16 AugReg,8,768,514,4.9116850846841525e-08,4.9116850846841525e-08,0.0033818923923882955
vit_base,ViT-B/16 AugReg,8,768,515,4.908080027943225e-08,4.908080027943225e-08,0.0033794101660736876
vit_base,ViT-B/16 AugReg,8,768,516,4.868378316521864e-08,4.868378316521864e-08,0.003352073943676333
vit_base,ViT-B/16 AugReg,8,768,517,4.855910564515576e-08,4.855910564515576e-08,0.0033434893958209076
vit_base,ViT-B/16 AugReg,8,768,518,4.8361914815549804e-08,4.8361914815549804e-08,0.003329912015451539
vit_base,ViT-B/16 AugReg,8,768,519,4.7979830390132856e-08,4.7979830390132856e-08,0.0033036039686348377
vit_base,ViT-B/16 AugReg,8,768,520,4.7621526419615605e-08,4.7621526419615605e-08,0.003278933301620103
vit_base,ViT-B/16 AugReg,8,768,521,4.7398562471512126e-08,4.7398562471512126e-08,0.0032635813385592117
vit_base,ViT-B/16 AugReg,8,768,522,4.708674897600673e-08,4.708674897600673e-08,0.003242111727415331
vit_base,ViT-B/16 AugReg,8,768,523,4.692371996553306e-08,4.692371996553306e-08,0.0032308865254580895
vit_base,ViT-B/16 AugReg,8,768,524,4.6788045060611494e-08,4.6788045060611494e-08,0.0032215447634989804
vit_base,ViT-B/16 AugReg,8,768,525,4.6211117734900254e-08,4.6211117734900254e-08,0.00318182100067331
vit_base,ViT-B/16 AugReg,8,768,526,4.6063000281233256e-08,4.6063000281233256e-08,0.0031716225192743633
vit_base,ViT-B/16 AugReg,8,768,527,4.591841902138315e-08,4.591841902138315e-08,0.0031616675190180624
vit_base,ViT-B/16 AugReg,8,768,528,4.557793582561952e-08,4.557793582561952e-08,0.00313822388389822
vit_base,ViT-B/16 AugReg,8,768,529,4.545607009616135e-08,4.545607009616135e-08,0.003129832939115694
vit_base,ViT-B/16 AugReg,8,768,530,4.526883544068158e-08,4.526883544068158e-08,0.0031169410813104577
vit_base,ViT-B/16 AugReg,8,768,531,4.5085710317092274e-08,4.5085710317092274e-08,0.0031043321812762718
vit_base,ViT-B/16 AugReg,8,768,532,4.4846710591448986e-08,4.4846710591448986e-08,0.003087876090545693
vit_base,ViT-B/16 AugReg,8,768,533,4.4541961395140956e-08,4.4541961395140956e-08,0.00306689288476578
vit_base,ViT-B/16 AugReg,8,768,534,4.4449231890774404e-08,4.4449231890774404e-08,0.003060508086067161
vit_base,ViT-B/16 AugReg,8,768,535,4.431070258787023e-08,4.431070258787023e-08,0.00305096978734611
vit_base,ViT-B/16 AugReg,8,768,536,4.4056027776199876e-08,4.4056027776199876e-08,0.003033434404004727
vit_base,ViT-B/16 AugReg,8,768,537,4.3781038309433046e-08,4.3781038309433046e-08,0.0030145002750935398
vit_base,ViT-B/16 AugReg,8,768,538,4.354961640615402e-08,4.354961640615402e-08,0.002998565947858843
vit_base,ViT-B/16 AugReg,8,768,539,4.3527210069015276e-08,4.3527210069015276e-08,0.002997023181582009
vit_base,ViT-B/16 AugReg,8,768,540,4.31803701131615e-08,4.31803701131615e-08,0.002973141858006607
vit_base,ViT-B/16 AugReg,8,768,541,4.2896133485820215e-08,4.2896133485820215e-08,0.0029535710249611207
vit_base,ViT-B/16 AugReg,8,768,542,4.275920310488464e-08,4.275920310488464e-08,0.002944142818437521
vit_base,ViT-B/16 AugReg,8,768,543,4.2333253725182993e-08,4.2333253725182993e-08,0.0029148144933938943
vit_base,ViT-B/16 AugReg,8,768,544,4.226003256323922e-08,4.226003256323922e-08,0.0029097729224000285
vit_base,ViT-B/16 AugReg,8,768,545,4.178506525812713e-08,4.178506525812713e-08,0.0028770695163775092
vit_base,ViT-B/16 AugReg,8,768,546,4.167568491077364e-08,4.167568491077364e-08,0.0028695382402835873
vit_base,ViT-B/16 AugReg,8,768,547,4.15385892617749e-08,4.15385892617749e-08,0.0028600986543902626
vit_base,ViT-B/16 AugReg,8,768,548,4.136147287842643e-08,4.136147287842643e-08,0.002847903480247659
vit_base,ViT-B/16 AugReg,8,768,549,4.121496658708641e-08,4.121496658708641e-08,0.0028378159338439853
vit_base,ViT-B/16 AugReg,8,768,550,4.086518682963186e-08,4.086518682963186e-08,0.0028137321931246224
vit_base,ViT-B/16 AugReg,8,768,551,4.0630748010816426e-08,4.0630748010816426e-08,0.0027975901391418716
vit_base,ViT-B/16 AugReg,8,768,552,4.0495704006029676e-08,4.0495704006029676e-08,0.0027882918171902044
vit_base,ViT-B/16 AugReg,8,768,553,4.0300519382209695e-08,4.0300519382209695e-08,0.0027748525721444195
vit_base,ViT-B/16 AugReg,8,768,554,3.998337120800875e-08,3.998337120800875e-08,0.0027530156469528083
vit_base,ViT-B/16 AugReg,8,768,555,3.98917047986739e-08,3.98917047986739e-08,0.002746704046615609
vit_base,ViT-B/16 AugReg,8,768,556,3.9665356334682145e-08,3.9665356334682145e-08,0.002731119046046467
vit_base,ViT-B/16 AugReg,8,768,557,3.952739603431917e-08,3.952739603431917e-08,0.0027216199254350088
vit_base,ViT-B/16 AugReg,8,768,558,3.940035984881573e-08,3.940035984881573e-08,0.0027128729739936026
vit_base,ViT-B/16 AugReg,8,768,559,3.9096109738117024e-08,3.9096109738117024e-08,0.0026919241322617958
vit_base,ViT-B/16 AugReg,8,768,560,3.875703864122527e-08,3.875703864122527e-08,0.0026685777258190725
vit_base,ViT-B/16 AugReg,8,768,561,3.861259437213183e-08,3.861259437213183e-08,0.002658632157926407
vit_base,ViT-B/16 AugReg,8,768,562,3.844628216769296e-08,3.844628216769296e-08,0.0026471808948821413
vit_base,ViT-B/16 AugReg,8,768,563,3.834726408172024e-08,3.834726408172024e-08,0.0026403631020903316
vit_base,ViT-B/16 AugReg,8,768,564,3.8022540710433964e-08,3.8022540710433964e-08,0.0026180045941638333
vit_base,ViT-B/16 AugReg,8,768,565,3.794064859961434e-08,3.794064859961434e-08,0.002612365993524694
vit_base,ViT-B/16 AugReg,8,768,566,3.770470680073022e-08,3.770470680073022e-08,0.0025961204533295223
vit_base,ViT-B/16 AugReg,8,768,567,3.7527352281583876e-08,3.7527352281583876e-08,0.002583908882581084
vit_base,ViT-B/16 AugReg,8,768,568,3.735104253208958e-08,3.735104253208958e-08,0.0025717692484180975
vit_base,ViT-B/16 AugReg,8,768,569,3.728540854702317e-08,3.728540854702317e-08,0.0025672500850159002
vit_base,ViT-B/16 AugReg,8,768,570,3.7158308048085266e-08,3.7158308048085266e-08,0.002558498705336303
vit_base,ViT-B/16 AugReg,8,768,571,3.676912640471226e-08,3.676912640471226e-08,0.002531701986566924
vit_base,ViT-B/16 AugReg,8,768,572,3.66786898775366e-08,3.66786898775366e-08,0.002525475068554548
vit_base,ViT-B/16 AugReg,8,768,573,3.660115323881379e-08,3.660115323881379e-08,0.0025201363596571535
vit_base,ViT-B/16 AugReg,8,768,574,3.643307489412755e-08,3.643307489412755e-08,0.0025085634907655364
vit_base,ViT-B/16 AugReg,8,768,575,3.626139750232984e-08,3.626139750232984e-08,0.002496742813029576
vit_base,ViT-B/16 AugReg,8,768,576,3.6118484094258715e-08,3.6118484094258715e-08,0.0024869026510649355
vit_base,ViT-B/16 AugReg,8,768,577,3.583424633673823e-08,3.583424633673823e-08,0.002467331740202073
vit_base,ViT-B/16 AugReg,8,768,578,3.568815076971808e-08,3.568815076971808e-08,0.0024572724738169426
vit_base,ViT-B/16 AugReg,8,768,579,3.550553530473029e-08,3.550553530473029e-08,0.0024446986658238274
vit_base,ViT-B/16 AugReg,8,768,580,3.5218647613527135e-08,3.5218647613527135e-08,0.002424945296387029
vit_base,ViT-B/16 AugReg,8,768,581,3.5134797072582685e-08,3.5134797072582685e-08,0.0024191718499704026
vit_base,ViT-B/16 AugReg,8,768,582,3.485514380269007e-08,3.485514380269007e-08,0.00239991659948813
vit_base,ViT-B/16 AugReg,8,768,583,3.4699169139164326e-08,3.4699169139164326e-08,0.002389177117642523
vit_base,ViT-B/16 AugReg,8,768,584,3.465199682641163e-08,3.465199682641163e-08,0.002385929114505531
vit_base,ViT-B/16 AugReg,8,768,585,3.457050725187854e-08,3.457050725187854e-08,0.002380318230105964
vit_base,ViT-B/16 AugReg,8,768,586,3.4394216778998135e-08,3.4394216778998135e-08,0.002368179923215242
vit_base,ViT-B/16 AugReg,8,768,587,3.41373836045905e-08,3.41373836045905e-08,0.0023504959279332448
vit_base,ViT-B/16 AugReg,8,768,588,3.3692364457772476e-08,3.3692364457772476e-08,0.0023198545728556567
vit_base,ViT-B/16 AugReg,8,768,589,3.3583225986088764e-08,3.3583225986088764e-08,0.002312339950872766
vit_base,ViT-B/16 AugReg,8,768,590,3.3498963996998204e-08,3.3498963996998204e-08,0.0023065381745992534
vit_base,ViT-B/16 AugReg,8,768,591,3.335751382297065e-08,3.335751382297065e-08,0.002296798762173618
vit_base,ViT-B/16 AugReg,8,768,592,3.3020107218951054e-08,3.3020107218951054e-08,0.0022735669627483336
vit_base,ViT-B/16 AugReg,8,768,593,3.295192003597027e-08,3.295192003597027e-08,0.0022688720014182565
vit_base,ViT-B/16 AugReg,8,768,594,3.268432318249142e-08,3.268432318249142e-08,0.0022504468836144066
vit_base,ViT-B/16 AugReg,8,768,595,3.2599339040188125e-08,3.2599339040188125e-08,0.002244595384192643
vit_base,ViT-B/16 AugReg,8,768,596,3.2460106080948307e-08,3.2460106080948307e-08,0.002235008635907596
vit_base,ViT-B/16 AugReg,8,768,597,3.2331051352317756e-08,3.2331051352317756e-08,0.0022261226996671325
vit_base,ViT-B/16 AugReg,8,768,598,3.228793039813513e-08,3.228793039813513e-08,0.0022231536488345072
vit_base,ViT-B/16 AugReg,8,768,599,3.2062551416227874e-08,3.2062551416227874e-08,0.0022076354009995
vit_base,ViT-B/16 AugReg,8,768,600,3.191405048038336e-08,3.191405048038336e-08,0.0021974105153128925
vit_base,ViT-B/16 AugReg,8,768,601,3.1585281521996714e-08,3.1585281521996714e-08,0.00217477345247089
vit_base,ViT-B/16 AugReg,8,768,602,3.154682431055962e-08,3.154682431055962e-08,0.002172125519051927
vit_base,ViT-B/16 AugReg,8,768,603,3.122685279621595e-08,3.122685279621595e-08,0.0021500941955553514
vit_base,ViT-B/16 AugReg,8,768,604,3.098004414853309e-08,3.098004414853309e-08,0.0021331004291883448
vit_base,ViT-B/16 AugReg,8,768,605,3.0882912924319685e-08,3.0882912924319685e-08,0.0021264125544046995
vit_base,ViT-B/16 AugReg,8,768,606,3.0765501492669635e-08,3.0765501492669635e-08,0.002118328305910941
vit_base,ViT-B/16 AugReg,8,768,607,3.064285232241035e-08,3.064285232241035e-08,0.002109883418083625
vit_base,ViT-B/16 AugReg,8,768,608,3.045487154263154e-08,3.045487154263154e-08,0.0020969401866245975
vit_base,ViT-B/16 AugReg,8,768,609,3.040608863224401e-08,3.040608863224401e-08,0.0020935812873736546
vit_base,ViT-B/16 AugReg,8,768,610,3.020149055766119e-08,3.020149055766119e-08,0.00207949388844642
vit_base,ViT-B/16 AugReg,8,768,611,3.004336345717191e-08,3.004336345717191e-08,0.002068606202673514
vit_base,ViT-B/16 AugReg,8,768,612,2.984619784304925e-08,2.984619784304925e-08,0.0020550305584914135
vit_base,ViT-B/16 AugReg,8,768,613,2.9717833994178652e-08,2.9717833994178652e-08,0.0020461921920964096
vit_base,ViT-B/16 AugReg,8,768,614,2.9517293925160526e-08,2.9517293925160526e-08,0.0020323842031458104
vit_base,ViT-B/16 AugReg,8,768,615,2.9374902420194406e-08,2.9374902420194406e-08,0.0020225799763054692
vit_base,ViT-B/16 AugReg,8,768,616,2.9143366531966482e-08,2.9143366531966482e-08,0.0020066378007493743
vit_base,ViT-B/16 AugReg,8,768,617,2.909633915490971e-08,2.909633915490971e-08,0.0020033997770169854
vit_base,ViT-B/16 AugReg,8,768,618,2.8990277535308665e-08,2.8990277535308665e-08,0.001996097008654013
vit_base,ViT-B/16 AugReg,8,768,619,2.8827417646807396e-08,2.8827417646807396e-08,0.0019848834514236214
vit_base,ViT-B/16 AugReg,8,768,620,2.874170630067309e-08,2.874170630067309e-08,0.0019789818810982593
vit_base,ViT-B/16 AugReg,8,768,621,2.849249737779517e-08,2.849249737779517e-08,0.0019618228461466053
vit_base,ViT-B/16 AugReg,8,768,622,2.8440032082914588e-08,2.8440032082914588e-08,0.001958210399937985
vit_base,ViT-B/16 AugReg,8,768,623,2.8153276399088632e-08,2.8153276399088632e-08,0.0019384661197391362
vit_base,ViT-B/16 AugReg,8,768,624,2.806210784679565e-08,2.806210784679565e-08,0.0019321887988582409
vit_base,ViT-B/16 AugReg,8,768,625,2.7966560940857662e-08,2.7966560940857662e-08,0.0019256100107491352
vit_base,ViT-B/16 AugReg,8,768,626,2.7629537820531402e-08,2.7629537820531402e-08,0.0019024046157158818
vit_base,ViT-B/16 AugReg,8,768,627,2.755355040901041e-08,2.755355040901041e-08,0.001897172577331714
vit_base,ViT-B/16 AugReg,8,768,628,2.7444067216370575e-08,2.7444067216370575e-08,0.0018896342199268875
vit_base,ViT-B/16 AugReg,8,768,629,2.720814053380127e-08,2.720814053380127e-08,0.0018733897205506854
vit_base,ViT-B/16 AugReg,8,768,630,2.7198504344336272e-08,2.7198504344336272e-08,0.0018727262302152623
vit_base,ViT-B/16 AugReg,8,768,631,2.694789691681987e-08,2.694789691681987e-08,0.0018554709026040415
vit_base,ViT-B/16 AugReg,8,768,632,2.6910530373737367e-08,2.6910530373737367e-08,0.0018528980660804904
vit_base,ViT-B/16 AugReg,8,768,633,2.6721528256859672e-08,2.6721528256859672e-08,0.001839884511461382
vit_base,ViT-B/16 AugReg,8,768,634,2.6524995100606265e-08,2.6524995100606265e-08,0.0018263524145429944
vit_base,ViT-B/16 AugReg,8,768,635,2.6448759157848755e-08,2.6448759157848755e-08,0.001821103263785302
vit_base,ViT-B/16 AugReg,8,768,636,2.6262606363273957e-08,2.6262606363273957e-08,0.001808285896447208
vit_base,ViT-B/16 AugReg,8,768,637,2.6088296328213564e-08,2.6088296328213564e-08,0.0017962839506521513
vit_base,ViT-B/16 AugReg,8,768,638,2.6028521732784052e-08,2.6028521732784052e-08,0.00179216822975279
vit_base,ViT-B/16 AugReg,8,768,639,2.588994721598481e-08,2.588994721598481e-08,0.001782626817873523
vit_base,ViT-B/16 AugReg,8,768,640,2.5853680851356294e-08,2.5853680851356294e-08,0.0017801297330539117
vit_base,ViT-B/16 AugReg,8,768,641,2.562167962194557e-08,2.562167962194557e-08,0.0017641555168889658
vit_base,ViT-B/16 AugReg,8,768,642,2.549600959309376e-08,2.549600959309376e-08,0.0017555026308183497
vit_base,ViT-B/16 AugReg,8,768,643,2.5443312654141137e-08,2.5443312654141137e-08,0.0017518742349852835
vit_base,ViT-B/16 AugReg,8,768,644,2.532362480659916e-08,2.532362480659916e-08,0.001743633246117212
vit_base,ViT-B/16 AugReg,8,768,645,2.5136944167692295e-08,2.5136944167692295e-08,0.0017307795345774806
vit_base,ViT-B/16 AugReg,8,768,646,2.4900976839536207e-08,2.4900976839536207e-08,0.00171453223658943
vit_base,ViT-B/16 AugReg,8,768,647,2.4710136579631585e-08,2.4710136579631585e-08,0.0017013921184424958
vit_base,ViT-B/16 AugReg,8,768,648,2.4514889259784415e-08,2.4514889259784415e-08,0.0016879485565235051
vit_base,ViT-B/16 AugReg,8,768,649,2.4403367147737516e-08,2.4403367147737516e-08,0.0016802698113309326
vit_base,ViT-B/16 AugReg,8,768,650,2.4275389468748406e-08,2.4275389468748406e-08,0.0016714580342827993
vit_base,ViT-B/16 AugReg,8,768,651,2.4242480641803462e-08,2.4242480641803462e-08,0.0016691921294137236
vit_base,ViT-B/16 AugReg,8,768,652,2.3936841504258768e-08,2.3936841504258768e-08,0.0016481476476064175
vit_base,ViT-B/16 AugReg,8,768,653,2.391585424031869e-08,2.391585424031869e-08,0.0016467025902171047
vit_base,ViT-B/16 AugReg,8,768,654,2.380884821413892e-08,2.380884821413892e-08,0.0016393347956692517
vit_base,ViT-B/16 AugReg,8,768,655,2.3753812924017206e-08,2.3753812924017206e-08,0.00163554539496936
vit_base,ViT-B/16 AugReg,8,768,656,2.3630675390356014e-08,2.3630675390356014e-08,0.0016270668813609692
vit_base,ViT-B/16 AugReg,8,768,657,2.338630700471129e-08,2.338630700471129e-08,0.00161024113683331
vit_base,ViT-B/16 AugReg,8,768,658,2.3194825218905204e-08,2.3194825218905204e-08,0.0015970568470522364
vit_base,ViT-B/16 AugReg,8,768,659,2.313556659574385e-08,2.313556659574385e-08,0.0015929766529152443
vit_base,ViT-B/16 AugReg,8,768,660,2.2950144923793055e-08,2.2950144923793055e-08,0.0015802096263053812
vit_base,ViT-B/16 AugReg,8,768,661,2.2896254667921862e-08,2.2896254667921862e-08,0.0015764990658111233
vit_base,ViT-B/16 AugReg,8,768,662,2.2704698688268513e-08,2.2704698688268513e-08,0.0015633096674857662
vit_base,ViT-B/16 AugReg,8,768,663,2.2661150296916367e-08,2.2661150296916367e-08,0.0015603111858877945
vit_base,ViT-B/16 AugReg,8,768,664,2.234865553886317e-08,2.234865553886317e-08,0.001538794667082125
vit_base,ViT-B/16 AugReg,8,768,665,2.2303071390110266e-08,2.2303071390110266e-08,0.0015356560154132376
vit_base,ViT-B/16 AugReg,8,768,666,2.2241559836886935e-08,2.2241559836886935e-08,0.0015314206979956237
vit_base,ViT-B/16 AugReg,8,768,667,2.2081723959053028e-08,2.2081723959053028e-08,0.0015204153560415404
vit_base,ViT-B/16 AugReg,8,768,668,2.1989020763248514e-08,2.1989020763248514e-08,0.0015140323687930504
vit_base,ViT-B/16 AugReg,8,768,669,2.178925712402781e-08,2.178925712402781e-08,0.0015002778401514865
vit_base,ViT-B/16 AugReg,8,768,670,2.16925111796688e-08,2.16925111796688e-08,0.001493616493432773
vit_base,ViT-B/16 AugReg,8,768,671,2.1569196156963645e-08,2.1569196156963645e-08,0.00148512575899106
vit_base,ViT-B/16 AugReg,8,768,672,2.1531602495945162e-08,2.1531602495945162e-08,0.0014825372844857038
vit_base,ViT-B/16 AugReg,8,768,673,2.1405205983349322e-08,2.1405205983349322e-08,0.0014738343770923695
vit_base,ViT-B/16 AugReg,8,768,674,2.1345907040677323e-08,2.1345907040677323e-08,0.0014697514067951807
vit_base,ViT-B/16 AugReg,8,768,675,2.1267423324264693e-08,2.1267423324264693e-08,0.001464347487796182
vit_base,ViT-B/16 AugReg,8,768,676,2.115268748991349e-08,2.115268748991349e-08,0.0014564474649193771
vit_base,ViT-B/16 AugReg,8,768,677,2.0911864623130553e-08,2.0911864623130553e-08,0.0014398658436011462
vit_base,ViT-B/16 AugReg,8,768,678,2.073984758953438e-08,2.073984758953438e-08,0.0014280217801636485
vit_base,ViT-B/16 AugReg,8,768,679,2.0682795951593518e-08,2.0682795951593518e-08,0.0014240935458204671
vit_base,ViT-B/16 AugReg,8,768,680,2.0398494270401098e-08,2.0398494270401098e-08,0.0014045182335561289
vit_base,ViT-B/16 AugReg,8,768,681,2.0289296175483908e-08,2.0289296175483908e-08,0.0013969995062742169
vit_base,ViT-B/16 AugReg,8,768,682,2.0128116869594474e-08,2.0128116869594474e-08,0.001385901663904444
vit_base,ViT-B/16 AugReg,8,768,683,1.997073507413878e-08,1.997073507413878e-08,0.0013750652953756126
vit_base,ViT-B/16 AugReg,8,768,684,1.9818253424475256e-08,1.9818253424475256e-08,0.0013645663215593982
vit_base,ViT-B/16 AugReg,8,768,685,1.977221846257639e-08,1.977221846257639e-08,0.001361396629595328
vit_base,ViT-B/16 AugReg,8,768,686,1.9721468788886904e-08,1.9721468788886904e-08,0.0013579023107941931
vit_base,ViT-B/16 AugReg,8,768,687,1.964249028631418e-08,1.964249028631418e-08,0.001352464323781431
vit_base,ViT-B/16 AugReg,8,768,688,1.949564312426597e-08,1.949564312426597e-08,0.0013423533070608506
vit_base,ViT-B/16 AugReg,8,768,689,1.9374373949221578e-08,1.9374373949221578e-08,0.001334003437444969
vit_base,ViT-B/16 AugReg,8,768,690,1.9295592634203775e-08,1.9295592634203775e-08,0.0013285790275871007
vit_base,ViT-B/16 AugReg,8,768,691,1.923937707408873e-08,1.923937707408873e-08,0.0013247083605592055
vit_base,ViT-B/16 AugReg,8,768,692,1.896483570445757e-08,1.896483570445757e-08,0.001305805084934987
vit_base,ViT-B/16 AugReg,8,768,693,1.8893948471665344e-08,1.8893948471665344e-08,0.0013009242143342834
vit_base,ViT-B/16 AugReg,8,768,694,1.8841555695123965e-08,1.8841555695123965e-08,0.0012973167613044892
vit_base,ViT-B/16 AugReg,8,768,695,1.86910380724237e-08,1.86910380724237e-08,0.0012869530186305606
vit_base,ViT-B/16 AugReg,8,768,696,1.8611960984617685e-08,1.8611960984617685e-08,0.0012815082436286513
vit_base,ViT-B/16 AugReg,8,768,697,1.8398591769467487e-08,1.8398591769467487e-08,0.001266816916455897
vit_base,ViT-B/16 AugReg,8,768,698,1.8157190852391932e-08,1.8157190852391932e-08,0.0012501954940540602
vit_base,ViT-B/16 AugReg,8,768,699,1.8071322684789454e-08,1.8071322684789454e-08,0.0012442831259409522
vit_base,ViT-B/16 AugReg,8,768,700,1.7983726080620893e-08,1.7983726080620893e-08,0.0012382517480303355
vit_base,ViT-B/16 AugReg,8,768,701,1.791272327545569e-08,1.791272327545569e-08,0.001233362919807712
vit_base,ViT-B/16 AugReg,8,768,702,1.78318156873854e-08,1.78318156873854e-08,0.001227792107512872
vit_base,ViT-B/16 AugReg,8,768,703,1.774281546786151e-08,1.774281546786151e-08,0.0012216640850493128
vit_base,ViT-B/16 AugReg,8,768,704,1.760154863394344e-08,1.760154863394344e-08,0.001211937296326354
vit_base,ViT-B/16 AugReg,8,768,705,1.749619479067942e-08,1.749619479067942e-08,0.0012046832612060147
vit_base,ViT-B/16 AugReg,8,768,706,1.744772284712603e-08,1.744772284712603e-08,0.0012013457732701809
vit_base,ViT-B/16 AugReg,8,768,707,1.734328763908168e-08,1.734328763908168e-08,0.0011941549898731752
vit_base,ViT-B/16 AugReg,8,768,708,1.7201762460581425e-08,1.7201762460581425e-08,0.0011844104130884405
vit_base,ViT-B/16 AugReg,8,768,709,1.6972892133620557e-08,1.6972892133620557e-08,0.0011686517721282137
vit_base,ViT-B/16 AugReg,8,768,710,1.6882415529045617e-08,1.6882415529045617e-08,0.0011624220946259806
vit_base,ViT-B/16 AugReg,8,768,711,1.6678414522852443e-08,1.6678414522852443e-08,0.001148375806254693
vit_base,ViT-B/16 AugReg,8,768,712,1.64036355113353e-08,1.64036355113353e-08,0.0011294561680324565
vit_base,ViT-B/16 AugReg,8,768,713,1.6380221974569606e-08,1.6380221974569606e-08,0.0011278440520172477
vit_base,ViT-B/16 AugReg,8,768,714,1.6339046425034115e-08,1.6339046425034115e-08,0.0011250089501056715
vit_base,ViT-B/16 AugReg,8,768,715,1.624898460064858e-08,1.624898460064858e-08,0.001118807831884884
vit_base,ViT-B/16 AugReg,8,768,716,1.6191710629122148e-08,1.6191710629122148e-08,0.001114864288981633
vit_base,ViT-B/16 AugReg,8,768,717,1.6135043364153135e-08,1.6135043364153135e-08,0.0011109625202608787
vit_base,ViT-B/16 AugReg,8,768,718,1.591029590273658e-08,1.591029590273658e-08,0.0010954877551473067
vit_base,ViT-B/16 AugReg,8,768,719,1.5758387044886422e-08,1.5758387044886422e-08,0.0010850282203472884
vit_base,ViT-B/16 AugReg,8,768,720,1.5658708271864447e-08,1.5658708271864447e-08,0.001078164936599379
vit_base,ViT-B/16 AugReg,8,768,721,1.55404387449554e-08,1.55404387449554e-08,0.0010700216048016569
vit_base,ViT-B/16 AugReg,8,768,722,1.53782976657689e-08,1.53782976657689e-08,0.0010588575404787155
vit_base,ViT-B/16 AugReg,8,768,723,1.532119230022917e-08,1.532119230022917e-08,0.0010549256067746272
vit_base,ViT-B/16 AugReg,8,768,724,1.5172054902189856e-08,1.5172054902189856e-08,0.0010446568981104158
vit_base,ViT-B/16 AugReg,8,768,725,1.4986864684777794e-08,1.4986864684777794e-08,0.0010319058080748692
vit_base,ViT-B/16 AugReg,8,768,726,1.4818182360218055e-08,1.4818182360218055e-08,0.0010202913527438912
vit_base,ViT-B/16 AugReg,8,768,727,1.4787318473854994e-08,1.4787318473854994e-08,0.0010181662502446237
vit_base,ViT-B/16 AugReg,8,768,728,1.4550102938291103e-08,1.4550102938291103e-08,0.0010018330081648045
vit_base,ViT-B/16 AugReg,8,768,729,1.4475974111504297e-08,1.4475974111504297e-08,0.0009967289408020841
vit_base,ViT-B/16 AugReg,8,768,730,1.442285943985499e-08,1.442285943985499e-08,0.000993071782395591
vit_base,ViT-B/16 AugReg,8,768,731,1.4221515207986726e-08,1.4221515207986726e-08,0.0009792084236039241
vit_base,ViT-B/16 AugReg,8,768,732,1.4197146410369707e-08,1.4197146410369707e-08,0.000977530534043585
vit_base,ViT-B/16 AugReg,8,768,733,1.4092792281668183e-08,1.4092792281668183e-08,0.0009703453332848787
vit_base,ViT-B/16 AugReg,8,768,734,1.3968159342547136e-08,1.3968159342547136e-08,0.0009617638550062979
vit_base,ViT-B/16 AugReg,8,768,735,1.387122199357815e-08,1.387122199357815e-08,0.000955089329311669
vit_base,ViT-B/16 AugReg,8,768,736,1.360592965222202e-08,1.360592965222202e-08,0.0009368228864204332
vit_base,ViT-B/16 AugReg,8,768,737,1.3546461429571926e-08,1.3546461429571926e-08,0.000932728260517068
vit_base,ViT-B/16 AugReg,8,768,738,1.3454327713483973e-08,1.3454327713483973e-08,0.0009263844842336105
vit_base,ViT-B/16 AugReg,8,768,739,1.3357955495402484e-08,1.3357955495402484e-08,0.0009197488700696717
vit_base,ViT-B/16 AugReg,8,768,740,1.2982473246880061e-08,1.2982473246880061e-08,0.0008938954096408972
vit_base,ViT-B/16 AugReg,8,768,741,1.2966119044459512e-08,1.2966119044459512e-08,0.0008927693571396467
vit_base,ViT-B/16 AugReg,8,768,742,1.2760055157722517e-08,1.2760055157722517e-08,0.0008785810311601398
vit_base,ViT-B/16 AugReg,8,768,743,1.2620087456250574e-08,1.2620087456250574e-08,0.0008689436929223102
vit_base,ViT-B/16 AugReg,8,768,744,1.2475771464235703e-08,1.2475771464235703e-08,0.0008590069574215559
vit_base,ViT-B/16 AugReg,8,768,745,1.2317020989889423e-08,1.2317020989889423e-08,0.0008480763498556549
vit_base,ViT-B/16 AugReg,8,768,746,1.211810637679046e-08,1.211810637679046e-08,0.0008343802800715413
vit_base,ViT-B/16 AugReg,8,768,747,1.1999000140272387e-08,1.1999000140272387e-08,0.0008261793374577218
vit_base,ViT-B/16 AugReg,8,768,748,1.1866164027682168e-08,1.1866164027682168e-08,0.0008170330377488067
vit_base,ViT-B/16 AugReg,8,768,749,1.1794385613320614e-08,1.1794385613320614e-08,0.0008120908057188262
vit_base,ViT-B/16 AugReg,8,768,750,1.1384523044209266e-08,1.1384523044209266e-08,0.0007838701221753184
vit_base,ViT-B/16 AugReg,8,768,751,1.1277476085150087e-08,1.1277476085150087e-08,0.0007764995092343663
vit_base,ViT-B/16 AugReg,8,768,752,1.1172476089742622e-08,1.1172476089742622e-08,0.0007692698379597034
vit_base,ViT-B/16 AugReg,8,768,753,1.0787743126435067e-08,1.0787743126435067e-08,0.0007427794286749541
vit_base,ViT-B/16 AugReg,8,768,754,1.0571666812346377e-08,1.0571666812346377e-08,0.0007279017068708731
vit_base,ViT-B/16 AugReg,8,768,755,1.0423385835785918e-08,1.0423385835785918e-08,0.0007176919662641426
vit_base,ViT-B/16 AugReg,8,768,756,1.0201127455031609e-08,1.0201127455031609e-08,0.0007023885843482013
vit_base,ViT-B/16 AugReg,8,768,757,1.008067508243158e-08,1.008067508243158e-08,0.0006940949548601994
vit_base,ViT-B/16 AugReg,8,768,758,9.780585744663073e-09,9.780585744663073e-09,0.0006734325990507691
vit_base,ViT-B/16 AugReg,8,768,759,9.669838754654878e-09,9.669838754654878e-09,0.0006658072241227937
vit_base,ViT-B/16 AugReg,8,768,760,9.392488503396608e-09,9.392488503396608e-09,0.0006467105457204639
vit_base,ViT-B/16 AugReg,8,768,761,9.013274077452771e-09,9.013274077452771e-09,0.0006206001098909685
vit_base,ViT-B/16 AugReg,8,768,762,8.648264272681056e-09,8.648264272681056e-09,0.0005954677192628755
vit_base,ViT-B/16 AugReg,8,768,763,8.31610079094685e-09,8.31610079094685e-09,0.0005725969298588688
vit_base,ViT-B/16 AugReg,8,768,764,7.961147570927014e-09,7.961147570927014e-09,0.0005481569754696512
vit_base,ViT-B/16 AugReg,8,768,765,7.664091421689959e-09,7.664091421689959e-09,0.000527703466869322
vit_base,ViT-B/16 AugReg,8,768,766,2.02191425135377e-09,2.02191425135377e-09,0.00013921691449716596
vit_base,ViT-B/16 AugReg,8,768,767,1.4597286610353411e-09,1.4597286610353411e-09,0.00010050817934358724
vit_base,ViT-B/16 AugReg,8,768,768,1.3314387316048012e-20,1.3314387316048012e-20,9.16749025988288e-16
vit_base,ViT-B/16 AugReg,10,768,1,2.505976084777029e-06,2.505976084777029e-06,1.0
vit_base,ViT-B/16 AugReg,10,768,2,1.1961840571826302e-06,1.1961840571826302e-06,0.4773325908611221
vit_base,ViT-B/16 AugReg,10,768,3,9.876554795866032e-07,9.876554795866032e-07,0.39412007384519016
vit_base,ViT-B/16 AugReg,10,768,4,8.419190800964731e-07,8.419190800964731e-07,0.3359645310307834
vit_base,ViT-B/16 AugReg,10,768,5,6.651095476918168e-07,6.651095476918168e-07,0.2654093755052716
vit_base,ViT-B/16 AugReg,10,768,6,6.336181878957337e-07,6.336181878957337e-07,0.25284287098538305
vit_base,ViT-B/16 AugReg,10,768,7,5.736325559580443e-07,5.736325559580443e-07,0.22890583810542775
vit_base,ViT-B/16 AugReg,10,768,8,5.157849624255596e-07,5.157849624255596e-07,0.20582198112694758
vit_base,ViT-B/16 AugReg,10,768,9,4.803389308209751e-07,4.803389308209751e-07,0.19167738021877956
vit_base,ViT-B/16 AugReg,10,768,10,4.4869556758067216e-07,4.4869556758067216e-07,0.179050219316277
vit_base,ViT-B/16 AugReg,10,768,11,4.257273020047826e-07,4.257273020047826e-07,0.16988482236160765
vit_base,ViT-B/16 AugReg,10,768,12,3.9537632834141183e-07,3.9537632834141183e-07,0.15777338448806097
vit_base,ViT-B/16 AugReg,10,768,13,3.7510815423177696e-07,3.7510815423177696e-07,0.14968544852061208
vit_base,ViT-B/16 AugReg,10,768,14,3.5932230766013367e-07,3.5932230766013367e-07,0.14338616790594977
vit_base,ViT-B/16 AugReg,10,768,15,3.3147734045947714e-07,3.3147734045947714e-07,0.13227474215460064
vit_base,ViT-B/16 AugReg,10,768,16,3.1494768498045235e-07,3.1494768498045235e-07,0.12567864749135269
vit_base,ViT-B/16 AugReg,10,768,17,3.0692339458233883e-07,3.0692339458233883e-07,0.12247658564931899
vit_base,ViT-B/16 AugReg,10,768,18,2.880011810629737e-07,2.880011810629737e-07,0.11492575001512786
vit_base,ViT-B/16 AugReg,10,768,19,2.783443622889812e-07,2.783443622889812e-07,0.11107223408069639
vit_base,ViT-B/16 AugReg,10,768,20,2.662242551085341e-07,2.662242551085341e-07,0.10623575249810159
vit_base,ViT-B/16 AugReg,10,768,21,2.550546682603059e-07,2.550546682603059e-07,0.10177857235337487
vit_base,ViT-B/16 AugReg,10,768,22,2.3890292078176377e-07,2.3890292078176377e-07,0.09533328040639316
vit_base,ViT-B/16 AugReg,10,768,23,2.3099260339297813e-07,2.3099260339297813e-07,0.09217669904999547
vit_base,ViT-B/16 AugReg,10,768,24,2.2136233496608222e-07,2.2136233496608222e-07,0.08833377792820321
vit_base,ViT-B/16 AugReg,10,768,25,2.0741648907826104e-07,2.0741648907826104e-07,0.08276874242266205
vit_base,ViT-B/16 AugReg,10,768,26,1.9859066502733218e-07,1.9859066502733218e-07,0.0792468316971197
vit_base,ViT-B/16 AugReg,10,768,27,1.93145305513538e-07,1.93145305513538e-07,0.07707388218380513
vit_base,ViT-B/16 AugReg,10,768,28,1.89328241916933e-07,1.89328241916933e-07,0.07555069781672662
vit_base,ViT-B/16 AugReg,10,768,29,1.8468910800132162e-07,1.8468910800132162e-07,0.07369946948945225
vit_base,ViT-B/16 AugReg,10,768,30,1.7604384462387386e-07,1.7604384462387386e-07,0.07024961079767746
vit_base,ViT-B/16 AugReg,10,768,31,1.716090948488061e-07,1.716090948488061e-07,0.06847994116594897
vit_base,ViT-B/16 AugReg,10,768,32,1.6916723197061205e-07,1.6916723197061205e-07,0.06750552529142106
vit_base,ViT-B/16 AugReg,10,768,33,1.6458592293301584e-07,1.6458592293301584e-07,0.06567737175658642
vit_base,ViT-B/16 AugReg,10,768,34,1.6300588642083848e-07,1.6300588642083848e-07,0.06504686433802981
vit_base,ViT-B/16 AugReg,10,768,35,1.5706925506968142e-07,1.5706925506968142e-07,0.06267787471070649
vit_base,ViT-B/16 AugReg,10,768,36,1.4926134984711873e-07,1.4926134984711873e-07,0.05956216053051415
vit_base,ViT-B/16 AugReg,10,768,37,1.4427344372417598e-07,1.4427344372417598e-07,0.05757175601179483
vit_base,ViT-B/16 AugReg,10,768,38,1.4228139808132622e-07,1.4228139808132622e-07,0.05677683795373722
vit_base,ViT-B/16 AugReg,10,768,39,1.4073862083762995e-07,1.4073862083762995e-07,0.05616119870120479
vit_base,ViT-B/16 AugReg,10,768,40,1.3571384921250694e-07,1.3571384921250694e-07,0.05415608314737057
vit_base,ViT-B/16 AugReg,10,768,41,1.307453360902618e-07,1.307453360902618e-07,0.05217341733007598
vit_base,ViT-B/16 AugReg,10,768,42,1.261622624771657e-07,1.261622624771657e-07,0.05034455964825821
vit_base,ViT-B/16 AugReg,10,768,43,1.2563960912344885e-07,1.2563960912344885e-07,0.05013599686232749
vit_base,ViT-B/16 AugReg,10,768,44,1.2380916410775107e-07,1.2380916410775107e-07,0.049405564905367835
vit_base,ViT-B/16 AugReg,10,768,45,1.1615677590084294e-07,1.1615677590084294e-07,0.04635190918479099
vit_base,ViT-B/16 AugReg,10,768,46,1.1343865388410971e-07,1.1343865388410971e-07,0.04526725317660124
vit_base,ViT-B/16 AugReg,10,768,47,1.104861058632356e-07,1.104861058632356e-07,0.044089050384160465
vit_base,ViT-B/16 AugReg,10,768,48,1.1027667971694105e-07,1.1027667971694105e-07,0.04400547969584993
vit_base,ViT-B/16 AugReg,10,768,49,1.0657454700184822e-07,1.0657454700184822e-07,0.04252815804957324
vit_base,ViT-B/16 AugReg,10,768,50,1.0474478304955583e-07,1.0474478304955583e-07,0.04179799786831388
vit_base,ViT-B/16 AugReg,10,768,51,1.0130062079351954e-07,1.0130062079351954e-07,0.04042361832935562
vit_base,ViT-B/16 AugReg,10,768,52,9.849129221201307e-08,9.849129221201307e-08,0.03930256669659176
vit_base,ViT-B/16 AugReg,10,768,53,9.578107630586546e-08,9.578107630586546e-08,0.038221065591049985
vit_base,ViT-B/16 AugReg,10,768,54,9.168034566979654e-08,9.168034566979654e-08,0.03658468499628713
vit_base,ViT-B/16 AugReg,10,768,55,8.861781349358654e-08,8.861781349358654e-08,0.03536259345486586
vit_base,ViT-B/16 AugReg,10,768,56,8.693806889456991e-08,8.693806889456991e-08,0.034692297912454054
vit_base,ViT-B/16 AugReg,10,768,57,8.493577451973991e-08,8.493577451973991e-08,0.03389329013780159
vit_base,ViT-B/16 AugReg,10,768,58,8.395323093171529e-08,8.395323093171529e-08,0.03350120994438185
vit_base,ViT-B/16 AugReg,10,768,59,8.361625585492672e-08,8.361625585492672e-08,0.03336674135194971
vit_base,ViT-B/16 AugReg,10,768,60,7.98897000834382e-08,7.98897000834382e-08,0.031879673780105706
vit_base,ViT-B/16 AugReg,10,768,61,7.718122133996254e-08,7.718122133996254e-08,0.030798865882564794
vit_base,ViT-B/16 AugReg,10,768,62,7.64559825137185e-08,7.64559825137185e-08,0.030509462152557305
vit_base,ViT-B/16 AugReg,10,768,63,7.53890964795895e-08,7.53890964795895e-08,0.03008372543439388
vit_base,ViT-B/16 AugReg,10,768,64,7.306192930006489e-08,7.306192930006489e-08,0.029155078431870044
vit_base,ViT-B/16 AugReg,10,768,65,7.128724140708493e-08,7.128724140708493e-08,0.0284468961376492
vit_base,ViT-B/16 AugReg,10,768,66,6.966751255345325e-08,6.966751255345325e-08,0.027800549644771237
vit_base,ViT-B/16 AugReg,10,768,67,6.864845058454953e-08,6.864845058454953e-08,0.02739389693364036
vit_base,ViT-B/16 AugReg,10,768,68,6.62457977008956e-08,6.62457977008956e-08,0.026435127654775632
vit_base,ViT-B/16 AugReg,10,768,69,6.532705940478553e-08,6.532705940478553e-08,0.02606850871467836
vit_base,ViT-B/16 AugReg,10,768,70,6.481958711271694e-08,6.481958711271694e-08,0.025866003872293264
vit_base,ViT-B/16 AugReg,10,768,71,6.4323420434903e-08,6.4323420434903e-08,0.02566801049125983
vit_base,ViT-B/16 AugReg,10,768,72,6.296696372935308e-08,6.296696372935308e-08,0.025126721724064504
vit_base,ViT-B/16 AugReg,10,768,73,6.062047726275288e-08,6.062047726275288e-08,0.024190365435249807
vit_base,ViT-B/16 AugReg,10,768,74,6.009578221449892e-08,6.009578221449892e-08,0.023980987919063078
vit_base,ViT-B/16 AugReg,10,768,75,5.8622424315649094e-08,5.8622424315649094e-08,0.02339305018581814
vit_base,ViT-B/16 AugReg,10,768,76,5.771580621636969e-08,5.771580621636969e-08,0.023031267763078032
vit_base,ViT-B/16 AugReg,10,768,77,5.724709531927831e-08,5.724709531927831e-08,0.0228442305044471
vit_base,ViT-B/16 AugReg,10,768,78,5.653689671888511e-08,5.653689671888511e-08,0.022560828518008592
vit_base,ViT-B/16 AugReg,10,768,79,5.4920802613275547e-08,5.4920802613275547e-08,0.021915932457177524
vit_base,ViT-B/16 AugReg,10,768,80,5.3960363279325044e-08,5.3960363279325044e-08,0.02153267288028657
vit_base,ViT-B/16 AugReg,10,768,81,5.365623463666091e-08,5.365623463666091e-08,0.021411311529509272
vit_base,ViT-B/16 AugReg,10,768,82,5.239346461853062e-08,5.239346461853062e-08,0.02090740807017413
vit_base,ViT-B/16 AugReg,10,768,83,5.174317765459712e-08,5.174317765459712e-08,0.020647913589008176
vit_base,ViT-B/16 AugReg,10,768,84,5.06267916404223e-08,5.06267916404223e-08,0.020202424096527984
vit_base,ViT-B/16 AugReg,10,768,85,4.9763784298504415e-08,4.9763784298504415e-08,0.01985804437672125
vit_base,ViT-B/16 AugReg,10,768,86,4.938763918471243e-08,4.938763918471243e-08,0.01970794513352538
vit_base,ViT-B/16 AugReg,10,768,87,4.79069474623021e-08,4.79069474623021e-08,0.019117080866541732
vit_base,ViT-B/16 AugReg,10,768,88,4.687724656366303e-08,4.687724656366303e-08,0.018706182731920987
vit_base,ViT-B/16 AugReg,10,768,89,4.638119281730513e-08,4.638119281730513e-08,0.018508234415745402
vit_base,ViT-B/16 AugReg,10,768,90,4.554967601154357e-08,4.554967601154357e-08,0.01817642087178832
vit_base,ViT-B/16 AugReg,10,768,91,4.4886684728003055e-08,4.4886684728003055e-08,0.017911856781345492
vit_base,ViT-B/16 AugReg,10,768,92,4.362715125831226e-08,4.362715125831226e-08,0.01740924485406413
vit_base,ViT-B/16 AugReg,10,768,93,4.2725778434329885e-08,4.2725778434329885e-08,0.01704955553800963
vit_base,ViT-B/16 AugReg,10,768,94,4.2234022272324474e-08,4.2234022272324474e-08,0.016853322156137926
vit_base,ViT-B/16 AugReg,10,768,95,4.177074013764634e-08,4.177074013764634e-08,0.01666845122401195
vit_base,ViT-B/16 AugReg,10,768,96,4.0483598272447166e-08,4.0483598272447166e-08,0.01615482227399198
vit_base,ViT-B/16 AugReg,10,768,97,4.017936168460244e-08,4.017936168460244e-08,0.016033417848110642
vit_base,ViT-B/16 AugReg,10,768,98,3.9214172200988416e-08,3.9214172200988416e-08,0.015648262742490426
vit_base,ViT-B/16 AugReg,10,768,99,3.846473985110112e-08,3.846473985110112e-08,0.015349204681066838
vit_base,ViT-B/16 AugReg,10,768,100,3.8062183882773564e-08,3.8062183882773564e-08,0.015188566289195125
vit_base,ViT-B/16 AugReg,10,768,101,3.724559089217053e-08,3.724559089217053e-08,0.014862708035573486
vit_base,ViT-B/16 AugReg,10,768,102,3.695380721892677e-08,3.695380721892677e-08,0.014746272896780164
vit_base,ViT-B/16 AugReg,10,768,103,3.615861809271211e-08,3.615861809271211e-08,0.014428955771910069
vit_base,ViT-B/16 AugReg,10,768,104,3.5572088408915946e-08,3.5572088408915946e-08,0.014194903385153813
vit_base,ViT-B/16 AugReg,10,768,105,3.5003962278414636e-08,3.5003962278414636e-08,0.013968194864688479
vit_base,ViT-B/16 AugReg,10,768,106,3.4354853332722795e-08,3.4354853332722795e-08,0.01370917046711543
vit_base,ViT-B/16 AugReg,10,768,107,3.3808804431119725e-08,3.3808804431119725e-08,0.013491271778887662
vit_base,ViT-B/16 AugReg,10,768,108,3.3490847264295667e-08,3.3490847264295667e-08,0.01336439220938357
vit_base,ViT-B/16 AugReg,10,768,109,3.282539383801501e-08,3.282539383801501e-08,0.01309884561046626
vit_base,ViT-B/16 AugReg,10,768,110,3.1992848458699647e-08,3.1992848458699647e-08,0.012766621618237125
vit_base,ViT-B/16 AugReg,10,768,111,3.1626233092659845e-08,3.1626233092659845e-08,0.012620325183779164
vit_base,ViT-B/16 AugReg,10,768,112,3.1148618581959036e-08,3.1148618581959036e-08,0.012429734972802227
vit_base,ViT-B/16 AugReg,10,768,113,3.078717905325025e-08,3.078717905325025e-08,0.012285503936079887
vit_base,ViT-B/16 AugReg,10,768,114,3.055885982613455e-08,3.055885982613455e-08,0.01219439403742496
vit_base,ViT-B/16 AugReg,10,768,115,3.010899645944625e-08,3.010899645944625e-08,0.012014877812421429
vit_base,ViT-B/16 AugReg,10,768,116,2.9544681816463828e-08,2.9544681816463828e-08,0.011789690251211071
vit_base,ViT-B/16 AugReg,10,768,117,2.9027925121344745e-08,2.9027925121344745e-08,0.011583480503936065
vit_base,ViT-B/16 AugReg,10,768,118,2.8462898019674033e-08,2.8462898019674033e-08,0.011358008638859992
vit_base,ViT-B/16 AugReg,10,768,119,2.806249417799181e-08,2.806249417799181e-08,0.011198229044747125
vit_base,ViT-B/16 AugReg,10,768,120,2.7803094855946968e-08,2.7803094855946968e-08,0.011094716755216269
vit_base,ViT-B/16 AugReg,10,768,121,2.753744540689686e-08,2.753744540689686e-08,0.010988710376837863
vit_base,ViT-B/16 AugReg,10,768,122,2.7168099264841068e-08,2.7168099264841068e-08,0.010841324236842574
vit_base,ViT-B/16 AugReg,10,768,123,2.69059767696578e-08,2.69059767696578e-08,0.010736725275673082
vit_base,ViT-B/16 AugReg,10,768,124,2.5932269618671286e-08,2.5932269618671286e-08,0.0103481712280501
vit_base,ViT-B/16 AugReg,10,768,125,2.582388954590421e-08,2.582388954590421e-08,0.010304922581973446
vit_base,ViT-B/16 AugReg,10,768,126,2.5573876412664405e-08,2.5573876412664405e-08,0.010205155814541567
vit_base,ViT-B/16 AugReg,10,768,127,2.5455596191101102e-08,2.5455596191101102e-08,0.010157956552632477
vit_base,ViT-B/16 AugReg,10,768,128,2.485982092890539e-08,2.485982092890539e-08,0.00992021475381211
vit_base,ViT-B/16 AugReg,10,768,129,2.43767736306187e-08,2.43767736306187e-08,0.009727456610100747
vit_base,ViT-B/16 AugReg,10,768,130,2.3984903957774443e-08,2.3984903957774443e-08,0.009571082542836205
vit_base,ViT-B/16 AugReg,10,768,131,2.3902382755753597e-08,2.3902382755753597e-08,0.009538152778453322
vit_base,ViT-B/16 AugReg,10,768,132,2.3640086052598942e-08,2.3640086052598942e-08,0.0094334843002711
vit_base,ViT-B/16 AugReg,10,768,133,2.3574092132490838e-08,2.3574092132490838e-08,0.009407149683389082
vit_base,ViT-B/16 AugReg,10,768,134,2.276834602178104e-08,2.276834602178104e-08,0.009085619834958189
vit_base,ViT-B/16 AugReg,10,768,135,2.260267026193401e-08,2.260267026193401e-08,0.009019507568024178
vit_base,ViT-B/16 AugReg,10,768,136,2.254594541306254e-08,2.254594541306254e-08,0.008996871737931442
vit_base,ViT-B/16 AugReg,10,768,137,2.2137472412484994e-08,2.2137472412484994e-08,0.00883387217737742
vit_base,ViT-B/16 AugReg,10,768,138,2.175700344044517e-08,2.175700344044517e-08,0.008682047515382022
vit_base,ViT-B/16 AugReg,10,768,139,2.1394339703019517e-08,2.1394339703019517e-08,0.00853732796293748
vit_base,ViT-B/16 AugReg,10,768,140,2.1282514828065573e-08,2.1282514828065573e-08,0.008492704681959964
vit_base,ViT-B/16 AugReg,10,768,141,2.0800603175206702e-08,2.0800603175206702e-08,0.008300399713135112
vit_base,ViT-B/16 AugReg,10,768,142,2.0470922523120193e-08,2.0470922523120193e-08,0.008168841932480617
vit_base,ViT-B/16 AugReg,10,768,143,2.0226206280489165e-08,2.0226206280489165e-08,0.008071188868623543
vit_base,ViT-B/16 AugReg,10,768,144,2.0026951171519975e-08,2.0026951171519975e-08,0.007991676893158335
vit_base,ViT-B/16 AugReg,10,768,145,1.9600758234381362e-08,1.9600758234381362e-08,0.00782160626090945
vit_base,ViT-B/16 AugReg,10,768,146,1.9537904502209208e-08,1.9537904502209208e-08,0.007796524723797437
vit_base,ViT-B/16 AugReg,10,768,147,1.9179534134161807e-08,1.9179534134161807e-08,0.007653518423687718
vit_base,ViT-B/16 AugReg,10,768,148,1.899397159693631e-08,1.899397159693631e-08,0.007579470415666921
vit_base,ViT-B/16 AugReg,10,768,149,1.886213965883226e-08,1.886213965883226e-08,0.00752686339403376
vit_base,ViT-B/16 AugReg,10,768,150,1.8545662638707547e-08,1.8545662638707547e-08,0.00740057447130732
vit_base,ViT-B/16 AugReg,10,768,151,1.8430466357775603e-08,1.8430466357775603e-08,0.007354605843900329
vit_base,ViT-B/16 AugReg,10,768,152,1.8343743328428945e-08,1.8343743328428945e-08,0.007319999356682246
vit_base,ViT-B/16 AugReg,10,768,153,1.812170493137691e-08,1.812170493137691e-08,0.007231395798810787
vit_base,ViT-B/16 AugReg,10,768,154,1.7869284726554836e-08,1.7869284726554836e-08,0.007130668498835562
vit_base,ViT-B/16 AugReg,10,768,155,1.740017679235815e-08,1.740017679235815e-08,0.0069434728040935565
vit_base,ViT-B/16 AugReg,10,768,156,1.729210445720247e-08,1.729210445720247e-08,0.006900346959512604
vit_base,ViT-B/16 AugReg,10,768,157,1.721244232524606e-08,1.721244232524606e-08,0.006868558095907588
vit_base,ViT-B/16 AugReg,10,768,158,1.692911025513979e-08,1.692911025513979e-08,0.006755495536441271
vit_base,ViT-B/16 AugReg,10,768,159,1.6728799910122e-08,1.6728799910122e-08,0.006675562473139266
vit_base,ViT-B/16 AugReg,10,768,160,1.6685788091667944e-08,1.6685788091667944e-08,0.006658398774445038
vit_base,ViT-B/16 AugReg,10,768,161,1.6325824531619692e-08,1.6325824531619692e-08,0.006514756717270227
vit_base,ViT-B/16 AugReg,10,768,162,1.6217409783894337e-08,1.6217409783894337e-08,0.006471494234286475
vit_base,ViT-B/16 AugReg,10,768,163,1.6008025670425805e-08,1.6008025670425805e-08,0.006387940319011517
vit_base,ViT-B/16 AugReg,10,768,164,1.5541101657591258e-08,1.5541101657591258e-08,0.006201616109586313
vit_base,ViT-B/16 AugReg,10,768,165,1.5421753947209788e-08,1.5421753947209788e-08,0.006153990870420438
vit_base,ViT-B/16 AugReg,10,768,166,1.5297202771091023e-08,1.5297202771091023e-08,0.006104289208510983
vit_base,ViT-B/16 AugReg,10,768,167,1.5117392195545588e-08,1.5117392195545588e-08,0.006032536498404241
vit_base,ViT-B/16 AugReg,10,768,168,1.4969714638371548e-08,1.4969714638371548e-08,0.005973606344173667
vit_base,ViT-B/16 AugReg,10,768,169,1.4909657907170654e-08,1.4909657907170654e-08,0.005949640939409544
vit_base,ViT-B/16 AugReg,10,768,170,1.4797009005166957e-08,1.4797009005166957e-08,0.0059046888336460445
vit_base,ViT-B/16 AugReg,10,768,171,1.45770184085498e-08,1.45770184085498e-08,0.005816902442565329
vit_base,ViT-B/16 AugReg,10,768,172,1.4303989114497685e-08,1.4303989114497685e-08,0.005707951165771158
vit_base,ViT-B/16 AugReg,10,768,173,1.4167096559985642e-08,1.4167096559985642e-08,0.005653324724863114
vit_base,ViT-B/16 AugReg,10,768,174,1.3997624607102328e-08,1.3997624607102328e-08,0.005585697601877863
vit_base,ViT-B/16 AugReg,10,768,175,1.3956582758322348e-08,1.3956582758322348e-08,0.005569320011912303
vit_base,ViT-B/16 AugReg,10,768,176,1.3684787501143448e-08,1.3684787501143448e-08,0.005460861172727856
vit_base,ViT-B/16 AugReg,10,768,177,1.3617993575554701e-08,1.3617993575554701e-08,0.005434207316773485
vit_base,ViT-B/16 AugReg,10,768,178,1.3361257085235157e-08,1.3361257085235157e-08,0.005331757619875285
vit_base,ViT-B/16 AugReg,10,768,179,1.33038360095728e-08,1.33038360095728e-08,0.005308843963192297
vit_base,ViT-B/16 AugReg,10,768,180,1.3146456573249491e-08,1.3146456573249491e-08,0.005246042311859974
vit_base,ViT-B/16 AugReg,10,768,181,1.3068707114991799e-08,1.3068707114991799e-08,0.005215016693247732
vit_base,ViT-B/16 AugReg,10,768,182,1.2872247061263885e-08,1.2872247061263885e-08,0.005136620073694439
vit_base,ViT-B/16 AugReg,10,768,183,1.2741533807170026e-08,1.2741533807170026e-08,0.005084459458560122
vit_base,ViT-B/16 AugReg,10,768,184,1.2608070414154847e-08,1.2608070414154847e-08,0.005031201411196492
vit_base,ViT-B/16 AugReg,10,768,185,1.2521370102245612e-08,1.2521370102245612e-08,0.004996603989283366
vit_base,ViT-B/16 AugReg,10,768,186,1.2310786316747549e-08,1.2310786316747549e-08,0.00491257134955576
vit_base,ViT-B/16 AugReg,10,768,187,1.2281579942551237e-08,1.2281579942551237e-08,0.004900916659643222
vit_base,ViT-B/16 AugReg,10,768,188,1.2140749982518053e-08,1.2140749982518053e-08,0.004844719012391647
vit_base,ViT-B/16 AugReg,10,768,189,1.2079200014314317e-08,1.2079200014314317e-08,0.004820157737215227
vit_base,ViT-B/16 AugReg,10,768,190,1.1959454982381793e-08,1.1959454982381793e-08,0.004772373948431313
vit_base,ViT-B/16 AugReg,10,768,191,1.1800762241181858e-08,1.1800762241181858e-08,0.004709048227901121
vit_base,ViT-B/16 AugReg,10,768,192,1.172023086718094e-08,1.172023086718094e-08,0.004676912496642503
vit_base,ViT-B/16 AugReg,10,768,193,1.148580767394624e-08,1.148580767394624e-08,0.00458336683407264
vit_base,ViT-B/16 AugReg,10,768,194,1.1473607735934509e-08,1.1473607735934509e-08,0.00457849849630763
vit_base,ViT-B/16 AugReg,10,768,195,1.1287963356092747e-08,1.1287963356092747e-08,0.004504417829309453
vit_base,ViT-B/16 AugReg,10,768,196,1.1251821844530616e-08,1.1251821844530616e-08,0.00448999569983197
vit_base,ViT-B/16 AugReg,10,768,197,1.1110344675059815e-08,1.1110344675059815e-08,0.004433539786174123
vit_base,ViT-B/16 AugReg,10,768,198,1.1048089341179821e-08,1.1048089341179821e-08,0.0044086970375708245
vit_base,ViT-B/16 AugReg,10,768,199,1.0970608534497263e-08,1.0970608534497263e-08,0.004377778623323687
vit_base,ViT-B/16 AugReg,10,768,200,1.0928565460589485e-08,1.0928565460589485e-08,0.0043610014983689925
vit_base,ViT-B/16 AugReg,10,768,201,1.0852342672555304e-08,1.0852342672555304e-08,0.004330585091565588
vit_base,ViT-B/16 AugReg,10,768,202,1.0715297706306884e-08,1.0715297706306884e-08,0.004275897831347535
vit_base,ViT-B/16 AugReg,10,768,203,1.0515739658170472e-08,1.0515739658170472e-08,0.004196264969187093
vit_base,ViT-B/16 AugReg,10,768,204,1.0385238915285424e-08,1.0385238915285424e-08,0.004144189155823272
vit_base,ViT-B/16 AugReg,10,768,205,1.0281863978293798e-08,1.0281863978293798e-08,0.004102937789691091
vit_base,ViT-B/16 AugReg,10,768,206,1.017783036531376e-08,1.017783036531376e-08,0.004061423581470188
vit_base,ViT-B/16 AugReg,10,768,207,1.0097046555895656e-08,1.0097046555895656e-08,0.00402918711684116
vit_base,ViT-B/16 AugReg,10,768,208,9.99495511463689e-09,9.99495511463689e-09,0.003988447924684085
vit_base,ViT-B/16 AugReg,10,768,209,9.885785231048305e-09,9.885785231048305e-09,0.003944884107674116
vit_base,ViT-B/16 AugReg,10,768,210,9.850943259036276e-09,9.850943259036276e-09,0.003930980554394545
vit_base,ViT-B/16 AugReg,10,768,211,9.720345816934779e-09,9.720345816934779e-09,0.003878866153584883
vit_base,ViT-B/16 AugReg,10,768,212,9.705421100376508e-09,9.705421100376508e-09,0.0038729105035493804
vit_base,ViT-B/16 AugReg,10,768,213,9.61039260677985e-09,9.61039260677985e-09,0.003834989753158375
vit_base,ViT-B/16 AugReg,10,768,214,9.542308429441157e-09,9.542308429441157e-09,0.0038078210272665834
vit_base,ViT-B/16 AugReg,10,768,215,9.416812820786459e-09,9.416812820786459e-09,0.0037577424932306674
vit_base,ViT-B/16 AugReg,10,768,216,9.289317560935616e-09,9.289317560935616e-09,0.0037068660061702623
vit_base,ViT-B/16 AugReg,10,768,217,9.204336427968413e-09,9.204336427968413e-09,0.0036729546159205966
vit_base,ViT-B/16 AugReg,10,768,218,9.077196462093104e-09,9.077196462093104e-09,0.0036222199075378464
vit_base,ViT-B/16 AugReg,10,768,219,9.040840965226535e-09,9.040840965226535e-09,0.0036077123880577456
vit_base,ViT-B/16 AugReg,10,768,220,8.961628625431632e-09,8.961628625431632e-09,0.0035761030122635823
vit_base,ViT-B/16 AugReg,10,768,221,8.812018439053944e-09,8.812018439053944e-09,0.0035164016498736854
vit_base,ViT-B/16 AugReg,10,768,222,8.72775293708103e-09,8.72775293708103e-09,0.003482775829386093
vit_base,ViT-B/16 AugReg,10,768,223,8.687620872517799e-09,8.687620872517799e-09,0.0034667612852701214
vit_base,ViT-B/16 AugReg,10,768,224,8.646334572844065e-09,8.646334572844065e-09,0.0034502861481271394
vit_base,ViT-B/16 AugReg,10,768,225,8.53232220030899e-09,8.53232220030899e-09,0.003404789954756555
vit_base,ViT-B/16 AugReg,10,768,226,8.470077588722725e-09,8.470077588722725e-09,0.003379951484842824
vit_base,ViT-B/16 AugReg,10,768,227,8.443855497809859e-09,8.443855497809859e-09,0.0033694876615556995
vit_base,ViT-B/16 AugReg,10,768,228,8.385613493933342e-09,8.385613493933342e-09,0.003346246416665009
vit_base,ViT-B/16 AugReg,10,768,229,8.349864301899185e-09,8.349864301899185e-09,0.0033319808407677285
vit_base,ViT-B/16 AugReg,10,768,230,8.194158172769068e-09,8.194158172769068e-09,0.0032698469161560853
vit_base,ViT-B/16 AugReg,10,768,231,8.167177516935873e-09,8.167177516935873e-09,0.003259080390490859
vit_base,ViT-B/16 AugReg,10,768,232,8.077539973743931e-09,8.077539973743931e-09,0.003223310877870024
vit_base,ViT-B/16 AugReg,10,768,233,8.04389875245924e-09,8.04389875245924e-09,0.0032098864794932597
vit_base,ViT-B/16 AugReg,10,768,234,7.968511438909666e-09,7.968511438909666e-09,0.003179803465530147
vit_base,ViT-B/16 AugReg,10,768,235,7.840054034099265e-09,7.840054034099265e-09,0.003128543038269593
vit_base,ViT-B/16 AugReg,10,768,236,7.76670057519386e-09,7.76670057519386e-09,0.0030992716260837376
vit_base,ViT-B/16 AugReg,10,768,237,7.688976314866165e-09,7.688976314866165e-09,0.0030682560626073565
vit_base,ViT-B/16 AugReg,10,768,238,7.65056938086302e-09,7.65056938086302e-09,0.003052929925124858
vit_base,ViT-B/16 AugReg,10,768,239,7.583802216950943e-09,7.583802216950943e-09,0.003026286748313369
vit_base,ViT-B/16 AugReg,10,768,240,7.524532201931299e-09,7.524532201931299e-09,0.003002635279578416
vit_base,ViT-B/16 AugReg,10,768,241,7.440469966783949e-09,7.440469966783949e-09,0.0029690905719261763
vit_base,ViT-B/16 AugReg,10,768,242,7.34989896512432e-09,7.34989896512432e-09,0.002932948566338087
vit_base,ViT-B/16 AugReg,10,768,243,7.273914065393409e-09,7.273914065393409e-09,0.002902627087935921
vit_base,ViT-B/16 AugReg,10,768,244,7.200292345093048e-09,7.200292345093048e-09,0.0028732486270848425
vit_base,ViT-B/16 AugReg,10,768,245,7.097353749140264e-09,7.097353749140264e-09,0.0028321713811453857
vit_base,ViT-B/16 AugReg,10,768,246,7.078404654193261e-09,7.078404654193261e-09,0.0028246098185821544
vit_base,ViT-B/16 AugReg,10,768,247,7.0631750836266055e-09,7.0631750836266055e-09,0.002818532517741508
vit_base,ViT-B/16 AugReg,10,768,248,7.021757516762037e-09,7.021757516762037e-09,0.002802004998937092
vit_base,ViT-B/16 AugReg,10,768,249,6.879322518648485e-09,6.879322518648485e-09,0.002745166867488513
vit_base,ViT-B/16 AugReg,10,768,250,6.8707250375980116e-09,6.8707250375980116e-09,0.002741736076148284
vit_base,ViT-B/16 AugReg,10,768,251,6.823984677169003e-09,6.823984677169003e-09,0.0027230845172954523
vit_base,ViT-B/16 AugReg,10,768,252,6.7639700370592976e-09,6.7639700370592976e-09,0.0026991359088173925
vit_base,ViT-B/16 AugReg,10,768,253,6.717867478308191e-09,6.717867478308191e-09,0.002680738862240945
vit_base,ViT-B/16 AugReg,10,768,254,6.6994736447960105e-09,6.6994736447960105e-09,0.0026733988745914553
vit_base,ViT-B/16 AugReg,10,768,255,6.651725639019376e-09,6.651725639019376e-09,0.0026543452187857645
vit_base,ViT-B/16 AugReg,10,768,256,6.62096950644428e-09,6.62096950644428e-09,0.002642072103825917
vit_base,ViT-B/16 AugReg,10,768,257,6.555378998686387e-09,6.555378998686387e-09,0.0026158984670716268
vit_base,ViT-B/16 AugReg,10,768,258,6.486694950126476e-09,6.486694950126476e-09,0.0025884903649045134
vit_base,ViT-B/16 AugReg,10,768,259,6.426445924624529e-09,6.426445924624529e-09,0.0025644482258482234
vit_base,ViT-B/16 AugReg,10,768,260,6.423938117800692e-09,6.423938117800692e-09,0.0025634474952989294
vit_base,ViT-B/16 AugReg,10,768,261,6.358380206604342e-09,6.358380206604342e-09,0.002537286866075613
vit_base,ViT-B/16 AugReg,10,768,262,6.248924019188846e-09,6.248924019188846e-09,0.0024936088006381947
vit_base,ViT-B/16 AugReg,10,768,263,6.204839495795704e-09,6.204839495795704e-09,0.0024760170432144343
vit_base,ViT-B/16 AugReg,10,768,264,6.187855881541153e-09,6.187855881541153e-09,0.0024692397980692307
vit_base,ViT-B/16 AugReg,10,768,265,6.106386362756319e-09,6.106386362756319e-09,0.002436729703787113
vit_base,ViT-B/16 AugReg,10,768,266,6.074113561959228e-09,6.074113561959228e-09,0.0024238513682781917
vit_base,ViT-B/16 AugReg,10,768,267,6.005893652442393e-09,6.005893652442393e-09,0.0023966284789891648
vit_base,ViT-B/16 AugReg,10,768,268,5.910982918750399e-09,5.910982918750399e-09,0.0023587547202296357
vit_base,ViT-B/16 AugReg,10,768,269,5.9044192456686275e-09,5.9044192456686275e-09,0.002356135512041001
vit_base,ViT-B/16 AugReg,10,768,270,5.803050107235928e-09,5.803050107235928e-09,0.0023156845520144933
vit_base,ViT-B/16 AugReg,10,768,271,5.796188134238084e-09,5.796188134238084e-09,0.0023129463084057343
vit_base,ViT-B/16 AugReg,10,768,272,5.758372098704074e-09,5.758372098704074e-09,0.0022978559666567725
vit_base,ViT-B/16 AugReg,10,768,273,5.690515246519856e-09,5.690515246519856e-09,0.002270777953982819
vit_base,ViT-B/16 AugReg,10,768,274,5.636399392582691e-09,5.636399392582691e-09,0.0022491832331609
vit_base,ViT-B/16 AugReg,10,768,275,5.6291165240306666e-09,5.6291165240306666e-09,0.0022462770328199365
vit_base,ViT-B/16 AugReg,10,768,276,5.578536672489289e-09,5.578536672489289e-09,0.0022260933399871783
vit_base,ViT-B/16 AugReg,10,768,277,5.511124381974563e-09,5.511124381974563e-09,0.002199192727916603
vit_base,ViT-B/16 AugReg,10,768,278,5.478595916924038e-09,5.478595916924038e-09,0.0021862123705827384
vit_base,ViT-B/16 AugReg,10,768,279,5.446291960986756e-09,5.446291960986756e-09,0.0021733216027364217
vit_base,ViT-B/16 AugReg,10,768,280,5.427287442877242e-09,5.427287442877242e-09,0.002165737923775972
vit_base,ViT-B/16 AugReg,10,768,281,5.3792830400710845e-09,5.3792830400710845e-09,0.002146581953733892
vit_base,ViT-B/16 AugReg,10,768,282,5.3517629725721156e-09,5.3517629725721156e-09,0.0021356001779435545
vit_base,ViT-B/16 AugReg,10,768,283,5.32243011134535e-09,5.32243011134535e-09,0.002123895013873972
vit_base,ViT-B/16 AugReg,10,768,284,5.270680043065302e-09,5.270680043065302e-09,0.0021032443506077054
vit_base,ViT-B/16 AugReg,10,768,285,5.2435157776595896e-09,5.2435157776595896e-09,0.0020924045562574216
vit_base,ViT-B/16 AugReg,10,768,286,5.181949690135592e-09,5.181949690135592e-09,0.0020678368487290094
vit_base,ViT-B/16 AugReg,10,768,287,5.146098475070963e-09,5.146098475070963e-09,0.0020535305609386293
vit_base,ViT-B/16 AugReg,10,768,288,5.0792238027385855e-09,5.0792238027385855e-09,0.002026844483310587
vit_base,ViT-B/16 AugReg,10,768,289,5.060279159909262e-09,5.060279159909262e-09,0.0020192846973475826
vit_base,ViT-B/16 AugReg,10,768,290,5.054478690576017e-09,5.054478690576017e-09,0.002016970042643381
vit_base,ViT-B/16 AugReg,10,768,291,4.992965052706073e-09,4.992965052706073e-09,0.001992423264945214
vit_base,ViT-B/16 AugReg,10,768,292,4.953298337718138e-09,4.953298337718138e-09,0.001976594416765498
vit_base,ViT-B/16 AugReg,10,768,293,4.924430955421609e-09,4.924430955421609e-09,0.001965075000250756
vit_base,ViT-B/16 AugReg,10,768,294,4.893986267019035e-09,4.893986267019035e-09,0.0019529261658753942
vit_base,ViT-B/16 AugReg,10,768,295,4.8510212061736625e-09,4.8510212061736625e-09,0.001935781125622867
vit_base,ViT-B/16 AugReg,10,768,296,4.811460579794965e-09,4.811460579794965e-09,0.0019199946116896277
vit_base,ViT-B/16 AugReg,10,768,297,4.7765442322643335e-09,4.7765442322643335e-09,0.0019060613791489274
vit_base,ViT-B/16 AugReg,10,768,298,4.743945474193885e-09,4.743945474193885e-09,0.0018930529716591374
vit_base,ViT-B/16 AugReg,10,768,299,4.668100634524776e-09,4.668100634524776e-09,0.0018627873836793312
vit_base,ViT-B/16 AugReg,10,768,300,4.641268955943369e-09,4.641268955943369e-09,0.0018520803068064113
vit_base,ViT-B/16 AugReg,10,768,301,4.601905458542229e-09,4.601905458542229e-09,0.001836372456424175
vit_base,ViT-B/16 AugReg,10,768,302,4.595261594476456e-09,4.595261594476456e-09,0.0018337212483355851
vit_base,ViT-B/16 AugReg,10,768,303,4.552320081739607e-09,4.552320081739607e-09,0.0018165856048640834
vit_base,ViT-B/16 AugReg,10,768,304,4.496692983200857e-09,4.496692983200857e-09,0.0017943878277676994
vit_base,ViT-B/16 AugReg,10,768,305,4.455236855188049e-09,4.455236855188049e-09,0.0017778449212872106
vit_base,ViT-B/16 AugReg,10,768,306,4.4306676302214035e-09,4.4306676302214035e-09,0.0017680406677207479
vit_base,ViT-B/16 AugReg,10,768,307,4.36802938261326e-09,4.36802938261326e-09,0.0017430451188850467
vit_base,ViT-B/16 AugReg,10,768,308,4.359849233349578e-09,4.359849233349578e-09,0.00173978086216952
vit_base,ViT-B/16 AugReg,10,768,309,4.3465220014782675e-09,4.3465220014782675e-09,0.0017344626821787896
vit_base,ViT-B/16 AugReg,10,768,310,4.2959607314237866e-09,4.2959607314237866e-09,0.0017142864042160335
vit_base,ViT-B/16 AugReg,10,768,311,4.2714852673049524e-09,4.2714852673049524e-09,0.0017045195655508464
vit_base,ViT-B/16 AugReg,10,768,312,4.227358967501033e-09,4.227358967501033e-09,0.0016869111374130154
vit_base,ViT-B/16 AugReg,10,768,313,4.197921999870738e-09,4.197921999870738e-09,0.0016751644300884265
vit_base,ViT-B/16 AugReg,10,768,314,4.1680548397056155e-09,4.1680548397056155e-09,0.0016632460561077026
vit_base,ViT-B/16 AugReg,10,768,315,4.140777111868082e-09,4.140777111868082e-09,0.0016523609850157492
vit_base,ViT-B/16 AugReg,10,768,316,4.126458995111935e-09,4.126458995111935e-09,0.0016466473962695816
vit_base,ViT-B/16 AugReg,10,768,317,4.0941219221014455e-09,4.0941219221014455e-09,0.0016337434131841377
vit_base,ViT-B/16 AugReg,10,768,318,4.045081586470358e-09,4.045081586470358e-09,0.0016141740581815138
vit_base,ViT-B/16 AugReg,10,768,319,4.0211630499545364e-09,4.0211630499545364e-09,0.0016046294593079974
vit_base,ViT-B/16 AugReg,10,768,320,3.967349412461881e-09,3.967349412461881e-09,0.0015831553367816273
vit_base,ViT-B/16 AugReg,10,768,321,3.936727103307586e-09,3.936727103307586e-09,0.0015709356235368299
vit_base,ViT-B/16 AugReg,10,768,322,3.923739749501037e-09,3.923739749501037e-09,0.0015657530705645798
vit_base,ViT-B/16 AugReg,10,768,323,3.892064282207737e-09,3.892064282207737e-09,0.001553113098664721
vit_base,ViT-B/16 AugReg,10,768,324,3.879248419900562e-09,3.879248419900562e-09,0.0015479989787076205
vit_base,ViT-B/16 AugReg,10,768,325,3.85756648715885e-09,3.85756648715885e-09,0.0015393468878622917
vit_base,ViT-B/16 AugReg,10,768,326,3.833866913960254e-09,3.833866913960254e-09,0.0015298896654480144
vit_base,ViT-B/16 AugReg,10,768,327,3.79319410261944e-09,3.79319410261944e-09,0.0015136593384357624
vit_base,ViT-B/16 AugReg,10,768,328,3.773078545877042e-09,3.773078545877042e-09,0.0015056323038345172
vit_base,ViT-B/16 AugReg,10,768,329,3.755977550000196e-09,3.755977550000196e-09,0.0014988082180099444
vit_base,ViT-B/16 AugReg,10,768,330,3.7051848114704e-09,3.7051848114704e-09,0.0014785395734533003
vit_base,ViT-B/16 AugReg,10,768,331,3.6845588583004084e-09,3.6845588583004084e-09,0.0014703088671447736
vit_base,ViT-B/16 AugReg,10,768,332,3.679257735225395e-09,3.679257735225395e-09,0.0014681934746207921
vit_base,ViT-B/16 AugReg,10,768,333,3.6346686134676628e-09,3.6346686134676628e-09,0.0014504003591842179
vit_base,ViT-B/16 AugReg,10,768,334,3.5903575043689786e-09,3.5903575043689786e-09,0.0014327181836168374
vit_base,ViT-B/16 AugReg,10,768,335,3.555554672499131e-09,3.555554672499131e-09,0.0014188302490586175
vit_base,ViT-B/16 AugReg,10,768,336,3.540990271714754e-09,3.540990271714754e-09,0.0014130183816298536
vit_base,ViT-B/16 AugReg,10,768,337,3.5208626747312054e-09,3.5208626747312054e-09,0.0014049865424172541
vit_base,ViT-B/16 AugReg,10,768,338,3.483048207038046e-09,3.483048207038046e-09,0.0013898968263090798
vit_base,ViT-B/16 AugReg,10,768,339,3.478379624980225e-09,3.478379624980225e-09,0.0013880338468153085
vit_base,ViT-B/16 AugReg,10,768,340,3.4462411840687358e-09,3.4462411840687358e-09,0.0013752091270956273
vit_base,ViT-B/16 AugReg,10,768,341,3.4252770428290864e-09,3.4252770428290864e-09,0.0013668434681545865
vit_base,ViT-B/16 AugReg,10,768,342,3.4134505411534553e-09,3.4134505411534553e-09,0.001362124148705581
vit_base,ViT-B/16 AugReg,10,768,343,3.3934008147742346e-09,3.3934008147742346e-09,0.0013541233834544614
vit_base,ViT-B/16 AugReg,10,768,344,3.355446668540482e-09,3.355446668540482e-09,0.00133897792916848
vit_base,ViT-B/16 AugReg,10,768,345,3.3209113748251314e-09,3.3209113748251314e-09,0.001325196754669194
vit_base,ViT-B/16 AugReg,10,768,346,3.298790035776177e-09,3.298790035776177e-09,0.0013163693204477206
vit_base,ViT-B/16 AugReg,10,768,347,3.2837404245766616e-09,3.2837404245766616e-09,0.0013103638316918874
vit_base,ViT-B/16 AugReg,10,768,348,3.2641244856353877e-09,3.2641244856353877e-09,0.0013025361676289962
vit_base,ViT-B/16 AugReg,10,768,349,3.240329291249822e-09,3.240329291249822e-09,0.001293040787952345
vit_base,ViT-B/16 AugReg,10,768,350,3.20628106383033e-09,3.20628106383033e-09,0.0012794539753621039
vit_base,ViT-B/16 AugReg,10,768,351,3.179712343869477e-09,3.179712343869477e-09,0.001268851831102927
vit_base,ViT-B/16 AugReg,10,768,352,3.166698069902129e-09,3.166698069902129e-09,0.0012636585357453194
vit_base,ViT-B/16 AugReg,10,768,353,3.152379038901546e-09,3.152379038901546e-09,0.0012579445821734691
vit_base,ViT-B/16 AugReg,10,768,354,3.1369495591045597e-09,3.1369495591045597e-09,0.0012517875083327748
vit_base,ViT-B/16 AugReg,10,768,355,3.121724582684435e-09,3.121724582684435e-09,0.0012457120407684149
vit_base,ViT-B/16 AugReg,10,768,356,3.0991644852047916e-09,3.0991644852047916e-09,0.0012367095217034132
vit_base,ViT-B/16 AugReg,10,768,357,3.06450330377039e-09,3.06450330377039e-09,0.0012228781121999639
vit_base,ViT-B/16 AugReg,10,768,358,3.0510393682717345e-09,3.0510393682717345e-09,0.0012175053811589757
vit_base,ViT-B/16 AugReg,10,768,359,3.0326550463197645e-09,3.0326550463197645e-09,0.0012101691890605561
vit_base,ViT-B/16 AugReg,10,768,360,3.0045900016857857e-09,3.0045900016857857e-09,0.0011989699422662772
vit_base,ViT-B/16 AugReg,10,768,361,2.988548326032852e-09,2.988548326032852e-09,0.001192568574052757
vit_base,ViT-B/16 AugReg,10,768,362,2.9650461074249016e-09,2.9650461074249016e-09,0.0011831901052195071
vit_base,ViT-B/16 AugReg,10,768,363,2.949404134619373e-09,2.949404134619373e-09,0.0011769482368710626
vit_base,ViT-B/16 AugReg,10,768,364,2.9248269686121238e-09,2.9248269686121238e-09,0.0011671408144632643
vit_base,ViT-B/16 AugReg,10,768,365,2.9109848107670474e-09,2.9109848107670474e-09,0.001161617155267487
vit_base,ViT-B/16 AugReg,10,768,366,2.897910939261708e-09,2.897910939261708e-09,0.001156400077744378
vit_base,ViT-B/16 AugReg,10,768,367,2.8679401098477514e-09,2.8679401098477514e-09,0.0011444403349535272
vit_base,ViT-B/16 AugReg,10,768,368,2.834472691058215e-09,2.834472691058215e-09,0.001131085291785781
vit_base,ViT-B/16 AugReg,10,768,369,2.8307548339769336e-09,2.8307548339769336e-09,0.0011296016953923971
vit_base,ViT-B/16 AugReg,10,768,370,2.7976672776038193e-09,2.7976672776038193e-09,0.0011163982348429888
vit_base,ViT-B/16 AugReg,10,768,371,2.7865100332188688e-09,2.7865100332188688e-09,0.0011119459799101795
vit_base,ViT-B/16 AugReg,10,768,372,2.766507324030105e-09,2.766507324030105e-09,0.0011039639766858577
vit_base,ViT-B/16 AugReg,10,768,373,2.7543714190134353e-09,2.7543714190134353e-09,0.0010991211910382247
vit_base,ViT-B/16 AugReg,10,768,374,2.7131016652621608e-09,2.7131016652621608e-09,0.0010826526564811814
vit_base,ViT-B/16 AugReg,10,768,375,2.7073928072768457e-09,2.7073928072768457e-09,0.001080374558928697
vit_base,ViT-B/16 AugReg,10,768,376,2.698127608736085e-09,2.698127608736085e-09,0.0010766773175236238
vit_base,ViT-B/16 AugReg,10,768,377,2.673712346848252e-09,2.673712346848252e-09,0.0010669345023243298
vit_base,ViT-B/16 AugReg,10,768,378,2.655956051257831e-09,2.655956051257831e-09,0.001059848921700363
vit_base,ViT-B/16 AugReg,10,768,379,2.6360674817903174e-09,2.6360674817903174e-09,0.0010519124654874204
vit_base,ViT-B/16 AugReg,10,768,380,2.6258612266358603e-09,2.6258612266358603e-09,0.00104783969910451
vit_base,ViT-B/16 AugReg,10,768,381,2.6173212056789243e-09,2.6173212056789243e-09,0.0010444318369908954
vit_base,ViT-B/16 AugReg,10,768,382,2.601068752458481e-09,2.601068752458481e-09,0.0010379463588096902
vit_base,ViT-B/16 AugReg,10,768,383,2.5789698133093404e-09,2.5789698133093404e-09,0.0010291278631810272
vit_base,ViT-B/16 AugReg,10,768,384,2.572091416810439e-09,2.572091416810439e-09,0.0010263830658381135
vit_base,ViT-B/16 AugReg,10,768,385,2.561952156452477e-09,2.561952156452477e-09,0.0010223370334679106
vit_base,ViT-B/16 AugReg,10,768,386,2.534931165237702e-09,2.534931165237702e-09,0.0010115544121257045
vit_base,ViT-B/16 AugReg,10,768,387,2.5263094960463757e-09,2.5263094960463757e-09,0.0010081139686020412
vit_base,ViT-B/16 AugReg,10,768,388,2.500469164240212e-09,2.500469164240212e-09,0.0009978024848001266
vit_base,ViT-B/16 AugReg,10,768,389,2.4812019217714626e-09,2.4812019217714626e-09,0.0009901139667070004
vit_base,ViT-B/16 AugReg,10,768,390,2.4586813619488593e-09,2.4586813619488593e-09,0.0009811272249901069
vit_base,ViT-B/16 AugReg,10,768,391,2.427496745569552e-09,2.427496745569552e-09,0.0009686831252364247
vit_base,ViT-B/16 AugReg,10,768,392,2.3996833009192147e-09,2.3996833009192147e-09,0.0009575842784360524
vit_base,ViT-B/16 AugReg,10,768,393,2.3838200343889133e-09,2.3838200343889133e-09,0.0009512541036883101
vit_base,ViT-B/16 AugReg,10,768,394,2.376064351399482e-09,2.376064351399482e-09,0.0009481592285869296
vit_base,ViT-B/16 AugReg,10,768,395,2.364776073256974e-09,2.364776073256974e-09,0.0009436546851433268
vit_base,ViT-B/16 AugReg,10,768,396,2.3417167602004905e-09,2.3417167602004905e-09,0.0009344529560460057
vit_base,ViT-B/16 AugReg,10,768,397,2.324758738902518e-09,2.324758738902518e-09,0.0009276859236704828
vit_base,ViT-B/16 AugReg,10,768,398,2.3163097557425572e-09,2.3163097557425572e-09,0.0009243143898353094
vit_base,ViT-B/16 AugReg,10,768,399,2.3038954666820977e-09,2.3038954666820977e-09,0.0009193605161188473
vit_base,ViT-B/16 AugReg,10,768,400,2.263719399999943e-09,2.263719399999943e-09,0.0009033284131286348
vit_base,ViT-B/16 AugReg,10,768,401,2.2468772550343936e-09,2.2468772550343936e-09,0.0008966076207524188
vit_base,ViT-B/16 AugReg,10,768,402,2.2235912441655702e-09,2.2235912441655702e-09,0.0008873154287756963
vit_base,ViT-B/16 AugReg,10,768,403,2.2199633756922973e-09,2.2199633756922973e-09,0.0008858677419859816
vit_base,ViT-B/16 AugReg,10,768,404,2.2026491854562377e-09,2.2026491854562377e-09,0.0008789585817824036
vit_base,ViT-B/16 AugReg,10,768,405,2.18983360239431e-09,2.18983360239431e-09,0.0008738445732570316
vit_base,ViT-B/16 AugReg,10,768,406,2.1858470482828745e-09,2.1858470482828745e-09,0.0008722537543598952
vit_base,ViT-B/16 AugReg,10,768,407,2.1740560410927515e-09,2.1740560410927515e-09,0.0008675485988471393
vit_base,ViT-B/16 AugReg,10,768,408,2.16566779823188e-09,2.16566779823188e-09,0.0008642013031918347
vit_base,ViT-B/16 AugReg,10,768,409,2.1548286120899888e-09,2.1548286120899888e-09,0.0008598759681626077
vit_base,ViT-B/16 AugReg,10,768,410,2.133225272980727e-09,2.133225272980727e-09,0.0008512552398003161
vit_base,ViT-B/16 AugReg,10,768,411,2.122552596469085e-09,2.122552596469085e-09,0.0008469963497907606
vit_base,ViT-B/16 AugReg,10,768,412,2.0953776998035785e-09,2.0953776998035785e-09,0.0008361523130776471
vit_base,ViT-B/16 AugReg,10,768,413,2.092162110449947e-09,2.092162110449947e-09,0.0008348691446654801
vit_base,ViT-B/16 AugReg,10,768,414,2.069930865619232e-09,2.069930865619232e-09,0.0008259978529696965
vit_base,ViT-B/16 AugReg,10,768,415,2.0550836300682256e-09,2.0550836300682256e-09,0.0008200731214284824
vit_base,ViT-B/16 AugReg,10,768,416,2.048681121674661e-09,2.048681121674661e-09,0.0008175182253812067
vit_base,ViT-B/16 AugReg,10,768,417,2.0389891115902214e-09,2.0389891115902214e-09,0.0008136506664913532
vit_base,ViT-B/16 AugReg,10,768,418,2.0299692007914244e-09,2.0299692007914244e-09,0.0008100513062047208
vit_base,ViT-B/16 AugReg,10,768,419,2.017300125361171e-09,2.017300125361171e-09,0.0008049957609793638
vit_base,ViT-B/16 AugReg,10,768,420,2.007485710040932e-09,2.007485710040932e-09,0.0008010793567567304
vit_base,ViT-B/16 AugReg,10,768,421,1.9997920014221435e-09,1.9997920014221435e-09,0.0007980092122866673
vit_base,ViT-B/16 AugReg,10,768,422,1.990979797311519e-09,1.990979797311519e-09,0.0007944927365452763
vit_base,ViT-B/16 AugReg,10,768,423,1.9801060263839063e-09,1.9801060263839063e-09,0.0007901536005919576
vit_base,ViT-B/16 AugReg,10,768,424,1.9693485977926354e-09,1.9693485977926354e-09,0.0007858608905949953
vit_base,ViT-B/16 AugReg,10,768,425,1.9477635158120427e-09,1.9477635158120427e-09,0.0007772474476688178
vit_base,ViT-B/16 AugReg,10,768,426,1.9465270058102413e-09,1.9465270058102413e-09,0.0007767540231667594
vit_base,ViT-B/16 AugReg,10,768,427,1.9362032482378354e-09,1.9362032482378354e-09,0.0007726343679014441
vit_base,ViT-B/16 AugReg,10,768,428,1.916668646012427e-09,1.916668646012427e-09,0.0007648391609383472
vit_base,ViT-B/16 AugReg,10,768,429,1.9101091794944535e-09,1.9101091794944535e-09,0.0007622216313626181
vit_base,ViT-B/16 AugReg,10,768,430,1.896179734087176e-09,1.896179734087176e-09,0.0007566631404049852
vit_base,ViT-B/16 AugReg,10,768,431,1.8836150498749524e-09,1.8836150498749524e-09,0.0007516492520887518
vit_base,ViT-B/16 AugReg,10,768,432,1.872912445462974e-09,1.872912445462974e-09,0.0007473784194670868
vit_base,ViT-B/16 AugReg,10,768,433,1.868579111714151e-09,1.868579111714151e-09,0.0007456492195057835
vit_base,ViT-B/16 AugReg,10,768,434,1.8434106624207091e-09,1.8434106624207091e-09,0.0007356058478047
vit_base,ViT-B/16 AugReg,10,768,435,1.8396930501662642e-09,1.8396930501662642e-09,0.000734122349108512
vit_base,ViT-B/16 AugReg,10,768,436,1.8047791897044746e-09,1.8047791897044746e-09,0.0007201901090229503
vit_base,ViT-B/16 AugReg,10,768,437,1.7910697185125629e-09,1.7910697185125629e-09,0.0007147193979195234
vit_base,ViT-B/16 AugReg,10,768,438,1.7830092424027007e-09,1.7830092424027007e-09,0.0007115028963101
vit_base,ViT-B/16 AugReg,10,768,439,1.7780014828001828e-09,1.7780014828001828e-09,0.0007095045693376527
vit_base,ViT-B/16 AugReg,10,768,440,1.770642769745307e-09,1.770642769745307e-09,0.0007065681035431156
vit_base,ViT-B/16 AugReg,10,768,441,1.7465705502821915e-09,1.7465705502821915e-09,0.0006969621780878223
vit_base,ViT-B/16 AugReg,10,768,442,1.742287172056664e-09,1.742287172056664e-09,0.0006952529126835962
vit_base,ViT-B/16 AugReg,10,768,443,1.727020458457536e-09,1.727020458457536e-09,0.0006891607900604521
vit_base,ViT-B/16 AugReg,10,768,444,1.7176604636226423e-09,1.7176604636226423e-09,0.00068542572056328
vit_base,ViT-B/16 AugReg,10,768,445,1.7002015877069404e-09,1.7002015877069404e-09,0.0006784588241025521
vit_base,ViT-B/16 AugReg,10,768,446,1.695753894555271e-09,1.695753894555271e-09,0.0006766839894667838
vit_base,ViT-B/16 AugReg,10,768,447,1.692393571826406e-09,1.692393571826406e-09,0.000675343065764727
vit_base,ViT-B/16 AugReg,10,768,448,1.673364678798075e-09,1.673364678798075e-09,0.0006677496600878232
vit_base,ViT-B/16 AugReg,10,768,449,1.6628863520042503e-09,1.6628863520042503e-09,0.000663568324576492
vit_base,ViT-B/16 AugReg,10,768,450,1.644326279355081e-09,1.644326279355081e-09,0.0006561619998466131
vit_base,ViT-B/16 AugReg,10,768,451,1.6334612931422526e-09,1.6334612931422526e-09,0.0006518263693995272
vit_base,ViT-B/16 AugReg,10,768,452,1.6299559816390748e-09,1.6299559816390748e-09,0.0006504275884915723
vit_base,ViT-B/16 AugReg,10,768,453,1.6208747961617824e-09,1.6208747961617824e-09,0.0006468037767830497
vit_base,ViT-B/16 AugReg,10,768,454,1.6143697918204438e-09,1.6143697918204438e-09,0.0006442079801268669
vit_base,ViT-B/16 AugReg,10,768,455,1.605005305966747e-09,1.605005305966747e-09,0.0006404711185061263
vit_base,ViT-B/16 AugReg,10,768,456,1.5869633406931737e-09,1.5869633406931737e-09,0.0006332715425073081
vit_base,ViT-B/16 AugReg,10,768,457,1.5782246523232042e-09,1.5782246523232042e-09,0.0006297844029360032
vit_base,ViT-B/16 AugReg,10,768,458,1.5690827261963256e-09,1.5690827261963256e-09,0.0006261363529077477
vit_base,ViT-B/16 AugReg,10,768,459,1.561771550386428e-09,1.561771550386428e-09,0.0006232188566657401
vit_base,ViT-B/16 AugReg,10,768,460,1.5607628027440978e-09,1.5607628027440978e-09,0.0006228163198464712
vit_base,ViT-B/16 AugReg,10,768,461,1.53681804523214e-09,1.53681804523214e-09,0.0006132612575865342
vit_base,ViT-B/16 AugReg,10,768,462,1.5293096089989945e-09,1.5293096089989945e-09,0.0006102650453406326
vit_base,ViT-B/16 AugReg,10,768,463,1.5193933774138736e-09,1.5193933774138736e-09,0.000606308011733904
vit_base,ViT-B/16 AugReg,10,768,464,1.5178957394322445e-09,1.5178957394322445e-09,0.0006057103851281567
vit_base,ViT-B/16 AugReg,10,768,465,1.5102484343639986e-09,1.5102484343639986e-09,0.0006026587578142727
vit_base,ViT-B/16 AugReg,10,768,466,1.50416649550378e-09,1.50416649550378e-09,0.0006002317837911906
vit_base,ViT-B/16 AugReg,10,768,467,1.4840036947168208e-09,1.4840036947168208e-09,0.0005921858966379007
vit_base,ViT-B/16 AugReg,10,768,468,1.4746188502726587e-09,1.4746188502726587e-09,0.0005884409110008981
vit_base,ViT-B/16 AugReg,10,768,469,1.46769783516924e-09,1.46769783516924e-09,0.0005856791068697807
vit_base,ViT-B/16 AugReg,10,768,470,1.4520873148541453e-09,1.4520873148541453e-09,0.0005794497895151884
vit_base,ViT-B/16 AugReg,10,768,471,1.4489791884876829e-09,1.4489791884876829e-09,0.0005782095037896608
vit_base,ViT-B/16 AugReg,10,768,472,1.4394018029641314e-09,1.4394018029641314e-09,0.0005743876853845567
vit_base,ViT-B/16 AugReg,10,768,473,1.428786072805e-09,1.428786072805e-09,0.0005701515195952587
vit_base,ViT-B/16 AugReg,10,768,474,1.4221598522262658e-09,1.4221598522262658e-09,0.0005675073520714798
vit_base,ViT-B/16 AugReg,10,768,475,1.4196140254636739e-09,1.4196140254636739e-09,0.0005664914498136502
vit_base,ViT-B/16 AugReg,10,768,476,1.4075826732570403e-09,1.4075826732570403e-09,0.0005616903855578019
vit_base,ViT-B/16 AugReg,10,768,477,1.3955575149458518e-09,1.3955575149458518e-09,0.0005568917929518161
vit_base,ViT-B/16 AugReg,10,768,478,1.376481487534997e-09,1.376481487534997e-09,0.0005492795784830766
vit_base,ViT-B/16 AugReg,10,768,479,1.370873297304028e-09,1.370873297304028e-09,0.0005470416520060296
vit_base,ViT-B/16 AugReg,10,768,480,1.3634055158782986e-09,1.3634055158782986e-09,0.0005440616629027442
vit_base,ViT-B/16 AugReg,10,768,481,1.3524639967583846e-09,1.3524639967583846e-09,0.0005396954922970548
vit_base,ViT-B/16 AugReg,10,768,482,1.3487640623714802e-09,1.3487640623714802e-09,0.0005382190478850829
vit_base,ViT-B/16 AugReg,10,768,483,1.3305663943611236e-09,1.3305663943611236e-09,0.0005309573393153557
vit_base,ViT-B/16 AugReg,10,768,484,1.3219452702513684e-09,1.3219452702513684e-09,0.0005275171133043711
vit_base,ViT-B/16 AugReg,10,768,485,1.3183127750436553e-09,1.3183127750436553e-09,0.0005260675802342915
vit_base,ViT-B/16 AugReg,10,768,486,1.3129466204717067e-09,1.3129466204717067e-09,0.0005239262371446482
vit_base,ViT-B/16 AugReg,10,768,487,1.3038426713186366e-09,1.3038426713186366e-09,0.0005202933416799334
vit_base,ViT-B/16 AugReg,10,768,488,1.2921449014007275e-09,1.2921449014007275e-09,0.0005156253921376496
vit_base,ViT-B/16 AugReg,10,768,489,1.2820416164498531e-09,1.2820416164498531e-09,0.0005115937156135805
vit_base,ViT-B/16 AugReg,10,768,490,1.279155437560238e-09,1.279155437560238e-09,0.0005104419971645706
vit_base,ViT-B/16 AugReg,10,768,491,1.2735561527941796e-09,1.2735561527941796e-09,0.0005082076243786242
vit_base,ViT-B/16 AugReg,10,768,492,1.262245573014388e-09,1.262245573014388e-09,0.0005036941815534913
vit_base,ViT-B/16 AugReg,10,768,493,1.2565623825504848e-09,1.2565623825504848e-09,0.0005014263265254937
vit_base,ViT-B/16 AugReg,10,768,494,1.2435902908226132e-09,1.2435902908226132e-09,0.0004962498638263192
vit_base,ViT-B/16 AugReg,10,768,495,1.2342506056227283e-09,1.2342506056227283e-09,0.0004925228988099248
vit_base,ViT-B/16 AugReg,10,768,496,1.2232228641862264e-09,1.2232228641862264e-09,0.0004881223215244943
vit_base,ViT-B/16 AugReg,10,768,497,1.2158320915782525e-09,1.2158320915782525e-09,0.0004851730624901123
vit_base,ViT-B/16 AugReg,10,768,498,1.2122437011496825e-09,1.2122437011496825e-09,0.0004837411292604346
vit_base,ViT-B/16 AugReg,10,768,499,1.203155858952551e-09,1.203155858952551e-09,0.0004801146612137772
vit_base,ViT-B/16 AugReg,10,768,500,1.2001905224313793e-09,1.2001905224313793e-09,0.0004789313552200827
vit_base,ViT-B/16 AugReg,10,768,501,1.1953715840702599e-09,1.1953715840702599e-09,0.0004770083766288691
vit_base,ViT-B/16 AugReg,10,768,502,1.1893555276770304e-09,1.1893555276770304e-09,0.00047460769274773596
vit_base,ViT-B/16 AugReg,10,768,503,1.1840544356392678e-09,1.1840544356392678e-09,0.00047249231260904865
vit_base,ViT-B/16 AugReg,10,768,504,1.176441438377127e-09,1.176441438377127e-09,0.00046945437569161867
vit_base,ViT-B/16 AugReg,10,768,505,1.1616758632151121e-09,1.1616758632151121e-09,0.0004635622304106997
vit_base,ViT-B/16 AugReg,10,768,506,1.1574771482993356e-09,1.1574771482993356e-09,0.00046188674957060616
vit_base,ViT-B/16 AugReg,10,768,507,1.1549753821155032e-09,1.1549753821155032e-09,0.0004608884295151875
vit_base,ViT-B/16 AugReg,10,768,508,1.1413262398058423e-09,1.1413262398058423e-09,0.0004554417924173417
vit_base,ViT-B/16 AugReg,10,768,509,1.1329437308327036e-09,1.1329437308327036e-09,0.0004520967848476128
vit_base,ViT-B/16 AugReg,10,768,510,1.1235615343624976e-09,1.1235615343624976e-09,0.0004483528558743079
vit_base,ViT-B/16 AugReg,10,768,511,1.1154628093136865e-09,1.1154628093136865e-09,0.0004451210911747131
vit_base,ViT-B/16 AugReg,10,768,512,1.1118361271885592e-09,1.1118361271885592e-09,0.00044367387779260694
vit_base,ViT-B/16 AugReg,10,768,513,1.1002624142832867e-09,1.1002624142832867e-09,0.000439055432718219
vit_base,ViT-B/16 AugReg,10,768,514,1.0912177656954016e-09,1.0912177656954016e-09,0.00043544620091316374
vit_base,ViT-B/16 AugReg,10,768,515,1.0885969120981188e-09,1.0885969120981188e-09,0.00043440035948905613
vit_base,ViT-B/16 AugReg,10,768,516,1.0801501514060932e-09,1.0801501514060932e-09,0.00043102971252105955
vit_base,ViT-B/16 AugReg,10,768,517,1.0722175211881184e-09,1.0722175211881184e-09,0.00042786422731704547
vit_base,ViT-B/16 AugReg,10,768,518,1.0633713847575278e-09,1.0633713847575278e-09,0.0004243342110154822
vit_base,ViT-B/16 AugReg,10,768,519,1.0572418483250675e-09,1.0572418483250675e-09,0.000421888243366511
vit_base,ViT-B/16 AugReg,10,768,520,1.0535135141129616e-09,1.0535135141129616e-09,0.00042040046611486266
vit_base,ViT-B/16 AugReg,10,768,521,1.0490386411399941e-09,1.0490386411399941e-09,0.0004186147854772258
vit_base,ViT-B/16 AugReg,10,768,522,1.0422534391761232e-09,1.0422534391761232e-09,0.0004159071770506774
vit_base,ViT-B/16 AugReg,10,768,523,1.0388947203453808e-09,1.0388947203453808e-09,0.00041456689337792193
vit_base,ViT-B/16 AugReg,10,768,524,1.0317068906382244e-09,1.0317068906382244e-09,0.00041169861791798436
vit_base,ViT-B/16 AugReg,10,768,525,1.0211834850193288e-09,1.0211834850193288e-09,0.0004074992938770161
vit_base,ViT-B/16 AugReg,10,768,526,1.0168185047376883e-09,1.0168185047376883e-09,0.00040575746549000307
vit_base,ViT-B/16 AugReg,10,768,527,1.009793260052106e-09,1.009793260052106e-09,0.00040295406894992505
vit_base,ViT-B/16 AugReg,10,768,528,1.0087126419658434e-09,1.0087126419658434e-09,0.0004025228525098213
vit_base,ViT-B/16 AugReg,10,768,529,1.0016156384746782e-09,1.0016156384746782e-09,0.0003996908208977572
vit_base,ViT-B/16 AugReg,10,768,530,9.97198156206326e-10,9.97198156206326e-10,0.00039792804179735516
vit_base,ViT-B/16 AugReg,10,768,531,9.91645443042435e-10,9.91645443042435e-10,0.0003957122532279343
vit_base,ViT-B/16 AugReg,10,768,532,9.796816052904315e-10,9.796816052904315e-10,0.00039093813035234905
vit_base,ViT-B/16 AugReg,10,768,533,9.705367481909538e-10,9.705367481909538e-10,0.0003872889107308891
vit_base,ViT-B/16 AugReg,10,768,534,9.61532111541425e-10,9.61532111541425e-10,0.00038369564553405463
vit_base,ViT-B/16 AugReg,10,768,535,9.574067223030753e-10,9.574067223030753e-10,0.0003820494250200561
vit_base,ViT-B/16 AugReg,10,768,536,9.546259319831853e-10,9.546259319831853e-10,0.000380939761469481
vit_base,ViT-B/16 AugReg,10,768,537,9.486448417343266e-10,9.486448417343266e-10,0.0003785530306921237
vit_base,ViT-B/16 AugReg,10,768,538,9.451776912232581e-10,9.451776912232581e-10,0.00037716947777949604
vit_base,ViT-B/16 AugReg,10,768,539,9.39216008692781e-10,9.39216008692781e-10,0.00037479049157659796
vit_base,ViT-B/16 AugReg,10,768,540,9.325748311900637e-10,9.325748311900637e-10,0.00037214035555053603
vit_base,ViT-B/16 AugReg,10,768,541,9.199693394012243e-10,9.199693394012243e-10,0.00036711018312973216
vit_base,ViT-B/16 AugReg,10,768,542,9.149675393303572e-10,9.149675393303572e-10,0.00036511423428518754
vit_base,ViT-B/16 AugReg,10,768,543,9.118025369227621e-10,9.118025369227621e-10,0.0003638512523968841
vit_base,ViT-B/16 AugReg,10,768,544,9.104852400655354e-10,9.104852400655354e-10,0.0003633255902146993
vit_base,ViT-B/16 AugReg,10,768,545,9.02666191682511e-10,9.02666191682511e-10,0.00036020542939970893
vit_base,ViT-B/16 AugReg,10,768,546,8.994100108520749e-10,8.994100108520749e-10,0.00035890606311675974
vit_base,ViT-B/16 AugReg,10,768,547,8.938495879406654e-10,8.938495879406654e-10,0.00035668719800260835
vit_base,ViT-B/16 AugReg,10,768,548,8.904209065025771e-10,8.904209065025771e-10,0.0003553189960237801
vit_base,ViT-B/16 AugReg,10,768,549,8.866272096933538e-10,8.866272096933538e-10,0.0003538051360822312
vit_base,ViT-B/16 AugReg,10,768,550,8.797486788453685e-10,8.797486788453685e-10,0.00035106028512783865
vit_base,ViT-B/16 AugReg,10,768,551,8.771712318321479e-10,8.771712318321479e-10,0.0003500317649321042
vit_base,ViT-B/16 AugReg,10,768,552,8.676233197311106e-10,8.676233197311106e-10,0.00034622170778150427
vit_base,ViT-B/16 AugReg,10,768,553,8.638627512143118e-10,8.638627512143118e-10,0.00034472106755606755
vit_base,ViT-B/16 AugReg,10,768,554,8.562599341829686e-10,8.562599341829686e-10,0.00034168719302010215
vit_base,ViT-B/16 AugReg,10,768,555,8.472378084914938e-10,8.472378084914938e-10,0.00033808694888917
vit_base,ViT-B/16 AugReg,10,768,556,8.461437214437762e-10,8.461437214437762e-10,0.00033765035771243703
vit_base,ViT-B/16 AugReg,10,768,557,8.380382161413816e-10,8.380382161413816e-10,0.0003344158873790476
vit_base,ViT-B/16 AugReg,10,768,558,8.330216867259761e-10,8.330216867259761e-10,0.0003324140608469114
vit_base,ViT-B/16 AugReg,10,768,559,8.251629095059572e-10,8.251629095059572e-10,0.0003292780463941964
vit_base,ViT-B/16 AugReg,10,768,560,8.223365905488714e-10,8.223365905488714e-10,0.00032815021481820704
vit_base,ViT-B/16 AugReg,10,768,561,8.181193903033424e-10,8.181193903033424e-10,0.0003264673574792455
vit_base,ViT-B/16 AugReg,10,768,562,8.08315491323195e-10,8.08315491323195e-10,0.000322555149761182
vit_base,ViT-B/16 AugReg,10,768,563,8.069394456549376e-10,8.069394456549376e-10,0.00032200604409468483
vit_base,ViT-B/16 AugReg,10,768,564,8.033163371893778e-10,8.033163371893778e-10,0.00032056025676751557
vit_base,ViT-B/16 AugReg,10,768,565,7.981289239144964e-10,7.981289239144964e-10,0.0003184902396965654
vit_base,ViT-B/16 AugReg,10,768,566,7.954919161672074e-10,7.954919161672074e-10,0.0003174379520217915
vit_base,ViT-B/16 AugReg,10,768,567,7.878839664394981e-10,7.878839664394981e-10,0.0003144020293033246
vit_base,ViT-B/16 AugReg,10,768,568,7.832998162564851e-10,7.832998162564851e-10,0.0003125727420204729
vit_base,ViT-B/16 AugReg,10,768,569,7.77185391730598e-10,7.77185391730598e-10,0.00031013280471898385
vit_base,ViT-B/16 AugReg,10,768,570,7.738241121375478e-10,7.738241121375478e-10,0.00030879149918399936
vit_base,ViT-B/16 AugReg,10,768,571,7.683629669096657e-10,7.683629669096657e-10,0.0003066122504429372
vit_base,ViT-B/16 AugReg,10,768,572,7.657632301371128e-10,7.657632301371128e-10,0.000305574835605523
vit_base,ViT-B/16 AugReg,10,768,573,7.604822505761183e-10,7.604822505761183e-10,0.00030346748127238525
vit_base,ViT-B/16 AugReg,10,768,574,7.554892585572003e-10,7.554892585572003e-10,0.00030147504724667814
vit_base,ViT-B/16 AugReg,10,768,575,7.516800112305117e-10,7.516800112305117e-10,0.00029995498193167834
vit_base,ViT-B/16 AugReg,10,768,576,7.489449101322214e-10,7.489449101322214e-10,0.00029886355048709863
vit_base,ViT-B/16 AugReg,10,768,577,7.410165586105155e-10,7.410165586105155e-10,0.00029569977268017225
vit_base,ViT-B/16 AugReg,10,768,578,7.384573069841012e-10,7.384573069841012e-10,0.00029467851328270197
vit_base,ViT-B/16 AugReg,10,768,579,7.291266708860237e-10,7.291266708860237e-10,0.00029095515927515255
vit_base,ViT-B/16 AugReg,10,768,580,7.256267059515671e-10,7.256267059515671e-10,0.00028955851189462975
vit_base,ViT-B/16 AugReg,10,768,581,7.202530837419108e-10,7.202530837419108e-10,0.00028741418887323335
vit_base,ViT-B/16 AugReg,10,768,582,7.180308297099759e-10,7.180308297099759e-10,0.00028652740705379206
vit_base,ViT-B/16 AugReg,10,768,583,7.13224420915534e-10,7.13224420915534e-10,0.00028460942833737925
vit_base,ViT-B/16 AugReg,10,768,584,7.112035287239762e-10,7.112035287239762e-10,0.00028380299917636924
vit_base,ViT-B/16 AugReg,10,768,585,7.008881649324846e-10,7.008881649324846e-10,0.00027968669341664796
vit_base,ViT-B/16 AugReg,10,768,586,6.980554070695092e-10,6.980554070695092e-10,0.00027855629242033215
vit_base,ViT-B/16 AugReg,10,768,587,6.941121548307351e-10,6.941121548307351e-10,0.00027698275296689207
vit_base,ViT-B/16 AugReg,10,768,588,6.915445199242913e-10,6.915445199242913e-10,0.000275958148254165
vit_base,ViT-B/16 AugReg,10,768,589,6.901255655948222e-10,6.901255655948222e-10,0.00027539192005346955
vit_base,ViT-B/16 AugReg,10,768,590,6.865236696035884e-10,6.865236696035884e-10,0.0002739545974815926
vit_base,ViT-B/16 AugReg,10,768,591,6.835505886982204e-10,6.835505886982204e-10,0.00027276820112153615
vit_base,ViT-B/16 AugReg,10,768,592,6.734592546565292e-10,6.734592546565292e-10,0.00026874129356124754
vit_base,ViT-B/16 AugReg,10,768,593,6.688095333385767e-10,6.688095333385767e-10,0.0002668858403722893
vit_base,ViT-B/16 AugReg,10,768,594,6.639707309939695e-10,6.639707309939695e-10,0.00026495493513580226
vit_base,ViT-B/16 AugReg,10,768,595,6.595638329305268e-10,6.595638329305268e-10,0.0002631963796211615
vit_base,ViT-B/16 AugReg,10,768,596,6.560908507185532e-10,6.560908507185532e-10,0.00026181049959099245
vit_base,ViT-B/16 AugReg,10,768,597,6.524085857213913e-10,6.524085857213913e-10,0.00026034110608020417
vit_base,ViT-B/16 AugReg,10,768,598,6.485336258248419e-10,6.485336258248419e-10,0.0002587948184200432
vit_base,ViT-B/16 AugReg,10,768,599,6.43775541432556e-10,6.43775541432556e-10,0.0002568961233681671
vit_base,ViT-B/16 AugReg,10,768,600,6.391510985654417e-10,6.391510985654417e-10,0.00025505075744659817
vit_base,ViT-B/16 AugReg,10,768,601,6.367535495736217e-10,6.367535495736217e-10,0.00025409402485589855
vit_base,ViT-B/16 AugReg,10,768,602,6.328972155920495e-10,6.328972155920495e-10,0.000252555169794592
vit_base,ViT-B/16 AugReg,10,768,603,6.29951118122981e-10,6.29951118122981e-10,0.00025137954106973506
vit_base,ViT-B/16 AugReg,10,768,604,6.25558673704369e-10,6.25558673704369e-10,0.00024962675322579085
vit_base,ViT-B/16 AugReg,10,768,605,6.185196949045691e-10,6.185196949045691e-10,0.00024681787614090595
vit_base,ViT-B/16 AugReg,10,768,606,6.175639993872175e-10,6.175639993872175e-10,0.00024643650956555945
vit_base,ViT-B/16 AugReg,10,768,607,6.147866035116594e-10,6.147866035116594e-10,0.0002453282005547792
vit_base,ViT-B/16 AugReg,10,768,608,6.117255796822666e-10,6.117255796822666e-10,0.00024410671091328284
vit_base,ViT-B/16 AugReg,10,768,609,6.083915165136086e-10,6.083915165136086e-10,0.00024277626598648912
vit_base,ViT-B/16 AugReg,10,768,610,6.024722146961629e-10,6.024722146961629e-10,0.0002404141916421235
vit_base,ViT-B/16 AugReg,10,768,611,5.988863328871426e-10,5.988863328871426e-10,0.0002389832594673101
vit_base,ViT-B/16 AugReg,10,768,612,5.964528156837785e-10,5.964528156837785e-10,0.00023801217390183047
vit_base,ViT-B/16 AugReg,10,768,613,5.918785334611927e-10,5.918785334611927e-10,0.00023618682439016794
vit_base,ViT-B/16 AugReg,10,768,614,5.871745304915081e-10,5.871745304915081e-10,0.00023430971031942324
vit_base,ViT-B/16 AugReg,10,768,615,5.841624294757733e-10,5.841624294757733e-10,0.00023310774313624368
vit_base,ViT-B/16 AugReg,10,768,616,5.819925496062015e-10,5.819925496062015e-10,0.0002322418610223827
vit_base,ViT-B/16 AugReg,10,768,617,5.773677020675032e-10,5.773677020675032e-10,0.0002303963336181937
vit_base,ViT-B/16 AugReg,10,768,618,5.723080145440561e-10,5.723080145440561e-10,0.0002283772850110729
vit_base,ViT-B/16 AugReg,10,768,619,5.659670736541812e-10,5.659670736541812e-10,0.0002258469572364409
vit_base,ViT-B/16 AugReg,10,768,620,5.652879910742668e-10,5.652879910742668e-10,0.00022557597197682901
vit_base,ViT-B/16 AugReg,10,768,621,5.587432093055722e-10,5.587432093055722e-10,0.00022296430229312692
vit_base,ViT-B/16 AugReg,10,768,622,5.553281769770926e-10,5.553281769770926e-10,0.0002216015469383473
vit_base,ViT-B/16 AugReg,10,768,623,5.543886162256881e-10,5.543886162256881e-10,0.00022122661887853383
vit_base,ViT-B/16 AugReg,10,768,624,5.506538540513755e-10,5.506538540513755e-10,0.0002197362765735932
vit_base,ViT-B/16 AugReg,10,768,625,5.482939897492892e-10,5.482939897492892e-10,0.0002187945819116123
vit_base,ViT-B/16 AugReg,10,768,626,5.439443771555846e-10,5.439443771555846e-10,0.00021705888594063838
vit_base,ViT-B/16 AugReg,10,768,627,5.410256968072297e-10,5.410256968072297e-10,0.00021589419791105783
vit_base,ViT-B/16 AugReg,10,768,628,5.381278128718654e-10,5.381278128718654e-10,0.00021473780860911356
vit_base,ViT-B/16 AugReg,10,768,629,5.361467284235914e-10,5.361467284235914e-10,0.00021394726457307572
vit_base,ViT-B/16 AugReg,10,768,630,5.306001058784996e-10,5.306001058784996e-10,0.00021173390644137376
vit_base,ViT-B/16 AugReg,10,768,631,5.273786350796685e-10,5.273786350796685e-10,0.00021044839106139848
vit_base,ViT-B/16 AugReg,10,768,632,5.25370172885636e-10,5.25370172885636e-10,0.0002096469220425067
vit_base,ViT-B/16 AugReg,10,768,633,5.181950303177602e-10,5.181950303177602e-10,0.00020678370933610365
vit_base,ViT-B/16 AugReg,10,768,634,5.169471787018387e-10,5.169471787018387e-10,0.0002062857590070874
vit_base,ViT-B/16 AugReg,10,768,635,5.153685129010635e-10,5.153685129010635e-10,0.0002056557985655792
vit_base,ViT-B/16 AugReg,10,768,636,5.133736890844328e-10,5.133736890844328e-10,0.00020485977188809072
vit_base,ViT-B/16 AugReg,10,768,637,5.070093199891449e-10,5.070093199891449e-10,0.00020232009517930273
vit_base,ViT-B/16 AugReg,10,768,638,5.033768624464261e-10,5.033768624464261e-10,0.00020087057713929238
vit_base,ViT-B/16 AugReg,10,768,639,5.00827360210696e-10,5.00827360210696e-10,0.00019985320819821689
vit_base,ViT-B/16 AugReg,10,768,640,4.969388499992363e-10,4.969388499992363e-10,0.00019830151333764695
vit_base,ViT-B/16 AugReg,10,768,641,4.927931678927585e-10,4.927931678927585e-10,0.00019664719503362902
vit_base,ViT-B/16 AugReg,10,768,642,4.907513456624185e-10,4.907513456624185e-10,0.0001958324138221309
vit_base,ViT-B/16 AugReg,10,768,643,4.860766760753701e-10,4.860766760753701e-10,0.0001939670051235222
vit_base,ViT-B/16 AugReg,10,768,644,4.858919279548694e-10,4.858919279548694e-10,0.00019389328210532464
vit_base,ViT-B/16 AugReg,10,768,645,4.823266247583405e-10,4.823266247583405e-10,0.00019247056174570633
vit_base,ViT-B/16 AugReg,10,768,646,4.765287714827932e-10,4.765287714827932e-10,0.00019015695096914412
vit_base,ViT-B/16 AugReg,10,768,647,4.726371551749469e-10,4.726371551749469e-10,0.0001886040166329042
vit_base,ViT-B/16 AugReg,10,768,648,4.678181605780515e-10,4.678181605780515e-10,0.00018668101560102317
vit_base,ViT-B/16 AugReg,10,768,649,4.624628320091171e-10,4.624628320091171e-10,0.00018454399258573334
vit_base,ViT-B/16 AugReg,10,768,650,4.6135796255323395e-10,4.6135796255323395e-10,0.0001841030987310015
vit_base,ViT-B/16 AugReg,10,768,651,4.6034353907832945e-10,4.6034353907832945e-10,0.00018369829699284177
vit_base,ViT-B/16 AugReg,10,768,652,4.576536221656549e-10,4.576536221656549e-10,0.0001826248961216144
vit_base,ViT-B/16 AugReg,10,768,653,4.5328440147798333e-10,4.5328440147798333e-10,0.00018088137561708402
vit_base,ViT-B/16 AugReg,10,768,654,4.497853825866412e-10,4.497853825866412e-10,0.00017948510575138276
vit_base,ViT-B/16 AugReg,10,768,655,4.4811329851430306e-10,4.4811329851430306e-10,0.00017881786711231693
vit_base,ViT-B/16 AugReg,10,768,656,4.4352624232439274e-10,4.4352624232439274e-10,0.000176987420198727
vit_base,ViT-B/16 AugReg,10,768,657,4.4080468592230396e-10,4.4080468592230396e-10,0.00017590139371243238
vit_base,ViT-B/16 AugReg,10,768,658,4.380380883980728e-10,4.380380883980728e-10,0.00017479739374170745
vit_base,ViT-B/16 AugReg,10,768,659,4.3468682082097177e-10,4.3468682082097177e-10,0.00017346008346270724
vit_base,ViT-B/16 AugReg,10,768,660,4.317610346100912e-10,4.317610346100912e-10,0.0001722925598663514
vit_base,ViT-B/16 AugReg,10,768,661,4.2875401566509746e-10,4.2875401566509746e-10,0.0001710926206637148
vit_base,ViT-B/16 AugReg,10,768,662,4.240673039897031e-10,4.240673039897031e-10,0.0001692224066166357
vit_base,ViT-B/16 AugReg,10,768,663,4.2254561561963827e-10,4.2254561561963827e-10,0.00016861518279701962
vit_base,ViT-B/16 AugReg,10,768,664,4.1720727391220146e-10,4.1720727391220146e-10,0.0001664849383226747
vit_base,ViT-B/16 AugReg,10,768,665,4.142148482250276e-10,4.142148482250276e-10,0.0001652908225027545
vit_base,ViT-B/16 AugReg,10,768,666,4.11029606219821e-10,4.11029606219821e-10,0.00016401976408182388
vit_base,ViT-B/16 AugReg,10,768,667,4.0736914619719895e-10,4.0736914619719895e-10,0.00016255907176123148
vit_base,ViT-B/16 AugReg,10,768,668,4.063108096149624e-10,4.063108096149624e-10,0.00016213674666855978
vit_base,ViT-B/16 AugReg,10,768,669,4.024856520923649e-10,4.024856520923649e-10,0.0001606103324518264
vit_base,ViT-B/16 AugReg,10,768,670,4.010053763501856e-10,4.010053763501856e-10,0.00016001963418013436
vit_base,ViT-B/16 AugReg,10,768,671,3.9807291231944607e-10,3.9807291231944607e-10,0.0001588494458257629
vit_base,ViT-B/16 AugReg,10,768,672,3.9309386468420073e-10,3.9309386468420073e-10,0.00015686257625207009
vit_base,ViT-B/16 AugReg,10,768,673,3.9116862107066227e-10,3.9116862107066227e-10,0.00015609431528372576
vit_base,ViT-B/16 AugReg,10,768,674,3.872031134125926e-10,3.872031134125926e-10,0.0001545118948918638
vit_base,ViT-B/16 AugReg,10,768,675,3.8174357639214334e-10,3.8174357639214334e-10,0.00015233328789971643
vit_base,ViT-B/16 AugReg,10,768,676,3.801714374417414e-10,3.801714374417414e-10,0.00015170593197243838
vit_base,ViT-B/16 AugReg,10,768,677,3.782679697121522e-10,3.782679697121522e-10,0.00015094636058580297
vit_base,ViT-B/16 AugReg,10,768,678,3.7342328223864606e-10,3.7342328223864606e-10,0.0001490131069115417
vit_base,ViT-B/16 AugReg,10,768,679,3.710253996496158e-10,3.710253996496158e-10,0.00014805624120017413
vit_base,ViT-B/16 AugReg,10,768,680,3.7015702459968504e-10,3.7015702459968504e-10,0.0001477097195173832
vit_base,ViT-B/16 AugReg,10,768,681,3.686560876562044e-10,3.686560876562044e-10,0.0001471107764737531
vit_base,ViT-B/16 AugReg,10,768,682,3.676025366135172e-10,3.676025366135172e-10,0.00014669036103200677
vit_base,ViT-B/16 AugReg,10,768,683,3.639351927412228e-10,3.639351927412228e-10,0.0001452269217380038
vit_base,ViT-B/16 AugReg,10,768,684,3.5842955336336867e-10,3.5842955336336867e-10,0.00014302991777962647
vit_base,ViT-B/16 AugReg,10,768,685,3.564794295785288e-10,3.564794295785288e-10,0.00014225172847579144
vit_base,ViT-B/16 AugReg,10,768,686,3.5073694001191097e-10,3.5073694001191097e-10,0.00013996021037172748
vit_base,ViT-B/16 AugReg,10,768,687,3.476404882428942e-10,3.476404882428942e-10,0.00013872458334885737
vit_base,ViT-B/16 AugReg,10,768,688,3.456572286255766e-10,3.456572286255766e-10,0.00013793317132008133
vit_base,ViT-B/16 AugReg,10,768,689,3.4424221309125606e-10,3.4424221309125606e-10,0.00013736851488025485
vit_base,ViT-B/16 AugReg,10,768,690,3.4320590907075034e-10,3.4320590907075034e-10,0.00013695498179556144
vit_base,ViT-B/16 AugReg,10,768,691,3.403397165363101e-10,3.403397165363101e-10,0.00013581123882377036
vit_base,ViT-B/16 AugReg,10,768,692,3.37803382612086e-10,3.37803382612086e-10,0.00013479912464613256
vit_base,ViT-B/16 AugReg,10,768,693,3.3532813093188055e-10,3.3532813093188055e-10,0.00013381138510015615
vit_base,ViT-B/16 AugReg,10,768,694,3.3255921407599935e-10,3.3255921407599935e-10,0.00013270645960916625
vit_base,ViT-B/16 AugReg,10,768,695,3.2975893503900386e-10,3.2975893503900386e-10,0.00013158901916190648
vit_base,ViT-B/16 AugReg,10,768,696,3.271585925066164e-10,3.271585925066164e-10,0.0001305513625983887
vit_base,ViT-B/16 AugReg,10,768,697,3.248768134983738e-10,3.248768134983738e-10,0.00012964082756890315
vit_base,ViT-B/16 AugReg,10,768,698,3.2000175563407663e-10,3.2000175563407663e-10,0.0001276954547084391
vit_base,ViT-B/16 AugReg,10,768,699,3.1887401481445005e-10,3.1887401481445005e-10,0.00012724543412505156
vit_base,ViT-B/16 AugReg,10,768,700,3.1742532070356813e-10,3.1742532070356813e-10,0.00012666733838037058
vit_base,ViT-B/16 AugReg,10,768,701,3.13033045556742e-10,3.13033045556742e-10,0.00012491461808367352
vit_base,ViT-B/16 AugReg,10,768,702,3.106415470071414e-10,3.106415470071414e-10,0.00012396029989838507
vit_base,ViT-B/16 AugReg,10,768,703,3.0992653344630025e-10,3.0992653344630025e-10,0.00012367497652072612
vit_base,ViT-B/16 AugReg,10,768,704,3.066188220667178e-10,3.066188220667178e-10,0.0001223550471727664
vit_base,ViT-B/16 AugReg,10,768,705,3.0353832658966733e-10,3.0353832658966733e-10,0.00012112578744608206
vit_base,ViT-B/16 AugReg,10,768,706,2.9948268882932263e-10,2.9948268882932263e-10,0.00011950740098781482
vit_base,ViT-B/16 AugReg,10,768,707,2.9671617360752654e-10,2.9671617360752654e-10,0.0001184034338595562
vit_base,ViT-B/16 AugReg,10,768,708,2.960362550174275e-10,2.960362550174275e-10,0.00011813211499333504
vit_base,ViT-B/16 AugReg,10,768,709,2.930634839839821e-10,2.930634839839821e-10,0.00011694584228646285
vit_base,ViT-B/16 AugReg,10,768,710,2.91262088620991e-10,2.91262088620991e-10,0.00011622700248031547
vit_base,ViT-B/16 AugReg,10,768,711,2.873657334700217e-10,2.873657334700217e-10,0.00011467217712717728
vit_base,ViT-B/16 AugReg,10,768,712,2.8428452837708714e-10,2.8428452837708714e-10,0.00011344263423103718
vit_base,ViT-B/16 AugReg,10,768,713,2.824903493475081e-10,2.824903493475081e-10,0.0001127266740746422
vit_base,ViT-B/16 AugReg,10,768,714,2.8126218153527365e-10,2.8126218153527365e-10,0.00011223657849085147
vit_base,ViT-B/16 AugReg,10,768,715,2.7917723710234746e-10,2.7917723710234746e-10,0.00011140458953230093
vit_base,ViT-B/16 AugReg,10,768,716,2.780827382986853e-10,2.780827382986853e-10,0.00011096783404596135
vit_base,ViT-B/16 AugReg,10,768,717,2.7397654687557133e-10,2.7397654687557133e-10,0.00010932927434538889
vit_base,ViT-B/16 AugReg,10,768,718,2.7307655196792496e-10,2.7307655196792496e-10,0.00010897013488148358
vit_base,ViT-B/16 AugReg,10,768,719,2.7122387870372013e-10,2.7122387870372013e-10,0.00010823083282849943
vit_base,ViT-B/16 AugReg,10,768,720,2.685415431546774e-10,2.685415431546774e-10,0.0001071604572709125
vit_base,ViT-B/16 AugReg,10,768,721,2.644104345348915e-10,2.644104345348915e-10,0.00010551195446001936
vit_base,ViT-B/16 AugReg,10,768,722,2.641635560715914e-10,2.641635560715914e-10,0.00010541343857042257
vit_base,ViT-B/16 AugReg,10,768,723,2.619894225643512e-10,2.619894225643512e-10,0.0001045458590590109
vit_base,ViT-B/16 AugReg,10,768,724,2.578497588045847e-10,2.578497588045847e-10,0.00010289394235281661
vit_base,ViT-B/16 AugReg,10,768,725,2.5612367199573887e-10,2.5612367199573887e-10,0.0001022051541319987
vit_base,ViT-B/16 AugReg,10,768,726,2.550532303146246e-10,2.550532303146246e-10,0.00010177799854674915
vit_base,ViT-B/16 AugReg,10,768,727,2.522743852247846e-10,2.522743852247846e-10,0.00010066911123265206
vit_base,ViT-B/16 AugReg,10,768,728,2.4931978591594303e-10,2.4931978591594303e-10,9.949008988173423e-05
vit_base,ViT-B/16 AugReg,10,768,729,2.4565324677074177e-10,2.4565324677074177e-10,9.80269717109447e-05
vit_base,ViT-B/16 AugReg,10,768,730,2.444207561485519e-10,2.444207561485519e-10,9.753515112667143e-05
vit_base,ViT-B/16 AugReg,10,768,731,2.4192840482620924e-10,2.4192840482620924e-10,9.654058803507496e-05
vit_base,ViT-B/16 AugReg,10,768,732,2.3989614403350874e-10,2.3989614403350874e-10,9.572962227804088e-05
vit_base,ViT-B/16 AugReg,10,768,733,2.3816633674426586e-10,2.3816633674426586e-10,9.503934941400563e-05
vit_base,ViT-B/16 AugReg,10,768,734,2.3598093780578787e-10,2.3598093780578787e-10,9.416727447611874e-05
vit_base,ViT-B/16 AugReg,10,768,735,2.333756000981226e-10,2.333756000981226e-10,9.31276246073543e-05
vit_base,ViT-B/16 AugReg,10,768,736,2.2931942315704032e-10,2.2931942315704032e-10,9.150902299111293e-05
vit_base,ViT-B/16 AugReg,10,768,737,2.271851410444781e-10,2.271851410444781e-10,9.065734602359226e-05
vit_base,ViT-B/16 AugReg,10,768,738,2.252384009606843e-10,2.252384009606843e-10,8.988050697248576e-05
vit_base,ViT-B/16 AugReg,10,768,739,2.234551758667143e-10,2.234551758667143e-10,8.916891794144811e-05
vit_base,ViT-B/16 AugReg,10,768,740,2.1966456126590184e-10,2.1966456126590184e-10,8.765628794316553e-05
vit_base,ViT-B/16 AugReg,10,768,741,2.184499871553633e-10,2.184499871553633e-10,8.717161687311156e-05
vit_base,ViT-B/16 AugReg,10,768,742,2.173623063062793e-10,2.173623063062793e-10,8.673758206500174e-05
vit_base,ViT-B/16 AugReg,10,768,743,2.1299783927123137e-10,2.1299783927123137e-10,8.499595848704319e-05
vit_base,ViT-B/16 AugReg,10,768,744,2.1031352381751852e-10,2.1031352381751852e-10,8.39247928562061e-05
vit_base,ViT-B/16 AugReg,10,768,745,2.077512584005631e-10,2.077512584005631e-10,8.290233081735413e-05
vit_base,ViT-B/16 AugReg,10,768,746,2.0527700889609837e-10,2.0527700889609837e-10,8.191499118570521e-05
vit_base,ViT-B/16 AugReg,10,768,747,2.0214534871721426e-10,2.0214534871721426e-10,8.066531438395602e-05
vit_base,ViT-B/16 AugReg,10,768,748,1.994910264998682e-10,1.994910264998682e-10,7.960611743731707e-05
vit_base,ViT-B/16 AugReg,10,768,749,1.95540305114801e-10,1.95540305114801e-10,7.802959745012864e-05
vit_base,ViT-B/16 AugReg,10,768,750,1.918321700481964e-10,1.918321700481964e-10,7.654988058885039e-05
vit_base,ViT-B/16 AugReg,10,768,751,1.9108351999833524e-10,1.9108351999833524e-10,7.625113470120647e-05
vit_base,ViT-B/16 AugReg,10,768,752,1.8675488305803058e-10,1.8675488305803058e-10,7.452380898305629e-05
vit_base,ViT-B/16 AugReg,10,768,753,1.8411891811276862e-10,1.8411891811276862e-10,7.34719374343713e-05
vit_base,ViT-B/16 AugReg,10,768,754,1.8138627953407424e-10,1.8138627953407424e-10,7.238148864864894e-05
vit_base,ViT-B/16 AugReg,10,768,755,1.7716507278915444e-10,1.7716507278915444e-10,7.069703253170424e-05
vit_base,ViT-B/16 AugReg,10,768,756,1.7527042011768908e-10,1.7527042011768908e-10,6.994097875969311e-05
vit_base,ViT-B/16 AugReg,10,768,757,1.7282032955773124e-10,1.7282032955773124e-10,6.896327966079056e-05
vit_base,ViT-B/16 AugReg,10,768,758,1.6941554057674802e-10,1.6941554057674802e-10,6.760461187394847e-05
vit_base,ViT-B/16 AugReg,10,768,759,1.6736668867228457e-10,1.6736668867228457e-10,6.678702549836031e-05
vit_base,ViT-B/16 AugReg,10,768,760,1.6322572958421422e-10,1.6322572958421422e-10,6.513459189644954e-05
vit_base,ViT-B/16 AugReg,10,768,761,1.6122259840461426e-10,1.6122259840461426e-10,6.433525019811159e-05
vit_base,ViT-B/16 AugReg,10,768,762,1.5608373126652724e-10,1.5608373126652724e-10,6.228460527404231e-05
vit_base,ViT-B/16 AugReg,10,768,763,1.4711744464526514e-10,1.4711744464526514e-10,5.870664350667777e-05
vit_base,ViT-B/16 AugReg,10,768,764,1.4421233655366336e-10,1.4421233655366336e-10,5.754737143331308e-05
vit_base,ViT-B/16 AugReg,10,768,765,1.4264543599019579e-10,1.4264543599019579e-10,5.6922105863946334e-05
vit_base,ViT-B/16 AugReg,10,768,766,5.973939770679577e-11,5.973939770679577e-11,2.383877406879209e-05
vit_base,ViT-B/16 AugReg,10,768,767,4.1363247429165135e-11,4.1363247429165135e-11,1.6505842845202355e-05
vit_base,ViT-B/16 AugReg,10,768,768,1.0007894406939174e-21,1.0007894406939174e-21,3.9936112989001784e-16
dinov2,DINOv2 ViT-S/14,5,384,1,0.217070113036008,0.217070113036008,1.0
dinov2,DINOv2 ViT-S/14,5,384,2,0.12094020806460332,0.12094020806460332,0.5571481323388887
dinov2,DINOv2 ViT-S/14,5,384,3,0.10057316517353915,0.10057316517353915,0.46332110748408684
dinov2,DINOv2 ViT-S/14,5,384,4,0.08673864458031336,0.08673864458031336,0.3995881485809379
dinov2,DINOv2 ViT-S/14,5,384,5,0.07876118785894987,0.07876118785894987,0.36283754938610463
dinov2,DINOv2 ViT-S/14,5,384,6,0.06560748018523853,0.06560748018523853,0.3022409638417401
dinov2,DINOv2 ViT-S/14,5,384,7,0.0606631208484885,0.0606631208484885,0.2794632572860253
dinov2,DINOv2 ViT-S/14,5,384,8,0.054483628415796806,0.054483628415796806,0.25099553159931765
dinov2,DINOv2 ViT-S/14,5,384,9,0.05272859848035979,0.05272859848035979,0.24291044834722625
dinov2,DINOv2 ViT-S/14,5,384,10,0.049362317851338995,0.049362317851338995,0.22740264498388443
dinov2,DINOv2 ViT-S/14,5,384,11,0.048543641233773444,0.048543641233773444,0.2236311602496882
dinov2,DINOv2 ViT-S/14,5,384,12,0.046498824546393064,0.046498824546393064,0.21421108551539636
dinov2,DINOv2 ViT-S/14,5,384,13,0.04424617454528706,0.04424617454528706,0.20383356292787952
dinov2,DINOv2 ViT-S/14,5,384,14,0.04226270036138658,0.04226270036138658,0.19469608123517199
dinov2,DINOv2 ViT-S/14,5,384,15,0.04053023613458754,0.04053023613458754,0.18671495383551168
dinov2,DINOv2 ViT-S/14,5,384,16,0.037030916350930546,0.037030916350930546,0.17059426483455042
dinov2,DINOv2 ViT-S/14,5,384,17,0.03490899904108363,0.03490899904108363,0.16081900245425707
dinov2,DINOv2 ViT-S/14,5,384,18,0.03179572448381867,0.03179572448381867,0.14647674909785638
dinov2,DINOv2 ViT-S/14,5,384,19,0.031439496047126904,0.031439496047126904,0.1448356736328398
dinov2,DINOv2 ViT-S/14,5,384,20,0.02953431831146486,0.02953431831146486,0.13605888852403025
dinov2,DINOv2 ViT-S/14,5,384,21,0.028460461330164007,0.028460461330164007,0.131111837240546
dinov2,DINOv2 ViT-S/14,5,384,22,0.027277393962190206,0.027277393962190206,0.12566167484173826
dinov2,DINOv2 ViT-S/14,5,384,23,0.026330595446166286,0.026330595446166286,0.12129995731747058
dinov2,DINOv2 ViT-S/14,5,384,24,0.025653955246876206,0.025653955246876206,0.11818280687319069
dinov2,DINOv2 ViT-S/14,5,384,25,0.024570355278057298,0.024570355278057298,0.113190871531824
dinov2,DINOv2 ViT-S/14,5,384,26,0.02429966956070843,0.02429966956070843,0.11194387481927351
dinov2,DINOv2 ViT-S/14,5,384,27,0.02274352633953383,0.02274352633953383,0.104775024168164
dinov2,DINOv2 ViT-S/14,5,384,28,0.022567335575021073,0.022567335575021073,0.10396334741520846
dinov2,DINOv2 ViT-S/14,5,384,29,0.022171119944439776,0.022171119944439776,0.10213805868688144
dinov2,DINOv2 ViT-S/14,5,384,30,0.021194519861810954,0.021194519861810954,0.0976390511129239
dinov2,DINOv2 ViT-S/14,5,384,31,0.020805329004405217,0.020805329004405217,0.09584612415507421
dinov2,DINOv2 ViT-S/14,5,384,32,0.02028821235780389,0.02028821235780389,0.09346386784457261
dinov2,DINOv2 ViT-S/14,5,384,33,0.019848826912038094,0.019848826912038094,0.0914397041325792
dinov2,DINOv2 ViT-S/14,5,384,34,0.019452704084763742,0.019452704084763742,0.08961484293112654
dinov2,DINOv2 ViT-S/14,5,384,35,0.01911547424688488,0.01911547424688488,0.0880612903339391
dinov2,DINOv2 ViT-S/14,5,384,36,0.018772156813544365,0.018772156813544365,0.0864796933626252
dinov2,DINOv2 ViT-S/14,5,384,37,0.01851514096432401,0.01851514096432401,0.085295671086939
dinov2,DINOv2 ViT-S/14,5,384,38,0.017963634899177978,0.017963634899177978,0.08275498938077272
dinov2,DINOv2 ViT-S/14,5,384,39,0.01777594928913672,0.01777594928913672,0.08189035809912723
dinov2,DINOv2 ViT-S/14,5,384,40,0.017397877738244635,0.017397877738244635,0.08014865563440621
dinov2,DINOv2 ViT-S/14,5,384,41,0.01712755291630689,0.01712755291630689,0.0789033214971687
dinov2,DINOv2 ViT-S/14,5,384,42,0.01678061770226401,0.01678061770226401,0.07730505811032773
dinov2,DINOv2 ViT-S/14,5,384,43,0.016054182958041927,0.016054182958041927,0.0739585138345546
dinov2,DINOv2 ViT-S/14,5,384,44,0.015922199688804622,0.015922199688804622,0.07335049245661662
dinov2,DINOv2 ViT-S/14,5,384,45,0.015419492138045936,0.015419492138045936,0.07103461606199155
dinov2,DINOv2 ViT-S/14,5,384,46,0.015100342639834464,0.015100342639834464,0.06956435609046553
dinov2,DINOv2 ViT-S/14,5,384,47,0.014837543871444937,0.014837543871444937,0.06835369302536667
dinov2,DINOv2 ViT-S/14,5,384,48,0.014754525404529489,0.014754525404529489,0.06797124301530161
dinov2,DINOv2 ViT-S/14,5,384,49,0.014434088520871117,0.014434088520871117,0.0664950523081764
dinov2,DINOv2 ViT-S/14,5,384,50,0.014367754199098323,0.014367754199098323,0.06618946292581039
dinov2,DINOv2 ViT-S/14,5,384,51,0.014287033354530496,0.014287033354530496,0.06581759761722948
dinov2,DINOv2 ViT-S/14,5,384,52,0.013796860175213572,0.013796860175213572,0.0635594646459917
dinov2,DINOv2 ViT-S/14,5,384,53,0.013649302950310967,0.013649302950310967,0.06287969706841584
dinov2,DINOv2 ViT-S/14,5,384,54,0.013487202656859086,0.013487202656859086,0.06213293238863244
dinov2,DINOv2 ViT-S/14,5,384,55,0.013240601247112944,0.013240601247112944,0.06099688742004095
dinov2,DINOv2 ViT-S/14,5,384,56,0.013156194945896649,0.013156194945896649,0.06060804392594697
dinov2,DINOv2 ViT-S/14,5,384,57,0.012970722442493754,0.012970722442493754,0.05975360799826988
dinov2,DINOv2 ViT-S/14,5,384,58,0.01279968965205294,0.01279968965205294,0.05896569303361308
dinov2,DINOv2 ViT-S/14,5,384,59,0.012516499866344472,0.012516499866344472,0.0576610924981101
dinov2,DINOv2 ViT-S/14,5,384,60,0.012461502746226713,0.012461502746226713,0.057407731409618676
dinov2,DINOv2 ViT-S/14,5,384,61,0.012023147011485987,0.012023147011485987,0.05538831137703219
dinov2,DINOv2 ViT-S/14,5,384,62,0.011913692130059429,0.011913692130059429,0.05488407392169719
dinov2,DINOv2 ViT-S/14,5,384,63,0.011827856607425725,0.011827856607425725,0.0544886462811382
dinov2,DINOv2 ViT-S/14,5,384,64,0.011449272497921057,0.011449272497921057,0.052744582558087255
dinov2,DINOv2 ViT-S/14,5,384,65,0.01140139054884301,0.01140139054884301,0.05252399968553813
dinov2,DINOv2 ViT-S/14,5,384,66,0.011294054702132707,0.011294054702132707,0.05202952421303263
dinov2,DINOv2 ViT-S/14,5,384,67,0.01120607405973818,0.01120607405973818,0.05162421442089218
dinov2,DINOv2 ViT-S/14,5,384,68,0.01105718335480514,0.01105718335480514,0.05093830375889173
dinov2,DINOv2 ViT-S/14,5,384,69,0.010741994785980948,0.010741994785980948,0.04948629102247275
dinov2,DINOv2 ViT-S/14,5,384,70,0.010634977548821216,0.010634977548821216,0.048993283322504494
dinov2,DINOv2 ViT-S/14,5,384,71,0.010622179193618709,0.010622179193618709,0.04893432377702167
dinov2,DINOv2 ViT-S/14,5,384,72,0.01050349189380641,0.01050349189380641,0.04838755435698359
dinov2,DINOv2 ViT-S/14,5,384,73,0.010433486245842323,0.010433486245842323,0.04806505188538597
dinov2,DINOv2 ViT-S/14,5,384,74,0.01031583836350403,0.01031583836350403,0.04752307086048653
dinov2,DINOv2 ViT-S/14,5,384,75,0.010184751010064594,0.010184751010064594,0.04691917679323789
dinov2,DINOv2 ViT-S/14,5,384,76,0.009963963153265813,0.009963963153265813,0.04590204986723792
dinov2,DINOv2 ViT-S/14,5,384,77,0.009876607878862393,0.009876607878862393,0.04549962102440165
dinov2,DINOv2 ViT-S/14,5,384,78,0.009710637707963675,0.009710637707963675,0.044735028568179055
dinov2,DINOv2 ViT-S/14,5,384,79,0.009582501503028987,0.009582501503028987,0.04414472987094001
dinov2,DINOv2 ViT-S/14,5,384,80,0.00954057567947569,0.00954057567947569,0.04395158571596211
dinov2,DINOv2 ViT-S/14,5,384,81,0.009359520380434114,0.009359520380434114,0.04311749899389208
dinov2,DINOv2 ViT-S/14,5,384,82,0.00924971444171756,0.00924971444171756,0.042611644285564076
dinov2,DINOv2 ViT-S/14,5,384,83,0.009069198119642323,0.009069198119642323,0.04178004052606683
dinov2,DINOv2 ViT-S/14,5,384,84,0.008983937034237667,0.008983937034237667,0.041387259206648104
dinov2,DINOv2 ViT-S/14,5,384,85,0.00891208400271745,0.00891208400271745,0.04105624619654156
dinov2,DINOv2 ViT-S/14,5,384,86,0.008835743947860953,0.008835743947860953,0.040704562338322745
dinov2,DINOv2 ViT-S/14,5,384,87,0.008726998946965004,0.008726998946965004,0.04020359516520523
dinov2,DINOv2 ViT-S/14,5,384,88,0.008700874466600067,0.008700874466600067,0.04008324474017641
dinov2,DINOv2 ViT-S/14,5,384,89,0.008587533756137631,0.008587533756137631,0.0395611060225187
dinov2,DINOv2 ViT-S/14,5,384,90,0.008526713647516405,0.008526713647516405,0.03928091955294637
dinov2,DINOv2 ViT-S/14,5,384,91,0.008394743800253639,0.008394743800253639,0.038672960007447466
dinov2,DINOv2 ViT-S/14,5,384,92,0.008309697885800046,0.008309697885800046,0.03828116993895708
dinov2,DINOv2 ViT-S/14,5,384,93,0.008218156698826654,0.008218156698826654,0.03785945740703332
dinov2,DINOv2 ViT-S/14,5,384,94,0.008139937422521316,0.008139937422521316,0.037499116339295625
dinov2,DINOv2 ViT-S/14,5,384,95,0.008097714718680222,0.008097714718680222,0.03730460451428869
dinov2,DINOv2 ViT-S/14,5,384,96,0.008022216070480198,0.008022216070480198,0.03695679685369426
dinov2,DINOv2 ViT-S/14,5,384,97,0.00791026826181702,0.00791026826181702,0.03644107496504988
dinov2,DINOv2 ViT-S/14,5,384,98,0.007874484284596773,0.007874484284596773,0.03627622510746349
dinov2,DINOv2 ViT-S/14,5,384,99,0.007784157758808049,0.007784157758808049,0.035860108284537534
dinov2,DINOv2 ViT-S/14,5,384,100,0.007768319205274426,0.007768319205274426,0.03578714313372934
dinov2,DINOv2 ViT-S/14,5,384,101,0.00759627238698713,0.00759627238698713,0.03499455673903411
dinov2,DINOv2 ViT-S/14,5,384,102,0.007497659481057325,0.007497659481057325,0.0345402661665063
dinov2,DINOv2 ViT-S/14,5,384,103,0.007460986253140637,0.007460986253140637,0.03437131970306292
dinov2,DINOv2 ViT-S/14,5,384,104,0.00737875205124303,0.00737875205124303,0.03399248265015198
dinov2,DINOv2 ViT-S/14,5,384,105,0.007334131596831307,0.007334131596831307,0.03378692485231584
dinov2,DINOv2 ViT-S/14,5,384,106,0.007269345887797001,0.007269345887797001,0.03348846962912461
dinov2,DINOv2 ViT-S/14,5,384,107,0.007250341365214702,0.007250341365214702,0.03340091947163634
dinov2,DINOv2 ViT-S/14,5,384,108,0.007179242632075021,0.007179242632075021,0.033073381368185474
dinov2,DINOv2 ViT-S/14,5,384,109,0.00712810211776185,0.00712810211776185,0.032837786916245934
dinov2,DINOv2 ViT-S/14,5,384,110,0.0070592919995759295,0.0070592919995759295,0.032520792018958966
dinov2,DINOv2 ViT-S/14,5,384,111,0.006981299641006748,0.006981299641006748,0.032161496317315116
dinov2,DINOv2 ViT-S/14,5,384,112,0.0068773172079239255,0.0068773172079239255,0.031682469372387084
dinov2,DINOv2 ViT-S/14,5,384,113,0.0067557237115963035,0.0067557237115963035,0.03112231166745489
dinov2,DINOv2 ViT-S/14,5,384,114,0.00669247796882395,0.00669247796882395,0.030830950770794455
dinov2,DINOv2 ViT-S/14,5,384,115,0.006646160859960499,0.006646160859960499,0.03061757681426195
dinov2,DINOv2 ViT-S/14,5,384,116,0.006625238438136596,0.006625238438136596,0.030521191266149054
dinov2,DINOv2 ViT-S/14,5,384,117,0.006564200584902901,0.006564200584902901,0.03024000168928838
dinov2,DINOv2 ViT-S/14,5,384,118,0.006527429255826644,0.006527429255826644,0.030070603292788912
dinov2,DINOv2 ViT-S/14,5,384,119,0.006487956489249448,0.006487956489249448,0.02988875989654648
dinov2,DINOv2 ViT-S/14,5,384,120,0.006433346795502693,0.006433346795502693,0.029637183606365546
dinov2,DINOv2 ViT-S/14,5,384,121,0.00638039019001426,0.00638039019001426,0.029393222773859563
dinov2,DINOv2 ViT-S/14,5,384,122,0.006337720065336251,0.006337720065336251,0.029196649767648748
dinov2,DINOv2 ViT-S/14,5,384,123,0.006253790766211962,0.006253790766211962,0.028810003729875844
dinov2,DINOv2 ViT-S/14,5,384,124,0.006221176528522626,0.006221176528522626,0.028659756248851472
dinov2,DINOv2 ViT-S/14,5,384,125,0.006177238004600067,0.006177238004600067,0.028457339972801206
dinov2,DINOv2 ViT-S/14,5,384,126,0.006154844893522564,0.006154844893522564,0.02835417924392745
dinov2,DINOv2 ViT-S/14,5,384,127,0.006080239707739297,0.006080239707739297,0.028010487591770383
dinov2,DINOv2 ViT-S/14,5,384,128,0.0060238462433010375,0.0060238462433010375,0.02775069381523651
dinov2,DINOv2 ViT-S/14,5,384,129,0.005980045683303211,0.005980045683303211,0.027548913112286577
dinov2,DINOv2 ViT-S/14,5,384,130,0.00592646107354117,0.00592646107354117,0.027302059185633155
dinov2,DINOv2 ViT-S/14,5,384,131,0.005836224911474841,0.005836224911474841,0.026886358650887683
dinov2,DINOv2 ViT-S/14,5,384,132,0.005826903399018523,0.005826903399018523,0.02684341624704431
dinov2,DINOv2 ViT-S/14,5,384,133,0.00576174142993887,0.00576174142993887,0.026543227666643823
dinov2,DINOv2 ViT-S/14,5,384,134,0.005721609215281974,0.005721609215281974,0.026358346320724778
dinov2,DINOv2 ViT-S/14,5,384,135,0.005705595983029718,0.005705595983029718,0.026284576458866372
dinov2,DINOv2 ViT-S/14,5,384,136,0.005611226870735549,0.005611226870735549,0.02584983622229352
dinov2,DINOv2 ViT-S/14,5,384,137,0.005575101579707205,0.005575101579707205,0.025683413998049544
dinov2,DINOv2 ViT-S/14,5,384,138,0.005530397518191469,0.005530397518191469,0.02547747103846616
dinov2,DINOv2 ViT-S/14,5,384,139,0.005482493521513567,0.005482493521513567,0.025256786596891487
dinov2,DINOv2 ViT-S/14,5,384,140,0.005476694847839653,0.005476694847839653,0.025230073229524547
dinov2,DINOv2 ViT-S/14,5,384,141,0.005456088647664059,0.005456088647664059,0.025135144453345325
dinov2,DINOv2 ViT-S/14,5,384,142,0.005389737695572398,0.005389737695572398,0.024829478458318847
dinov2,DINOv2 ViT-S/14,5,384,143,0.005360202936652307,0.005360202936652307,0.024693417539996147
dinov2,DINOv2 ViT-S/14,5,384,144,0.005335348384502626,0.005335348384502626,0.024578917428478918
dinov2,DINOv2 ViT-S/14,5,384,145,0.005241956627622118,0.005241956627622118,0.02414867967914391
dinov2,DINOv2 ViT-S/14,5,384,146,0.00520192208470134,0.00520192208470134,0.02396424828801022
dinov2,DINOv2 ViT-S/14,5,384,147,0.005160493691488191,0.005160493691488191,0.02377339569833899
dinov2,DINOv2 ViT-S/14,5,384,148,0.005130394218534367,0.005130394218534367,0.023634733251755052
dinov2,DINOv2 ViT-S/14,5,384,149,0.0051264998947361156,0.0051264998947361156,0.02361679285570613
dinov2,DINOv2 ViT-S/14,5,384,150,0.005108097793944867,0.005108097793944867,0.02353201793881927
dinov2,DINOv2 ViT-S/14,5,384,151,0.0050899609420849605,0.0050899609420849605,0.02344846497242404
dinov2,DINOv2 ViT-S/14,5,384,152,0.00504590410285981,0.00504590410285981,0.023245503640672936
dinov2,DINOv2 ViT-S/14,5,384,153,0.005026734450952367,0.005026734450952367,0.023157192764342104
dinov2,DINOv2 ViT-S/14,5,384,154,0.0049338622243792095,0.0049338622243792095,0.02272934839058554
dinov2,DINOv2 ViT-S/14,5,384,155,0.004911215793183767,0.004911215793183767,0.02262502066495485
dinov2,DINOv2 ViT-S/14,5,384,156,0.004891613145723493,0.004891613145723493,0.022534715061912104
dinov2,DINOv2 ViT-S/14,5,384,157,0.004857549030341424,0.004857549030341424,0.02237778827496001
dinov2,DINOv2 ViT-S/14,5,384,158,0.004818757524687503,0.004818757524687503,0.022199083315942985
dinov2,DINOv2 ViT-S/14,5,384,159,0.004790606740660425,0.004790606740660425,0.022069398102104225
dinov2,DINOv2 ViT-S/14,5,384,160,0.004723781530823367,0.004723781530823367,0.02176154729343038
dinov2,DINOv2 ViT-S/14,5,384,161,0.0047005451222335935,0.0047005451222335935,0.02165450165612554
dinov2,DINOv2 ViT-S/14,5,384,162,0.004667495297448721,0.004667495297448721,0.021502247509653565
dinov2,DINOv2 ViT-S/14,5,384,163,0.004605830553503491,0.004605830553503491,0.021218169968610406
dinov2,DINOv2 ViT-S/14,5,384,164,0.004599729478994808,0.004599729478994808,0.021190063499122957
dinov2,DINOv2 ViT-S/14,5,384,165,0.00456607029955792,0.00456607029955792,0.021035002173700863
dinov2,DINOv2 ViT-S/14,5,384,166,0.004544251804893783,0.004544251804893783,0.02093448859143485
dinov2,DINOv2 ViT-S/14,5,384,167,0.004514363204285655,0.004514363204285655,0.02079679759293627
dinov2,DINOv2 ViT-S/14,5,384,168,0.004493365097598643,0.004493365097598643,0.020700063379306733
dinov2,DINOv2 ViT-S/14,5,384,169,0.0044669000866527885,0.0044669000866527885,0.02057814419579636
dinov2,DINOv2 ViT-S/14,5,384,170,0.0044457248919342164,0.0044457248919342164,0.02048059417187824
dinov2,DINOv2 ViT-S/14,5,384,171,0.004418844948812235,0.004418844948812235,0.020356763476136526
dinov2,DINOv2 ViT-S/14,5,384,172,0.004384006874411521,0.004384006874411521,0.02019627120977402
dinov2,DINOv2 ViT-S/14,5,384,173,0.004370726429962638,0.004370726429962638,0.020135090772434496
dinov2,DINOv2 ViT-S/14,5,384,174,0.004314420950266342,0.004314420950266342,0.019875702324578685
dinov2,DINOv2 ViT-S/14,5,384,175,0.004278004349928965,0.004278004349928965,0.019707938094726665
dinov2,DINOv2 ViT-S/14,5,384,176,0.0042325491553573775,0.0042325491553573775,0.019498534810525825
dinov2,DINOv2 ViT-S/14,5,384,177,0.004208032317349378,0.004208032317349378,0.01938559048269967
dinov2,DINOv2 ViT-S/14,5,384,178,0.004200099492030593,0.004200099492030593,0.019349045491738756
dinov2,DINOv2 ViT-S/14,5,384,179,0.00414726949468277,0.00414726949468277,0.0191056679184334
dinov2,DINOv2 ViT-S/14,5,384,180,0.004135310446781811,0.004135310446781811,0.019050574899253117
dinov2,DINOv2 ViT-S/14,5,384,181,0.0041177201498953184,0.0041177201498953184,0.018969539805842654
dinov2,DINOv2 ViT-S/14,5,384,182,0.0040810701575927245,0.0040810701575927245,0.018800700384376492
dinov2,DINOv2 ViT-S/14,5,384,183,0.004038591178805933,0.004038591178805933,0.018605007950293018
dinov2,DINOv2 ViT-S/14,5,384,184,0.004032276811689269,0.004032276811689269,0.01857591888304028
dinov2,DINOv2 ViT-S/14,5,384,185,0.003998876464128967,0.003998876464128967,0.018422049945980477
dinov2,DINOv2 ViT-S/14,5,384,186,0.003994454502996139,0.003994454502996139,0.01840167882684767
dinov2,DINOv2 ViT-S/14,5,384,187,0.003959076807061474,0.003959076807061474,0.018238700628514137
dinov2,DINOv2 ViT-S/14,5,384,188,0.003948697182721917,0.003948697182721917,0.018190883708006818
dinov2,DINOv2 ViT-S/14,5,384,189,0.003924341738173018,0.003924341738173018,0.018078682888611388
dinov2,DINOv2 ViT-S/14,5,384,190,0.003883898679874953,0.003883898679874953,0.017892369546196735
dinov2,DINOv2 ViT-S/14,5,384,191,0.0038586433303410975,0.0038586433303410975,0.017776023038699105
dinov2,DINOv2 ViT-S/14,5,384,192,0.0038098581958050984,0.0038098581958050984,0.017551279365543574
dinov2,DINOv2 ViT-S/14,5,384,193,0.0037692805719014614,0.0037692805719014614,0.017364346105427263
dinov2,DINOv2 ViT-S/14,5,384,194,0.0037471027871632673,0.0037471027871632673,0.017262177343325427
dinov2,DINOv2 ViT-S/14,5,384,195,0.0037245675680417823,0.0037245675680417823,0.01715836195019599
dinov2,DINOv2 ViT-S/14,5,384,196,0.0036850416817873636,0.0036850416817873636,0.016976273841881134
dinov2,DINOv2 ViT-S/14,5,384,197,0.0036780379145661,0.0036780379145661,0.016944008841769848
dinov2,DINOv2 ViT-S/14,5,384,198,0.003665440886973968,0.003665440886973968,0.016885976773624002
dinov2,DINOv2 ViT-S/14,5,384,199,0.003654200811920615,0.003654200811920615,0.016834195923205925
dinov2,DINOv2 ViT-S/14,5,384,200,0.0036325553436396783,0.0036325553436396783,0.01673447944000058
dinov2,DINOv2 ViT-S/14,5,384,201,0.00362226056413235,0.00362226056413235,0.016687053383214863
dinov2,DINOv2 ViT-S/14,5,384,202,0.0036084022763100826,0.0036084022763100826,0.01662321093328732
dinov2,DINOv2 ViT-S/14,5,384,203,0.0035859780166663854,0.0035859780166663854,0.01651990670899746
dinov2,DINOv2 ViT-S/14,5,384,204,0.0035437246208471058,0.0035437246208471058,0.016325253491987015
dinov2,DINOv2 ViT-S/14,5,384,205,0.003531176533188757,0.003531176533188757,0.016267446880644496
dinov2,DINOv2 ViT-S/14,5,384,206,0.003477203747446717,0.003477203747446717,0.016018804702377022
dinov2,DINOv2 ViT-S/14,5,384,207,0.0034415303827334633,0.0034415303827334633,0.015854464415202916
dinov2,DINOv2 ViT-S/14,5,384,208,0.0034326159823999027,0.0034326159823999027,0.01581339749811847
dinov2,DINOv2 ViT-S/14,5,384,209,0.0034275417895753314,0.0034275417895753314,0.015790021673811744
dinov2,DINOv2 ViT-S/14,5,384,210,0.003399992530209089,0.003399992530209089,0.015663107567669123
dinov2,DINOv2 ViT-S/14,5,384,211,0.0033867621023508346,0.0033867621023508346,0.015602157547082642
dinov2,DINOv2 ViT-S/14,5,384,212,0.003351284404649604,0.003351284404649604,0.015438718659964426
dinov2,DINOv2 ViT-S/14,5,384,213,0.003327749708519452,0.003327749708519452,0.015330298869690267
dinov2,DINOv2 ViT-S/14,5,384,214,0.00331863736924421,0.00331863736924421,0.015288320086209693
dinov2,DINOv2 ViT-S/14,5,384,215,0.003293960341315162,0.003293960341315162,0.015174637794419694
dinov2,DINOv2 ViT-S/14,5,384,216,0.0032886519681098727,0.0032886519681098727,0.015150183146421197
dinov2,DINOv2 ViT-S/14,5,384,217,0.0032337061819896237,0.0032337061819896237,0.014897058543721356
dinov2,DINOv2 ViT-S/14,5,384,218,0.0032216673180805256,0.0032216673180805256,0.014841597827638801
dinov2,DINOv2 ViT-S/14,5,384,219,0.0032156435126613953,0.0032156435126613953,0.014813847321892618
dinov2,DINOv2 ViT-S/14,5,384,220,0.003194854538837523,0.003194854538837523,0.014718076542888953
dinov2,DINOv2 ViT-S/14,5,384,221,0.0031807680760890336,0.0031807680760890336,0.014653182935236236
dinov2,DINOv2 ViT-S/14,5,384,222,0.003162083918879985,0.003162083918879985,0.014567108639020483
dinov2,DINOv2 ViT-S/14,5,384,223,0.003128596948566367,0.003128596948566367,0.014412840647700723
dinov2,DINOv2 ViT-S/14,5,384,224,0.0031140555350997016,0.0031140555350997016,0.014345851170138452
dinov2,DINOv2 ViT-S/14,5,384,225,0.0030766296782658927,0.0030766296782658927,0.014173437490934256
dinov2,DINOv2 ViT-S/14,5,384,226,0.003072391919724348,0.003072391919724348,0.014153914957489766
dinov2,DINOv2 ViT-S/14,5,384,227,0.0030549068985401356,0.0030549068985401356,0.01407336484886513
dinov2,DINOv2 ViT-S/14,5,384,228,0.003039264685249221,0.003039264685249221,0.014001304199556306
dinov2,DINOv2 ViT-S/14,5,384,229,0.0030284515289131196,0.0030284515289131196,0.01395149008104471
dinov2,DINOv2 ViT-S/14,5,384,230,0.0030075429318728226,0.0030075429318728226,0.013855168221034305
dinov2,DINOv2 ViT-S/14,5,384,231,0.0029981422097080856,0.0029981422097080856,0.013811860913394135
dinov2,DINOv2 ViT-S/14,5,384,232,0.00298632021145983,0.00298632021145983,0.013757399255439893
dinov2,DINOv2 ViT-S/14,5,384,233,0.00294882554184445,0.00294882554184445,0.01358466856906871
dinov2,DINOv2 ViT-S/14,5,384,234,0.0029409136890081213,0.0029409136890081213,0.013548220194275555
dinov2,DINOv2 ViT-S/14,5,384,235,0.0029123716993030967,0.0029123716993030967,0.013416732771590657
dinov2,DINOv2 ViT-S/14,5,384,236,0.002896862574334027,0.002896862574334027,0.013345285234423266
dinov2,DINOv2 ViT-S/14,5,384,237,0.0028754613811434954,0.0028754613811434954,0.013246694079283536
dinov2,DINOv2 ViT-S/14,5,384,238,0.0028478672031260707,0.0028478672031260707,0.01311957304160827
dinov2,DINOv2 ViT-S/14,5,384,239,0.002831265533004868,0.002831265533004868,0.013043092360371196
dinov2,DINOv2 ViT-S/14,5,384,240,0.0028286961841609225,0.0028286961841609225,0.013031255867507164
dinov2,DINOv2 ViT-S/14,5,384,241,0.0028063476661075487,0.0028063476661075487,0.012928300570065242
dinov2,DINOv2 ViT-S/14,5,384,242,0.0027876072447032656,0.0027876072447032656,0.012841967075591156
dinov2,DINOv2 ViT-S/14,5,384,243,0.0027638287376279477,0.0027638287376279477,0.012732424095478673
dinov2,DINOv2 ViT-S/14,5,384,244,0.0027277910344749574,0.0027277910344749574,0.012566405371625095
dinov2,DINOv2 ViT-S/14,5,384,245,0.002706804890352616,0.002706804890352616,0.01246972626721582
dinov2,DINOv2 ViT-S/14,5,384,246,0.0026958252747824995,0.0026958252747824995,0.012419145303228874
dinov2,DINOv2 ViT-S/14,5,384,247,0.002681525127354005,0.002681525127354005,0.01235326729161093
dinov2,DINOv2 ViT-S/14,5,384,248,0.002673170854097735,0.002673170854097735,0.01231478077156713
dinov2,DINOv2 ViT-S/14,5,384,249,0.002629716580377742,0.002629716580377742,0.012114595342480517
dinov2,DINOv2 ViT-S/14,5,384,250,0.0026220528617557433,0.0026220528617557433,0.01207929007399002
dinov2,DINOv2 ViT-S/14,5,384,251,0.0026189888662204314,0.0026189888662204314,0.01206517483955052
dinov2,DINOv2 ViT-S/14,5,384,252,0.002593335679059393,0.002593335679059393,0.011946995571100133
dinov2,DINOv2 ViT-S/14,5,384,253,0.002581614333759632,0.002581614333759632,0.011892997601799696
dinov2,DINOv2 ViT-S/14,5,384,254,0.002569852282163274,0.002569852282163274,0.011838812106468945
dinov2,DINOv2 ViT-S/14,5,384,255,0.0025498859564490922,0.0025498859564490922,0.01174683110809507
dinov2,DINOv2 ViT-S/14,5,384,256,0.0025400113508238877,0.0025400113508238877,0.011701340711065765
dinov2,DINOv2 ViT-S/14,5,384,257,0.0025150984588153645,0.0025150984588153645,0.011586571839109676
dinov2,DINOv2 ViT-S/14,5,384,258,0.0025061596906684022,0.0025061596906684022,0.011545392664224925
dinov2,DINOv2 ViT-S/14,5,384,259,0.0024929758456438272,0.0024929758456438272,0.011484657241737776
dinov2,DINOv2 ViT-S/14,5,384,260,0.0024833986330378365,0.0024833986330378365,0.011440536876791904
dinov2,DINOv2 ViT-S/14,5,384,261,0.0024705332513503733,0.0024705332513503733,0.01138126855326489
dinov2,DINOv2 ViT-S/14,5,384,262,0.002460110926414055,0.002460110926414055,0.011333254919372374
dinov2,DINOv2 ViT-S/14,5,384,263,0.0024482110049308245,0.0024482110049308245,0.011278434284155509
dinov2,DINOv2 ViT-S/14,5,384,264,0.0024179493537203446,0.0024179493537203446,0.0111390247137304
dinov2,DINOv2 ViT-S/14,5,384,265,0.0024154553908209745,0.0024154553908209745,0.011127535509323175
dinov2,DINOv2 ViT-S/14,5,384,266,0.0024022729982136125,0.0024022729982136125,0.011066806777841031
dinov2,DINOv2 ViT-S/14,5,384,267,0.0023618737447276814,0.0023618737447276814,0.010880695235718099
dinov2,DINOv2 ViT-S/14,5,384,268,0.0023409776999702963,0.0023409776999702963,0.010784431201645758
dinov2,DINOv2 ViT-S/14,5,384,269,0.0023390394951168583,0.0023390394951168583,0.01077550226699727
dinov2,DINOv2 ViT-S/14,5,384,270,0.0023356397581631573,0.0023356397581631573,0.010759840336821112
dinov2,DINOv2 ViT-S/14,5,384,271,0.002314349180249788,0.002314349180249788,0.010661758764855294
dinov2,DINOv2 ViT-S/14,5,384,272,0.0023033093112157206,0.0023033093112157206,0.010610900224821107
dinov2,DINOv2 ViT-S/14,5,384,273,0.002296084240231636,0.002296084240231636,0.010577615721104624
dinov2,DINOv2 ViT-S/14,5,384,274,0.0022803704542847924,0.0022803704542847924,0.010505225350421778
dinov2,DINOv2 ViT-S/14,5,384,275,0.002267712812188707,0.002267712812188707,0.010446914042987275
dinov2,DINOv2 ViT-S/14,5,384,276,0.002254370320251893,0.002254370320251893,0.010385447764879239
dinov2,DINOv2 ViT-S/14,5,384,277,0.0022465581974010678,0.0022465581974010678,0.010349458826828013
dinov2,DINOv2 ViT-S/14,5,384,278,0.002225555876255789,0.002225555876255789,0.010252705198004893
dinov2,DINOv2 ViT-S/14,5,384,279,0.0022157489830522677,0.0022157489830522677,0.010207526738997528
dinov2,DINOv2 ViT-S/14,5,384,280,0.0022028431364679454,0.0022028431364679454,0.010148072001522077
dinov2,DINOv2 ViT-S/14,5,384,281,0.0021736902143997127,0.0021736902143997127,0.010013770131676933
dinov2,DINOv2 ViT-S/14,5,384,282,0.0021689468567079187,0.0021689468567079187,0.009991918400798591
dinov2,DINOv2 ViT-S/14,5,384,283,0.0021599244994614983,0.0021599244994614983,0.00995035414711009
dinov2,DINOv2 ViT-S/14,5,384,284,0.0021381310492454607,0.0021381310492454607,0.009849955939769485
dinov2,DINOv2 ViT-S/14,5,384,285,0.002124867707932258,0.002124867707932258,0.009788854293265977
dinov2,DINOv2 ViT-S/14,5,384,286,0.0021162756306273922,0.0021162756306273922,0.009749272255993806
dinov2,DINOv2 ViT-S/14,5,384,287,0.0021070282245871483,0.0021070282245871483,0.009706671246067073
dinov2,DINOv2 ViT-S/14,5,384,288,0.002086118552327057,0.002086118552327057,0.00961034443272717
dinov2,DINOv2 ViT-S/14,5,384,289,0.002075723739772729,0.002075723739772729,0.00956245754305386
dinov2,DINOv2 ViT-S/14,5,384,290,0.002068732094678856,0.002068732094678856,0.009530248387237403
dinov2,DINOv2 ViT-S/14,5,384,291,0.002047062364200687,0.002047062364200687,0.009430420132785007
dinov2,DINOv2 ViT-S/14,5,384,292,0.002038322229720637,0.002038322229720637,0.00939015602476107
dinov2,DINOv2 ViT-S/14,5,384,293,0.002019131680257749,0.002019131680257749,0.009301748877436717
dinov2,DINOv2 ViT-S/14,5,384,294,0.002018809234461127,0.002018809234461127,0.009300263432056366
dinov2,DINOv2 ViT-S/14,5,384,295,0.002000287032965238,0.002000287032965238,0.009214935234466969
dinov2,DINOv2 ViT-S/14,5,384,296,0.0019923523228662777,0.0019923523228662777,0.009178381560688563
dinov2,DINOv2 ViT-S/14,5,384,297,0.0019836620545814194,0.0019836620545814194,0.009138347176574997
dinov2,DINOv2 ViT-S/14,5,384,298,0.001967680850100436,0.001967680850100436,0.009064724860460331
dinov2,DINOv2 ViT-S/14,5,384,299,0.001954540388907102,0.001954540388907102,0.009004189298887402
dinov2,DINOv2 ViT-S/14,5,384,300,0.0019491349740315207,0.0019491349740315207,0.008979287598694872
dinov2,DINOv2 ViT-S/14,5,384,301,0.0019320852743979944,0.0019320852743979944,0.008900742932204105
dinov2,DINOv2 ViT-S/14,5,384,302,0.0019169525905176259,0.0019169525905176259,0.008831029586277675
dinov2,DINOv2 ViT-S/14,5,384,303,0.0019050956870252979,0.0019050956870252979,0.008776407126619392
dinov2,DINOv2 ViT-S/14,5,384,304,0.0018945988714407995,0.0018945988714407995,0.00872805032872729
dinov2,DINOv2 ViT-S/14,5,384,305,0.0018772073047572506,0.0018772073047572506,0.008647930746900453
dinov2,DINOv2 ViT-S/14,5,384,306,0.001855446192762709,0.001855446192762709,0.008547681515487689
dinov2,DINOv2 ViT-S/14,5,384,307,0.0018521943348341434,0.0018521943348341434,0.008532700835360498
dinov2,DINOv2 ViT-S/14,5,384,308,0.0018399759562829905,0.0018399759562829905,0.00847641313006444
dinov2,DINOv2 ViT-S/14,5,384,309,0.0018362058762290477,0.0018362058762290477,0.008459045100899976
dinov2,DINOv2 ViT-S/14,5,384,310,0.0018300743263521067,0.0018300743263521067,0.00843079823728903
dinov2,DINOv2 ViT-S/14,5,384,311,0.0018103470728607753,0.0018103470728607753,0.008339918598376883
dinov2,DINOv2 ViT-S/14,5,384,312,0.001807465750806759,0.001807465750806759,0.008326644905311922
dinov2,DINOv2 ViT-S/14,5,384,313,0.0017920351398632436,0.0017920351398632436,0.008255559067065014
dinov2,DINOv2 ViT-S/14,5,384,314,0.0017871925172210541,0.0017871925172210541,0.008233250041771487
dinov2,DINOv2 ViT-S/14,5,384,315,0.0017810363514838023,0.0017810363514838023,0.008204889777656127
dinov2,DINOv2 ViT-S/14,5,384,316,0.00176583901955028,0.00176583901955028,0.008134878610660506
dinov2,DINOv2 ViT-S/14,5,384,317,0.0017414187449845719,0.0017414187449845719,0.00802237913192454
dinov2,DINOv2 ViT-S/14,5,384,318,0.0017346467906826498,0.0017346467906826498,0.00799118204906865
dinov2,DINOv2 ViT-S/14,5,384,319,0.001719065627756824,0.001719065627756824,0.007919402646976381
dinov2,DINOv2 ViT-S/14,5,384,320,0.0017103319796615835,0.0017103319796615835,0.007879168420471917
dinov2,DINOv2 ViT-S/14,5,384,321,0.001700101724906557,0.001700101724906557,0.007832039616732225
dinov2,DINOv2 ViT-S/14,5,384,322,0.0016775549862834598,0.0016775549862834598,0.0077281711554882905
dinov2,DINOv2 ViT-S/14,5,384,323,0.0016668730748425045,0.0016668730748425045,0.007678961656808095
dinov2,DINOv2 ViT-S/14,5,384,324,0.0016585082608387026,0.0016585082608387026,0.007640426577580424
dinov2,DINOv2 ViT-S/14,5,384,325,0.0016472909391764326,0.0016472909391764326,0.007588750547631478
dinov2,DINOv2 ViT-S/14,5,384,326,0.0016328714434419931,0.0016328714434419931,0.007522322721466171
dinov2,DINOv2 ViT-S/14,5,384,327,0.001631512359022711,0.001631512359022711,0.007516061682577521
dinov2,DINOv2 ViT-S/14,5,384,328,0.0016167607813361662,0.0016167607813361662,0.007448104019128487
dinov2,DINOv2 ViT-S/14,5,384,329,0.0016004163595812954,0.0016004163595812954,0.007372808431328431
dinov2,DINOv2 ViT-S/14,5,384,330,0.001587200026875744,0.001587200026875744,0.007311923344382541
dinov2,DINOv2 ViT-S/14,5,384,331,0.0015800432454513573,0.0015800432454513573,0.007278953437451136
dinov2,DINOv2 ViT-S/14,5,384,332,0.0015584101124542847,0.0015584101124542847,0.007179293780511242
dinov2,DINOv2 ViT-S/14,5,384,333,0.0015536978734898273,0.0015536978734898273,0.007157585407587165
dinov2,DINOv2 ViT-S/14,5,384,334,0.0015486027997558148,0.0015486027997558148,0.007134113388971837
dinov2,DINOv2 ViT-S/14,5,384,335,0.0015374634116733484,0.0015374634116733484,0.0070827963839421365
dinov2,DINOv2 ViT-S/14,5,384,336,0.0015262862856041458,0.0015262862856041458,0.00703130552731118
dinov2,DINOv2 ViT-S/14,5,384,337,0.0015141514965170092,0.0015141514965170092,0.006975402902498322
dinov2,DINOv2 ViT-S/14,5,384,338,0.001505771835533491,0.001505771835533491,0.006936799426108516
dinov2,DINOv2 ViT-S/14,5,384,339,0.0014879553203488774,0.0014879553203488774,0.006854722188779865
dinov2,DINOv2 ViT-S/14,5,384,340,0.0014676468839654702,0.0014676468839654702,0.006761165152763403
dinov2,DINOv2 ViT-S/14,5,384,341,0.0014669782999585691,0.0014669782999585691,0.006758085115638301
dinov2,DINOv2 ViT-S/14,5,384,342,0.001460543658352885,0.001460543658352885,0.00672844196709202
dinov2,DINOv2 ViT-S/14,5,384,343,0.001440758140014163,0.001440758140014163,0.006637293913304257
dinov2,DINOv2 ViT-S/14,5,384,344,0.0014353568104938526,0.0014353568104938526,0.006612411033552799
dinov2,DINOv2 ViT-S/14,5,384,345,0.0014143786706893437,0.0014143786706893437,0.006515768803486659
dinov2,DINOv2 ViT-S/14,5,384,346,0.0014090353792355406,0.0014090353792355406,0.006491153293875178
dinov2,DINOv2 ViT-S/14,5,384,347,0.0014017739771193891,0.0014017739771193891,0.006457701419664623
dinov2,DINOv2 ViT-S/14,5,384,348,0.0013885557518802435,0.0013885557518802435,0.006396807614182737
dinov2,DINOv2 ViT-S/14,5,384,349,0.0013815679580597368,0.0013815679580597368,0.0063646162004373195
dinov2,DINOv2 ViT-S/14,5,384,350,0.0013666279716703688,0.0013666279716703688,0.006295790574558138
dinov2,DINOv2 ViT-S/14,5,384,351,0.001364213189337004,0.001364213189337004,0.006284666139694255
dinov2,DINOv2 ViT-S/14,5,384,352,0.0013456365890123195,0.0013456365890123195,0.006199087337228699
dinov2,DINOv2 ViT-S/14,5,384,353,0.0013291717716372563,0.0013291717716372563,0.006123237110107234
dinov2,DINOv2 ViT-S/14,5,384,354,0.001317366029123035,0.001317366029123035,0.006068850339173628
dinov2,DINOv2 ViT-S/14,5,384,355,0.0013127575584220394,0.0013127575584220394,0.006047620006556484
dinov2,DINOv2 ViT-S/14,5,384,356,0.0012925492258841153,0.0012925492258841153,0.005954524129582522
dinov2,DINOv2 ViT-S/14,5,384,357,0.0012891257441321779,0.0012891257441321779,0.005938752811716347
dinov2,DINOv2 ViT-S/14,5,384,358,0.0012678160008013015,0.0012678160008013015,0.005840582948381262
dinov2,DINOv2 ViT-S/14,5,384,359,0.0012619143923705484,0.0012619143923705484,0.005813395380511087
dinov2,DINOv2 ViT-S/14,5,384,360,0.0012519711827659442,0.0012519711827659442,0.005767588938225986
dinov2,DINOv2 ViT-S/14,5,384,361,0.0012333055698582392,0.0012333055698582392,0.005681600072017542
dinov2,DINOv2 ViT-S/14,5,384,362,0.00122788167266919,0.00122788167266919,0.005656613227383848
dinov2,DINOv2 ViT-S/14,5,384,363,0.001223177410024494,0.001223177410024494,0.00563494159982121
dinov2,DINOv2 ViT-S/14,5,384,364,0.0012081811036854632,0.0012081811036854632,0.005565856518833838
dinov2,DINOv2 ViT-S/14,5,384,365,0.0012058474137055368,0.0012058474137055368,0.005555105660748002
dinov2,DINOv2 ViT-S/14,5,384,366,0.0011885575704749418,0.0011885575704749418,0.005475454699181833
dinov2,DINOv2 ViT-S/14,5,384,367,0.0011832198698420828,0.0011832198698420828,0.00545086494540042
dinov2,DINOv2 ViT-S/14,5,384,368,0.0011680225666085206,0.0011680225666085206,0.005380853910619961
dinov2,DINOv2 ViT-S/14,5,384,369,0.0011561053936058085,0.0011561053936058085,0.005325953800991625
dinov2,DINOv2 ViT-S/14,5,384,370,0.0011420394953724708,0.0011420394953724708,0.00526115493008025
dinov2,DINOv2 ViT-S/14,5,384,371,0.0011353012106528296,0.0011353012106528296,0.0052301129564736705
dinov2,DINOv2 ViT-S/14,5,384,372,0.0011295070477814883,0.0011295070477814883,0.0052034203695011825
dinov2,DINOv2 ViT-S/14,5,384,373,0.0011124993518817532,0.0011124993518817532,0.005125069206082781
dinov2,DINOv2 ViT-S/14,5,384,374,0.0011004675950649797,0.0011004675950649797,0.005069641230999092
dinov2,DINOv2 ViT-S/14,5,384,375,0.001087439530194415,0.001087439530194415,0.005009623457532491
dinov2,DINOv2 ViT-S/14,5,384,376,0.001060736533853318,0.001060736533853318,0.00488660792136484
dinov2,DINOv2 ViT-S/14,5,384,377,0.0010517830877588025,0.0010517830877588025,0.0048453611280164155
dinov2,DINOv2 ViT-S/14,5,384,378,0.0010423466332829536,0.0010423466332829536,0.00480188920853442
dinov2,DINOv2 ViT-S/14,5,384,379,0.0010372672866270014,0.0010372672866270014,0.004778489641523969
dinov2,DINOv2 ViT-S/14,5,384,380,0.0010047138130219624,0.0010047138130219624,0.00462852208887595
dinov2,DINOv2 ViT-S/14,5,384,381,0.0009695664816588754,0.0009695664816588754,0.004466605135539971
dinov2,DINOv2 ViT-S/14,5,384,382,0.0009460339755292664,0.0009460339755292664,0.004358195434174471
dinov2,DINOv2 ViT-S/14,5,384,383,0.0008020642268622649,0.0008020642268622649,0.0036949546653122943
dinov2,DINOv2 ViT-S/14,5,384,384,3.4992458254189743e-16,3.4992458254189743e-16,1.6120348289672253e-15
dinov2,DINOv2 ViT-S/14,7,384,1,0.07964279931564387,0.07964279931564387,1.0
dinov2,DINOv2 ViT-S/14,7,384,2,0.030865845280298867,0.030865845280298867,0.38755349567724234
dinov2,DINOv2 ViT-S/14,7,384,3,0.026836781062799107,0.026836781062799107,0.3369643118198092
dinov2,DINOv2 ViT-S/14,7,384,4,0.024457898158114933,0.024457898158114933,0.3070949083693343
dinov2,DINOv2 ViT-S/14,7,384,5,0.022930231591010042,0.022930231591010042,0.28791343081917464
dinov2,DINOv2 ViT-S/14,7,384,6,0.019412550182407548,0.019412550182407548,0.2437452016907501
dinov2,DINOv2 ViT-S/14,7,384,7,0.01853760221987985,0.01853760221987985,0.23275930001418965
dinov2,DINOv2 ViT-S/14,7,384,8,0.01751122296141318,0.01751122296141318,0.21987201745649254
dinov2,DINOv2 ViT-S/14,7,384,9,0.016505451811692478,0.016505451811692478,0.2072434916090448
dinov2,DINOv2 ViT-S/14,7,384,10,0.015702074355114032,0.015702074355114032,0.19715623370899954
dinov2,DINOv2 ViT-S/14,7,384,11,0.014041202636127926,0.014041202636127926,0.17630222388943423
dinov2,DINOv2 ViT-S/14,7,384,12,0.012949957578969343,0.012949957578969343,0.16260048228146146
dinov2,DINOv2 ViT-S/14,7,384,13,0.012915782701052132,0.012915782701052132,0.16217138036376308
dinov2,DINOv2 ViT-S/14,7,384,14,0.012465483213613928,0.012465483213613928,0.15651739166286927
dinov2,DINOv2 ViT-S/14,7,384,15,0.01034913594968111,0.01034913594968111,0.1299444022386124
dinov2,DINOv2 ViT-S/14,7,384,16,0.010014314546722233,0.010014314546722233,0.12574036363329041
dinov2,DINOv2 ViT-S/14,7,384,17,0.009739394278000548,0.009739394278000548,0.12228844743893229
dinov2,DINOv2 ViT-S/14,7,384,18,0.008739698346971494,0.008739698346971494,0.10973620241968057
dinov2,DINOv2 ViT-S/14,7,384,19,0.007972903244004887,0.007972903244004887,0.10010827485365405
dinov2,DINOv2 ViT-S/14,7,384,20,0.007445516543587421,0.007445516543587421,0.09348637425561876
dinov2,DINOv2 ViT-S/14,7,384,21,0.007186883500878133,0.007186883500878133,0.09023896149600114
dinov2,DINOv2 ViT-S/14,7,384,22,0.007117838524375584,0.007117838524375584,0.08937202842614624
dinov2,DINOv2 ViT-S/14,7,384,23,0.006765622556319795,0.006765622556319795,0.08494958256685553
dinov2,DINOv2 ViT-S/14,7,384,24,0.006532900891666614,0.006532900891666614,0.08202751470067159
dinov2,DINOv2 ViT-S/14,7,384,25,0.006400930178126742,0.006400930178126742,0.08037048211676101
dinov2,DINOv2 ViT-S/14,7,384,26,0.006112354437919617,0.006112354437919617,0.07674710696311493
dinov2,DINOv2 ViT-S/14,7,384,27,0.005858929165023882,0.005858929165023882,0.07356508328899282
dinov2,DINOv2 ViT-S/14,7,384,28,0.0058126999934263535,0.0058126999934263535,0.07298462690128713
dinov2,DINOv2 ViT-S/14,7,384,29,0.005684259564524723,0.005684259564524723,0.07137192079344942
dinov2,DINOv2 ViT-S/14,7,384,30,0.005459677377553742,0.005459677377553742,0.06855205272124737
dinov2,DINOv2 ViT-S/14,7,384,31,0.005347362443803488,0.005347362443803488,0.06714181934528173
dinov2,DINOv2 ViT-S/14,7,384,32,0.005212334499679889,0.005212334499679889,0.0654463999817753
dinov2,DINOv2 ViT-S/14,7,384,33,0.005201711117593079,0.005201711117593079,0.06531301212778103
dinov2,DINOv2 ViT-S/14,7,384,34,0.0050221699895086,0.0050221699895086,0.063058682425319
dinov2,DINOv2 ViT-S/14,7,384,35,0.0047724347704552975,0.0047724347704552975,0.0599229912994516
dinov2,DINOv2 ViT-S/14,7,384,36,0.004669788536118793,0.004669788536118793,0.05863415872176064
dinov2,DINOv2 ViT-S/14,7,384,37,0.004579996384343641,0.004579996384343641,0.0575067228135967
dinov2,DINOv2 ViT-S/14,7,384,38,0.00451326524141879,0.00451326524141879,0.05666884238374919
dinov2,DINOv2 ViT-S/14,7,384,39,0.004363580398669418,0.004363580398669418,0.05478939007876259
dinov2,DINOv2 ViT-S/14,7,384,40,0.004329567488456,0.004329567488456,0.054362321837745385
dinov2,DINOv2 ViT-S/14,7,384,41,0.004215513694378921,0.004215513694378921,0.052930255222092465
dinov2,DINOv2 ViT-S/14,7,384,42,0.004143307500972472,0.004143307500972472,0.05202362971386192
dinov2,DINOv2 ViT-S/14,7,384,43,0.004116536700065634,0.004116536700065634,0.051687493853032375
dinov2,DINOv2 ViT-S/14,7,384,44,0.0039358050056477285,0.0039358050056477285,0.04941821532476742
dinov2,DINOv2 ViT-S/14,7,384,45,0.003882582786473808,0.003882582786473808,0.04874995379163135
dinov2,DINOv2 ViT-S/14,7,384,46,0.0038631737516402567,0.0038631737516402567,0.04850625272888206
dinov2,DINOv2 ViT-S/14,7,384,47,0.0037853725530538917,0.0037853725530538917,0.04752937598352784
dinov2,DINOv2 ViT-S/14,7,384,48,0.0037179236547480073,0.0037179236547480073,0.046682483371948885
dinov2,DINOv2 ViT-S/14,7,384,49,0.0035931913814508812,0.0035931913814508812,0.045116337099229596
dinov2,DINOv2 ViT-S/14,7,384,50,0.00357129651189053,0.00357129651189053,0.04484142373922103
dinov2,DINOv2 ViT-S/14,7,384,51,0.003487814661371305,0.003487814661371305,0.04379322037072358
dinov2,DINOv2 ViT-S/14,7,384,52,0.003403222382280571,0.003403222382280571,0.04273107439120477
dinov2,DINOv2 ViT-S/14,7,384,53,0.003356731042069853,0.003356731042069853,0.042147326197894026
dinov2,DINOv2 ViT-S/14,7,384,54,0.0032987412727596304,0.0032987412727596304,0.04141920300523231
dinov2,DINOv2 ViT-S/14,7,384,55,0.003251839201064857,0.003251839201064857,0.040830297641561084
dinov2,DINOv2 ViT-S/14,7,384,56,0.0031825225276477407,0.0031825225276477407,0.03995995312814943
dinov2,DINOv2 ViT-S/14,7,384,57,0.003176678658728194,0.003176678658728194,0.039886577142250364
dinov2,DINOv2 ViT-S/14,7,384,58,0.003129983789243634,0.003129983789243634,0.03930027342256948
dinov2,DINOv2 ViT-S/14,7,384,59,0.0030492637661121143,0.0030492637661121143,0.03828674773254939
dinov2,DINOv2 ViT-S/14,7,384,60,0.0029739219409880523,0.0029739219409880523,0.037340751035152255
dinov2,DINOv2 ViT-S/14,7,384,61,0.0029304613415987854,0.0029304613415987854,0.03679505701431527
dinov2,DINOv2 ViT-S/14,7,384,62,0.002908783533031015,0.002908783533031015,0.03652286908578885
dinov2,DINOv2 ViT-S/14,7,384,63,0.0028857431401890007,0.0028857431401890007,0.0362335724633698
dinov2,DINOv2 ViT-S/14,7,384,64,0.0028610908663137687,0.0028610908663137687,0.03592403696126459
dinov2,DINOv2 ViT-S/14,7,384,65,0.0027772824929349145,0.0027772824929349145,0.034871733751194074
dinov2,DINOv2 ViT-S/14,7,384,66,0.0027510329422131786,0.0027510329422131786,0.03454214274049011
dinov2,DINOv2 ViT-S/14,7,384,67,0.0027365346743774247,0.0027365346743774247,0.0343601015771918
dinov2,DINOv2 ViT-S/14,7,384,68,0.0026953262839811416,0.0026953262839811416,0.03384268643419859
dinov2,DINOv2 ViT-S/14,7,384,69,0.0026746297006798887,0.0026746297006798887,0.03358281883186549
dinov2,DINOv2 ViT-S/14,7,384,70,0.0026535835734131106,0.0026535835734131106,0.03331856233350501
dinov2,DINOv2 ViT-S/14,7,384,71,0.002642263010453108,0.002642263010453108,0.03317642063259447
dinov2,DINOv2 ViT-S/14,7,384,72,0.0025447005975233247,0.0025447005975233247,0.03195142083640298
dinov2,DINOv2 ViT-S/14,7,384,73,0.002514792154873787,0.002514792154873787,0.03157588854840538
dinov2,DINOv2 ViT-S/14,7,384,74,0.002500612251346103,0.002500612251346103,0.03139784478739334
dinov2,DINOv2 ViT-S/14,7,384,75,0.0024678926687730623,0.0024678926687730623,0.03098701564961574
dinov2,DINOv2 ViT-S/14,7,384,76,0.0024394036491180767,0.0024394036491180767,0.03062930572605973
dinov2,DINOv2 ViT-S/14,7,384,77,0.00243367711539639,0.00243367711539639,0.030557403008288707
dinov2,DINOv2 ViT-S/14,7,384,78,0.002392643663316498,0.002392643663316498,0.030042184401804693
dinov2,DINOv2 ViT-S/14,7,384,79,0.002378033368950211,0.002378033368950211,0.02985873662633936
dinov2,DINOv2 ViT-S/14,7,384,80,0.0023310610640791783,0.0023310610640791783,0.029268949410487365
dinov2,DINOv2 ViT-S/14,7,384,81,0.002303239090858722,0.002303239090858722,0.02891961496393946
dinov2,DINOv2 ViT-S/14,7,384,82,0.002285514688008521,0.002285514688008521,0.02869706624638428
dinov2,DINOv2 ViT-S/14,7,384,83,0.0022651045197659746,0.0022651045197659746,0.028440794889551934
dinov2,DINOv2 ViT-S/14,7,384,84,0.0022463684809629946,0.0022463684809629946,0.028205544007313045
dinov2,DINOv2 ViT-S/14,7,384,85,0.002187829515902681,0.002187829515902681,0.027470525078253188
dinov2,DINOv2 ViT-S/14,7,384,86,0.0021702682762851817,0.0021702682762851817,0.027250025048515415
dinov2,DINOv2 ViT-S/14,7,384,87,0.0021645420657363315,0.0021645420657363315,0.027178126388522864
dinov2,DINOv2 ViT-S/14,7,384,88,0.0021558986665186955,0.0021558986665186955,0.02706959932403107
dinov2,DINOv2 ViT-S/14,7,384,89,0.002121036186611617,0.002121036186611617,0.026631863832478217
dinov2,DINOv2 ViT-S/14,7,384,90,0.0020694853390300677,0.0020694853390300677,0.025984588146232678
dinov2,DINOv2 ViT-S/14,7,384,91,0.002053675648586571,0.002053675648586571,0.02578608067814584
dinov2,DINOv2 ViT-S/14,7,384,92,0.002015691071998848,0.002015691071998848,0.02530914394420231
dinov2,DINOv2 ViT-S/14,7,384,93,0.0019952433648356555,0.0019952433648356555,0.025052401246320067
dinov2,DINOv2 ViT-S/14,7,384,94,0.001980058270860886,0.001980058270860886,0.024861736250799415
dinov2,DINOv2 ViT-S/14,7,384,95,0.0019662786767118286,0.0019662786767118286,0.024688718799536238
dinov2,DINOv2 ViT-S/14,7,384,96,0.0019581927354336325,0.0019581927354336325,0.024587191212011975
dinov2,DINOv2 ViT-S/14,7,384,97,0.001937810499514879,0.001937810499514879,0.024331270575194908
dinov2,DINOv2 ViT-S/14,7,384,98,0.0019172802596472865,0.0019172802596472865,0.02407349159148257
dinov2,DINOv2 ViT-S/14,7,384,99,0.001914689008557595,0.001914689008557595,0.024040955679737155
dinov2,DINOv2 ViT-S/14,7,384,100,0.001867303465241383,0.001867303465241383,0.023445979815963063
dinov2,DINOv2 ViT-S/14,7,384,101,0.0018533661600107785,0.0018533661600107785,0.023270982134435476
dinov2,DINOv2 ViT-S/14,7,384,102,0.0018451298450720649,0.0018451298450720649,0.023167566445766986
dinov2,DINOv2 ViT-S/14,7,384,103,0.0018150730626249239,0.0018150730626249239,0.02279017159393589
dinov2,DINOv2 ViT-S/14,7,384,104,0.0018058021714134707,0.0018058021714134707,0.02267376570048267
dinov2,DINOv2 ViT-S/14,7,384,105,0.001774596156626492,0.001774596156626492,0.022281941015073237
dinov2,DINOv2 ViT-S/14,7,384,106,0.0017674621525816147,0.0017674621525816147,0.0221923660113544
dinov2,DINOv2 ViT-S/14,7,384,107,0.0017497121506204272,0.0017497121506204272,0.021969495869750767
dinov2,DINOv2 ViT-S/14,7,384,108,0.0017257266046379319,0.0017257266046379319,0.02166833184502287
dinov2,DINOv2 ViT-S/14,7,384,109,0.0017170711985997583,0.0017170711985997583,0.021559654022136835
dinov2,DINOv2 ViT-S/14,7,384,110,0.001697895358173865,0.001697895358173865,0.021318880963044642
dinov2,DINOv2 ViT-S/14,7,384,111,0.0016762395264455637,0.0016762395264455637,0.021046968977097565
dinov2,DINOv2 ViT-S/14,7,384,112,0.0016696610274912415,0.0016696610274912415,0.020964368930252778
dinov2,DINOv2 ViT-S/14,7,384,113,0.0016517801068864372,0.0016517801068864372,0.02073985496592139
dinov2,DINOv2 ViT-S/14,7,384,114,0.00163921462934594,0.00163921462934594,0.020582082039197692
dinov2,DINOv2 ViT-S/14,7,384,115,0.0016220403866675803,0.0016220403866675803,0.020366441167380844
dinov2,DINOv2 ViT-S/14,7,384,116,0.0016188966340242206,0.0016188966340242206,0.020326968011359543
dinov2,DINOv2 ViT-S/14,7,384,117,0.0016003433845453246,0.0016003433845453246,0.020094012243376487
dinov2,DINOv2 ViT-S/14,7,384,118,0.0015734285970620274,0.0015734285970620274,0.019756068478032088
dinov2,DINOv2 ViT-S/14,7,384,119,0.0015545549231154093,0.0015545549231154093,0.01951908944026852
dinov2,DINOv2 ViT-S/14,7,384,120,0.0015521085354984893,0.0015521085354984893,0.01948837244340325
dinov2,DINOv2 ViT-S/14,7,384,121,0.001548675793268715,0.001548675793268715,0.01944527071594928
dinov2,DINOv2 ViT-S/14,7,384,122,0.0015370454629114808,0.0015370454629114808,0.01929923955610593
dinov2,DINOv2 ViT-S/14,7,384,123,0.001521118994781537,0.001521118994781537,0.019099265820039433
dinov2,DINOv2 ViT-S/14,7,384,124,0.00151056574467518,0.00151056574467518,0.018966758547605024
dinov2,DINOv2 ViT-S/14,7,384,125,0.001487030350887258,0.001487030350887258,0.01867124666215954
dinov2,DINOv2 ViT-S/14,7,384,126,0.001480134637462747,0.001480134637462747,0.01858466365046527
dinov2,DINOv2 ViT-S/14,7,384,127,0.0014621167093705368,0.0014621167093705368,0.018358429411500354
dinov2,DINOv2 ViT-S/14,7,384,128,0.0014356101439586058,0.0014356101439586058,0.018025611308172783
dinov2,DINOv2 ViT-S/14,7,384,129,0.0014265972543380983,0.0014265972543380983,0.0179124448989311
dinov2,DINOv2 ViT-S/14,7,384,130,0.0014212789476740965,0.0014212789476740965,0.017845667905785442
dinov2,DINOv2 ViT-S/14,7,384,131,0.0014070497560769789,0.0014070497560769789,0.017667005280671978
dinov2,DINOv2 ViT-S/14,7,384,132,0.0013899467171357967,0.0013899467171357967,0.017452258447459866
dinov2,DINOv2 ViT-S/14,7,384,133,0.0013860512468614164,0.0013860512468614164,0.017403346677559092
dinov2,DINOv2 ViT-S/14,7,384,134,0.0013695955419493779,0.0013695955419493779,0.017196727811152595
dinov2,DINOv2 ViT-S/14,7,384,135,0.0013577629354540267,0.0013577629354540267,0.017048156859390144
dinov2,DINOv2 ViT-S/14,7,384,136,0.0013514031091964073,0.0013514031091964073,0.016968302480685874
dinov2,DINOv2 ViT-S/14,7,384,137,0.0013439433405009443,0.0013439433405009443,0.016874637155514443
dinov2,DINOv2 ViT-S/14,7,384,138,0.0013342139880987104,0.0013342139880987104,0.016752474794499556
dinov2,DINOv2 ViT-S/14,7,384,139,0.0013244325690961963,0.0013244325690961963,0.016629658681975083
dinov2,DINOv2 ViT-S/14,7,384,140,0.0013122115003260672,0.0013122115003260672,0.016476210173445215
dinov2,DINOv2 ViT-S/14,7,384,141,0.0013069531521221023,0.0013069531521221023,0.01641018602249687
dinov2,DINOv2 ViT-S/14,7,384,142,0.0012928134934002487,0.0012928134934002487,0.01623264757779938
dinov2,DINOv2 ViT-S/14,7,384,143,0.0012772290702115355,0.0012772290702115355,0.016036968579539308
dinov2,DINOv2 ViT-S/14,7,384,144,0.0012651385554151187,0.0012651385554151187,0.015885159314918924
dinov2,DINOv2 ViT-S/14,7,384,145,0.0012624110637776543,0.0012624110637776543,0.015850912758282275
dinov2,DINOv2 ViT-S/14,7,384,146,0.0012384368181192777,0.0012384368181192777,0.015549890621135126
dinov2,DINOv2 ViT-S/14,7,384,147,0.0012345815316720191,0.0012345815316720191,0.015501483401896396
dinov2,DINOv2 ViT-S/14,7,384,148,0.001221009643707894,0.001221009643707894,0.015331073922561844
dinov2,DINOv2 ViT-S/14,7,384,149,0.0012202060299763015,0.0012202060299763015,0.015320983697977854
dinov2,DINOv2 ViT-S/14,7,384,150,0.0012044992039468,0.0012044992039468,0.015123767801946228
dinov2,DINOv2 ViT-S/14,7,384,151,0.0011936152336669062,0.0011936152336669062,0.014987107986201205
dinov2,DINOv2 ViT-S/14,7,384,152,0.0011894668745978405,0.0011894668745978405,0.014935020928680478
dinov2,DINOv2 ViT-S/14,7,384,153,0.0011762796623977605,0.0011762796623977605,0.014769441462446301
dinov2,DINOv2 ViT-S/14,7,384,154,0.0011753503464551796,0.0011753503464551796,0.014757772912990902
dinov2,DINOv2 ViT-S/14,7,384,155,0.0011657308482434315,0.0011657308482434315,0.014636989888104702
dinov2,DINOv2 ViT-S/14,7,384,156,0.0011536658041665635,0.0011536658041665635,0.014485500435441804
dinov2,DINOv2 ViT-S/14,7,384,157,0.001137790728987286,0.001137790728987286,0.014286171992497945
dinov2,DINOv2 ViT-S/14,7,384,158,0.001132881835799426,0.001132881835799426,0.014224535620722453
dinov2,DINOv2 ViT-S/14,7,384,159,0.0011212911399664373,0.0011212911399664373,0.014079002114459671
dinov2,DINOv2 ViT-S/14,7,384,160,0.0011167672374122713,0.0011167672374122713,0.01402219970930768
dinov2,DINOv2 ViT-S/14,7,384,161,0.0011116672744835843,0.0011116672744835843,0.013958164253842652
dinov2,DINOv2 ViT-S/14,7,384,162,0.0011027907815065355,0.0011027907815065355,0.013846710449439454
dinov2,DINOv2 ViT-S/14,7,384,163,0.0010934426527825973,0.0010934426527825973,0.013729334756919039
dinov2,DINOv2 ViT-S/14,7,384,164,0.0010879730124139502,0.0010879730124139502,0.013660657608254669
dinov2,DINOv2 ViT-S/14,7,384,165,0.001082902017315113,0.001082902017315113,0.013596985874684135
dinov2,DINOv2 ViT-S/14,7,384,166,0.001073983957524122,0.001073983957524122,0.013485010154749347
dinov2,DINOv2 ViT-S/14,7,384,167,0.0010671631916547297,0.0010671631916547297,0.013399368189273474
dinov2,DINOv2 ViT-S/14,7,384,168,0.0010606642821873586,0.0010606642821873586,0.013317767473035282
dinov2,DINOv2 ViT-S/14,7,384,169,0.0010536289552911214,0.0010536289552911214,0.013229431465804365
dinov2,DINOv2 ViT-S/14,7,384,170,0.0010453574534642542,0.0010453574534642542,0.013125573968353966
dinov2,DINOv2 ViT-S/14,7,384,171,0.0010383833981229937,0.0010383833981229937,0.013038007290623056
dinov2,DINOv2 ViT-S/14,7,384,172,0.0010315099432693404,0.0010315099432693404,0.012951703758945167
dinov2,DINOv2 ViT-S/14,7,384,173,0.0010277751392639913,0.0010277751392639913,0.012904809324828818
dinov2,DINOv2 ViT-S/14,7,384,174,0.00101419038269486,0.00101419038269486,0.012734238266480008
dinov2,DINOv2 ViT-S/14,7,384,175,0.0010072047551994456,0.0010072047551994456,0.012646526288053324
dinov2,DINOv2 ViT-S/14,7,384,176,0.0009981705524798943,0.0009981705524798943,0.012533092270198849
dinov2,DINOv2 ViT-S/14,7,384,177,0.000992183933993388,0.000992183933993388,0.01245792391175404
dinov2,DINOv2 ViT-S/14,7,384,178,0.0009856001244501768,0.0009856001244501768,0.012375257184820975
dinov2,DINOv2 ViT-S/14,7,384,179,0.0009813122161498181,0.0009813122161498181,0.012321417938370525
dinov2,DINOv2 ViT-S/14,7,384,180,0.0009726179790476485,0.0009726179790476485,0.012212252550201377
dinov2,DINOv2 ViT-S/14,7,384,181,0.0009615534287509732,0.0009615534287509732,0.012073325360402037
dinov2,DINOv2 ViT-S/14,7,384,182,0.0009599346196077478,0.0009599346196077478,0.012052999490930654
dinov2,DINOv2 ViT-S/14,7,384,183,0.0009538659960005784,0.0009538659960005784,0.011976801471030349
dinov2,DINOv2 ViT-S/14,7,384,184,0.0009467715337659959,0.0009467715337659959,0.011887722956769877
dinov2,DINOv2 ViT-S/14,7,384,185,0.0009450285287947116,0.0009450285287947116,0.011865837676665943
dinov2,DINOv2 ViT-S/14,7,384,186,0.0009365927108096656,0.0009365927108096656,0.011759917015193298
dinov2,DINOv2 ViT-S/14,7,384,187,0.0009325753613236571,0.0009325753613236571,0.011709474922241659
dinov2,DINOv2 ViT-S/14,7,384,188,0.000923970976974714,0.000923970976974714,0.011601437730896315
dinov2,DINOv2 ViT-S/14,7,384,189,0.0009125428072370696,0.0009125428072370696,0.011457944912514182
dinov2,DINOv2 ViT-S/14,7,384,190,0.0009118497028451057,0.0009118497028451057,0.011449242250152742
dinov2,DINOv2 ViT-S/14,7,384,191,0.0009055548362429408,0.0009055548362429408,0.011370203508970167
dinov2,DINOv2 ViT-S/14,7,384,192,0.0009006540926812984,0.0009006540926812984,0.011308669464414304
dinov2,DINOv2 ViT-S/14,7,384,193,0.00089621841167852,0.00089621841167852,0.011252974774613176
dinov2,DINOv2 ViT-S/14,7,384,194,0.0008906520634712881,0.0008906520634712881,0.011183083356241868
dinov2,DINOv2 ViT-S/14,7,384,195,0.0008857588100168425,0.0008857588100168425,0.011121643357943307
dinov2,DINOv2 ViT-S/14,7,384,196,0.000874605368487668,0.000874605368487668,0.010981600044234924
dinov2,DINOv2 ViT-S/14,7,384,197,0.0008663271922955802,0.0008663271922955802,0.01087765874303481
dinov2,DINOv2 ViT-S/14,7,384,198,0.0008642918941613883,0.0008642918941613883,0.010852103411583868
dinov2,DINOv2 ViT-S/14,7,384,199,0.0008564726771600525,0.0008564726771600525,0.010753924830864394
dinov2,DINOv2 ViT-S/14,7,384,200,0.0008484144355892411,0.0008484144355892411,0.010652745042609156
dinov2,DINOv2 ViT-S/14,7,384,201,0.0008455161976919441,0.0008455161976919441,0.010616354585189263
dinov2,DINOv2 ViT-S/14,7,384,202,0.0008410640300154632,0.0008410640300154632,0.010560452887675644
dinov2,DINOv2 ViT-S/14,7,384,203,0.0008345906628922935,0.0008345906628922935,0.010479172882718584
dinov2,DINOv2 ViT-S/14,7,384,204,0.0008278147501348418,0.0008278147501348418,0.01039409409573877
dinov2,DINOv2 ViT-S/14,7,384,205,0.0008250287366253055,0.0008250287366253055,0.0103591127347937
dinov2,DINOv2 ViT-S/14,7,384,206,0.0008179860454626687,0.0008179860454626687,0.01027068426137045
dinov2,DINOv2 ViT-S/14,7,384,207,0.000807183976837002,0.000807183976837002,0.01013505280794984
dinov2,DINOv2 ViT-S/14,7,384,208,0.0008050310482241688,0.0008050310482241688,0.010108020500806784
dinov2,DINOv2 ViT-S/14,7,384,209,0.0008024907728467244,0.0008024907728467244,0.010076124643312164
dinov2,DINOv2 ViT-S/14,7,384,210,0.0007953985064770421,0.0007953985064770421,0.009987073700469562
dinov2,DINOv2 ViT-S/14,7,384,211,0.0007923372336427326,0.0007923372336427326,0.009948636166121015
dinov2,DINOv2 ViT-S/14,7,384,212,0.0007910253146437398,0.0007910253146437398,0.009932163628612716
dinov2,DINOv2 ViT-S/14,7,384,213,0.0007863340333129911,0.0007863340333129911,0.009873259605009076
dinov2,DINOv2 ViT-S/14,7,384,214,0.0007828991201447282,0.0007828991201447282,0.009830130619114827
dinov2,DINOv2 ViT-S/14,7,384,215,0.0007772495845359577,0.0007772495845359577,0.00975919469449495
dinov2,DINOv2 ViT-S/14,7,384,216,0.0007726753743129278,0.0007726753743129278,0.009701760623086923
dinov2,DINOv2 ViT-S/14,7,384,217,0.0007652195264511195,0.0007652195264511195,0.009608144528149589
dinov2,DINOv2 ViT-S/14,7,384,218,0.0007592950156822018,0.0007592950156822018,0.009533755998115161
dinov2,DINOv2 ViT-S/14,7,384,219,0.0007504096579056373,0.0007504096579056373,0.009422190886731397
dinov2,DINOv2 ViT-S/14,7,384,220,0.0007478165498350667,0.0007478165498350667,0.009389631658617208
dinov2,DINOv2 ViT-S/14,7,384,221,0.0007407309827537402,0.0007407309827537402,0.009300664832460778
dinov2,DINOv2 ViT-S/14,7,384,222,0.0007355182780304216,0.0007355182780304216,0.009235213783927696
dinov2,DINOv2 ViT-S/14,7,384,223,0.0007351432878584356,0.0007351432878584356,0.009230505383730714
dinov2,DINOv2 ViT-S/14,7,384,224,0.0007336560869260421,0.0007336560869260421,0.009211831995236426
dinov2,DINOv2 ViT-S/14,7,384,225,0.0007214900192324378,0.0007214900192324378,0.009059074083684534
dinov2,DINOv2 ViT-S/14,7,384,226,0.0007184651262718931,0.0007184651262718931,0.009021093337320304
dinov2,DINOv2 ViT-S/14,7,384,227,0.0007171729461807396,0.0007171729461807396,0.009004868642780975
dinov2,DINOv2 ViT-S/14,7,384,228,0.0007122658764989417,0.0007122658764989417,0.008943255167062347
dinov2,DINOv2 ViT-S/14,7,384,229,0.0007036640857806609,0.0007036640857806609,0.008835250541506813
dinov2,DINOv2 ViT-S/14,7,384,230,0.0006991359354031603,0.0006991359354031603,0.008778394800417724
dinov2,DINOv2 ViT-S/14,7,384,231,0.0006906505723691423,0.0006906505723691423,0.008671852048192397
dinov2,DINOv2 ViT-S/14,7,384,232,0.0006871246964213183,0.0006871246964213183,0.008627580927913837
dinov2,DINOv2 ViT-S/14,7,384,233,0.000686706487686705,0.000686706487686705,0.008622329872724831
dinov2,DINOv2 ViT-S/14,7,384,234,0.0006809773599091833,0.0006809773599091833,0.00855039458382551
dinov2,DINOv2 ViT-S/14,7,384,235,0.0006777988154066345,0.0006777988154066345,0.008510484579030832
dinov2,DINOv2 ViT-S/14,7,384,236,0.0006741003822533829,0.0006741003822533829,0.008464046819622179
dinov2,DINOv2 ViT-S/14,7,384,237,0.0006655958121426633,0.0006655958121426633,0.008357262902133117
dinov2,DINOv2 ViT-S/14,7,384,238,0.0006623266317367179,0.0006623266317367179,0.008316214867231822
dinov2,DINOv2 ViT-S/14,7,384,239,0.0006608338801433736,0.0006608338801433736,0.008297471784289343
dinov2,DINOv2 ViT-S/14,7,384,240,0.0006580030633048486,0.0006580030633048486,0.008261927869926088
dinov2,DINOv2 ViT-S/14,7,384,241,0.0006533781731451582,0.0006533781731451582,0.008203857458044146
dinov2,DINOv2 ViT-S/14,7,384,242,0.0006503887216493012,0.0006503887216493012,0.00816632171694081
dinov2,DINOv2 ViT-S/14,7,384,243,0.0006475969607516667,0.0006475969607516667,0.008131268191429104
dinov2,DINOv2 ViT-S/14,7,384,244,0.0006446614218952412,0.0006446614218952412,0.008094409380819106
dinov2,DINOv2 ViT-S/14,7,384,245,0.0006420127960817046,0.0006420127960817046,0.008061153068430594
dinov2,DINOv2 ViT-S/14,7,384,246,0.0006341782961152021,0.0006341782961152021,0.007962782593838754
dinov2,DINOv2 ViT-S/14,7,384,247,0.000628162085058173,0.000628162085058173,0.00788724266921625
dinov2,DINOv2 ViT-S/14,7,384,248,0.0006261855920948857,0.0006261855920948857,0.007862425699191702
dinov2,DINOv2 ViT-S/14,7,384,249,0.0006203143807424317,0.0006203143807424317,0.007788706399984438
dinov2,DINOv2 ViT-S/14,7,384,250,0.0006158406440567009,0.0006158406440567009,0.007732533880633376
dinov2,DINOv2 ViT-S/14,7,384,251,0.0006119803050464151,0.0006119803050464151,0.007684063221095327
dinov2,DINOv2 ViT-S/14,7,384,252,0.0006085659169452757,0.0006085659169452757,0.00764119194923549
dinov2,DINOv2 ViT-S/14,7,384,253,0.0006050170208614273,0.0006050170208614273,0.007596631786680388
dinov2,DINOv2 ViT-S/14,7,384,254,0.0006015660192000015,0.0006015660192000015,0.007553300792653563
dinov2,DINOv2 ViT-S/14,7,384,255,0.0005974546146266529,0.0005974546146266529,0.007501677738106546
dinov2,DINOv2 ViT-S/14,7,384,256,0.0005923626545276659,0.0005923626545276659,0.007437742766674838
dinov2,DINOv2 ViT-S/14,7,384,257,0.000588941275511525,0.000588941275511525,0.007394783716446315
dinov2,DINOv2 ViT-S/14,7,384,258,0.0005867002304916211,0.0005867002304916211,0.007366645014151057
dinov2,DINOv2 ViT-S/14,7,384,259,0.0005834193969218686,0.0005834193969218686,0.007325450661391684
dinov2,DINOv2 ViT-S/14,7,384,260,0.0005814327383148265,0.0005814327383148265,0.007300506050904445
dinov2,DINOv2 ViT-S/14,7,384,261,0.0005780823327115202,0.0005780823327115202,0.007258438147313716
dinov2,DINOv2 ViT-S/14,7,384,262,0.0005721100012685106,0.0005721100012685106,0.007183449177886113
dinov2,DINOv2 ViT-S/14,7,384,263,0.0005700961823510562,0.0005700961823510562,0.0071581635408321815
dinov2,DINOv2 ViT-S/14,7,384,264,0.0005673488727719329,0.0005673488727719329,0.0071236681488729536
dinov2,DINOv2 ViT-S/14,7,384,265,0.000563880631067496,0.000563880631067496,0.007080120687781193
dinov2,DINOv2 ViT-S/14,7,384,266,0.0005585154109318645,0.0005585154109318645,0.007012754646133563
dinov2,DINOv2 ViT-S/14,7,384,267,0.0005550275090802486,0.0005550275090802486,0.006968960330996641
dinov2,DINOv2 ViT-S/14,7,384,268,0.000554434587192732,0.000554434587192732,0.006961515566465366
dinov2,DINOv2 ViT-S/14,7,384,269,0.0005492708730208207,0.0005492708730208207,0.006896679646378651
dinov2,DINOv2 ViT-S/14,7,384,270,0.0005463776659636831,0.0005463776659636831,0.0068603523565043826
dinov2,DINOv2 ViT-S/14,7,384,271,0.0005444602753969025,0.0005444602753969025,0.006836277479889593
dinov2,DINOv2 ViT-S/14,7,384,272,0.0005364805072561763,0.0005364805072561763,0.006736083008960709
dinov2,DINOv2 ViT-S/14,7,384,273,0.0005347800144427869,0.0005347800144427869,0.006714731514186525
dinov2,DINOv2 ViT-S/14,7,384,274,0.0005309395210274769,0.0005309395210274769,0.006666510037187843
dinov2,DINOv2 ViT-S/14,7,384,275,0.000528588416789208,0.000528588416789208,0.006636989424420945
dinov2,DINOv2 ViT-S/14,7,384,276,0.0005271072893077686,0.0005271072893077686,0.00661839229455903
dinov2,DINOv2 ViT-S/14,7,384,277,0.000522721592648734,0.000522721592648734,0.006563325211323382
dinov2,DINOv2 ViT-S/14,7,384,278,0.0005213151068572371,0.0005213151068572371,0.006545665287217467
dinov2,DINOv2 ViT-S/14,7,384,279,0.0005137457652856035,0.0005137457652856035,0.0064506241581175905
dinov2,DINOv2 ViT-S/14,7,384,280,0.0005098058276585053,0.0005098058276585053,0.0064011540533378325
dinov2,DINOv2 ViT-S/14,7,384,281,0.0005083819584041004,0.0005083819584041004,0.00638327586137773
dinov2,DINOv2 ViT-S/14,7,384,282,0.0005052062316796163,0.0005052062316796163,0.0063434012367817524
dinov2,DINOv2 ViT-S/14,7,384,283,0.0005029985949652168,0.0005029985949652168,0.006315682011272738
dinov2,DINOv2 ViT-S/14,7,384,284,0.0004989037718598973,0.0004989037718598973,0.00626426715468174
dinov2,DINOv2 ViT-S/14,7,384,285,0.0004950683356709268,0.0004950683356709268,0.00621610917653522
dinov2,DINOv2 ViT-S/14,7,384,286,0.000492838808786291,0.000492838808786291,0.006188115096671205
dinov2,DINOv2 ViT-S/14,7,384,287,0.0004904735089011257,0.0004904735089011257,0.006158416242468568
dinov2,DINOv2 ViT-S/14,7,384,288,0.00048624462680255565,0.00048624462680255565,0.006105318132722199
dinov2,DINOv2 ViT-S/14,7,384,289,0.0004822997671780753,0.0004822997671780753,0.0060557862270335765
dinov2,DINOv2 ViT-S/14,7,384,290,0.000480207652682978,0.000480207652682978,0.006029517505779747
dinov2,DINOv2 ViT-S/14,7,384,291,0.00047680130414181346,0.00047680130414181346,0.005986747179140871
dinov2,DINOv2 ViT-S/14,7,384,292,0.0004761958446470689,0.0004761958446470689,0.00597914499162427
dinov2,DINOv2 ViT-S/14,7,384,293,0.0004710414267197675,0.0004710414267197675,0.005914425795769875
dinov2,DINOv2 ViT-S/14,7,384,294,0.0004683879674805917,0.0004683879674805917,0.005881108794584878
dinov2,DINOv2 ViT-S/14,7,384,295,0.000464038680285776,0.000464038680285776,0.005826498870873152
dinov2,DINOv2 ViT-S/14,7,384,296,0.0004617700279240449,0.0004617700279240449,0.005798013529056625
dinov2,DINOv2 ViT-S/14,7,384,297,0.0004601859647435301,0.0004601859647435301,0.005778123932079543
dinov2,DINOv2 ViT-S/14,7,384,298,0.0004562686793615362,0.0004562686793615362,0.005728938250314783
dinov2,DINOv2 ViT-S/14,7,384,299,0.00045212578359833265,0.00045212578359833265,0.005676919790406258
dinov2,DINOv2 ViT-S/14,7,384,300,0.00045047958884327367,0.00045047958884327367,0.005656250065469359
dinov2,DINOv2 ViT-S/14,7,384,301,0.00044778377311307035,0.00044778377311307035,0.005622401233517595
dinov2,DINOv2 ViT-S/14,7,384,302,0.0004463090918808991,0.0004463090918808991,0.005603885043167143
dinov2,DINOv2 ViT-S/14,7,384,303,0.00044115919007491414,0.00044115919007491414,0.0055392225520161905
dinov2,DINOv2 ViT-S/14,7,384,304,0.00043761762576828437,0.00043761762576828437,0.005494754447717223
dinov2,DINOv2 ViT-S/14,7,384,305,0.00043728359254761157,0.00043728359254761157,0.005490560305578284
dinov2,DINOv2 ViT-S/14,7,384,306,0.0004313798272989308,0.0004313798272989308,0.005416432257601433
dinov2,DINOv2 ViT-S/14,7,384,307,0.0004275823147110261,0.0004275823147110261,0.0053687504505763655
dinov2,DINOv2 ViT-S/14,7,384,308,0.0004268847116754682,0.0004268847116754682,0.005359991302962868
dinov2,DINOv2 ViT-S/14,7,384,309,0.00042118133010207986,0.00042118133010207986,0.005288379285022809
dinov2,DINOv2 ViT-S/14,7,384,310,0.0004188379174254671,0.0004188379174254671,0.005258955247988084
dinov2,DINOv2 ViT-S/14,7,384,311,0.000418364903185582,0.000418364903185582,0.005253016051426064
dinov2,DINOv2 ViT-S/14,7,384,312,0.00041489396242779675,0.00041489396242779675,0.005209434700850614
dinov2,DINOv2 ViT-S/14,7,384,313,0.0004129585954121223,0.0004129585954121223,0.005185134110812284
dinov2,DINOv2 ViT-S/14,7,384,314,0.00041078837241089963,0.00041078837241089963,0.005157884654240303
dinov2,DINOv2 ViT-S/14,7,384,315,0.00040641522074297753,0.00040641522074297753,0.005102975086702499
dinov2,DINOv2 ViT-S/14,7,384,316,0.00040454491439388256,0.00040454491439388256,0.0050794914024879035
dinov2,DINOv2 ViT-S/14,7,384,317,0.00040042848566833447,0.00040042848566833447,0.005027805264369708
dinov2,DINOv2 ViT-S/14,7,384,318,0.0003990555996557248,0.0003990555996557248,0.005010567221201881
dinov2,DINOv2 ViT-S/14,7,384,319,0.00039422234683914877,0.00039422234683914877,0.004949880594688157
dinov2,DINOv2 ViT-S/14,7,384,320,0.00039179307906326015,0.00039179307906326015,0.0049193785556242
dinov2,DINOv2 ViT-S/14,7,384,321,0.00038990724499719787,0.00038990724499719787,0.0048956999044182286
dinov2,DINOv2 ViT-S/14,7,384,322,0.0003870429696492301,0.0003870429696492301,0.004859735882904922
dinov2,DINOv2 ViT-S/14,7,384,323,0.00038321779640561473,0.00038321779640561473,0.0048117067669461114
dinov2,DINOv2 ViT-S/14,7,384,324,0.0003816423718441185,0.0003816423718441185,0.00479192563701304
dinov2,DINOv2 ViT-S/14,7,384,325,0.00037837592830193773,0.00037837592830193773,0.0047509119663454
dinov2,DINOv2 ViT-S/14,7,384,326,0.00037644632124984054,0.00037644632124984054,0.004726683698772212
dinov2,DINOv2 ViT-S/14,7,384,327,0.00037259129513609706,0.00037259129513609706,0.004678279748297479
dinov2,DINOv2 ViT-S/14,7,384,328,0.0003701306627909239,0.0003701306627909239,0.004647383893727864
dinov2,DINOv2 ViT-S/14,7,384,329,0.00036771817655226386,0.00036771817655226386,0.004617092564701385
dinov2,DINOv2 ViT-S/14,7,384,330,0.00036554100132079036,0.00036554100132079036,0.004589755815488881
dinov2,DINOv2 ViT-S/14,7,384,331,0.00036195202332937843,0.00036195202332937843,0.004544692381980122
dinov2,DINOv2 ViT-S/14,7,384,332,0.00036061435759081903,0.00036061435759081903,0.004527896566789626
dinov2,DINOv2 ViT-S/14,7,384,333,0.0003603828099852248,0.0003603828099852248,0.004524989240482867
dinov2,DINOv2 ViT-S/14,7,384,334,0.00035672094058316164,0.00035672094058316164,0.004479010577835033
dinov2,DINOv2 ViT-S/14,7,384,335,0.00035470629516761885,0.00035470629516761885,0.004453714563219095
dinov2,DINOv2 ViT-S/14,7,384,336,0.0003535566322266969,0.0003535566322266969,0.004439279322986446
dinov2,DINOv2 ViT-S/14,7,384,337,0.00034715224244871024,0.00034715224244871024,0.004358865401916137
dinov2,DINOv2 ViT-S/14,7,384,338,0.0003470030882622362,0.0003470030882622362,0.004356992612564736
dinov2,DINOv2 ViT-S/14,7,384,339,0.00034561179501371714,0.00034561179501371714,0.004339523446984493
dinov2,DINOv2 ViT-S/14,7,384,340,0.0003420449050919448,0.0003420449050919448,0.004294737352668096
dinov2,DINOv2 ViT-S/14,7,384,341,0.00034189308114625103,0.00034189308114625103,0.004292831041651929
dinov2,DINOv2 ViT-S/14,7,384,342,0.0003392202472834409,0.0003392202472834409,0.004259270771473365
dinov2,DINOv2 ViT-S/14,7,384,343,0.0003373797268300717,0.0003373797268300717,0.004236161080839881
dinov2,DINOv2 ViT-S/14,7,384,344,0.00033187373038394955,0.00033187373038394955,0.004167027442978905
dinov2,DINOv2 ViT-S/14,7,384,345,0.0003313306000851847,0.0003313306000851847,0.0041602078647693
dinov2,DINOv2 ViT-S/14,7,384,346,0.00032844182805206394,0.00032844182805206394,0.004123936261335676
dinov2,DINOv2 ViT-S/14,7,384,347,0.00032647051564019844,0.00032647051564019844,0.004099184338640785
dinov2,DINOv2 ViT-S/14,7,384,348,0.0003256929109288597,0.0003256929109288597,0.004089420684951808
dinov2,DINOv2 ViT-S/14,7,384,349,0.00031893043529743935,0.00031893043529743935,0.00400451061537202
dinov2,DINOv2 ViT-S/14,7,384,350,0.0003158148572141116,0.0003158148572141116,0.003965391220899458
dinov2,DINOv2 ViT-S/14,7,384,351,0.0003149773830786664,0.0003149773830786664,0.003954875842953913
dinov2,DINOv2 ViT-S/14,7,384,352,0.0003118563755913477,0.0003118563755913477,0.003915688276543177
dinov2,DINOv2 ViT-S/14,7,384,353,0.00030987267502785234,0.00030987267502785234,0.003890780807436856
dinov2,DINOv2 ViT-S/14,7,384,354,0.00030825725741920253,0.00030825725741920253,0.003870497522287027
dinov2,DINOv2 ViT-S/14,7,384,355,0.00030641908999557636,0.00030641908999557636,0.0038474173764430687
dinov2,DINOv2 ViT-S/14,7,384,356,0.00030212697141030994,0.00030212697141030994,0.0037935252653903706
dinov2,DINOv2 ViT-S/14,7,384,357,0.00029864721667655623,0.00029864721667655623,0.0037498332459780116
dinov2,DINOv2 ViT-S/14,7,384,358,0.0002943552686234864,0.0002943552686234864,0.0036959432761383055
dinov2,DINOv2 ViT-S/14,7,384,359,0.0002924792738536546,0.0002924792738536546,0.0036723881677549752
dinov2,DINOv2 ViT-S/14,7,384,360,0.0002901681979146331,0.0002901681979146331,0.0036433701528323435
dinov2,DINOv2 ViT-S/14,7,384,361,0.00028939284865932296,0.00028939284865932296,0.003633634818791193
dinov2,DINOv2 ViT-S/14,7,384,362,0.0002843114387826377,0.0002843114387826377,0.003569832316614613
dinov2,DINOv2 ViT-S/14,7,384,363,0.00028320895311489253,0.00028320895311489253,0.003555989437192762
dinov2,DINOv2 ViT-S/14,7,384,364,0.00027803642294343234,0.00027803642294343234,0.0034910428228609354
dinov2,DINOv2 ViT-S/14,7,384,365,0.000273906017560991,0.000273906017560991,0.0034391811929592596
dinov2,DINOv2 ViT-S/14,7,384,366,0.0002725913891940685,0.0002725913891940685,0.0034226746364567403
dinov2,DINOv2 ViT-S/14,7,384,367,0.0002707349041044533,0.0002707349041044533,0.0033993644928459227
dinov2,DINOv2 ViT-S/14,7,384,368,0.0002692762949307009,0.0002692762949307009,0.003381050104272367
dinov2,DINOv2 ViT-S/14,7,384,369,0.0002673816368904531,0.0002673816368904531,0.003357260658691244
dinov2,DINOv2 ViT-S/14,7,384,370,0.0002661027297473503,0.0002661027297473503,0.0033412026201228837
dinov2,DINOv2 ViT-S/14,7,384,371,0.0002581182123333196,0.0002581182123333196,0.0032409485170195244
dinov2,DINOv2 ViT-S/14,7,384,372,0.00025523190646754027,0.00025523190646754027,0.003204707878938231
dinov2,DINOv2 ViT-S/14,7,384,373,0.0002550526580221126,0.0002550526580221126,0.0032024572241776262
dinov2,DINOv2 ViT-S/14,7,384,374,0.00024990580294227015,0.00024990580294227015,0.0031378329879118436
dinov2,DINOv2 ViT-S/14,7,384,375,0.0002464002781708219,0.0002464002781708219,0.0030938173982845256
dinov2,DINOv2 ViT-S/14,7,384,376,0.00024044541915639413,0.00024044541915639413,0.0030190478137697065
dinov2,DINOv2 ViT-S/14,7,384,377,0.00023714833328018805,0.00023714833328018805,0.0029776493960277724
dinov2,DINOv2 ViT-S/14,7,384,378,0.00023379077871064243,0.00023379077871064243,0.0029354917295670692
dinov2,DINOv2 ViT-S/14,7,384,379,0.00022881189168602172,0.00022881189168602172,0.0028729765107726097
dinov2,DINOv2 ViT-S/14,7,384,380,0.00022146017782785472,0.00022146017782785472,0.0027806679289379813
dinov2,DINOv2 ViT-S/14,7,384,381,0.00021448042423551943,0.00021448042423551943,0.0026930297036079948
dinov2,DINOv2 ViT-S/14,7,384,382,0.0002098422998216807,0.0002098422998216807,0.002634793121598155
dinov2,DINOv2 ViT-S/14,7,384,383,0.00013225313948683594,0.00013225313948683594,0.0016605787418732538
dinov2,DINOv2 ViT-S/14,7,384,384,5.2664958240079975e-17,5.2664958240079975e-17,6.612645297832373e-16
dinov2,DINOv2 ViT-S/14,8,384,1,0.030770282801958423,0.030770282801958423,1.0
dinov2,DINOv2 ViT-S/14,8,384,2,0.014339782606367726,0.014339782606367726,0.4660270007481065
dinov2,DINOv2 ViT-S/14,8,384,3,0.011763586997768881,0.011763586997768881,0.38230350606397967
dinov2,DINOv2 ViT-S/14,8,384,4,0.011126789170653033,0.011126789170653033,0.36160828427436004
dinov2,DINOv2 ViT-S/14,8,384,5,0.010051234440598373,0.010051234440598373,0.3266539506734285
dinov2,DINOv2 ViT-S/14,8,384,6,0.009402159182671099,0.009402159182671099,0.3055597260247697
dinov2,DINOv2 ViT-S/14,8,384,7,0.008878752527472783,0.008878752527472783,0.2885495913254226
dinov2,DINOv2 ViT-S/14,8,384,8,0.007931568098020755,0.007931568098020755,0.25776714985264737
dinov2,DINOv2 ViT-S/14,8,384,9,0.007449734242621467,0.007449734242621467,0.2421080849522552
dinov2,DINOv2 ViT-S/14,8,384,10,0.007141185367918665,0.007141185367918665,0.23208058937515363
dinov2,DINOv2 ViT-S/14,8,384,11,0.006557213952610944,0.006557213952610944,0.21310216727009088
dinov2,DINOv2 ViT-S/14,8,384,12,0.006056667808194354,0.006056667808194354,0.19683497376920006
dinov2,DINOv2 ViT-S/14,8,384,13,0.005791655022766787,0.005791655022766787,0.1882223527174787
dinov2,DINOv2 ViT-S/14,8,384,14,0.005198363346427044,0.005198363346427044,0.16894103248528436
dinov2,DINOv2 ViT-S/14,8,384,15,0.004993457160917643,0.004993457160917643,0.16228180914215798
dinov2,DINOv2 ViT-S/14,8,384,16,0.004845165013292497,0.004845165013292497,0.1574624791223602
dinov2,DINOv2 ViT-S/14,8,384,17,0.00445420763452074,0.00445420763452074,0.14475679873300498
dinov2,DINOv2 ViT-S/14,8,384,18,0.004284975827217645,0.004284975827217645,0.1392569530412285
dinov2,DINOv2 ViT-S/14,8,384,19,0.004120479586128407,0.004120479586128407,0.1339110079893758
dinov2,DINOv2 ViT-S/14,8,384,20,0.0036433972157443924,0.0036433972157443924,0.11840636107226492
dinov2,DINOv2 ViT-S/14,8,384,21,0.003396063570146658,0.003396063570146658,0.11036829242045544
dinov2,DINOv2 ViT-S/14,8,384,22,0.003142825342218954,0.003142825342218954,0.10213833140392599
dinov2,DINOv2 ViT-S/14,8,384,23,0.002998288513108654,0.002998288513108654,0.09744104506305751
dinov2,DINOv2 ViT-S/14,8,384,24,0.002954171324223117,0.002954171324223117,0.09600728544604387
dinov2,DINOv2 ViT-S/14,8,384,25,0.002899589479635484,0.002899589479635484,0.0942334361467401
dinov2,DINOv2 ViT-S/14,8,384,26,0.002832724172053868,0.002832724172053868,0.09206038794916682
dinov2,DINOv2 ViT-S/14,8,384,27,0.0026710973795936333,0.0026710973795936333,0.08680769678930696
dinov2,DINOv2 ViT-S/14,8,384,28,0.0026094735374590262,0.0026094735374590262,0.08480499039459403
dinov2,DINOv2 ViT-S/14,8,384,29,0.002541458679665913,0.002541458679665913,0.08259458309249461
dinov2,DINOv2 ViT-S/14,8,384,30,0.0024313293588576427,0.0024313293588576427,0.07901550253879684
dinov2,DINOv2 ViT-S/14,8,384,31,0.002306513543060526,0.002306513543060526,0.07495912721717736
dinov2,DINOv2 ViT-S/14,8,384,32,0.002275646460528557,0.002275646460528557,0.07395598133351311
dinov2,DINOv2 ViT-S/14,8,384,33,0.002231280807691071,0.002231280807691071,0.07251414691414723
dinov2,DINOv2 ViT-S/14,8,384,34,0.002206836516105515,0.002206836516105515,0.07171973459941867
dinov2,DINOv2 ViT-S/14,8,384,35,0.0020996117304168684,0.0020996117304168684,0.06823504820967181
dinov2,DINOv2 ViT-S/14,8,384,36,0.002052746756326681,0.002052746756326681,0.06671198862676786
dinov2,DINOv2 ViT-S/14,8,384,37,0.001964140907482385,0.001964140907482385,0.06383239699562898
dinov2,DINOv2 ViT-S/14,8,384,38,0.001941345959355124,0.001941345959355124,0.06309158651059145
dinov2,DINOv2 ViT-S/14,8,384,39,0.0019117621476423673,0.0019117621476423673,0.06213014550261755
dinov2,DINOv2 ViT-S/14,8,384,40,0.0018490297760492705,0.0018490297760492705,0.06009141313227014
dinov2,DINOv2 ViT-S/14,8,384,41,0.0018463703113870214,0.0018463703113870214,0.060004983485868586
dinov2,DINOv2 ViT-S/14,8,384,42,0.0017969277528527756,0.0017969277528527756,0.05839815527267131
dinov2,DINOv2 ViT-S/14,8,384,43,0.001758294530846113,0.001758294530846113,0.057142618485592975
dinov2,DINOv2 ViT-S/14,8,384,44,0.0017352974540695016,0.0017352974540695016,0.056395239044051165
dinov2,DINOv2 ViT-S/14,8,384,45,0.0016893653263653928,0.0016893653263653928,0.05490249593214237
dinov2,DINOv2 ViT-S/14,8,384,46,0.0016880114289617419,0.0016880114289617419,0.05485849577093603
dinov2,DINOv2 ViT-S/14,8,384,47,0.0016415030041655907,0.0016415030041655907,0.05334702364390082
dinov2,DINOv2 ViT-S/14,8,384,48,0.0016289720970257891,0.0016289720970257891,0.052939783085845106
dinov2,DINOv2 ViT-S/14,8,384,49,0.001605957385647899,0.001605957385647899,0.0521918305393568
dinov2,DINOv2 ViT-S/14,8,384,50,0.0015790606290340711,0.0015790606290340711,0.05131771583631884
dinov2,DINOv2 ViT-S/14,8,384,51,0.0015514188774819126,0.0015514188774819126,0.05041938962560234
dinov2,DINOv2 ViT-S/14,8,384,52,0.0014864025731980593,0.0014864025731980593,0.048306431980646436
dinov2,DINOv2 ViT-S/14,8,384,53,0.001468889839820441,0.001468889839820441,0.04773728760552539
dinov2,DINOv2 ViT-S/14,8,384,54,0.0014559107720853019,0.0014559107720853019,0.04731548232610453
dinov2,DINOv2 ViT-S/14,8,384,55,0.0014501467688286208,0.0014501467688286208,0.04712815862505898
dinov2,DINOv2 ViT-S/14,8,384,56,0.0014260118094124084,0.0014260118094124084,0.04634379926211298
dinov2,DINOv2 ViT-S/14,8,384,57,0.0013969144195885154,0.0013969144195885154,0.045398166425028974
dinov2,DINOv2 ViT-S/14,8,384,58,0.0013756962791040659,0.0013756962791040659,0.04470860043627898
dinov2,DINOv2 ViT-S/14,8,384,59,0.001363793381985159,0.001363793381985159,0.04432176950607546
dinov2,DINOv2 ViT-S/14,8,384,60,0.0013529101505114856,0.0013529101505114856,0.04396807657631855
dinov2,DINOv2 ViT-S/14,8,384,61,0.001337736037267778,0.001337736037267778,0.043474934756941384
dinov2,DINOv2 ViT-S/14,8,384,62,0.0013023168869776686,0.0013023168869776686,0.04232385172926589
dinov2,DINOv2 ViT-S/14,8,384,63,0.0012796011803904005,0.0012796011803904005,0.041585616506227184
dinov2,DINOv2 ViT-S/14,8,384,64,0.0012635382131804002,0.0012635382131804002,0.04106358792061477
dinov2,DINOv2 ViT-S/14,8,384,65,0.0012435787700516598,0.0012435787700516598,0.04041492819729659
dinov2,DINOv2 ViT-S/14,8,384,66,0.0012386726527079603,0.0012386726527079603,0.0402554848351645
dinov2,DINOv2 ViT-S/14,8,384,67,0.0012239864933852726,0.0012239864933852726,0.03977820097601995
dinov2,DINOv2 ViT-S/14,8,384,68,0.0011943830099123117,0.0011943830099123117,0.03881612065769813
dinov2,DINOv2 ViT-S/14,8,384,69,0.0011723254864176445,0.0011723254864176445,0.038099275653814595
dinov2,DINOv2 ViT-S/14,8,384,70,0.001169576789270839,0.001169576789270839,0.03800994605081756
dinov2,DINOv2 ViT-S/14,8,384,71,0.0011453861780136745,0.0011453861780136745,0.03722377806487936
dinov2,DINOv2 ViT-S/14,8,384,72,0.0011260057574955127,0.0011260057574955127,0.03659393593301152
dinov2,DINOv2 ViT-S/14,8,384,73,0.001117150575804187,0.001117150575804187,0.03630615236766963
dinov2,DINOv2 ViT-S/14,8,384,74,0.0011023255922790898,0.0011023255922790898,0.03582435687620429
dinov2,DINOv2 ViT-S/14,8,384,75,0.0010974986425815259,0.0010974986425815259,0.035667486374602764
dinov2,DINOv2 ViT-S/14,8,384,76,0.0010794956417055994,0.0010794956417055994,0.03508240885055802
dinov2,DINOv2 ViT-S/14,8,384,77,0.0010611395806634967,0.0010611395806634967,0.034485857263422966
dinov2,DINOv2 ViT-S/14,8,384,78,0.001059200951542979,0.001059200951542979,0.034422853971155715
dinov2,DINOv2 ViT-S/14,8,384,79,0.0010434739623511658,0.0010434739623511658,0.03391174429780516
dinov2,DINOv2 ViT-S/14,8,384,80,0.0010271179395068102,0.0010271179395068102,0.033380191729711295
dinov2,DINOv2 ViT-S/14,8,384,81,0.0010199700092369441,0.0010199700092369441,0.033147891938517596
dinov2,DINOv2 ViT-S/14,8,384,82,0.0010054311518547438,0.0010054311518547438,0.03267539522876116
dinov2,DINOv2 ViT-S/14,8,384,83,0.0010000340913474469,0.0010000340913474469,0.032499996759334245
dinov2,DINOv2 ViT-S/14,8,384,84,0.0009775821164269127,0.0009775821164269127,0.03177033252241324
dinov2,DINOv2 ViT-S/14,8,384,85,0.0009646231558764031,0.0009646231558764031,0.03134918070415031
dinov2,DINOv2 ViT-S/14,8,384,86,0.000950280949460729,0.000950280949460729,0.030883074932293014
dinov2,DINOv2 ViT-S/14,8,384,87,0.0009395319634404955,0.0009395319634404955,0.030533744830603168
dinov2,DINOv2 ViT-S/14,8,384,88,0.0009349471343150554,0.0009349471343150554,0.030384742978558168
dinov2,DINOv2 ViT-S/14,8,384,89,0.0009213702011235115,0.0009213702011235115,0.02994350773613525
dinov2,DINOv2 ViT-S/14,8,384,90,0.0009174410010431899,0.0009174410010431899,0.029815813099540248
dinov2,DINOv2 ViT-S/14,8,384,91,0.000906641773997093,0.000906641773997093,0.02946485022033624
dinov2,DINOv2 ViT-S/14,8,384,92,0.0008994047386042189,0.0008994047386042189,0.02922965461165586
dinov2,DINOv2 ViT-S/14,8,384,93,0.0008863322595351456,0.0008863322595351456,0.02880481356767815
dinov2,DINOv2 ViT-S/14,8,384,94,0.0008795313557552848,0.0008795313557552848,0.028583791751803648
dinov2,DINOv2 ViT-S/14,8,384,95,0.0008703822056081456,0.0008703822056081456,0.028286454538297215
dinov2,DINOv2 ViT-S/14,8,384,96,0.0008598632669055618,0.0008598632669055618,0.027944600718808943
dinov2,DINOv2 ViT-S/14,8,384,97,0.0008435214011270445,0.0008435214011270445,0.02741350823962389
dinov2,DINOv2 ViT-S/14,8,384,98,0.0008382932538714923,0.0008382932538714923,0.027243599263187073
dinov2,DINOv2 ViT-S/14,8,384,99,0.0008365359473413441,0.0008365359473413441,0.02718648875362632
dinov2,DINOv2 ViT-S/14,8,384,100,0.0008255321461983671,0.0008255321461983671,0.026828877443590634
dinov2,DINOv2 ViT-S/14,8,384,101,0.0008184166661062066,0.0008184166661062066,0.026597632247114648
dinov2,DINOv2 ViT-S/14,8,384,102,0.0008074422649311259,0.0008074422649311259,0.02624097640336718
dinov2,DINOv2 ViT-S/14,8,384,103,0.0007922179962687298,0.0007922179962687298,0.025746204588613916
dinov2,DINOv2 ViT-S/14,8,384,104,0.0007908881201703904,0.0007908881201703904,0.025702985093138404
dinov2,DINOv2 ViT-S/14,8,384,105,0.0007821501361381584,0.0007821501361381584,0.025419010321490357
dinov2,DINOv2 ViT-S/14,8,384,106,0.0007723353774649073,0.0007723353774649073,0.025100041570490565
dinov2,DINOv2 ViT-S/14,8,384,107,0.0007635618779486224,0.0007635618779486224,0.024814912585074594
dinov2,DINOv2 ViT-S/14,8,384,108,0.0007619426155599484,0.0007619426155599484,0.02476228835672103
dinov2,DINOv2 ViT-S/14,8,384,109,0.0007567347109850675,0.0007567347109850675,0.024593037244912935
dinov2,DINOv2 ViT-S/14,8,384,110,0.0007517282412500463,0.0007517282412500463,0.024430332541571616
dinov2,DINOv2 ViT-S/14,8,384,111,0.0007459895092959699,0.0007459895092959699,0.024243830129779965
dinov2,DINOv2 ViT-S/14,8,384,112,0.0007370108722338443,0.0007370108722338443,0.02395203440206718
dinov2,DINOv2 ViT-S/14,8,384,113,0.0007312627362626393,0.0007312627362626393,0.023765226370168327
dinov2,DINOv2 ViT-S/14,8,384,114,0.0007263944699972097,0.0007263944699972097,0.023607013126020964
dinov2,DINOv2 ViT-S/14,8,384,115,0.000717917914416655,0.000717917914416655,0.023331534488560568
dinov2,DINOv2 ViT-S/14,8,384,116,0.0007069310126392966,0.0007069310126392966,0.022974472389129384
dinov2,DINOv2 ViT-S/14,8,384,117,0.0007015301367908261,0.0007015301367908261,0.022798949925353824
dinov2,DINOv2 ViT-S/14,8,384,118,0.0006912186036297953,0.0006912186036297953,0.022463836555502884
dinov2,DINOv2 ViT-S/14,8,384,119,0.0006899221006990315,0.0006899221006990315,0.022421701650890264
dinov2,DINOv2 ViT-S/14,8,384,120,0.0006836262294506739,0.0006836262294506739,0.022217092831111823
dinov2,DINOv2 ViT-S/14,8,384,121,0.0006774722365894384,0.0006774722365894384,0.022017094901263617
dinov2,DINOv2 ViT-S/14,8,384,122,0.0006731017129042209,0.0006731017129042209,0.02187505773789574
dinov2,DINOv2 ViT-S/14,8,384,123,0.0006688838295910084,0.0006688838295910084,0.021737981217008387
dinov2,DINOv2 ViT-S/14,8,384,124,0.000661333129628912,0.000661333129628912,0.021492591858363434
dinov2,DINOv2 ViT-S/14,8,384,125,0.0006594882535399973,0.0006594882535399973,0.02143263543544758
dinov2,DINOv2 ViT-S/14,8,384,126,0.000649445798969969,0.000649445798969969,0.021106266820811733
dinov2,DINOv2 ViT-S/14,8,384,127,0.0006446951713545144,0.0006446951713545144,0.020951876702071836
dinov2,DINOv2 ViT-S/14,8,384,128,0.0006357547344705397,0.0006357547344705397,0.020661322437702006
dinov2,DINOv2 ViT-S/14,8,384,129,0.0006275025278455263,0.0006275025278455263,0.020393134892006518
dinov2,DINOv2 ViT-S/14,8,384,130,0.0006251094016584607,0.0006251094016584607,0.02031536095010068
dinov2,DINOv2 ViT-S/14,8,384,131,0.0006209850748975167,0.0006209850748975167,0.02018132491320467
dinov2,DINOv2 ViT-S/14,8,384,132,0.000615570029227076,0.000615570029227076,0.02000534194596018
dinov2,DINOv2 ViT-S/14,8,384,133,0.0006092448483870549,0.0006092448483870549,0.01979978059702066
dinov2,DINOv2 ViT-S/14,8,384,134,0.0006039496833393888,0.0006039496833393888,0.019627693616808405
dinov2,DINOv2 ViT-S/14,8,384,135,0.0006015019711475741,0.0006015019711475741,0.01954814569040264
dinov2,DINOv2 ViT-S/14,8,384,136,0.000597649884373278,0.000597649884373278,0.01942295715056735
dinov2,DINOv2 ViT-S/14,8,384,137,0.0005927508823773443,0.0005927508823773443,0.01926374502933128
dinov2,DINOv2 ViT-S/14,8,384,138,0.0005894337207475757,0.0005894337207475757,0.019155940962299514
dinov2,DINOv2 ViT-S/14,8,384,139,0.0005852279289042997,0.0005852279289042997,0.0190192574007494
dinov2,DINOv2 ViT-S/14,8,384,140,0.0005800827394018775,0.0005800827394018775,0.01885204445910901
dinov2,DINOv2 ViT-S/14,8,384,141,0.0005741872492951158,0.0005741872492951158,0.01866044758154029
dinov2,DINOv2 ViT-S/14,8,384,142,0.0005676497608802424,0.0005676497608802424,0.01844798647232821
dinov2,DINOv2 ViT-S/14,8,384,143,0.0005636014820682184,0.0005636014820682184,0.01831642190926978
dinov2,DINOv2 ViT-S/14,8,384,144,0.0005579100578957473,0.0005579100578957473,0.018131456947813242
dinov2,DINOv2 ViT-S/14,8,384,145,0.0005562948192748333,0.0005562948192748333,0.018078963487440782
dinov2,DINOv2 ViT-S/14,8,384,146,0.000549749344748168,0.000549749344748168,0.017866242838469406
dinov2,DINOv2 ViT-S/14,8,384,147,0.0005437913087367741,0.0005437913087367741,0.01767261328849937
dinov2,DINOv2 ViT-S/14,8,384,148,0.0005425589276376822,0.0005425589276376822,0.017632562272165735
dinov2,DINOv2 ViT-S/14,8,384,149,0.0005384719519754056,0.0005384719519754056,0.017499740104472934
dinov2,DINOv2 ViT-S/14,8,384,150,0.0005362823128143933,0.0005362823128143933,0.017428579264804834
dinov2,DINOv2 ViT-S/14,8,384,151,0.0005310245325747035,0.0005310245325747035,0.01725770724931087
dinov2,DINOv2 ViT-S/14,8,384,152,0.0005280836195596918,0.0005280836195596918,0.01716213084418194
dinov2,DINOv2 ViT-S/14,8,384,153,0.0005220377291377495,0.0005220377291377495,0.016965646123490406
dinov2,DINOv2 ViT-S/14,8,384,154,0.0005205875094543583,0.0005205875094543583,0.016918515595223088
dinov2,DINOv2 ViT-S/14,8,384,155,0.0005153752752433972,0.0005153752752433972,0.016749123775053356
dinov2,DINOv2 ViT-S/14,8,384,156,0.0005124626058087285,0.0005124626058087285,0.01665446525490211
dinov2,DINOv2 ViT-S/14,8,384,157,0.0005084253606278115,0.0005084253606278115,0.0165232592725944
dinov2,DINOv2 ViT-S/14,8,384,158,0.0005068216873640796,0.0005068216873640796,0.01647114167347926
dinov2,DINOv2 ViT-S/14,8,384,159,0.0005035391436829413,0.0005035391436829413,0.016364462651311504
dinov2,DINOv2 ViT-S/14,8,384,160,0.0004947727607169326,0.0004947727607169326,0.0160795649458718
dinov2,DINOv2 ViT-S/14,8,384,161,0.0004891961073326099,0.0004891961073326099,0.015898329907500047
dinov2,DINOv2 ViT-S/14,8,384,162,0.00048342509610126865,0.00048342509610126865,0.015710778455065102
dinov2,DINOv2 ViT-S/14,8,384,163,0.00048138943275924476,0.00048138943275924476,0.015644621658420572
dinov2,DINOv2 ViT-S/14,8,384,164,0.00047607487342642797,0.00047607487342642797,0.015471904385491297
dinov2,DINOv2 ViT-S/14,8,384,165,0.00047541411023889403,0.00047541411023889403,0.015450430316117718
dinov2,DINOv2 ViT-S/14,8,384,166,0.00047442866041880584,0.00047442866041880584,0.015418404291968682
dinov2,DINOv2 ViT-S/14,8,384,167,0.00047231414085349824,0.00047231414085349824,0.015349684755690223
dinov2,DINOv2 ViT-S/14,8,384,168,0.0004655004443766688,0.0004655004443766688,0.015128247191379122
dinov2,DINOv2 ViT-S/14,8,384,169,0.0004613030296356002,0.0004613030296356002,0.014991835876342348
dinov2,DINOv2 ViT-S/14,8,384,170,0.0004579400423380001,0.0004579400423380001,0.014882542526026242
dinov2,DINOv2 ViT-S/14,8,384,171,0.00045456086795249293,0.00045456086795249293,0.014772723113339787
dinov2,DINOv2 ViT-S/14,8,384,172,0.0004528279039979534,0.0004528279039979534,0.014716403710437542
dinov2,DINOv2 ViT-S/14,8,384,173,0.0004501491355397479,0.0004501491355397479,0.014629346712117233
dinov2,DINOv2 ViT-S/14,8,384,174,0.00044843792604435154,0.00044843792604435154,0.014573734304964205
dinov2,DINOv2 ViT-S/14,8,384,175,0.00044286308672321324,0.00044286308672321324,0.014392558221630207
dinov2,DINOv2 ViT-S/14,8,384,176,0.00044090740432114155,0.00044090740432114155,0.014329000716661574
dinov2,DINOv2 ViT-S/14,8,384,177,0.0004396591528543995,0.0004396591528543995,0.014288433931014009
dinov2,DINOv2 ViT-S/14,8,384,178,0.0004362116806467736,0.0004362116806467736,0.014176394914999293
dinov2,DINOv2 ViT-S/14,8,384,179,0.00043361732925866565,0.00043361732925866565,0.014092081377655307
dinov2,DINOv2 ViT-S/14,8,384,180,0.00042869084008802396,0.00042869084008802396,0.01393197595378419
dinov2,DINOv2 ViT-S/14,8,384,181,0.00042635618594395665,0.00042635618594395665,0.013856102288303328
dinov2,DINOv2 ViT-S/14,8,384,182,0.00042092705737267506,0.00042092705737267506,0.01367966164243003
dinov2,DINOv2 ViT-S/14,8,384,183,0.00042007466245871233,0.00042007466245871233,0.013651959754883241
dinov2,DINOv2 ViT-S/14,8,384,184,0.0004167701432021115,0.0004167701432021115,0.013544566550931586
dinov2,DINOv2 ViT-S/14,8,384,185,0.0004135110491652576,0.0004135110491652576,0.013438649616146494
dinov2,DINOv2 ViT-S/14,8,384,186,0.0004125623989397563,0.0004125623989397563,0.013407819537930866
dinov2,DINOv2 ViT-S/14,8,384,187,0.00040764055707781115,0.00040764055707781115,0.013247865146428431
dinov2,DINOv2 ViT-S/14,8,384,188,0.0004065303111107426,0.0004065303111107426,0.013211783386172463
dinov2,DINOv2 ViT-S/14,8,384,189,0.00040468795003559857,0.00040468795003559857,0.013151908698409544
dinov2,DINOv2 ViT-S/14,8,384,190,0.0004018521531458373,0.0004018521531458373,0.013059748450549202
dinov2,DINOv2 ViT-S/14,8,384,191,0.00040017447963339663,0.00040017447963339663,0.013005225925578004
dinov2,DINOv2 ViT-S/14,8,384,192,0.00039488248841448734,0.00039488248841448734,0.012833242091273676
dinov2,DINOv2 ViT-S/14,8,384,193,0.0003941629195469483,0.0003941629195469483,0.01280985690264313
dinov2,DINOv2 ViT-S/14,8,384,194,0.00039033839274043837,0.00039033839274043837,0.012685564031137039
dinov2,DINOv2 ViT-S/14,8,384,195,0.0003890419878292215,0.0003890419878292215,0.012643432312050779
dinov2,DINOv2 ViT-S/14,8,384,196,0.00038695424714115927,0.00038695424714115927,0.012575583059526867
dinov2,DINOv2 ViT-S/14,8,384,197,0.0003812644461992401,0.0003812644461992401,0.012390670851259576
dinov2,DINOv2 ViT-S/14,8,384,198,0.00037909943189274236,0.00037909943189274236,0.012320310292000761
dinov2,DINOv2 ViT-S/14,8,384,199,0.00037818705935105433,0.00037818705935105433,0.012290659198198335
dinov2,DINOv2 ViT-S/14,8,384,200,0.00037576401570901206,0.00037576401570901206,0.012211912972249184
dinov2,DINOv2 ViT-S/14,8,384,201,0.00037357988681087123,0.00037357988681087123,0.012140931210001558
dinov2,DINOv2 ViT-S/14,8,384,202,0.0003726197994059846,0.0003726197994059846,0.012109729436164578
dinov2,DINOv2 ViT-S/14,8,384,203,0.00036726278261398613,0.00036726278261398613,0.011935632342989421
dinov2,DINOv2 ViT-S/14,8,384,204,0.0003656755814827337,0.0003656755814827337,0.0118840500698765
dinov2,DINOv2 ViT-S/14,8,384,205,0.0003647031516344667,0.0003647031516344667,0.011852447180344231
dinov2,DINOv2 ViT-S/14,8,384,206,0.0003601644921479578,0.0003601644921479578,0.011704945790262109
dinov2,DINOv2 ViT-S/14,8,384,207,0.0003576146709710671,0.0003576146709710671,0.011622079435301977
dinov2,DINOv2 ViT-S/14,8,384,208,0.00035473327405754064,0.00035473327405754064,0.011528437237338719
dinov2,DINOv2 ViT-S/14,8,384,209,0.0003523487410623383,0.0003523487410623383,0.01145094256461993
dinov2,DINOv2 ViT-S/14,8,384,210,0.00034928917525971524,0.00034928917525971524,0.011351510075737236
dinov2,DINOv2 ViT-S/14,8,384,211,0.0003488406724306697,0.0003488406724306697,0.011336934232156851
dinov2,DINOv2 ViT-S/14,8,384,212,0.00034506924457652596,0.00034506924457652596,0.011214367017600615
dinov2,DINOv2 ViT-S/14,8,384,213,0.0003438502658020066,0.0003438502658020066,0.011174751561923301
dinov2,DINOv2 ViT-S/14,8,384,214,0.0003411972353928264,0.0003411972353928264,0.011088531021596928
dinov2,DINOv2 ViT-S/14,8,384,215,0.0003401688499774505,0.0003401688499774505,0.011055109638309855
dinov2,DINOv2 ViT-S/14,8,384,216,0.0003369855188518289,0.0003369855188518289,0.010951654913954218
dinov2,DINOv2 ViT-S/14,8,384,217,0.00033149676299043166,0.00033149676299043166,0.01077327644740831
dinov2,DINOv2 ViT-S/14,8,384,218,0.0003304584129854041,0.0003304584129854041,0.010739531226029927
dinov2,DINOv2 ViT-S/14,8,384,219,0.0003289624312968763,0.0003289624312968763,0.010690913483445103
dinov2,DINOv2 ViT-S/14,8,384,220,0.0003260473591627569,0.0003260473591627569,0.010596176878231523
dinov2,DINOv2 ViT-S/14,8,384,221,0.0003248278885393115,0.0003248278885393115,0.010556545438010642
dinov2,DINOv2 ViT-S/14,8,384,222,0.00032335386875332196,0.00032335386875332196,0.01050864143285487
dinov2,DINOv2 ViT-S/14,8,384,223,0.0003210357084497512,0.0003210357084497512,0.01043330379886266
dinov2,DINOv2 ViT-S/14,8,384,224,0.00031779346552944493,0.00031779346552944493,0.010327934506640884
dinov2,DINOv2 ViT-S/14,8,384,225,0.0003146707624025476,0.0003146707624025476,0.010226450124875676
dinov2,DINOv2 ViT-S/14,8,384,226,0.0003133864203490896,0.0003133864203490896,0.010184710435262676
dinov2,DINOv2 ViT-S/14,8,384,227,0.0003119068808876967,0.0003119068808876967,0.010136627046789602
dinov2,DINOv2 ViT-S/14,8,384,228,0.00030993932654793264,0.00030993932654793264,0.010072683717037728
dinov2,DINOv2 ViT-S/14,8,384,229,0.00030880792634601907,0.00030880792634601907,0.010035914467655283
dinov2,DINOv2 ViT-S/14,8,384,230,0.00030530901541372273,0.00030530901541372273,0.009922203750246028
dinov2,DINOv2 ViT-S/14,8,384,231,0.00030401990942651564,0.00030401990942651564,0.00988030923807973
dinov2,DINOv2 ViT-S/14,8,384,232,0.0003037410836422286,0.0003037410836422286,0.009871247709913688
dinov2,DINOv2 ViT-S/14,8,384,233,0.0003008475639273652,0.0003008475639273652,0.00977721153437749
dinov2,DINOv2 ViT-S/14,8,384,234,0.0002994725139039259,0.0002994725139039259,0.009732523936532214
dinov2,DINOv2 ViT-S/14,8,384,235,0.00029724838240086614,0.00029724838240086614,0.009660242134074482
dinov2,DINOv2 ViT-S/14,8,384,236,0.0002962805538556278,0.0002962805538556278,0.009628788781777807
dinov2,DINOv2 ViT-S/14,8,384,237,0.0002934066134163383,0.0002934066134163383,0.009535388910941826
dinov2,DINOv2 ViT-S/14,8,384,238,0.0002914744999840295,0.0002914744999840295,0.009472597371301317
dinov2,DINOv2 ViT-S/14,8,384,239,0.0002900793207717096,0.0002900793207717096,0.009427255597184405
dinov2,DINOv2 ViT-S/14,8,384,240,0.0002890789451047529,0.0002890789451047529,0.009394744499597318
dinov2,DINOv2 ViT-S/14,8,384,241,0.0002865106045142708,0.0002865106045142708,0.009311276284273714
dinov2,DINOv2 ViT-S/14,8,384,242,0.00028535408008843765,0.00028535408008843765,0.009273690525531206
dinov2,DINOv2 ViT-S/14,8,384,243,0.00028386900661037573,0.00028386900661037573,0.009225427287665632
dinov2,DINOv2 ViT-S/14,8,384,244,0.0002818036949847082,0.0002818036949847082,0.009158306954747012
dinov2,DINOv2 ViT-S/14,8,384,245,0.00028078390565804,0.00028078390565804,0.00912516493479121
dinov2,DINOv2 ViT-S/14,8,384,246,0.0002797105123049137,0.0002797105123049137,0.009090280843538788
dinov2,DINOv2 ViT-S/14,8,384,247,0.00027735604915056245,0.00027735604915056245,0.009013763407234908
dinov2,DINOv2 ViT-S/14,8,384,248,0.0002734754041294315,0.0002734754041294315,0.008887646756110599
dinov2,DINOv2 ViT-S/14,8,384,249,0.0002716561582922667,0.0002716561582922667,0.008828523287897008
dinov2,DINOv2 ViT-S/14,8,384,250,0.0002702254773016566,0.0002702254773016566,0.008782027745434231
dinov2,DINOv2 ViT-S/14,8,384,251,0.0002679075322428474,0.0002679075322428474,0.008706697106657597
dinov2,DINOv2 ViT-S/14,8,384,252,0.00026704734703082396,0.00026704734703082396,0.008678742043080194
dinov2,DINOv2 ViT-S/14,8,384,253,0.0002667092407364025,0.0002667092407364025,0.0086677539642056
dinov2,DINOv2 ViT-S/14,8,384,254,0.00026370444283585156,0.00026370444283585156,0.008570101371283714
dinov2,DINOv2 ViT-S/14,8,384,255,0.0002622671891792779,0.0002622671891792779,0.00852339222448048
dinov2,DINOv2 ViT-S/14,8,384,256,0.000260334294320202,0.000260334294320202,0.008460575289338341
dinov2,DINOv2 ViT-S/14,8,384,257,0.0002583658563153808,0.0002583658563153808,0.008396603241454014
dinov2,DINOv2 ViT-S/14,8,384,258,0.0002570688838403777,0.0002570688838403777,0.008354453077175363
dinov2,DINOv2 ViT-S/14,8,384,259,0.0002541821889605174,0.0002541821889605174,0.008260638701193205
dinov2,DINOv2 ViT-S/14,8,384,260,0.000252967488956415,0.000252967488956415,0.008221162300799995
dinov2,DINOv2 ViT-S/14,8,384,261,0.0002505224409749449,0.0002505224409749449,0.008141700958270036
dinov2,DINOv2 ViT-S/14,8,384,262,0.0002493498895283625,0.0002493498895283625,0.008103594339161947
dinov2,DINOv2 ViT-S/14,8,384,263,0.0002482641013380474,0.0002482641013380474,0.00806830742947368
dinov2,DINOv2 ViT-S/14,8,384,264,0.0002478880866917392,0.0002478880866917392,0.008056087371285454
dinov2,DINOv2 ViT-S/14,8,384,265,0.0002464518628634015,0.0002464518628634015,0.008009411692755573
dinov2,DINOv2 ViT-S/14,8,384,266,0.00024391133085095455,0.00024391133085095455,0.007926847225318008
dinov2,DINOv2 ViT-S/14,8,384,267,0.00024223611452976125,0.00024223611452976125,0.007872404556331987
dinov2,DINOv2 ViT-S/14,8,384,268,0.0002404650333635118,0.0002404650333635118,0.007814846386403932
dinov2,DINOv2 ViT-S/14,8,384,269,0.00023928429592661316,0.00023928429592661316,0.007776473731706604
dinov2,DINOv2 ViT-S/14,8,384,270,0.0002385774722035992,0.0002385774722035992,0.0077535027461110816
dinov2,DINOv2 ViT-S/14,8,384,271,0.00023525115524961223,0.00023525115524961223,0.007645401141215358
dinov2,DINOv2 ViT-S/14,8,384,272,0.00023383370305374738,0.00023383370305374738,0.007599335519882342
dinov2,DINOv2 ViT-S/14,8,384,273,0.00023231184481197853,0.00023231184481197853,0.007549876818070476
dinov2,DINOv2 ViT-S/14,8,384,274,0.0002312926523724665,0.0002312926523724665,0.007516754196284004
dinov2,DINOv2 ViT-S/14,8,384,275,0.0002297020144766622,0.0002297020144766622,0.007465060232141983
dinov2,DINOv2 ViT-S/14,8,384,276,0.000228520945434795,0.000228520945434795,0.0074266768006516475
dinov2,DINOv2 ViT-S/14,8,384,277,0.00022755109652918207,0.00022755109652918207,0.007395157788887765
dinov2,DINOv2 ViT-S/14,8,384,278,0.00022620313569589114,0.00022620313569589114,0.007351350559621574
dinov2,DINOv2 ViT-S/14,8,384,279,0.00022534777537476186,0.00022534777537476186,0.007323552299636949
dinov2,DINOv2 ViT-S/14,8,384,280,0.0002243490984190489,0.0002243490984190489,0.0072910964082777245
dinov2,DINOv2 ViT-S/14,8,384,281,0.0002225151527960225,0.0002225151527960225,0.0072314952133576155
dinov2,DINOv2 ViT-S/14,8,384,282,0.00022198596083740263,0.00022198596083740263,0.007214297062725533
dinov2,DINOv2 ViT-S/14,8,384,283,0.000220140648945174,0.000220140648945174,0.007154326476686227
dinov2,DINOv2 ViT-S/14,8,384,284,0.00021919150926657892,0.00021919150926657892,0.007123480491788919
dinov2,DINOv2 ViT-S/14,8,384,285,0.00021709534341647765,0.00021709534341647765,0.007055357430860541
dinov2,DINOv2 ViT-S/14,8,384,286,0.00021520828417573713,0.00021520828417573713,0.006994030102383065
dinov2,DINOv2 ViT-S/14,8,384,287,0.00021389857647068352,0.00021389857647068352,0.006951466057278798
dinov2,DINOv2 ViT-S/14,8,384,288,0.00021247199123461142,0.00021247199123461142,0.0069051036222874205
dinov2,DINOv2 ViT-S/14,8,384,289,0.0002116777587966685,0.0002116777587966685,0.006879291950582785
dinov2,DINOv2 ViT-S/14,8,384,290,0.00021020935592229003,0.00021020935592229003,0.0068315704888130225
dinov2,DINOv2 ViT-S/14,8,384,291,0.00020992141633502829,0.00020992141633502829,0.006822212772177301
dinov2,DINOv2 ViT-S/14,8,384,292,0.00020788615000459865,0.00020788615000459865,0.0067560688779684346
dinov2,DINOv2 ViT-S/14,8,384,293,0.0002071318654839508,0.0002071318654839508,0.006731555469186899
dinov2,DINOv2 ViT-S/14,8,384,294,0.00020549308467624847,0.00020549308467624847,0.006678296913903227
dinov2,DINOv2 ViT-S/14,8,384,295,0.00020445186197613443,0.00020445186197613443,0.0066444583331265895
dinov2,DINOv2 ViT-S/14,8,384,296,0.00020235774618644254,0.00020235774618644254,0.0065764018968835465
dinov2,DINOv2 ViT-S/14,8,384,297,0.00019936256857978763,0.00019936256857978763,0.0064790619528234845
dinov2,DINOv2 ViT-S/14,8,384,298,0.0001986926722560331,0.0001986926722560331,0.006457291066671217
dinov2,DINOv2 ViT-S/14,8,384,299,0.00019730739188947508,0.00019730739188947508,0.00641227099404225
dinov2,DINOv2 ViT-S/14,8,384,300,0.0001967042256681894,0.0001967042256681894,0.006392668762071626
dinov2,DINOv2 ViT-S/14,8,384,301,0.00019585510696030868,0.00019585510696030868,0.006365073347582076
dinov2,DINOv2 ViT-S/14,8,384,302,0.0001951263554721648,0.0001951263554721648,0.00634138973398534
dinov2,DINOv2 ViT-S/14,8,384,303,0.0001929857603058509,0.0001929857603058509,0.006271822769648643
dinov2,DINOv2 ViT-S/14,8,384,304,0.00019174699238471698,0.00019174699238471698,0.006231564188695495
dinov2,DINOv2 ViT-S/14,8,384,305,0.00018999317321567025,0.00018999317321567025,0.006174567014495487
dinov2,DINOv2 ViT-S/14,8,384,306,0.00018882301789409326,0.00018882301789409326,0.006136538266787568
dinov2,DINOv2 ViT-S/14,8,384,307,0.00018853063588541159,0.00018853063588541159,0.006127036176391991
dinov2,DINOv2 ViT-S/14,8,384,308,0.000187020687685435,0.000187020687685435,0.006077964537704274
dinov2,DINOv2 ViT-S/14,8,384,309,0.00018588426314354494,0.00018588426314354494,0.006041032002855497
dinov2,DINOv2 ViT-S/14,8,384,310,0.0001852334946172413,0.0001852334946172413,0.006019882748866117
dinov2,DINOv2 ViT-S/14,8,384,311,0.00018289402416255768,0.00018289402416255768,0.005943852558641973
dinov2,DINOv2 ViT-S/14,8,384,312,0.00018256260338473597,0.00018256260338473597,0.005933081751628115
dinov2,DINOv2 ViT-S/14,8,384,313,0.00018074511530079973,0.00018074511530079973,0.0058740154084412875
dinov2,DINOv2 ViT-S/14,8,384,314,0.000178618016407835,0.000178618016407835,0.005804887057991763
dinov2,DINOv2 ViT-S/14,8,384,315,0.00017799862273388522,0.00017799862273388522,0.005784757451841041
dinov2,DINOv2 ViT-S/14,8,384,316,0.00017651824017890204,0.00017651824017890204,0.005736646663763105
dinov2,DINOv2 ViT-S/14,8,384,317,0.00017629300025943074,0.00017629300025943074,0.005729326616660485
dinov2,DINOv2 ViT-S/14,8,384,318,0.00017484955163306643,0.00017484955163306643,0.00568241614022273
dinov2,DINOv2 ViT-S/14,8,384,319,0.00017218427078155422,0.00017218427078155422,0.005595797474132909
dinov2,DINOv2 ViT-S/14,8,384,320,0.00017085891677785962,0.00017085891677785962,0.005552724941708532
dinov2,DINOv2 ViT-S/14,8,384,321,0.0001693207495466952,0.0001693207495466952,0.005502736215863395
dinov2,DINOv2 ViT-S/14,8,384,322,0.00016836522293901406,0.00016836522293901406,0.005471682662867765
dinov2,DINOv2 ViT-S/14,8,384,323,0.00016785462095305286,0.00016785462095305286,0.00545508866569044
dinov2,DINOv2 ViT-S/14,8,384,324,0.00016712154812558374,0.00016712154812558374,0.005431264613367383
dinov2,DINOv2 ViT-S/14,8,384,325,0.0001648995879569639,0.0001648995879569639,0.005359053376866221
dinov2,DINOv2 ViT-S/14,8,384,326,0.00016360479884551738,0.00016360479884551738,0.005316974169477067
dinov2,DINOv2 ViT-S/14,8,384,327,0.00016261606387884118,0.00016261606387884118,0.005284841381714283
dinov2,DINOv2 ViT-S/14,8,384,328,0.00016199217705656406,0.00016199217705656406,0.00526456575323558
dinov2,DINOv2 ViT-S/14,8,384,329,0.0001603237417646268,0.0001603237417646268,0.005210343460165493
dinov2,DINOv2 ViT-S/14,8,384,330,0.00015970583615176778,0.00015970583615176778,0.005190262214346729
dinov2,DINOv2 ViT-S/14,8,384,331,0.00015774965694258822,0.00015774965694258822,0.005126688563699128
dinov2,DINOv2 ViT-S/14,8,384,332,0.00015712525317578067,0.00015712525317578067,0.005106396135097601
dinov2,DINOv2 ViT-S/14,8,384,333,0.00015452005782723804,0.00015452005782723804,0.005021730181088988
dinov2,DINOv2 ViT-S/14,8,384,334,0.00015382879929219445,0.00015382879929219445,0.0049992650468069074
dinov2,DINOv2 ViT-S/14,8,384,335,0.00015319650798369932,0.00015319650798369932,0.004978716281864946
dinov2,DINOv2 ViT-S/14,8,384,336,0.00015204782785397376,0.00015204782785397376,0.004941385454029576
dinov2,DINOv2 ViT-S/14,8,384,337,0.0001508219147630642,0.0001508219147630642,0.004901544640774796
dinov2,DINOv2 ViT-S/14,8,384,338,0.00015049164240140135,0.00015049164240140135,0.004890811156010015
dinov2,DINOv2 ViT-S/14,8,384,339,0.00014797268085869474,0.00014797268085869474,0.004808947704870519
dinov2,DINOv2 ViT-S/14,8,384,340,0.0001475446668150731,0.0001475446668150731,0.004795037724049854
dinov2,DINOv2 ViT-S/14,8,384,341,0.00014523305537568566,0.00014523305537568566,0.00471991292086669
dinov2,DINOv2 ViT-S/14,8,384,342,0.00014478402779772402,0.00014478402779772402,0.004705320023529618
dinov2,DINOv2 ViT-S/14,8,384,343,0.00014447785975347236,0.00014447785975347236,0.0046953699022966675
dinov2,DINOv2 ViT-S/14,8,384,344,0.00014328669796828027,0.00014328669796828027,0.004656658467863044
dinov2,DINOv2 ViT-S/14,8,384,345,0.0001413152812713823,0.0001413152812713823,0.0045925896157960585
dinov2,DINOv2 ViT-S/14,8,384,346,0.00013977571368991578,0.00013977571368991578,0.004542555380122134
dinov2,DINOv2 ViT-S/14,8,384,347,0.00013776929032598077,0.00013776929032598077,0.004477348850274857
dinov2,DINOv2 ViT-S/14,8,384,348,0.0001369767577675771,0.0001369767577675771,0.00445159242276639
dinov2,DINOv2 ViT-S/14,8,384,349,0.00013646179813000097,0.00013646179813000097,0.004434856806753679
dinov2,DINOv2 ViT-S/14,8,384,350,0.00013583753414245193,0.00013583753414245193,0.004414568920822734
dinov2,DINOv2 ViT-S/14,8,384,351,0.0001338559331147792,0.0001338559331147792,0.004350169089322109
dinov2,DINOv2 ViT-S/14,8,384,352,0.0001323012157328447,0.0001323012157328447,0.004299642501967001
dinov2,DINOv2 ViT-S/14,8,384,353,0.0001313530502583878,0.0001313530502583878,0.004268828177621677
dinov2,DINOv2 ViT-S/14,8,384,354,0.00013036526919453246,0.00013036526919453246,0.00423672639064062
dinov2,DINOv2 ViT-S/14,8,384,355,0.00012991435782555764,0.00012991435782555764,0.004222072272188835
dinov2,DINOv2 ViT-S/14,8,384,356,0.00012861415477584339,0.00012861415477584339,0.004179817117821795
dinov2,DINOv2 ViT-S/14,8,384,357,0.0001279678305273101,0.0001279678305273101,0.0041588122979215976
dinov2,DINOv2 ViT-S/14,8,384,358,0.00012728101435372066,0.00012728101435372066,0.00413649153545055
dinov2,DINOv2 ViT-S/14,8,384,359,0.00012672151167443649,0.00012672151167443649,0.004118308320077289
dinov2,DINOv2 ViT-S/14,8,384,360,0.0001254578613923827,0.0001254578613923827,0.004077241090042817
dinov2,DINOv2 ViT-S/14,8,384,361,0.00012311060879711448,0.00012311060879711448,0.004000957988896966
dinov2,DINOv2 ViT-S/14,8,384,362,0.00012214937342391904,0.00012214937342391904,0.003969718907365539
dinov2,DINOv2 ViT-S/14,8,384,363,0.00012156387221639724,0.00012156387221639724,0.003950690768713381
dinov2,DINOv2 ViT-S/14,8,384,364,0.00011924024338945586,0.00011924024338945586,0.0038751754137880926
dinov2,DINOv2 ViT-S/14,8,384,365,0.0001181191249803391,0.0001181191249803391,0.0038387403112467083
dinov2,DINOv2 ViT-S/14,8,384,366,0.00011731810016370546,0.00011731810016370546,0.0038127078947821228
dinov2,DINOv2 ViT-S/14,8,384,367,0.00011665774161936861,0.00011665774161936861,0.00379124697586282
dinov2,DINOv2 ViT-S/14,8,384,368,0.00011477222006342915,0.00011477222006342915,0.0037299696204327474
dinov2,DINOv2 ViT-S/14,8,384,369,0.00011401834231799552,0.00011401834231799552,0.003705469431393677
dinov2,DINOv2 ViT-S/14,8,384,370,0.00011207259096990971,0.00011207259096990971,0.003642234674644481
dinov2,DINOv2 ViT-S/14,8,384,371,0.00010972024580729733,0.00010972024580729733,0.0035657860707186614
dinov2,DINOv2 ViT-S/14,8,384,372,0.00010802370235276821,0.00010802370235276821,0.0035106502935973297
dinov2,DINOv2 ViT-S/14,8,384,373,0.00010679321910188483,0.00010679321910188483,0.003470660955221634
dinov2,DINOv2 ViT-S/14,8,384,374,0.00010538014389787496,0.00010538014389787496,0.0034247375812603152
dinov2,DINOv2 ViT-S/14,8,384,375,0.00010454332413147218,0.00010454332413147218,0.003397541868702564
dinov2,DINOv2 ViT-S/14,8,384,376,0.00010100952281864102,0.00010100952281864102,0.0032826972526951268
dinov2,DINOv2 ViT-S/14,8,384,377,9.847945707671237e-05,9.847945707671237e-05,0.0032004729274195845
dinov2,DINOv2 ViT-S/14,8,384,378,9.595583448624794e-05,9.595583448624794e-05,0.0031184579974071827
dinov2,DINOv2 ViT-S/14,8,384,379,9.131482798632642e-05,9.131482798632642e-05,0.002967630443114242
dinov2,DINOv2 ViT-S/14,8,384,380,8.734693916651122e-05,8.734693916651122e-05,0.002838678465475523
dinov2,DINOv2 ViT-S/14,8,384,381,8.117267963786892e-05,8.117267963786892e-05,0.0026380218914563423
dinov2,DINOv2 ViT-S/14,8,384,382,7.299418906170943e-05,7.299418906170943e-05,0.0023722300354374255
dinov2,DINOv2 ViT-S/14,8,384,383,6.956529827703866e-05,6.956529827703866e-05,0.002260794895021604
dinov2,DINOv2 ViT-S/14,8,384,384,2.912328657203563e-17,2.912328657203563e-17,9.464744526229065e-16
dinov2,DINOv2 ViT-S/14,10,384,1,0.011992230902467671,0.011992230902467671,1.0
dinov2,DINOv2 ViT-S/14,10,384,2,0.003364067268489133,0.003364067268489133,0.2805205550033981
dinov2,DINOv2 ViT-S/14,10,384,3,0.0018486960375520304,0.0018486960375520304,0.15415780871694354
dinov2,DINOv2 ViT-S/14,10,384,4,0.0015649944141973022,0.0015649944141973022,0.13050069056586205
dinov2,DINOv2 ViT-S/14,10,384,5,0.0014652219255587027,0.0014652219255587027,0.12218093009343244
dinov2,DINOv2 ViT-S/14,10,384,6,0.0013746770402250175,0.0013746770402250175,0.11463063473387147
dinov2,DINOv2 ViT-S/14,10,384,7,0.0012184671634006552,0.0012184671634006552,0.10160471169296183
dinov2,DINOv2 ViT-S/14,10,384,8,0.001150648238048233,0.001150648238048233,0.09594947323866665
dinov2,DINOv2 ViT-S/14,10,384,9,0.001002670792925246,0.001002670792925246,0.08361003061731609
dinov2,DINOv2 ViT-S/14,10,384,10,0.0009269779645886851,0.0009269779645886851,0.07729820849246144
dinov2,DINOv2 ViT-S/14,10,384,11,0.0009206602809201143,0.0009206602809201143,0.07677139378050732
dinov2,DINOv2 ViT-S/14,10,384,12,0.0008613743094635179,0.0008613743094635179,0.07182769548627277
dinov2,DINOv2 ViT-S/14,10,384,13,0.0008307021307158662,0.0008307021307158662,0.06927002469114654
dinov2,DINOv2 ViT-S/14,10,384,14,0.0008001417138338212,0.0008001417138338212,0.06672167341851082
dinov2,DINOv2 ViT-S/14,10,384,15,0.0007754328106175936,0.0007754328106175936,0.0646612641904711
dinov2,DINOv2 ViT-S/14,10,384,16,0.0007515474850269581,0.0007515474850269581,0.0626695308937314
dinov2,DINOv2 ViT-S/14,10,384,17,0.000699448597540947,0.000699448597540947,0.05832514427294923
dinov2,DINOv2 ViT-S/14,10,384,18,0.0006868168284769245,0.0006868168284769245,0.05727181489939428
dinov2,DINOv2 ViT-S/14,10,384,19,0.0006651069064536602,0.0006651069064536602,0.055461482676822
dinov2,DINOv2 ViT-S/14,10,384,20,0.0006368446627766648,0.0006368446627766648,0.053104769909460274
dinov2,DINOv2 ViT-S/14,10,384,21,0.0006045676915695741,0.0006045676915695741,0.05041327977142024
dinov2,DINOv2 ViT-S/14,10,384,22,0.0005873894197927864,0.0005873894197927864,0.04898082971967441
dinov2,DINOv2 ViT-S/14,10,384,23,0.0005709554065580279,0.0005709554065580279,0.04761044139339753
dinov2,DINOv2 ViT-S/14,10,384,24,0.0005649764865576257,0.0005649764865576257,0.04711187527596463
dinov2,DINOv2 ViT-S/14,10,384,25,0.0005410953549296564,0.0005410953549296564,0.045120491702533336
dinov2,DINOv2 ViT-S/14,10,384,26,0.0005272026780109145,0.0005272026780109145,0.04396201860176247
dinov2,DINOv2 ViT-S/14,10,384,27,0.000516926374793947,0.000516926374793947,0.04310510521337425
dinov2,DINOv2 ViT-S/14,10,384,28,0.0005047985847389733,0.0005047985847389733,0.042093801298897573
dinov2,DINOv2 ViT-S/14,10,384,29,0.0004896139343113445,0.0004896139343113445,0.04082759398925478
dinov2,DINOv2 ViT-S/14,10,384,30,0.00048147363381292635,0.00048147363381292635,0.040148796143831114
dinov2,DINOv2 ViT-S/14,10,384,31,0.0004747940653757988,0.0004747940653757988,0.03959180483075082
dinov2,DINOv2 ViT-S/14,10,384,32,0.000464807770699786,0.000464807770699786,0.038759074477472025
dinov2,DINOv2 ViT-S/14,10,384,33,0.0004570056524580352,0.0004570056524580352,0.038108476744222464
dinov2,DINOv2 ViT-S/14,10,384,34,0.000442091064955574,0.000442091064955574,0.03686478925823583
dinov2,DINOv2 ViT-S/14,10,384,35,0.00042895604398852054,0.00042895604398852054,0.03576949505702506
dinov2,DINOv2 ViT-S/14,10,384,36,0.00041676096347292646,0.00041676096347292646,0.034752579971352
dinov2,DINOv2 ViT-S/14,10,384,37,0.0004132873510153188,0.0004132873510153188,0.03446292473657054
dinov2,DINOv2 ViT-S/14,10,384,38,0.0004090788293295441,0.0004090788293295441,0.03411198739055024
dinov2,DINOv2 ViT-S/14,10,384,39,0.00039804573833075957,0.00039804573833075957,0.033191967496961114
dinov2,DINOv2 ViT-S/14,10,384,40,0.00038997209570224294,0.00038997209570224294,0.032518728072688914
dinov2,DINOv2 ViT-S/14,10,384,41,0.00038710027491759984,0.00038710027491759984,0.032279254632926156
dinov2,DINOv2 ViT-S/14,10,384,42,0.00038483961410589986,0.00038483961410589986,0.03209074418561358
dinov2,DINOv2 ViT-S/14,10,384,43,0.0003725869109435691,0.0003725869109435691,0.031069024101837546
dinov2,DINOv2 ViT-S/14,10,384,44,0.00036755284299173696,0.00036755284299173696,0.030649246664864058
dinov2,DINOv2 ViT-S/14,10,384,45,0.00036321896200748605,0.00036321896200748605,0.030287855942862606
dinov2,DINOv2 ViT-S/14,10,384,46,0.0003610028210171474,0.0003610028210171474,0.030103057884155897
dinov2,DINOv2 ViT-S/14,10,384,47,0.0003412449299492007,0.0003412449299492007,0.028455500292191828
dinov2,DINOv2 ViT-S/14,10,384,48,0.00033970951579060147,0.00033970951579060147,0.02832746621987562
dinov2,DINOv2 ViT-S/14,10,384,49,0.0003337013550026997,0.0003337013550026997,0.027826461791528142
dinov2,DINOv2 ViT-S/14,10,384,50,0.0003256120188710965,0.0003256120188710965,0.027151913728086615
dinov2,DINOv2 ViT-S/14,10,384,51,0.0003232660235562813,0.0003232660235562813,0.026956287465225676
dinov2,DINOv2 ViT-S/14,10,384,52,0.00032166923325763176,0.00032166923325763176,0.02682313540105712
dinov2,DINOv2 ViT-S/14,10,384,53,0.00031536230080585534,0.00031536230080585534,0.026297217204262008
dinov2,DINOv2 ViT-S/14,10,384,54,0.0003114976248234199,0.0003114976248234199,0.025974952230057732
dinov2,DINOv2 ViT-S/14,10,384,55,0.0003071461101902971,0.0003071461101902971,0.025612091085328827
dinov2,DINOv2 ViT-S/14,10,384,56,0.00030419990704862534,0.00030419990704862534,0.025366415100131982
dinov2,DINOv2 ViT-S/14,10,384,57,0.0002992033643489927,0.0002992033643489927,0.024949766793384946
dinov2,DINOv2 ViT-S/14,10,384,58,0.0002915017111922165,0.0002915017111922165,0.02430754657436036
dinov2,DINOv2 ViT-S/14,10,384,59,0.0002843290647638456,0.0002843290647638456,0.023709438808865703
dinov2,DINOv2 ViT-S/14,10,384,60,0.00028125984227259397,0.00028125984227259397,0.023453504569755944
dinov2,DINOv2 ViT-S/14,10,384,61,0.000278090754294618,0.000278090754294618,0.023189242815312587
dinov2,DINOv2 ViT-S/14,10,384,62,0.0002741384433676877,0.0002741384433676877,0.022859670197917684
dinov2,DINOv2 ViT-S/14,10,384,63,0.00027175895257288405,0.00027175895257288405,0.0226612508367366
dinov2,DINOv2 ViT-S/14,10,384,64,0.00026601852118414714,0.00026601852118414714,0.02218257164556495
dinov2,DINOv2 ViT-S/14,10,384,65,0.0002630691204250396,0.0002630691204250396,0.02193662901961863
dinov2,DINOv2 ViT-S/14,10,384,66,0.0002590890749120997,0.0002590890749120997,0.02160474368941531
dinov2,DINOv2 ViT-S/14,10,384,67,0.00025327650192698026,0.00025327650192698026,0.0211200488038354
dinov2,DINOv2 ViT-S/14,10,384,68,0.0002491300532986458,0.0002491300532986458,0.020774287563741094
dinov2,DINOv2 ViT-S/14,10,384,69,0.0002477541289616651,0.0002477541289616651,0.020659552920273085
dinov2,DINOv2 ViT-S/14,10,384,70,0.00024484419952334167,0.00024484419952334167,0.020416901701997704
dinov2,DINOv2 ViT-S/14,10,384,71,0.00024121069645647333,0.00024121069645647333,0.020113913617760545
dinov2,DINOv2 ViT-S/14,10,384,72,0.00023750686324506878,0.00023750686324506878,0.01980506089123054
dinov2,DINOv2 ViT-S/14,10,384,73,0.00023555386631681145,0.00023555386631681145,0.019642205710727344
dinov2,DINOv2 ViT-S/14,10,384,74,0.00023036118163811807,0.00023036118163811807,0.019209201649937883
dinov2,DINOv2 ViT-S/14,10,384,75,0.00022730946623428642,0.00022730946623428642,0.018954727279935243
dinov2,DINOv2 ViT-S/14,10,384,76,0.0002252335698676592,0.0002252335698676592,0.01878162384459361
dinov2,DINOv2 ViT-S/14,10,384,77,0.00022299069843039355,0.00022299069843039355,0.018594596805545847
dinov2,DINOv2 ViT-S/14,10,384,78,0.0002211455834765333,0.0002211455834765333,0.018440737613801918
dinov2,DINOv2 ViT-S/14,10,384,79,0.00021696069459096613,0.00021696069459096613,0.018091770943663335
dinov2,DINOv2 ViT-S/14,10,384,80,0.0002138120067601114,0.0002138120067601114,0.017829210302823202
dinov2,DINOv2 ViT-S/14,10,384,81,0.0002123675213782939,0.0002123675213782939,0.01770875853754571
dinov2,DINOv2 ViT-S/14,10,384,82,0.00020856158576102197,0.00020856158576102197,0.017391391764988925
dinov2,DINOv2 ViT-S/14,10,384,83,0.00020653100081234648,0.00020653100081234648,0.017222066727371643
dinov2,DINOv2 ViT-S/14,10,384,84,0.00020587452763223403,0.00020587452763223403,0.01716732518799907
dinov2,DINOv2 ViT-S/14,10,384,85,0.0002023781598788379,0.0002023781598788379,0.016875772450077993
dinov2,DINOv2 ViT-S/14,10,384,86,0.00020009753725193626,0.00020009753725193626,0.01668559744048638
dinov2,DINOv2 ViT-S/14,10,384,87,0.0001965264810882414,0.0001965264810882414,0.016387816636169145
dinov2,DINOv2 ViT-S/14,10,384,88,0.00019330948363956382,0.00019330948363956382,0.016119559839344492
dinov2,DINOv2 ViT-S/14,10,384,89,0.0001922869551128007,0.0001922869551128007,0.01603429392551417
dinov2,DINOv2 ViT-S/14,10,384,90,0.0001892626766592626,0.0001892626766592626,0.01578210744927514
dinov2,DINOv2 ViT-S/14,10,384,91,0.000188801101525781,0.000188801101525781,0.015743617935752966
dinov2,DINOv2 ViT-S/14,10,384,92,0.00018713274000328191,0.00018713274000328191,0.015604497739013276
dinov2,DINOv2 ViT-S/14,10,384,93,0.00018471490664252993,0.00018471490664252993,0.01540288109400234
dinov2,DINOv2 ViT-S/14,10,384,94,0.00018375957030187314,0.00018375957030187314,0.015323218156520024
dinov2,DINOv2 ViT-S/14,10,384,95,0.0001830702243691507,0.0001830702243691507,0.015265735446394705
dinov2,DINOv2 ViT-S/14,10,384,96,0.00017992745008739834,0.00017992745008739834,0.015003667920567992
dinov2,DINOv2 ViT-S/14,10,384,97,0.00017762946962065812,0.00017762946962065812,0.014812045487225138
dinov2,DINOv2 ViT-S/14,10,384,98,0.00017625501494194067,0.00017625501494194067,0.014697433394621533
dinov2,DINOv2 ViT-S/14,10,384,99,0.00017481869384556881,0.00017481869384556881,0.014577662427229944
dinov2,DINOv2 ViT-S/14,10,384,100,0.00017124389432325276,0.00017124389432325276,0.014279569474268167
dinov2,DINOv2 ViT-S/14,10,384,101,0.00016987383604154534,0.00016987383604154534,0.014165323985430432
dinov2,DINOv2 ViT-S/14,10,384,102,0.00016773273279313327,0.00016773273279313327,0.01398678312294825
dinov2,DINOv2 ViT-S/14,10,384,103,0.0001667122572607929,0.0001667122572607929,0.013901688402821539
dinov2,DINOv2 ViT-S/14,10,384,104,0.00016564532465916426,0.00016564532465916426,0.013812719752175469
dinov2,DINOv2 ViT-S/14,10,384,105,0.00016488713364524592,0.00016488713364524592,0.013749496235209805
dinov2,DINOv2 ViT-S/14,10,384,106,0.00015982775109219492,0.00015982775109219492,0.013327607881474895
dinov2,DINOv2 ViT-S/14,10,384,107,0.00015842612395836623,0.00015842612395836623,0.013210729950652174
dinov2,DINOv2 ViT-S/14,10,384,108,0.00015676196812388284,0.00015676196812388284,0.013071960454966352
dinov2,DINOv2 ViT-S/14,10,384,109,0.0001561212152371508,0.0001561212152371508,0.013018529788733918
dinov2,DINOv2 ViT-S/14,10,384,110,0.0001539144744633806,0.0001539144744633806,0.012834515588897578
dinov2,DINOv2 ViT-S/14,10,384,111,0.00015166487306121098,0.00015166487306121098,0.012646927356110406
dinov2,DINOv2 ViT-S/14,10,384,112,0.00015116270639602922,0.00015116270639602922,0.012605053023530767
dinov2,DINOv2 ViT-S/14,10,384,113,0.00015060448558338777,0.00015060448558338777,0.012558504485799845
dinov2,DINOv2 ViT-S/14,10,384,114,0.00014978916408375816,0.00014978916408375816,0.012490517010720304
dinov2,DINOv2 ViT-S/14,10,384,115,0.0001457617108098612,0.0001457617108098612,0.012154678474366888
dinov2,DINOv2 ViT-S/14,10,384,116,0.00014313999900369254,0.00014313999900369254,0.011936060952115113
dinov2,DINOv2 ViT-S/14,10,384,117,0.00014196982126236376,0.00014196982126236376,0.011838482965930073
dinov2,DINOv2 ViT-S/14,10,384,118,0.00014145048312253506,0.00014145048312253506,0.011795176750093133
dinov2,DINOv2 ViT-S/14,10,384,119,0.00013821774286169202,0.00013821774286169202,0.011525607202347197
dinov2,DINOv2 ViT-S/14,10,384,120,0.0001371444927668757,0.0001371444927668757,0.011436111752872865
dinov2,DINOv2 ViT-S/14,10,384,121,0.0001345155646163712,0.0001345155646163712,0.011216892479004184
dinov2,DINOv2 ViT-S/14,10,384,122,0.00013388719255929467,0.00013388719255929467,0.011164494216980458
dinov2,DINOv2 ViT-S/14,10,384,123,0.00013288905787179643,0.00013288905787179643,0.011081262440039536
dinov2,DINOv2 ViT-S/14,10,384,124,0.00013228298509881378,0.00013228298509881378,0.011030723655562168
dinov2,DINOv2 ViT-S/14,10,384,125,0.00013092537614794517,0.00013092537614794517,0.010917516283063257
dinov2,DINOv2 ViT-S/14,10,384,126,0.0001299616891883539,0.0001299616891883539,0.010837157009844712
dinov2,DINOv2 ViT-S/14,10,384,127,0.00012826423857159608,0.00012826423857159608,0.010695611151483318
dinov2,DINOv2 ViT-S/14,10,384,128,0.00012744869453084975,0.00012744869453084975,0.010627605119296387
dinov2,DINOv2 ViT-S/14,10,384,129,0.0001258597715840318,0.0001258597715840318,0.010495109092515331
dinov2,DINOv2 ViT-S/14,10,384,130,0.0001250817395313992,0.0001250817395313992,0.010430231084498283
dinov2,DINOv2 ViT-S/14,10,384,131,0.00012465501768048578,0.00012465501768048578,0.01039464789281494
dinov2,DINOv2 ViT-S/14,10,384,132,0.00012223519274642036,0.00012223519274642036,0.010192865175842112
dinov2,DINOv2 ViT-S/14,10,384,133,0.00012191278948211452,0.00012191278948211452,0.010165980831558891
dinov2,DINOv2 ViT-S/14,10,384,134,0.00012051261435234341,0.00012051261435234341,0.010049223979463673
dinov2,DINOv2 ViT-S/14,10,384,135,0.00011994199821328708,0.00011994199821328708,0.010001641828678125
dinov2,DINOv2 ViT-S/14,10,384,136,0.00011878138930481491,0.00011878138930481491,0.009904861761823897
dinov2,DINOv2 ViT-S/14,10,384,137,0.00011747937079385111,0.00011747937079385111,0.009796289927145839
dinov2,DINOv2 ViT-S/14,10,384,138,0.00011654460384835156,0.00011654460384835156,0.009718342216406948
dinov2,DINOv2 ViT-S/14,10,384,139,0.0001154340027495802,0.0001154340027495802,0.009625732166800346
dinov2,DINOv2 ViT-S/14,10,384,140,0.00011377405063254236,0.00011377405063254236,0.009487313207847823
dinov2,DINOv2 ViT-S/14,10,384,141,0.00011314691252447907,0.00011314691252447907,0.009435017841525761
dinov2,DINOv2 ViT-S/14,10,384,142,0.00011210153219005497,0.00011210153219005497,0.009347846376689391
dinov2,DINOv2 ViT-S/14,10,384,143,0.00011160873911453956,0.00011160873911453956,0.009306753682634108
dinov2,DINOv2 ViT-S/14,10,384,144,0.00011008889168019689,0.00011008889168019689,0.009180017677740312
dinov2,DINOv2 ViT-S/14,10,384,145,0.00010941796324804053,0.00010941796324804053,0.009124070753634783
dinov2,DINOv2 ViT-S/14,10,384,146,0.000108837174095275,0.000108837174095275,0.009075640302496118
dinov2,DINOv2 ViT-S/14,10,384,147,0.00010794539752266917,0.00010794539752266917,0.00900127744375377
dinov2,DINOv2 ViT-S/14,10,384,148,0.00010630213028559274,0.00010630213028559274,0.008864249792231625
dinov2,DINOv2 ViT-S/14,10,384,149,0.00010560959557323115,0.00010560959557323115,0.008806501178317005
dinov2,DINOv2 ViT-S/14,10,384,150,0.0001044937579057743,0.0001044937579057743,0.008713454465279881
dinov2,DINOv2 ViT-S/14,10,384,151,0.00010388590190206392,0.00010388590190206392,0.008662766981970558
dinov2,DINOv2 ViT-S/14,10,384,152,0.00010377305481586034,0.00010377305481586034,0.008653356965842502
dinov2,DINOv2 ViT-S/14,10,384,153,0.00010201587521345833,0.00010201587521345833,0.008506830467420892
dinov2,DINOv2 ViT-S/14,10,384,154,0.00010143786244576117,0.00010143786244576117,0.008458631531593345
dinov2,DINOv2 ViT-S/14,10,384,155,0.00010071945787779133,0.00010071945787779133,0.008398725699741658
dinov2,DINOv2 ViT-S/14,10,384,156,9.935748991873647e-05,9.935748991873647e-05,0.008285154841230703
dinov2,DINOv2 ViT-S/14,10,384,157,9.877646868884155e-05,9.877646868884155e-05,0.008236705037802106
dinov2,DINOv2 ViT-S/14,10,384,158,9.745142552958555e-05,9.745142552958555e-05,0.008126213239400912
dinov2,DINOv2 ViT-S/14,10,384,159,9.728471188277369e-05,9.728471188277369e-05,0.008112311435127152
dinov2,DINOv2 ViT-S/14,10,384,160,9.448002971976012e-05,9.448002971976012e-05,0.007878436505114217
dinov2,DINOv2 ViT-S/14,10,384,161,9.423731254147675e-05,9.423731254147675e-05,0.007858196970013753
dinov2,DINOv2 ViT-S/14,10,384,162,9.343443249906186e-05,9.343443249906186e-05,0.007791246954712623
dinov2,DINOv2 ViT-S/14,10,384,163,9.31788520202626e-05,9.31788520202626e-05,0.007769934783451256
dinov2,DINOv2 ViT-S/14,10,384,164,9.227826908463377e-05,9.227826908463377e-05,0.007694837585694371
dinov2,DINOv2 ViT-S/14,10,384,165,9.094469581026252e-05,9.094469581026252e-05,0.007583634483851424
dinov2,DINOv2 ViT-S/14,10,384,166,9.071650150946517e-05,9.071650150946517e-05,0.007564605972588321
dinov2,DINOv2 ViT-S/14,10,384,167,9.00976813203065e-05,9.00976813203065e-05,0.007513004215234621
dinov2,DINOv2 ViT-S/14,10,384,168,8.904182012130284e-05,8.904182012130284e-05,0.007424958779185988
dinov2,DINOv2 ViT-S/14,10,384,169,8.882184817388412e-05,8.882184817388412e-05,0.007406615907938116
dinov2,DINOv2 ViT-S/14,10,384,170,8.807616425276531e-05,8.807616425276531e-05,0.007344435323926398
dinov2,DINOv2 ViT-S/14,10,384,171,8.695858354037245e-05,8.695858354037245e-05,0.007251243263042806
dinov2,DINOv2 ViT-S/14,10,384,172,8.59638352137634e-05,8.59638352137634e-05,0.007168293865662177
dinov2,DINOv2 ViT-S/14,10,384,173,8.52511195982239e-05,8.52511195982239e-05,0.007108862420309266
dinov2,DINOv2 ViT-S/14,10,384,174,8.494879634411885e-05,8.494879634411885e-05,0.00708365249426933
dinov2,DINOv2 ViT-S/14,10,384,175,8.449330661556415e-05,8.449330661556415e-05,0.007045670426357263
dinov2,DINOv2 ViT-S/14,10,384,176,8.389713014543341e-05,8.389713014543341e-05,0.006995956868056109
dinov2,DINOv2 ViT-S/14,10,384,177,8.302971659754016e-05,8.302971659754016e-05,0.006923625576660213
dinov2,DINOv2 ViT-S/14,10,384,178,8.200566572761469e-05,8.200566572761469e-05,0.006838232718712927
dinov2,DINOv2 ViT-S/14,10,384,179,8.07552606461872e-05,8.07552606461872e-05,0.006733964789618085
dinov2,DINOv2 ViT-S/14,10,384,180,8.042251724568754e-05,8.042251724568754e-05,0.006706218209085583
dinov2,DINOv2 ViT-S/14,10,384,181,8.020666765278493e-05,8.020666765278493e-05,0.006688219089934351
dinov2,DINOv2 ViT-S/14,10,384,182,7.912799806094914e-05,7.912799806094914e-05,0.006598271723125909
dinov2,DINOv2 ViT-S/14,10,384,183,7.856871570982304e-05,7.856871570982304e-05,0.006551634666545301
dinov2,DINOv2 ViT-S/14,10,384,184,7.809607766126778e-05,7.809607766126778e-05,0.006512222646179849
dinov2,DINOv2 ViT-S/14,10,384,185,7.769365967708698e-05,7.769365967708698e-05,0.0064786660888175324
dinov2,DINOv2 ViT-S/14,10,384,186,7.674447549322583e-05,7.674447549322583e-05,0.00639951616320479
dinov2,DINOv2 ViT-S/14,10,384,187,7.619297438982443e-05,7.619297438982443e-05,0.006353527964020941
dinov2,DINOv2 ViT-S/14,10,384,188,7.613570499096251e-05,7.613570499096251e-05,0.006348752422311672
dinov2,DINOv2 ViT-S/14,10,384,189,7.46571705691402e-05,7.46571705691402e-05,0.00622546139882762
dinov2,DINOv2 ViT-S/14,10,384,190,7.424608591640842e-05,7.424608591640842e-05,0.006191182151198458
dinov2,DINOv2 ViT-S/14,10,384,191,7.368720693222239e-05,7.368720693222239e-05,0.006144578730306101
dinov2,DINOv2 ViT-S/14,10,384,192,7.334786740152086e-05,7.334786740152086e-05,0.006116282116151373
dinov2,DINOv2 ViT-S/14,10,384,193,7.25545285809178e-05,7.25545285809178e-05,0.006050127717770017
dinov2,DINOv2 ViT-S/14,10,384,194,7.212023213415744e-05,7.212023213415744e-05,0.006013912900836247
dinov2,DINOv2 ViT-S/14,10,384,195,7.155188725834489e-05,7.155188725834489e-05,0.005966520144606411
dinov2,DINOv2 ViT-S/14,10,384,196,7.115043412968775e-05,7.115043412968775e-05,0.00593304404396074
dinov2,DINOv2 ViT-S/14,10,384,197,7.026553789659275e-05,7.026553789659275e-05,0.005859254918293312
dinov2,DINOv2 ViT-S/14,10,384,198,6.978778518914138e-05,6.978778518914138e-05,0.005819416400227999
dinov2,DINOv2 ViT-S/14,10,384,199,6.913429070937028e-05,6.913429070937028e-05,0.00576492324669502
dinov2,DINOv2 ViT-S/14,10,384,200,6.870762685522496e-05,6.870762685522496e-05,0.005729344891206758
dinov2,DINOv2 ViT-S/14,10,384,201,6.830487625271018e-05,6.830487625271018e-05,0.00569576059769287
dinov2,DINOv2 ViT-S/14,10,384,202,6.729890885957433e-05,6.729890885957433e-05,0.00561187567241772
dinov2,DINOv2 ViT-S/14,10,384,203,6.695956503526137e-05,6.695956503526137e-05,0.0055835787002302415
dinov2,DINOv2 ViT-S/14,10,384,204,6.68391530587792e-05,6.68391530587792e-05,0.005573537868173097
dinov2,DINOv2 ViT-S/14,10,384,205,6.637429829013893e-05,6.637429829013893e-05,0.0055347748746633054
dinov2,DINOv2 ViT-S/14,10,384,206,6.532028378167804e-05,6.532028378167804e-05,0.005446883429190553
dinov2,DINOv2 ViT-S/14,10,384,207,6.468229988087136e-05,6.468229988087136e-05,0.005393683661274527
dinov2,DINOv2 ViT-S/14,10,384,208,6.443165298379503e-05,6.443165298379503e-05,0.005372782888172772
dinov2,DINOv2 ViT-S/14,10,384,209,6.289355444869187e-05,6.289355444869187e-05,0.005244524972893084
dinov2,DINOv2 ViT-S/14,10,384,210,6.252095959550625e-05,6.252095959550625e-05,0.005213455286508965
dinov2,DINOv2 ViT-S/14,10,384,211,6.229269715242274e-05,6.229269715242274e-05,0.005194421093043215
dinov2,DINOv2 ViT-S/14,10,384,212,6.182550620244506e-05,6.182550620244506e-05,0.00515546329163184
dinov2,DINOv2 ViT-S/14,10,384,213,6.119124784706499e-05,6.119124784706499e-05,0.0051025741869657896
dinov2,DINOv2 ViT-S/14,10,384,214,6.065583019083119e-05,6.065583019083119e-05,0.00505792714334327
dinov2,DINOv2 ViT-S/14,10,384,215,6.0399504916317824e-05,6.0399504916317824e-05,0.005036552865563093
dinov2,DINOv2 ViT-S/14,10,384,216,5.99668695797363e-05,5.99668695797363e-05,0.005000476564155945
dinov2,DINOv2 ViT-S/14,10,384,217,5.94469515715213e-05,5.94469515715213e-05,0.004957121994648114
dinov2,DINOv2 ViT-S/14,10,384,218,5.90016575753794e-05,5.90016575753794e-05,0.004919990121540979
dinov2,DINOv2 ViT-S/14,10,384,219,5.8796896819690604e-05,5.8796896819690604e-05,0.004902915670810826
dinov2,DINOv2 ViT-S/14,10,384,220,5.829679025378513e-05,5.829679025378513e-05,0.004861213124389496
dinov2,DINOv2 ViT-S/14,10,384,221,5.713177011270376e-05,5.713177011270376e-05,0.004764065216668536
dinov2,DINOv2 ViT-S/14,10,384,222,5.7001477837499425e-05,5.7001477837499425e-05,0.0047532004929766725
dinov2,DINOv2 ViT-S/14,10,384,223,5.658527151677269e-05,5.658527151677269e-05,0.004718494163177678
dinov2,DINOv2 ViT-S/14,10,384,224,5.6369707254799195e-05,5.6369707254799195e-05,0.004700518837008038
dinov2,DINOv2 ViT-S/14,10,384,225,5.5956566613773625e-05,5.5956566613773625e-05,0.004666068146024382
dinov2,DINOv2 ViT-S/14,10,384,226,5.537877593153186e-05,5.537877593153186e-05,0.0046178877293078496
dinov2,DINOv2 ViT-S/14,10,384,227,5.525309884068432e-05,5.525309884068432e-05,0.004607407853472431
dinov2,DINOv2 ViT-S/14,10,384,228,5.5102389278535176e-05,5.5102389278535176e-05,0.004594840586933381
dinov2,DINOv2 ViT-S/14,10,384,229,5.4814144565167936e-05,5.4814144565167936e-05,0.004570804632680037
dinov2,DINOv2 ViT-S/14,10,384,230,5.4422135539499913e-05,5.4422135539499913e-05,0.004538116050475757
dinov2,DINOv2 ViT-S/14,10,384,231,5.411780690060706e-05,5.411780690060706e-05,0.004512738900772091
dinov2,DINOv2 ViT-S/14,10,384,232,5.317490862170684e-05,5.317490862170684e-05,0.0044341131399300284
dinov2,DINOv2 ViT-S/14,10,384,233,5.305176509375086e-05,5.305176509375086e-05,0.004423844531115079
dinov2,DINOv2 ViT-S/14,10,384,234,5.261932865374855e-05,5.261932865374855e-05,0.004387784815160701
dinov2,DINOv2 ViT-S/14,10,384,235,5.203739675260388e-05,5.203739675260388e-05,0.004339259073296863
dinov2,DINOv2 ViT-S/14,10,384,236,5.191408468789658e-05,5.191408468789658e-05,0.004328976410653842
dinov2,DINOv2 ViT-S/14,10,384,237,5.120889948620083e-05,5.120889948620083e-05,0.004270172906332503
dinov2,DINOv2 ViT-S/14,10,384,238,5.099604144267034e-05,5.099604144267034e-05,0.004252423244467112
dinov2,DINOv2 ViT-S/14,10,384,239,5.0211825622873593e-05,5.0211825622873593e-05,0.004187029588676564
dinov2,DINOv2 ViT-S/14,10,384,240,5.000944399205358e-05,5.000944399205358e-05,0.004170153526794002
dinov2,DINOv2 ViT-S/14,10,384,241,4.969211986001736e-05,4.969211986001736e-05,0.004143692717740457
dinov2,DINOv2 ViT-S/14,10,384,242,4.959861421095624e-05,4.959861421095624e-05,0.00413589553222747
dinov2,DINOv2 ViT-S/14,10,384,243,4.8818765956886444e-05,4.8818765956886444e-05,0.004070866076039354
dinov2,DINOv2 ViT-S/14,10,384,244,4.869637863490143e-05,4.869637863490143e-05,0.004060660525213958
dinov2,DINOv2 ViT-S/14,10,384,245,4.8495956502965316e-05,4.8495956502965316e-05,0.004043947860692557
dinov2,DINOv2 ViT-S/14,10,384,246,4.80473217067144e-05,4.80473217067144e-05,0.0040065374072164985
dinov2,DINOv2 ViT-S/14,10,384,247,4.786437592014391e-05,4.786437592014391e-05,0.003991282048304685
dinov2,DINOv2 ViT-S/14,10,384,248,4.744602866075768e-05,4.744602866075768e-05,0.003956397191367837
dinov2,DINOv2 ViT-S/14,10,384,249,4.7132709168978785e-05,4.7132709168978785e-05,0.003930270318534324
dinov2,DINOv2 ViT-S/14,10,384,250,4.676910684448053e-05,4.676910684448053e-05,0.003899950495020633
dinov2,DINOv2 ViT-S/14,10,384,251,4.6368308447902643e-05,4.6368308447902643e-05,0.003866528990728599
dinov2,DINOv2 ViT-S/14,10,384,252,4.614584213578997e-05,4.614584213578997e-05,0.003847978121092917
dinov2,DINOv2 ViT-S/14,10,384,253,4.564128106688299e-05,4.564128106688299e-05,0.003805904125602791
dinov2,DINOv2 ViT-S/14,10,384,254,4.5352099272809756e-05,4.5352099272809756e-05,0.003781790030700421
dinov2,DINOv2 ViT-S/14,10,384,255,4.496410917145735e-05,4.496410917145735e-05,0.003749436575825518
dinov2,DINOv2 ViT-S/14,10,384,256,4.4567472084269505e-05,4.4567472084269505e-05,0.0037163620719726756
dinov2,DINOv2 ViT-S/14,10,384,257,4.4106199035973955e-05,4.4106199035973955e-05,0.0036778977485246813
dinov2,DINOv2 ViT-S/14,10,384,258,4.38025061973443e-05,4.38025061973443e-05,0.0036525736165012425
dinov2,DINOv2 ViT-S/14,10,384,259,4.339084852431394e-05,4.339084852431394e-05,0.003618246586244874
dinov2,DINOv2 ViT-S/14,10,384,260,4.314459677467214e-05,4.314459677467214e-05,0.003597712312710237
dinov2,DINOv2 ViT-S/14,10,384,261,4.2921041950412414e-05,4.2921041950412414e-05,0.0035790706749634416
dinov2,DINOv2 ViT-S/14,10,384,262,4.246323631588865e-05,4.246323631588865e-05,0.003540895489858428
dinov2,DINOv2 ViT-S/14,10,384,263,4.204094736867807e-05,4.204094736867807e-05,0.003505681946136244
dinov2,DINOv2 ViT-S/14,10,384,264,4.141279788119149e-05,4.141279788119149e-05,0.0034533022435942152
dinov2,DINOv2 ViT-S/14,10,384,265,4.1169696503176435e-05,4.1169696503176435e-05,0.0034330306711076457
dinov2,DINOv2 ViT-S/14,10,384,266,4.096947074720258e-05,4.096947074720258e-05,0.003416334381851519
dinov2,DINOv2 ViT-S/14,10,384,267,4.073282547693759e-05,4.073282547693759e-05,0.0033966011668901314
dinov2,DINOv2 ViT-S/14,10,384,268,4.0312345436046286e-05,4.0312345436046286e-05,0.0033615384630186792
dinov2,DINOv2 ViT-S/14,10,384,269,4.024265030407667e-05,4.024265030407667e-05,0.00335572677272215
dinov2,DINOv2 ViT-S/14,10,384,270,4.008902875004697e-05,4.008902875004697e-05,0.0033429166829832928
dinov2,DINOv2 ViT-S/14,10,384,271,3.9571218231848456e-05,3.9571218231848456e-05,0.003299737851420605
dinov2,DINOv2 ViT-S/14,10,384,272,3.9018262852637996e-05,3.9018262852637996e-05,0.003253628384073985
dinov2,DINOv2 ViT-S/14,10,384,273,3.864357246222907e-05,3.864357246222907e-05,0.003222383956456116
dinov2,DINOv2 ViT-S/14,10,384,274,3.833922210363236e-05,3.833922210363236e-05,0.003197004995604546
dinov2,DINOv2 ViT-S/14,10,384,275,3.814597756272733e-05,3.814597756272733e-05,0.0031808908511658106
dinov2,DINOv2 ViT-S/14,10,384,276,3.7958038530464414e-05,3.7958038530464414e-05,0.003165219118875846
dinov2,DINOv2 ViT-S/14,10,384,277,3.773166136323962e-05,3.773166136323962e-05,0.0031463421335120793
dinov2,DINOv2 ViT-S/14,10,384,278,3.747417443613492e-05,3.747417443613492e-05,0.0031248709886351313
dinov2,DINOv2 ViT-S/14,10,384,279,3.7068003927597476e-05,3.7068003927597476e-05,0.003091001518322158
dinov2,DINOv2 ViT-S/14,10,384,280,3.681893729717902e-05,3.681893729717902e-05,0.0030702325194224447
dinov2,DINOv2 ViT-S/14,10,384,281,3.631209875191717e-05,3.631209875191717e-05,0.0030279686112819203
dinov2,DINOv2 ViT-S/14,10,384,282,3.620620589663543e-05,3.620620589663543e-05,0.0030191384898355478
dinov2,DINOv2 ViT-S/14,10,384,283,3.5927594815048436e-05,3.5927594815048436e-05,0.0029959058583216174
dinov2,DINOv2 ViT-S/14,10,384,284,3.561239939699402e-05,3.561239939699402e-05,0.002969622557022811
dinov2,DINOv2 ViT-S/14,10,384,285,3.547473472934777e-05,3.547473472934777e-05,0.0029581430692806328
dinov2,DINOv2 ViT-S/14,10,384,286,3.518186627127525e-05,3.518186627127525e-05,0.0029337215533463243
dinov2,DINOv2 ViT-S/14,10,384,287,3.510143073413949e-05,3.510143073413949e-05,0.0029270142494434944
dinov2,DINOv2 ViT-S/14,10,384,288,3.472289789836506e-05,3.472289789836506e-05,0.0028954494106029965
dinov2,DINOv2 ViT-S/14,10,384,289,3.449723558122862e-05,3.449723558122862e-05,0.0028766320346725513
dinov2,DINOv2 ViT-S/14,10,384,290,3.407176900337842e-05,3.407176900337842e-05,0.0028411535168462597
dinov2,DINOv2 ViT-S/14,10,384,291,3.396316800816033e-05,3.396316800816033e-05,0.0028320975708674557
dinov2,DINOv2 ViT-S/14,10,384,292,3.380123530429577e-05,3.380123530429577e-05,0.002818594436614826
dinov2,DINOv2 ViT-S/14,10,384,293,3.3157419300082246e-05,3.3157419300082246e-05,0.0027649083452236864
dinov2,DINOv2 ViT-S/14,10,384,294,3.3063087279952666e-05,3.3063087279952666e-05,0.0027570422508416837
dinov2,DINOv2 ViT-S/14,10,384,295,3.270406449570597e-05,3.270406449570597e-05,0.002727104302918014
dinov2,DINOv2 ViT-S/14,10,384,296,3.241198605272972e-05,3.241198605272972e-05,0.0027027486642256216
dinov2,DINOv2 ViT-S/14,10,384,297,3.203432682061851e-05,3.203432682061851e-05,0.00267125667285365
dinov2,DINOv2 ViT-S/14,10,384,298,3.1897518063491354e-05,3.1897518063491354e-05,0.0026598485571961194
dinov2,DINOv2 ViT-S/14,10,384,299,3.166913562101354e-05,3.166913562101354e-05,0.002640804357302435
dinov2,DINOv2 ViT-S/14,10,384,300,3.12870027792086e-05,3.12870027792086e-05,0.0026089393236058017
dinov2,DINOv2 ViT-S/14,10,384,301,3.110246534334661e-05,3.110246534334661e-05,0.002593551241324629
dinov2,DINOv2 ViT-S/14,10,384,302,3.0978688058677214e-05,3.0978688058677214e-05,0.002583229785235594
dinov2,DINOv2 ViT-S/14,10,384,303,3.0566334973078265e-05,3.0566334973078265e-05,0.002548844766388592
dinov2,DINOv2 ViT-S/14,10,384,304,3.0455823095320033e-05,3.0455823095320033e-05,0.002539629477035258
dinov2,DINOv2 ViT-S/14,10,384,305,2.985477033813764e-05,2.985477033813764e-05,0.002489509298223598
dinov2,DINOv2 ViT-S/14,10,384,306,2.967406790983987e-05,2.967406790983987e-05,0.002474441006946736
dinov2,DINOv2 ViT-S/14,10,384,307,2.9505700936616447e-05,2.9505700936616447e-05,0.002460401336213847
dinov2,DINOv2 ViT-S/14,10,384,308,2.9401737231248117e-05,2.9401737231248117e-05,0.0024517320814093106
dinov2,DINOv2 ViT-S/14,10,384,309,2.914814684461027e-05,2.914814684461027e-05,0.0024305858586005365
dinov2,DINOv2 ViT-S/14,10,384,310,2.9009652697323323e-05,2.9009652697323323e-05,0.0024190372027738335
dinov2,DINOv2 ViT-S/14,10,384,311,2.868777222858785e-05,2.868777222858785e-05,0.002392196453012316
dinov2,DINOv2 ViT-S/14,10,384,312,2.8426446661284353e-05,2.8426446661284353e-05,0.0023704052142153945
dinov2,DINOv2 ViT-S/14,10,384,313,2.8089857926730998e-05,2.8089857926730998e-05,0.002342337981580298
dinov2,DINOv2 ViT-S/14,10,384,314,2.807037659850888e-05,2.807037659850888e-05,0.002340713485822956
dinov2,DINOv2 ViT-S/14,10,384,315,2.7648407176113275e-05,2.7648407176113275e-05,0.0023055265864188783
dinov2,DINOv2 ViT-S/14,10,384,316,2.7272167752740998e-05,2.7272167752740998e-05,0.002274152989093058
dinov2,DINOv2 ViT-S/14,10,384,317,2.7232129591253625e-05,2.7232129591253625e-05,0.002270814314094803
dinov2,DINOv2 ViT-S/14,10,384,318,2.683057646748782e-05,2.683057646748782e-05,0.0022373298751249713
dinov2,DINOv2 ViT-S/14,10,384,319,2.677328506965097e-05,2.677328506965097e-05,0.0022325524989801324
dinov2,DINOv2 ViT-S/14,10,384,320,2.6428115038880906e-05,2.6428115038880906e-05,0.0022037696950483773
dinov2,DINOv2 ViT-S/14,10,384,321,2.6127669627154665e-05,2.6127669627154665e-05,0.002178716357252453
dinov2,DINOv2 ViT-S/14,10,384,322,2.5999358464909492e-05,2.5999358464909492e-05,0.002168016833261569
dinov2,DINOv2 ViT-S/14,10,384,323,2.5626498103599354e-05,2.5626498103599354e-05,0.002136925006866414
dinov2,DINOv2 ViT-S/14,10,384,324,2.5537860212433595e-05,2.5537860212433595e-05,0.002129533730640444
dinov2,DINOv2 ViT-S/14,10,384,325,2.5429704734617705e-05,2.5429704734617705e-05,0.0021205149351639797
dinov2,DINOv2 ViT-S/14,10,384,326,2.5155412520976524e-05,2.5155412520976524e-05,0.0020976424424750052
dinov2,DINOv2 ViT-S/14,10,384,327,2.455066687493348e-05,2.455066687493348e-05,0.0020472143235568977
dinov2,DINOv2 ViT-S/14,10,384,328,2.4373878216189585e-05,2.4373878216189585e-05,0.002032472391035609
dinov2,DINOv2 ViT-S/14,10,384,329,2.4075167801118706e-05,2.4075167801118706e-05,0.002007563729961595
dinov2,DINOv2 ViT-S/14,10,384,330,2.3768048717234016e-05,2.3768048717234016e-05,0.00198195389252747
dinov2,DINOv2 ViT-S/14,10,384,331,2.361962097138663e-05,2.361962097138663e-05,0.001969576900535359
dinov2,DINOv2 ViT-S/14,10,384,332,2.3445357100601463e-05,2.3445357100601463e-05,0.001955045503316406
dinov2,DINOv2 ViT-S/14,10,384,333,2.3201026509995978e-05,2.3201026509995978e-05,0.001934671430085777
dinov2,DINOv2 ViT-S/14,10,384,334,2.3060128976865154e-05,2.3060128976865154e-05,0.0019229223623537814
dinov2,DINOv2 ViT-S/14,10,384,335,2.2833677466280113e-05,2.2833677466280113e-05,0.0019040391776964176
dinov2,DINOv2 ViT-S/14,10,384,336,2.2542853127296826e-05,2.2542853127296826e-05,0.0018797881153754408
dinov2,DINOv2 ViT-S/14,10,384,337,2.2347281427519748e-05,2.2347281427519748e-05,0.0018634799153943319
dinov2,DINOv2 ViT-S/14,10,384,338,2.2088476172053074e-05,2.2088476172053074e-05,0.0018418988386479343
dinov2,DINOv2 ViT-S/14,10,384,339,2.1939710586031125e-05,2.1939710586031125e-05,0.0018294936750689595
dinov2,DINOv2 ViT-S/14,10,384,340,2.1793295431654092e-05,2.1793295431654092e-05,0.001817284507686525
dinov2,DINOv2 ViT-S/14,10,384,341,2.1517755806406292e-05,2.1517755806406292e-05,0.0017943079966862988
dinov2,DINOv2 ViT-S/14,10,384,342,2.1243482636056977e-05,2.1243482636056977e-05,0.0017714370919664042
dinov2,DINOv2 ViT-S/14,10,384,343,2.1039724459438724e-05,2.1039724459438724e-05,0.0017544462436183852
dinov2,DINOv2 ViT-S/14,10,384,344,2.081293591248351e-05,2.081293591248351e-05,0.0017355349544012516
dinov2,DINOv2 ViT-S/14,10,384,345,2.076775311806212e-05,2.076775311806212e-05,0.0017317672822484338
dinov2,DINOv2 ViT-S/14,10,384,346,2.042989343038991e-05,2.042989343038991e-05,0.0017035940682384625
dinov2,DINOv2 ViT-S/14,10,384,347,2.031688178012999e-05,2.031688178012999e-05,0.001694170329554723
dinov2,DINOv2 ViT-S/14,10,384,348,2.0114532753659396e-05,2.0114532753659396e-05,0.0016772969864614913
dinov2,DINOv2 ViT-S/14,10,384,349,1.9911001550964882e-05,1.9911001550964882e-05,0.0016603250648607628
dinov2,DINOv2 ViT-S/14,10,384,350,1.984780283769183e-05,1.984780283769183e-05,0.0016550550935112247
dinov2,DINOv2 ViT-S/14,10,384,351,1.9623123831098057e-05,1.9623123831098057e-05,0.0016363197132120062
dinov2,DINOv2 ViT-S/14,10,384,352,1.934471465029683e-05,1.934471465029683e-05,0.0016131039176635782
dinov2,DINOv2 ViT-S/14,10,384,353,1.9167153621315207e-05,1.9167153621315207e-05,0.0015982975792578455
dinov2,DINOv2 ViT-S/14,10,384,354,1.8957677304125418e-05,1.8957677304125418e-05,0.00158082991049017
dinov2,DINOv2 ViT-S/14,10,384,355,1.8684662444709723e-05,1.8684662444709723e-05,0.0015580639329471995
dinov2,DINOv2 ViT-S/14,10,384,356,1.8497074663336612e-05,1.8497074663336612e-05,0.0015424214905277068
dinov2,DINOv2 ViT-S/14,10,384,357,1.8084005791618868e-05,1.8084005791618868e-05,0.0015079767841943135
dinov2,DINOv2 ViT-S/14,10,384,358,1.7755535921243342e-05,1.7755535921243342e-05,0.0014805865618873083
dinov2,DINOv2 ViT-S/14,10,384,359,1.7553830796921245e-05,1.7553830796921245e-05,0.0014637669120688085
dinov2,DINOv2 ViT-S/14,10,384,360,1.7289437170851213e-05,1.7289437170851213e-05,0.0014417198360726629
dinov2,DINOv2 ViT-S/14,10,384,361,1.711360870392605e-05,1.711360870392605e-05,0.001427057971374162
dinov2,DINOv2 ViT-S/14,10,384,362,1.6853217415555004e-05,1.6853217415555004e-05,0.0014053446395938787
dinov2,DINOv2 ViT-S/14,10,384,363,1.6763164760266237e-05,1.6763164760266237e-05,0.0013978353899787603
dinov2,DINOv2 ViT-S/14,10,384,364,1.656596778704541e-05,1.656596778704541e-05,0.0013813916628003377
dinov2,DINOv2 ViT-S/14,10,384,365,1.642054217067125e-05,1.642054217067125e-05,0.0013692650103403492
dinov2,DINOv2 ViT-S/14,10,384,366,1.6133104144325243e-05,1.6133104144325243e-05,0.0013452963235560695
dinov2,DINOv2 ViT-S/14,10,384,367,1.568326209161687e-05,1.568326209161687e-05,0.001307785200199046
dinov2,DINOv2 ViT-S/14,10,384,368,1.5597175375256265e-05,1.5597175375256265e-05,0.001300606659603827
dinov2,DINOv2 ViT-S/14,10,384,369,1.5521781127834184e-05,1.5521781127834184e-05,0.0012943197353413392
dinov2,DINOv2 ViT-S/14,10,384,370,1.5207701843438462e-05,1.5207701843438462e-05,0.001268129505437486
dinov2,DINOv2 ViT-S/14,10,384,371,1.4599698228574329e-05,1.4599698228574329e-05,0.001217429713229597
dinov2,DINOv2 ViT-S/14,10,384,372,1.4468474668038234e-05,1.4468474668038234e-05,0.0012064873321494351
dinov2,DINOv2 ViT-S/14,10,384,373,1.4241863653479866e-05,1.4241863653479866e-05,0.0011875908468831503
dinov2,DINOv2 ViT-S/14,10,384,374,1.3988190274873523e-05,1.3988190274873523e-05,0.0011664377035965124
dinov2,DINOv2 ViT-S/14,10,384,375,1.3692647825278382e-05,1.3692647825278382e-05,0.0011417932106744886
dinov2,DINOv2 ViT-S/14,10,384,376,1.3487940263840005e-05,1.3487940263840005e-05,0.0011247231956703367
dinov2,DINOv2 ViT-S/14,10,384,377,1.3208714602287816e-05,1.3208714602287816e-05,0.001101439315979967
dinov2,DINOv2 ViT-S/14,10,384,378,1.2378961940301918e-05,1.2378961940301918e-05,0.0010322484649419707
dinov2,DINOv2 ViT-S/14,10,384,379,1.1816265763466957e-05,1.1816265763466957e-05,0.000985326738583352
dinov2,DINOv2 ViT-S/14,10,384,380,1.0740190613653426e-05,1.0740190613653426e-05,0.000895595715342955
dinov2,DINOv2 ViT-S/14,10,384,381,9.987354848021402e-06,9.987354848021402e-06,0.0008328187581817057
dinov2,DINOv2 ViT-S/14,10,384,382,9.454920340157796e-06,9.454920340157796e-06,0.0007884204713079893
dinov2,DINOv2 ViT-S/14,10,384,383,8.350389932284371e-06,8.350389932284371e-06,0.0006963166403480515
dinov2,DINOv2 ViT-S/14,10,384,384,6.510804342828254e-18,6.510804342828254e-18,5.429185274850328e-16
