model,image_idx,global_index,target,clean_correct,budget,method,lambda_factor,trace_HJ_per_ds,lambda_absolute,compressed_correct,compressed_prediction,logit_l2_damage,true_margin_clean,true_margin_compressed,true_margin_change,operator_residual_JE,carrier_displacement_fro
DeiT-Tiny,0,29,0,1,32,operator_aware,0.01,0.6171915555152016,0.0061719155551520155,1,0,17.800033569335938,4.749337673187256,3.8476099967956543,-0.9017276763916016,0.2909570634365082,6.140538692474365
DeiT-Tiny,0,29,0,1,32,operator_aware,0.1,0.6171915555152016,0.06171915555152016,1,0,16.420991897583008,4.749337673187256,3.8099279403686523,-0.9394097328186035,1.6043639183044434,4.726677417755127
DeiT-Tiny,0,29,0,1,32,operator_aware,1.0,0.6171915555152016,0.6171915555152016,1,0,13.441596031188965,4.749337673187256,4.012876987457275,-0.7364606857299805,4.944897174835205,2.391115188598633
DeiT-Tiny,0,29,0,1,32,operator_aware,3.0,0.6171915555152016,1.8515746665456048,1,0,11.972139358520508,4.749337673187256,4.272181034088135,-0.4771566390991211,6.910227298736572,1.5219627618789673
DeiT-Tiny,0,29,0,1,32,operator_aware,10.0,0.6171915555152016,6.171915555152015,1,0,12.117636680603027,4.749337673187256,4.560028553009033,-0.18930912017822266,9.079328536987305,0.8336313962936401
DeiT-Tiny,0,29,0,1,32,operator_aware,30.0,0.6171915555152016,18.515746665456046,1,0,13.626907348632812,4.749337673187256,4.722873210906982,-0.026464462280273438,10.807766914367676,0.4095606207847595
DeiT-Tiny,0,29,0,1,32,operator_aware,100.0,0.6171915555152016,61.71915555152015,1,0,14.800199508666992,4.749337673187256,4.782556533813477,0.0332188606262207,12.011190414428711,0.15832990407943726
DeiT-Tiny,0,29,0,1,98,operator_aware,0.01,1.3280518203126526,0.013280518203126526,1,0,5.380828380584717,4.749337673187256,4.532691478729248,-0.2166461944580078,0.13113422691822052,3.586810827255249
DeiT-Tiny,0,29,0,1,98,operator_aware,0.1,1.3280518203126526,0.13280518203126526,1,0,4.771260738372803,4.749337673187256,4.545841217041016,-0.20349645614624023,0.7863789796829224,2.7713515758514404
DeiT-Tiny,0,29,0,1,98,operator_aware,1.0,1.3280518203126526,1.3280518203126526,1,0,3.3765015602111816,4.749337673187256,4.653696537017822,-0.0956411361694336,2.347508668899536,1.380365014076233
DeiT-Tiny,0,29,0,1,98,operator_aware,3.0,1.3280518203126526,3.9841554609379575,1,0,3.028505325317383,4.749337673187256,4.778151988983154,0.028814315795898438,3.2029125690460205,0.8583791255950928
DeiT-Tiny,0,29,0,1,98,operator_aware,10.0,1.3280518203126526,13.280518203126526,1,0,3.309387445449829,4.749337673187256,4.931158065795898,0.18182039260864258,4.055793762207031,0.46922847628593445
DeiT-Tiny,0,29,0,1,98,operator_aware,30.0,1.3280518203126526,39.84155460937958,1,0,3.721754550933838,4.749337673187256,5.022406101226807,0.2730684280395508,4.65999174118042,0.2589527368545532
DeiT-Tiny,0,29,0,1,98,operator_aware,100.0,1.3280518203126526,132.80518203126525,1,0,4.1521525382995605,4.749337673187256,5.05450963973999,0.3051719665527344,5.143651008605957,0.12486375123262405
DeiT-Tiny,0,29,0,1,32,group_mean,,0.6171915555152016,,1,0,15.514159202575684,4.749337673187256,4.788963317871094,0.03962564468383789,12.854659080505371,0.0
DeiT-Tiny,0,29,0,1,98,group_mean,,1.3280518203126526,,1,0,5.0482072830200195,4.749337673187256,5.049602508544922,0.300264835357666,5.711630821228027,0.0
DeiT-Tiny,1,68,1,1,32,operator_aware,0.01,0.3574125789849311,0.0035741257898493114,1,1,6.668704032897949,3.1888351440429688,2.8881068229675293,-0.30072832107543945,0.1711011826992035,5.101342678070068
DeiT-Tiny,1,68,1,1,32,operator_aware,0.1,0.3574125789849311,0.03574125789849311,1,1,5.553050518035889,3.1888351440429688,2.787003993988037,-0.40183115005493164,0.8604093194007874,3.8902587890625
DeiT-Tiny,1,68,1,1,32,operator_aware,1.0,0.3574125789849311,0.3574125789849311,1,1,3.803110361099243,3.1888351440429688,2.654780387878418,-0.5340547561645508,2.527468681335449,1.8303508758544922
DeiT-Tiny,1,68,1,1,32,operator_aware,3.0,0.3574125789849311,1.0722377369547933,1,1,3.4803333282470703,3.1888351440429688,2.5417537689208984,-0.6470813751220703,3.411163806915283,1.0488059520721436
DeiT-Tiny,1,68,1,1,32,operator_aware,10.0,0.3574125789849311,3.5741257898493113,1,1,3.712763547897339,3.1888351440429688,2.51853609085083,-0.6702990531921387,4.209059238433838,0.5006428360939026
DeiT-Tiny,1,68,1,1,32,operator_aware,30.0,0.3574125789849311,10.722377369547933,1,1,4.135909080505371,3.1888351440429688,2.6222829818725586,-0.5665521621704102,4.714168548583984,0.2299455851316452
DeiT-Tiny,1,68,1,1,32,operator_aware,100.0,0.3574125789849311,35.74125789849311,1,1,4.526515483856201,3.1888351440429688,2.7542366981506348,-0.434598445892334,5.040951251983643,0.08629023283720016
DeiT-Tiny,1,68,1,1,98,operator_aware,0.01,0.5288800952931793,0.005288800952931792,1,1,1.2871475219726562,3.1888351440429688,3.105344295501709,-0.08349084854125977,0.05777619779109955,2.3040404319763184
DeiT-Tiny,1,68,1,1,98,operator_aware,0.1,0.5288800952931793,0.05288800952931793,1,1,1.0548412799835205,3.1888351440429688,3.0997085571289062,-0.0891265869140625,0.2852334976196289,1.724234700202942
DeiT-Tiny,1,68,1,1,98,operator_aware,1.0,0.5288800952931793,0.5288800952931793,1,1,0.6957776546478271,3.1888351440429688,3.1225180625915527,-0.06631708145141602,0.8097828030586243,0.774043619632721
DeiT-Tiny,1,68,1,1,98,operator_aware,3.0,0.5288800952931793,1.5866402858795379,1,1,0.7394425868988037,3.1888351440429688,3.144209384918213,-0.04462575912475586,1.0700466632843018,0.4343288242816925
DeiT-Tiny,1,68,1,1,98,operator_aware,10.0,0.5288800952931793,5.288800952931792,1,1,0.9470891952514648,3.1888351440429688,3.1807937622070312,-0.0080413818359375,1.295932412147522,0.20688213407993317
DeiT-Tiny,1,68,1,1,98,operator_aware,30.0,0.5288800952931793,15.866402858795377,1,1,1.1660540103912354,3.1888351440429688,3.1866369247436523,-0.0021982192993164062,1.4387539625167847,0.09493947774171829
DeiT-Tiny,1,68,1,1,98,operator_aware,100.0,0.5288800952931793,52.88800952931793,1,1,1.3387759923934937,3.1888351440429688,3.1972503662109375,0.00841522216796875,1.5287476778030396,0.03536146506667137
DeiT-Tiny,1,68,1,1,32,group_mean,,0.3574125789849311,,1,1,4.8435821533203125,3.1888351440429688,2.8647894859313965,-0.32404565811157227,5.266082286834717,0.0
DeiT-Tiny,1,68,1,1,98,group_mean,,0.5288800952931793,,1,1,1.4646656513214111,3.1888351440429688,3.2080917358398438,0.019256591796875,1.5880166292190552,0.0
DeiT-Tiny,2,134,2,0,32,operator_aware,0.01,0.43109856557858556,0.004310985655785856,0,3,5.669933795928955,-0.2875356674194336,-0.2951960563659668,-0.007660388946533203,0.2054441124200821,5.702988624572754
DeiT-Tiny,2,134,2,0,32,operator_aware,0.1,0.43109856557858556,0.04310985655785856,0,3,4.505797863006592,-0.2875356674194336,-0.34072065353393555,-0.05318498611450195,0.9436163902282715,3.980212450027466
DeiT-Tiny,2,134,2,0,32,operator_aware,1.0,0.43109856557858556,0.43109856557858556,0,3,2.9141478538513184,-0.2875356674194336,-0.31154870986938477,-0.024013042449951172,2.3513147830963135,1.855798363685608
DeiT-Tiny,2,134,2,0,32,operator_aware,3.0,0.43109856557858556,1.2932956967357567,0,3,2.6603996753692627,-0.2875356674194336,-0.28266429901123047,0.004871368408203125,3.106099843978882,1.0959500074386597
DeiT-Tiny,2,134,2,0,32,operator_aware,10.0,0.43109856557858556,4.3109856557858555,0,3,3.1164090633392334,-0.2875356674194336,-0.22621393203735352,0.06132173538208008,3.8179938793182373,0.526181697845459
DeiT-Tiny,2,134,2,0,32,operator_aware,30.0,0.43109856557858556,12.932956967357567,0,3,3.6490659713745117,-0.2875356674194336,-0.17207670211791992,0.11545896530151367,4.254265308380127,0.2296852320432663
DeiT-Tiny,2,134,2,0,32,operator_aware,100.0,0.43109856557858556,43.109856557858556,0,3,3.9853224754333496,-0.2875356674194336,-0.13492679595947266,0.15260887145996094,4.497161865234375,0.0799795389175415
DeiT-Tiny,2,134,2,0,98,operator_aware,0.01,0.5851144039450941,0.005851144039450941,0,3,0.934487521648407,-0.2875356674194336,-0.3306436538696289,-0.04310798645019531,0.04111604392528534,1.728266954421997
DeiT-Tiny,2,134,2,0,98,operator_aware,0.1,0.5851144039450941,0.05851144039450941,0,3,0.7675402164459229,-0.2875356674194336,-0.3181934356689453,-0.03065776824951172,0.21628622710704803,1.29833984375
DeiT-Tiny,2,134,2,0,98,operator_aware,1.0,0.5851144039450941,0.5851144039450941,0,3,0.46798276901245117,-0.2875356674194336,-0.2889289855957031,-0.0013933181762695312,0.6174715757369995,0.6215142607688904
DeiT-Tiny,2,134,2,0,98,operator_aware,3.0,0.5851144039450941,1.755343211835282,0,3,0.4885480999946594,-0.2875356674194336,-0.27248620986938477,0.015049457550048828,0.8383119106292725,0.352918803691864
DeiT-Tiny,2,134,2,0,98,operator_aware,10.0,0.5851144039450941,5.851144039450941,0,3,0.6601144671440125,-0.2875356674194336,-0.2531242370605469,0.03441143035888672,1.0315523147583008,0.1557028442621231
DeiT-Tiny,2,134,2,0,98,operator_aware,30.0,0.5851144039450941,17.553432118352823,0,3,0.7888137698173523,-0.2875356674194336,-0.2413501739501953,0.04618549346923828,1.1338084936141968,0.06294581294059753
DeiT-Tiny,2,134,2,0,98,operator_aware,100.0,0.5851144039450941,58.51144039450941,0,3,0.8577793836593628,-0.2875356674194336,-0.23630809783935547,0.051227569580078125,1.1832873821258545,0.020858805626630783
DeiT-Tiny,2,134,2,0,32,group_mean,,0.43109856557858556,,0,3,4.182767868041992,-0.2875356674194336,-0.11205625534057617,0.17547941207885742,4.634609222412109,0.0
DeiT-Tiny,2,134,2,0,98,group_mean,,0.5851144039450941,,0,3,0.8948498368263245,-0.2875356674194336,-0.23429393768310547,0.053241729736328125,1.2087050676345825,0.0
DeiT-Tiny,3,171,3,1,32,operator_aware,0.01,0.3237828925277222,0.003237828925277222,1,3,10.519913673400879,3.1617236137390137,2.756354808807373,-0.4053688049316406,0.18757407367229462,6.501320838928223
DeiT-Tiny,3,171,3,1,32,operator_aware,0.1,0.3237828925277222,0.03237828925277222,1,3,9.528078079223633,3.1617236137390137,2.7039990425109863,-0.45772457122802734,0.9232878088951111,5.2224884033203125
DeiT-Tiny,3,171,3,1,32,operator_aware,1.0,0.3237828925277222,0.3237828925277222,1,3,6.308553695678711,3.1617236137390137,2.7194299697875977,-0.442293643951416,2.7522192001342773,3.182201623916626
DeiT-Tiny,3,171,3,1,32,operator_aware,3.0,0.3237828925277222,0.9713486775831666,1,3,4.080641269683838,3.1617236137390137,2.878950595855713,-0.2827730178833008,4.01730489730835,2.30660343170166
DeiT-Tiny,3,171,3,1,32,operator_aware,10.0,0.3237828925277222,3.237828925277222,1,3,3.456019163131714,3.1617236137390137,3.157045841217041,-0.004677772521972656,5.829711437225342,1.3464499711990356
DeiT-Tiny,3,171,3,1,32,operator_aware,30.0,0.3237828925277222,9.713486775831665,1,3,5.0389275550842285,3.1617236137390137,3.3540968894958496,0.19237327575683594,7.355226993560791,0.642291784286499
DeiT-Tiny,3,171,3,1,32,operator_aware,100.0,0.3237828925277222,32.37828925277222,1,3,6.237808704376221,3.1617236137390137,3.4486050605773926,0.2868814468383789,8.299816131591797,0.23143213987350464
DeiT-Tiny,3,171,3,1,98,operator_aware,0.01,0.4019765632161549,0.004019765632161549,1,3,2.4374582767486572,3.1617236137390137,3.052217483520508,-0.10950613021850586,0.06809594482183456,3.0063207149505615
DeiT-Tiny,3,171,3,1,98,operator_aware,0.1,0.4019765632161549,0.04019765632161549,1,3,2.2072322368621826,3.1617236137390137,3.0395727157592773,-0.12215089797973633,0.34767618775367737,2.373910665512085
DeiT-Tiny,3,171,3,1,98,operator_aware,1.0,0.4019765632161549,0.4019765632161549,1,3,1.608434796333313,3.1617236137390137,3.0320982933044434,-0.1296253204345703,1.0272526741027832,1.3730806112289429
DeiT-Tiny,3,171,3,1,98,operator_aware,3.0,0.4019765632161549,1.2059296896484646,1,3,1.2000576257705688,3.1617236137390137,3.0634055137634277,-0.09831809997558594,1.4740912914276123,0.9608858823776245
DeiT-Tiny,3,171,3,1,98,operator_aware,10.0,0.4019765632161549,4.0197656321615485,1,3,1.1568431854248047,3.1617236137390137,3.1340904235839844,-0.027633190155029297,2.0730748176574707,0.5528776049613953
DeiT-Tiny,3,171,3,1,98,operator_aware,30.0,0.4019765632161549,12.059296896484646,1,3,1.6668107509613037,3.1617236137390137,3.199431896209717,0.037708282470703125,2.5798277854919434,0.26271143555641174
DeiT-Tiny,3,171,3,1,98,operator_aware,100.0,0.4019765632161549,40.19765632161549,1,3,2.07987904548645,3.1617236137390137,3.2399377822875977,0.07821416854858398,2.89786958694458,0.0935511440038681
DeiT-Tiny,3,171,3,1,32,group_mean,,0.3237828925277222,,1,3,6.9376749992370605,3.1617236137390137,3.4904932975769043,0.3287696838378906,8.845206260681152,0.0
DeiT-Tiny,3,171,3,1,98,group_mean,,0.4019765632161549,,1,3,2.3267648220062256,3.1617236137390137,3.262498378753662,0.10077476501464844,3.079477071762085,0.0
DeiT-Tiny,4,230,4,1,32,operator_aware,0.01,0.2248861054931007,0.0022488610549310072,1,4,8.251107215881348,2.579000949859619,2.7345948219299316,0.1555938720703125,0.1588134467601776,7.319714069366455
DeiT-Tiny,4,230,4,1,32,operator_aware,0.1,0.2248861054931007,0.022488610549310072,1,4,6.7555155754089355,2.579000949859619,2.7179512977600098,0.13895034790039062,0.8844791054725647,5.889110565185547
DeiT-Tiny,4,230,4,1,32,operator_aware,1.0,0.2248861054931007,0.2248861054931007,1,4,3.7944817543029785,2.579000949859619,2.6694564819335938,0.09045553207397461,3.053025722503662,3.0737063884735107
DeiT-Tiny,4,230,4,1,32,operator_aware,3.0,0.2248861054931007,0.6746583164793021,1,4,3.6467788219451904,2.579000949859619,2.6396780014038086,0.06067705154418945,4.351487636566162,1.789272665977478
DeiT-Tiny,4,230,4,1,32,operator_aware,10.0,0.2248861054931007,2.248861054931007,1,4,4.220214366912842,2.579000949859619,2.608405113220215,0.029404163360595703,5.483740329742432,0.8608696460723877
DeiT-Tiny,4,230,4,1,32,operator_aware,30.0,0.2248861054931007,6.746583164793021,1,4,4.714879035949707,2.579000949859619,2.5978455543518066,0.0188446044921875,6.136390209197998,0.40774986147880554
DeiT-Tiny,4,230,4,1,32,operator_aware,100.0,0.2248861054931007,22.48861054931007,1,4,5.157102108001709,2.579000949859619,2.599961757659912,0.02096080780029297,6.538396835327148,0.15445034205913544
DeiT-Tiny,4,230,4,1,98,operator_aware,0.01,0.287157528712535,0.0028715752871253503,1,4,2.957810401916504,2.579000949859619,2.5047860145568848,-0.07421493530273438,0.07360929250717163,4.212165355682373
DeiT-Tiny,4,230,4,1,98,operator_aware,0.1,0.287157528712535,0.028715752871253504,1,4,2.573444128036499,2.579000949859619,2.495375156402588,-0.08362579345703125,0.4422331154346466,3.4377291202545166
DeiT-Tiny,4,230,4,1,98,operator_aware,1.0,0.287157528712535,0.287157528712535,1,4,1.8092942237854004,2.579000949859619,2.500380516052246,-0.07862043380737305,1.5650752782821655,1.7594362497329712
DeiT-Tiny,4,230,4,1,98,operator_aware,3.0,0.287157528712535,0.8614725861376051,1,4,1.7935677766799927,2.579000949859619,2.5258564949035645,-0.05314445495605469,2.2125377655029297,1.0215377807617188
DeiT-Tiny,4,230,4,1,98,operator_aware,10.0,0.287157528712535,2.87157528712535,1,4,1.9752618074417114,2.579000949859619,2.570706844329834,-0.008294105529785156,2.785367250442505,0.49775969982147217
DeiT-Tiny,4,230,4,1,98,operator_aware,30.0,0.287157528712535,8.614725861376051,1,4,2.233957052230835,2.579000949859619,2.6111960411071777,0.032195091247558594,3.1626129150390625,0.23262673616409302
DeiT-Tiny,4,230,4,1,98,operator_aware,100.0,0.287157528712535,28.715752871253503,1,4,2.525820255279541,2.579000949859619,2.637657642364502,0.05865669250488281,3.417912006378174,0.08577413111925125
DeiT-Tiny,4,230,4,1,32,group_mean,,0.2248861054931007,,1,4,5.513944625854492,2.579000949859619,2.6042094230651855,0.025208473205566406,6.800136566162109,0.0
DeiT-Tiny,4,230,4,1,98,group_mean,,0.287157528712535,,1,4,2.756080389022827,2.579000949859619,2.6531901359558105,0.0741891860961914,3.5850791931152344,0.0
DeiT-Tiny,5,259,5,1,32,operator_aware,0.01,0.1215393739187029,0.001215393739187029,1,5,4.601154327392578,3.314120292663574,2.784050941467285,-0.5300693511962891,0.07651300728321075,5.432229518890381
DeiT-Tiny,5,259,5,1,32,operator_aware,0.1,0.1215393739187029,0.01215393739187029,1,5,4.045828819274902,3.314120292663574,2.7660722732543945,-0.5480480194091797,0.4814799427986145,4.561556339263916
DeiT-Tiny,5,259,5,1,32,operator_aware,1.0,0.1215393739187029,0.1215393739187029,1,5,2.6763830184936523,3.314120292663574,2.7126598358154297,-0.6014604568481445,1.7958297729492188,2.5291433334350586
DeiT-Tiny,5,259,5,1,32,operator_aware,3.0,0.1215393739187029,0.3646181217561087,1,5,2.259445905685425,3.314120292663574,2.748048782348633,-0.5660715103149414,2.637591600418091,1.5781222581863403
DeiT-Tiny,5,259,5,1,32,operator_aware,10.0,0.1215393739187029,1.215393739187029,1,5,2.455746650695801,3.314120292663574,2.9240264892578125,-0.3900938034057617,3.4223036766052246,0.8331925868988037
DeiT-Tiny,5,259,5,1,32,operator_aware,30.0,0.1215393739187029,3.646181217561087,1,5,2.87088680267334,3.314120292663574,3.154142379760742,-0.15997791290283203,3.9358022212982178,0.4003283977508545
DeiT-Tiny,5,259,5,1,32,operator_aware,100.0,0.1215393739187029,12.15393739187029,1,5,3.2257721424102783,3.314120292663574,3.3312063217163086,0.017086029052734375,4.262131214141846,0.1474258005619049
DeiT-Tiny,5,259,5,1,98,operator_aware,0.01,0.15248241856919506,0.0015248241856919507,1,5,1.3773130178451538,3.314120292663574,3.2707509994506836,-0.043369293212890625,0.030490092933177948,3.2163984775543213
DeiT-Tiny,5,259,5,1,98,operator_aware,0.1,0.15248241856919506,0.015248241856919507,1,5,1.1663317680358887,3.314120292663574,3.260648727416992,-0.05347156524658203,0.20792533457279205,2.6994564533233643
DeiT-Tiny,5,259,5,1,98,operator_aware,1.0,0.15248241856919506,0.15248241856919506,1,5,0.6314181685447693,3.314120292663574,3.2268495559692383,-0.08727073669433594,0.7804399728775024,1.3879520893096924
DeiT-Tiny,5,259,5,1,98,operator_aware,3.0,0.15248241856919506,0.45744725570758515,1,5,0.7123786807060242,3.314120292663574,3.214815139770508,-0.0993051528930664,1.1113169193267822,0.7828665375709534
DeiT-Tiny,5,259,5,1,98,operator_aware,10.0,0.15248241856919506,1.5248241856919507,1,5,1.0308692455291748,3.314120292663574,3.2372121810913086,-0.07690811157226562,1.3815771341323853,0.35609951615333557
DeiT-Tiny,5,259,5,1,98,operator_aware,30.0,0.15248241856919506,4.574472557075852,1,5,1.2338035106658936,3.314120292663574,3.2882566452026367,-0.0258636474609375,1.5248609781265259,0.1565334051847458
DeiT-Tiny,5,259,5,1,98,operator_aware,100.0,0.15248241856919506,15.248241856919506,1,5,1.3493647575378418,3.314120292663574,3.3359460830688477,0.021825790405273438,1.6036585569381714,0.05603233352303505
DeiT-Tiny,5,259,5,1,32,group_mean,,0.1215393739187029,,1,5,3.4676318168640137,3.314120292663574,3.4440183639526367,0.1298980712890625,4.4633870124816895,0.0
DeiT-Tiny,5,259,5,1,98,group_mean,,0.15248241856919506,,1,5,1.419509768486023,3.314120292663574,3.369643211364746,0.055522918701171875,1.6502805948257446,0.0
DeiT-Tiny,6,338,6,0,32,operator_aware,0.01,0.5655456726102808,0.005655456726102808,0,5,14.773249626159668,-3.7693581581115723,-3.691601276397705,0.07775688171386719,0.15923669934272766,6.19931697845459
DeiT-Tiny,6,338,6,0,32,operator_aware,0.1,0.5655456726102808,0.05655456726102808,0,5,13.77505111694336,-3.7693581581115723,-3.7385172843933105,0.03084087371826172,0.9930335283279419,5.081111907958984
DeiT-Tiny,6,338,6,0,32,operator_aware,1.0,0.5655456726102808,0.5655456726102808,0,5,10.938746452331543,-3.7693581581115723,-3.8202967643737793,-0.05093860626220703,3.210749864578247,2.987780809402466
DeiT-Tiny,6,338,6,0,32,operator_aware,3.0,0.5655456726102808,1.6966370178308423,0,5,7.421227931976318,-3.7693581581115723,-3.8204617500305176,-0.05110359191894531,4.627963066101074,2.1173202991485596
DeiT-Tiny,6,338,6,0,32,operator_aware,10.0,0.5655456726102808,5.655456726102807,0,5,4.427177906036377,-3.7693581581115723,-3.7581024169921875,0.011255741119384766,6.551846981048584,1.256625771522522
DeiT-Tiny,6,338,6,0,32,operator_aware,30.0,0.5655456726102808,16.966370178308424,0,5,6.498734474182129,-3.7693581581115723,-3.6739611625671387,0.0953969955444336,8.301984786987305,0.6131873726844788
DeiT-Tiny,6,338,6,0,32,operator_aware,100.0,0.5655456726102808,56.554567261028076,0,5,8.247883796691895,-3.7693581581115723,-3.6141715049743652,0.15518665313720703,9.459574699401855,0.22186638414859772
DeiT-Tiny,6,338,6,0,98,operator_aware,0.01,0.762412285345202,0.0076241228534520205,0,5,2.9714858531951904,-3.7693581581115723,-3.7389540672302246,0.030404090881347656,0.06664389371871948,3.0635623931884766
DeiT-Tiny,6,338,6,0,98,operator_aware,0.1,0.762412285345202,0.0762412285345202,0,5,2.636714220046997,-3.7693581581115723,-3.7444205284118652,0.02493762969970703,0.4206550121307373,2.423983335494995
DeiT-Tiny,6,338,6,0,98,operator_aware,1.0,0.762412285345202,0.762412285345202,0,5,1.9151626825332642,-3.7693581581115723,-3.7895760536193848,-0.0202178955078125,1.3231252431869507,1.2170709371566772
DeiT-Tiny,6,338,6,0,98,operator_aware,3.0,0.762412285345202,2.287236856035606,0,5,1.6081770658493042,-3.7693581581115723,-3.811650276184082,-0.042292118072509766,1.8128896951675415,0.752648115158081
DeiT-Tiny,6,338,6,0,98,operator_aware,10.0,0.762412285345202,7.62412285345202,0,5,1.615340232849121,-3.7693581581115723,-3.817457675933838,-0.048099517822265625,2.3171262741088867,0.40236997604370117
DeiT-Tiny,6,338,6,0,98,operator_aware,30.0,0.762412285345202,22.87236856035606,0,5,2.0488991737365723,-3.7693581581115723,-3.810380458831787,-0.041022300720214844,2.7121307849884033,0.18899200856685638
DeiT-Tiny,6,338,6,0,98,operator_aware,100.0,0.762412285345202,76.2412285345202,0,5,2.4410438537597656,-3.7693581581115723,-3.8032665252685547,-0.03390836715698242,2.967271089553833,0.06744830310344696
DeiT-Tiny,6,338,6,0,32,group_mean,,0.5655456726102808,,0,5,9.204202651977539,-3.7693581581115723,-3.578134059906006,0.1912240982055664,10.139737129211426,0.0
DeiT-Tiny,6,338,6,0,98,group_mean,,0.762412285345202,,0,5,2.688429117202759,-3.7693581581115723,-3.7986884117126465,-0.02933025360107422,3.1173126697540283,0.0
DeiT-Tiny,7,386,7,1,32,operator_aware,0.01,0.19064563880079485,0.0019064563880079486,1,7,5.876385688781738,1.2912211418151855,1.411738395690918,0.12051725387573242,0.09566881507635117,6.9599609375
DeiT-Tiny,7,386,7,1,32,operator_aware,0.1,0.19064563880079485,0.019064563880079488,1,7,5.013755798339844,1.2912211418151855,1.3638029098510742,0.07258176803588867,0.6756432056427002,5.8668532371521
DeiT-Tiny,7,386,7,1,32,operator_aware,1.0,0.19064563880079485,0.19064563880079485,1,7,3.4933178424835205,1.2912211418151855,1.2612967491149902,-0.029924392700195312,2.6379940509796143,3.1618309020996094
DeiT-Tiny,7,386,7,1,32,operator_aware,3.0,0.19064563880079485,0.5719369164023845,1,7,3.6999833583831787,1.2912211418151855,1.2523484230041504,-0.038872718811035156,3.912055015563965,1.9351816177368164
DeiT-Tiny,7,386,7,1,32,operator_aware,10.0,0.19064563880079485,1.9064563880079486,1,7,4.157902717590332,1.2912211418151855,1.2434654235839844,-0.04775571823120117,5.124510765075684,1.017924189567566
DeiT-Tiny,7,386,7,1,32,operator_aware,30.0,0.19064563880079485,5.7193691640238455,1,7,4.459065914154053,1.2912211418151855,1.2226343154907227,-0.06858682632446289,5.855083465576172,0.5170596837997437
DeiT-Tiny,7,386,7,1,32,operator_aware,100.0,0.19064563880079485,19.064563880079486,1,7,4.715461730957031,1.2912211418151855,1.2074546813964844,-0.08376646041870117,6.277681827545166,0.20862968266010284
DeiT-Tiny,7,386,7,1,98,operator_aware,0.01,0.2607237187838927,0.0026072371878389272,1,7,1.7665492296218872,1.2912211418151855,1.3259434700012207,0.034722328186035156,0.031317971646785736,3.215989112854004
DeiT-Tiny,7,386,7,1,98,operator_aware,0.1,0.2607237187838927,0.026072371878389275,1,7,1.5850759744644165,1.2912211418151855,1.3255796432495117,0.03435850143432617,0.23208725452423096,2.7399158477783203
DeiT-Tiny,7,386,7,1,98,operator_aware,1.0,0.2607237187838927,0.2607237187838927,1,7,1.082404375076294,1.2912211418151855,1.3240528106689453,0.032831668853759766,0.9211193323135376,1.5013009309768677
DeiT-Tiny,7,386,7,1,98,operator_aware,3.0,0.2607237187838927,0.7821711563516782,1,7,0.9418201446533203,1.2912211418151855,1.3149919509887695,0.023770809173583984,1.382190465927124,0.9234766364097595
DeiT-Tiny,7,386,7,1,98,operator_aware,10.0,0.2607237187838927,2.607237187838927,1,7,1.103481650352478,1.2912211418151855,1.2875447273254395,-0.0036764144897460938,1.8722662925720215,0.4531872868537903
DeiT-Tiny,7,386,7,1,98,operator_aware,30.0,0.2607237187838927,7.821711563516781,1,7,1.3830658197402954,1.2912211418151855,1.2598953247070312,-0.0313258171081543,2.1891889572143555,0.19663159549236298
DeiT-Tiny,7,386,7,1,98,operator_aware,100.0,0.2607237187838927,26.072371878389273,1,7,1.5805784463882446,1.2912211418151855,1.2430133819580078,-0.048207759857177734,2.3599436283111572,0.06761356443166733
DeiT-Tiny,7,386,7,1,32,group_mean,,0.19064563880079485,,1,7,4.973921298980713,1.2912211418151855,1.1990633010864258,-0.09215784072875977,6.544310092926025,0.0
DeiT-Tiny,7,386,7,1,98,group_mean,,0.2607237187838927,,1,7,1.7007420063018799,1.2912211418151855,1.2338142395019531,-0.05740690231323242,2.451512098312378,0.0
DeiT-Small,0,29,0,1,32,operator_aware,0.01,0.024125441253836834,0.00024125441253836834,1,0,14.448380470275879,2.358035087585449,2.1254472732543945,-0.2325878143310547,0.16609647870063782,19.53255271911621
DeiT-Small,0,29,0,1,32,operator_aware,0.1,0.024125441253836834,0.0024125441253836834,1,0,12.72298526763916,2.358035087585449,2.0750837326049805,-0.28295135498046875,0.8465629816055298,15.999302864074707
DeiT-Small,0,29,0,1,32,operator_aware,1.0,0.024125441253836834,0.024125441253836834,1,0,9.561005592346191,2.358035087585449,2.01589298248291,-0.34214210510253906,2.964165687561035,9.124728202819824
DeiT-Small,0,29,0,1,32,operator_aware,3.0,0.024125441253836834,0.0723763237615105,1,0,8.055295944213867,2.358035087585449,2.0407896041870117,-0.3172454833984375,4.3915252685546875,5.937592029571533
DeiT-Small,0,29,0,1,32,operator_aware,10.0,0.024125441253836834,0.24125441253836835,1,0,7.2467803955078125,2.358035087585449,2.13967227935791,-0.21836280822753906,5.930054664611816,3.3384108543395996
DeiT-Small,0,29,0,1,32,operator_aware,30.0,0.024125441253836834,0.7237632376151051,1,0,7.031792640686035,2.358035087585449,2.240407943725586,-0.11762714385986328,7.1567254066467285,1.7983362674713135
DeiT-Small,0,29,0,1,32,operator_aware,100.0,0.024125441253836834,2.4125441253836835,1,0,7.110897064208984,2.358035087585449,2.29300594329834,-0.06502914428710938,8.2136812210083,0.7657979130744934
DeiT-Small,0,29,0,1,98,operator_aware,0.01,0.03667862479051162,0.0003667862479051162,1,0,3.7274370193481445,2.358035087585449,2.432277202606201,0.07424211502075195,0.09129008650779724,13.312296867370605
DeiT-Small,0,29,0,1,98,operator_aware,0.1,0.03667862479051162,0.0036678624790511625,1,0,3.2207510471343994,2.358035087585449,2.414940357208252,0.056905269622802734,0.48103076219558716,10.701573371887207
DeiT-Small,0,29,0,1,98,operator_aware,1.0,0.03667862479051162,0.03667862479051162,1,0,2.2385363578796387,2.358035087585449,2.3408164978027344,-0.017218589782714844,1.6031512022018433,5.564332962036133
DeiT-Small,0,29,0,1,98,operator_aware,3.0,0.03667862479051162,0.11003587437153486,1,0,2.0544071197509766,2.358035087585449,2.2992501258850098,-0.05878496170043945,2.2632808685302734,3.3425004482269287
DeiT-Small,0,29,0,1,98,operator_aware,10.0,0.03667862479051162,0.3667862479051162,1,0,2.2245125770568848,2.358035087585449,2.2812910079956055,-0.07674407958984375,2.8779821395874023,1.703018307685852
DeiT-Small,0,29,0,1,98,operator_aware,30.0,0.03667862479051162,1.1003587437153486,1,0,2.395348072052002,2.358035087585449,2.2962231636047363,-0.06181192398071289,3.287844657897949,0.8453902006149292
DeiT-Small,0,29,0,1,98,operator_aware,100.0,0.03667862479051162,3.6678624790511622,1,0,2.5765223503112793,2.358035087585449,2.3114633560180664,-0.04657173156738281,3.586576223373413,0.34323668479919434
DeiT-Small,0,29,0,1,32,group_mean,,0.024125441253836834,,1,0,7.329705238342285,2.358035087585449,2.292428493499756,-0.06560659408569336,9.151938438415527,0.0
DeiT-Small,0,29,0,1,98,group_mean,,0.03667862479051162,,1,0,2.806417226791382,2.358035087585449,2.3154664039611816,-0.04256868362426758,3.8286876678466797,0.0
DeiT-Small,1,68,1,1,32,operator_aware,0.01,0.008586079799300043,8.586079799300044e-05,1,1,7.391603946685791,5.494108200073242,4.471688270568848,-1.0224199295043945,0.09211352467536926,17.793535232543945
DeiT-Small,1,68,1,1,32,operator_aware,0.1,0.008586079799300043,0.0008586079799300043,1,1,6.83460807800293,5.494108200073242,4.4808783531188965,-1.0132298469543457,0.5153308510780334,14.710314750671387
DeiT-Small,1,68,1,1,32,operator_aware,1.0,0.008586079799300043,0.008586079799300043,1,1,5.406272888183594,5.494108200073242,4.571238994598389,-0.9228692054748535,1.8023085594177246,8.338623046875
DeiT-Small,1,68,1,1,32,operator_aware,3.0,0.008586079799300043,0.025758239397900128,1,1,4.727872371673584,5.494108200073242,4.704245567321777,-0.7898626327514648,2.622285842895508,5.398539066314697
DeiT-Small,1,68,1,1,32,operator_aware,10.0,0.008586079799300043,0.08586079799300042,1,1,4.35139799118042,5.494108200073242,4.953145980834961,-0.5409622192382812,3.4624340534210205,2.9889109134674072
DeiT-Small,1,68,1,1,32,operator_aware,30.0,0.008586079799300043,0.2575823939790013,1,1,4.045506000518799,5.494108200073242,5.1014485359191895,-0.39265966415405273,4.056497097015381,1.6763577461242676
DeiT-Small,1,68,1,1,32,operator_aware,100.0,0.008586079799300043,0.8586079799300043,1,1,3.617408275604248,5.494108200073242,5.331168174743652,-0.16294002532958984,4.59367561340332,0.8555158376693726
DeiT-Small,1,68,1,1,98,operator_aware,0.01,0.013205293890769102,0.00013205293890769103,1,1,1.3245124816894531,5.494108200073242,5.384418487548828,-0.10968971252441406,0.026189712807536125,7.836429595947266
DeiT-Small,1,68,1,1,98,operator_aware,0.1,0.013205293890769102,0.0013205293890769104,1,1,1.1789028644561768,5.494108200073242,5.386195182800293,-0.10791301727294922,0.16949953138828278,6.53286075592041
DeiT-Small,1,68,1,1,98,operator_aware,1.0,0.013205293890769102,0.013205293890769102,1,1,0.8469687700271606,5.494108200073242,5.3845672607421875,-0.10954093933105469,0.5939076542854309,3.6136913299560547
DeiT-Small,1,68,1,1,98,operator_aware,3.0,0.013205293890769102,0.039615881672307306,1,1,0.7531024813652039,5.494108200073242,5.392873764038086,-0.10123443603515625,0.8470561504364014,2.246206521987915
DeiT-Small,1,68,1,1,98,operator_aware,10.0,0.013205293890769102,0.13205293890769101,1,1,0.779214084148407,5.494108200073242,5.423654556274414,-0.07045364379882812,1.0892084836959839,1.1329066753387451
DeiT-Small,1,68,1,1,98,operator_aware,30.0,0.013205293890769102,0.39615881672307307,1,1,0.8508775234222412,5.494108200073242,5.461092948913574,-0.03301525115966797,1.2408210039138794,0.5384087562561035
DeiT-Small,1,68,1,1,98,operator_aware,100.0,0.013205293890769102,1.3205293890769103,1,1,0.9070218801498413,5.494108200073242,5.502447128295898,0.00833892822265625,1.3362691402435303,0.22816289961338043
DeiT-Small,1,68,1,1,32,group_mean,,0.008586079799300043,,1,1,4.347383975982666,5.494108200073242,5.860300064086914,0.3661918640136719,5.448445796966553,0.0
DeiT-Small,1,68,1,1,98,group_mean,,0.013205293890769102,,1,1,1.0338119268417358,5.494108200073242,5.556048393249512,0.06194019317626953,1.4291789531707764,0.0
DeiT-Small,2,134,2,1,32,operator_aware,0.01,0.010811448775678585,0.00010811448775678585,1,2,4.092073440551758,0.9584336280822754,0.4569692611694336,-0.5014643669128418,0.06890872120857239,14.117159843444824
DeiT-Small,2,134,2,1,32,operator_aware,0.1,0.010811448775678585,0.0010811448775678585,1,2,3.7221994400024414,0.9584336280822754,0.4917631149291992,-0.46667051315307617,0.3963826596736908,11.85318374633789
DeiT-Small,2,134,2,1,32,operator_aware,1.0,0.010811448775678585,0.010811448775678585,1,2,2.846862316131592,0.9584336280822754,0.5483994483947754,-0.4100341796875,1.383553147315979,7.179203510284424
DeiT-Small,2,134,2,1,32,operator_aware,3.0,0.010811448775678585,0.032434346327035755,1,2,2.343576192855835,0.9584336280822754,0.5790915489196777,-0.37934207916259766,2.030609607696533,4.95904541015625
DeiT-Small,2,134,2,1,32,operator_aware,10.0,0.010811448775678585,0.10811448775678585,1,2,1.896345853805542,0.9584336280822754,0.7047333717346191,-0.25370025634765625,2.7852344512939453,3.012425661087036
DeiT-Small,2,134,2,1,32,operator_aware,30.0,0.010811448775678585,0.32434346327035757,1,2,2.2088587284088135,0.9584336280822754,0.9600081443786621,0.0015745162963867188,3.488218069076538,1.649435043334961
DeiT-Small,2,134,2,1,32,operator_aware,100.0,0.010811448775678585,1.0811448775678585,1,2,2.8946123123168945,0.9584336280822754,1.285496711730957,0.32706308364868164,4.095616817474365,0.6955866813659668
DeiT-Small,2,134,2,1,98,operator_aware,0.01,0.0143978336692755,0.000143978336692755,1,2,0.8526413440704346,0.9584336280822754,0.9152188301086426,-0.04321479797363281,0.02657385729253292,6.591345310211182
DeiT-Small,2,134,2,1,98,operator_aware,0.1,0.0143978336692755,0.00143978336692755,1,2,0.7347007393836975,0.9584336280822754,0.9168829917907715,-0.041550636291503906,0.15488965809345245,5.268224239349365
DeiT-Small,2,134,2,1,98,operator_aware,1.0,0.0143978336692755,0.0143978336692755,1,2,0.5210050940513611,0.9584336280822754,0.9199957847595215,-0.038437843322753906,0.4892500638961792,2.800492525100708
DeiT-Small,2,134,2,1,98,operator_aware,3.0,0.0143978336692755,0.0431935010078265,1,2,0.4764927327632904,0.9584336280822754,0.918154239654541,-0.040279388427734375,0.6677525639533997,1.7880154848098755
DeiT-Small,2,134,2,1,98,operator_aware,10.0,0.0143978336692755,0.143978336692755,1,2,0.5215477347373962,0.9584336280822754,0.9212527275085449,-0.03718090057373047,0.8461130261421204,0.9694637656211853
DeiT-Small,2,134,2,1,98,operator_aware,30.0,0.0143978336692755,0.431935010078265,1,2,0.6373897790908813,0.9584336280822754,0.9386029243469238,-0.019830703735351562,0.9784447550773621,0.4735511243343353
DeiT-Small,2,134,2,1,98,operator_aware,100.0,0.0143978336692755,1.43978336692755,1,2,0.7447766661643982,0.9584336280822754,0.9681286811828613,0.009695053100585938,1.0685042142868042,0.18125513195991516
DeiT-Small,2,134,2,1,32,group_mean,,0.010811448775678585,,1,2,3.5520801544189453,0.9584336280822754,1.604015827178955,0.6455821990966797,4.609292984008789,0.0
DeiT-Small,2,134,2,1,98,group_mean,,0.0143978336692755,,1,2,0.827267050743103,0.9584336280822754,1.0030460357666016,0.04461240768432617,1.130637288093567,0.0
DeiT-Small,3,171,3,1,32,operator_aware,0.01,0.007257826351699241,7.257826351699242e-05,1,3,3.547964096069336,1.9144511222839355,1.7270159721374512,-0.18743515014648438,0.07046922296285629,14.495198249816895
DeiT-Small,3,171,3,1,32,operator_aware,0.1,0.007257826351699241,0.0007257826351699242,1,3,3.1770355701446533,1.9144511222839355,1.7006378173828125,-0.21381330490112305,0.33466705679893494,12.517518043518066
DeiT-Small,3,171,3,1,32,operator_aware,1.0,0.007257826351699241,0.007257826351699241,1,3,2.0810110569000244,1.9144511222839355,1.6405177116394043,-0.27393341064453125,1.2790242433547974,7.871414661407471
DeiT-Small,3,171,3,1,32,operator_aware,3.0,0.007257826351699241,0.021773479055097723,1,3,1.7037185430526733,1.9144511222839355,1.6368846893310547,-0.27756643295288086,1.9882581233978271,5.268679618835449
DeiT-Small,3,171,3,1,32,operator_aware,10.0,0.007257826351699241,0.07257826351699241,1,3,1.9680428504943848,1.9144511222839355,1.7452311515808105,-0.169219970703125,2.797959089279175,2.8297035694122314
DeiT-Small,3,171,3,1,32,operator_aware,30.0,0.007257826351699241,0.21773479055097722,1,3,2.4439563751220703,1.9144511222839355,1.9281339645385742,0.013682842254638672,3.3888211250305176,1.3489125967025757
DeiT-Small,3,171,3,1,32,operator_aware,100.0,0.007257826351699241,0.7257826351699241,1,3,2.82266902923584,1.9144511222839355,2.101349353790283,0.18689823150634766,3.7742695808410645,0.5044965744018555
DeiT-Small,3,171,3,1,98,operator_aware,0.01,0.008882220729886587,8.882220729886587e-05,1,3,1.1877959966659546,1.9144511222839355,1.83978271484375,-0.07466840744018555,0.025403203442692757,8.657218933105469
DeiT-Small,3,171,3,1,98,operator_aware,0.1,0.008882220729886587,0.0008882220729886587,1,3,1.0980852842330933,1.9144511222839355,1.8355541229248047,-0.07889699935913086,0.14812764525413513,7.4274444580078125
DeiT-Small,3,171,3,1,98,operator_aware,1.0,0.008882220729886587,0.008882220729886587,1,3,0.7879061698913574,1.9144511222839355,1.821953296661377,-0.0924978256225586,0.5528928637504578,4.59644889831543
DeiT-Small,3,171,3,1,98,operator_aware,3.0,0.008882220729886587,0.02664666218965976,1,3,0.6240304112434387,1.9144511222839355,1.815955638885498,-0.0984954833984375,0.845302164554596,3.080153703689575
DeiT-Small,3,171,3,1,98,operator_aware,10.0,0.008882220729886587,0.08882220729886586,1,3,0.6963193416595459,1.9144511222839355,1.834315299987793,-0.08013582229614258,1.1843924522399902,1.6348726749420166
DeiT-Small,3,171,3,1,98,operator_aware,30.0,0.008882220729886587,0.2664666218965976,1,3,0.8968231081962585,1.9144511222839355,1.8858141899108887,-0.028636932373046875,1.4264638423919678,0.7654595971107483
DeiT-Small,3,171,3,1,98,operator_aware,100.0,0.008882220729886587,0.8882220729886586,1,3,1.058454990386963,1.9144511222839355,1.9460415840148926,0.03159046173095703,1.579067349433899,0.28264790773391724
DeiT-Small,3,171,3,1,32,group_mean,,0.007257826351699241,,1,3,3.09147572517395,1.9144511222839355,2.2334609031677246,0.31900978088378906,4.025068759918213,0.0
DeiT-Small,3,171,3,1,98,group_mean,,0.008882220729886587,,1,3,1.174156904220581,1.9144511222839355,1.9966216087341309,0.08217048645019531,1.6766666173934937,0.0
DeiT-Small,4,230,4,1,32,operator_aware,0.01,0.01346439643796186,0.0001346439643796186,1,4,8.969361305236816,3.069655418395996,2.677844524383545,-0.39181089401245117,0.09374020248651505,19.55356788635254
DeiT-Small,4,230,4,1,32,operator_aware,0.1,0.01346439643796186,0.0013464396437961861,1,4,8.522553443908691,3.069655418395996,2.638014316558838,-0.4316411018371582,0.579387366771698,16.119041442871094
DeiT-Small,4,230,4,1,32,operator_aware,1.0,0.01346439643796186,0.01346439643796186,1,4,6.124336242675781,3.069655418395996,2.6980137825012207,-0.3716416358947754,2.09124755859375,9.129377365112305
DeiT-Small,4,230,4,1,32,operator_aware,3.0,0.01346439643796186,0.04039318931388558,1,4,4.253615856170654,3.069655418395996,2.7251181602478027,-0.34453725814819336,3.1114540100097656,5.969717502593994
DeiT-Small,4,230,4,1,32,operator_aware,10.0,0.01346439643796186,0.1346439643796186,1,4,3.854557991027832,3.069655418395996,2.6378960609436035,-0.4317593574523926,4.268499374389648,3.295886754989624
DeiT-Small,4,230,4,1,32,operator_aware,30.0,0.01346439643796186,0.4039318931388558,1,4,4.409175872802734,3.069655418395996,2.57387638092041,-0.49577903747558594,5.190621376037598,1.661102056503296
DeiT-Small,4,230,4,1,32,operator_aware,100.0,0.01346439643796186,1.3464396437961859,1,4,4.835059642791748,3.069655418395996,2.596662998199463,-0.4729924201965332,5.866284370422363,0.6464945673942566
DeiT-Small,4,230,4,1,98,operator_aware,0.01,0.019504590853237604,0.00019504590853237604,1,4,2.810389280319214,3.069655418395996,2.8713698387145996,-0.19828557968139648,0.04583636671304703,11.131875991821289
DeiT-Small,4,230,4,1,98,operator_aware,0.1,0.019504590853237604,0.0019504590853237605,1,4,2.576327323913574,3.069655418395996,2.868264675140381,-0.20139074325561523,0.2839758098125458,9.262706756591797
DeiT-Small,4,230,4,1,98,operator_aware,1.0,0.019504590853237604,0.019504590853237604,1,4,1.8527213335037231,3.069655418395996,2.8736844062805176,-0.19597101211547852,1.0037046670913696,5.2144927978515625
DeiT-Small,4,230,4,1,98,operator_aware,3.0,0.019504590853237604,0.05851377255971281,1,4,1.5237141847610474,3.069655418395996,2.889370918273926,-0.1802845001220703,1.4627830982208252,3.3724279403686523
DeiT-Small,4,230,4,1,98,operator_aware,10.0,0.019504590853237604,0.19504590853237605,1,4,1.4109379053115845,3.069655418395996,2.933605670928955,-0.13604974746704102,1.9498040676116943,1.876236915588379
DeiT-Small,4,230,4,1,98,operator_aware,30.0,0.019504590853237604,0.5851377255971282,1,4,1.6140180826187134,3.069655418395996,3.002631664276123,-0.06702375411987305,2.328991174697876,0.9608444571495056
DeiT-Small,4,230,4,1,98,operator_aware,100.0,0.019504590853237604,1.9504590853237604,1,4,1.9189186096191406,3.069655418395996,3.0789051055908203,0.009249687194824219,2.615173578262329,0.3790706694126129
DeiT-Small,4,230,4,1,32,group_mean,,0.01346439643796186,,1,4,5.089831829071045,3.069655418395996,2.6642775535583496,-0.4053778648376465,6.3403239250183105,0.0
DeiT-Small,4,230,4,1,98,group_mean,,0.019504590853237604,,1,4,2.1819539070129395,3.069655418395996,3.1488475799560547,0.0791921615600586,2.8248672485351562,0.0
DeiT-Small,5,259,5,1,32,operator_aware,0.01,0.005265265871929707,5.2652658719297075e-05,1,5,5.369695663452148,5.883525848388672,5.817914009094238,-0.0656118392944336,0.11360325664281845,21.77368927001953
DeiT-Small,5,259,5,1,32,operator_aware,0.1,0.005265265871929707,0.0005265265871929707,1,5,4.898977756500244,5.883525848388672,5.859007835388184,-0.02451801300048828,0.5453659892082214,17.96414566040039
DeiT-Small,5,259,5,1,32,operator_aware,1.0,0.005265265871929707,0.005265265871929707,1,5,3.6396076679229736,5.883525848388672,5.853776931762695,-0.029748916625976562,2.0010695457458496,10.791482925415039
DeiT-Small,5,259,5,1,32,operator_aware,3.0,0.005265265871929707,0.01579579761578912,1,5,3.5468342304229736,5.883525848388672,5.8845624923706055,0.0010366439819335938,3.152571201324463,7.203214645385742
DeiT-Small,5,259,5,1,32,operator_aware,10.0,0.005265265871929707,0.05265265871929707,1,5,4.191391468048096,5.883525848388672,5.836946487426758,-0.04657936096191406,4.468339920043945,3.811420440673828
DeiT-Small,5,259,5,1,32,operator_aware,30.0,0.005265265871929707,0.1579579761578912,1,5,4.800787925720215,5.883525848388672,5.818384170532227,-0.06514167785644531,5.331543445587158,1.7171424627304077
DeiT-Small,5,259,5,1,32,operator_aware,100.0,0.005265265871929707,0.5265265871929707,1,5,5.1689839363098145,5.883525848388672,5.814614295959473,-0.06891155242919922,5.798638820648193,0.5958012938499451
DeiT-Small,5,259,5,1,98,operator_aware,0.01,0.008706579728312961,8.70657972831296e-05,1,5,1.3964030742645264,5.883525848388672,5.879493713378906,-0.004032135009765625,0.030760906636714935,10.651470184326172
DeiT-Small,5,259,5,1,98,operator_aware,0.1,0.008706579728312961,0.0008706579728312961,1,5,1.272631049156189,5.883525848388672,5.878993034362793,-0.004532814025878906,0.16739234328269958,9.102471351623535
DeiT-Small,5,259,5,1,98,operator_aware,1.0,0.008706579728312961,0.008706579728312961,1,5,0.8829656839370728,5.883525848388672,5.862154006958008,-0.021371841430664062,0.6424763202667236,5.502077102661133
DeiT-Small,5,259,5,1,98,operator_aware,3.0,0.008706579728312961,0.026119739184938883,1,5,0.7442228198051453,5.883525848388672,5.843930244445801,-0.039595603942871094,0.9861251711845398,3.6046652793884277
DeiT-Small,5,259,5,1,98,operator_aware,10.0,0.008706579728312961,0.0870657972831296,1,5,0.9372941255569458,5.883525848388672,5.8284478187561035,-0.05507802963256836,1.3630234003067017,1.8664071559906006
DeiT-Small,5,259,5,1,98,operator_aware,30.0,0.008706579728312961,0.26119739184938884,1,5,1.2216740846633911,5.883525848388672,5.8264617919921875,-0.057064056396484375,1.6144719123840332,0.827658474445343
DeiT-Small,5,259,5,1,98,operator_aware,100.0,0.008706579728312961,0.8706579728312961,1,5,1.4053314924240112,5.883525848388672,5.828676700592041,-0.05484914779663086,1.7530322074890137,0.2848532795906067
DeiT-Small,5,259,5,1,32,group_mean,,0.005265265871929707,,1,5,5.373559474945068,5.883525848388672,5.813997268676758,-0.06952857971191406,6.047461032867432,0.0
DeiT-Small,5,259,5,1,98,group_mean,,0.008706579728312961,,1,5,1.5097904205322266,5.883525848388672,5.830741882324219,-0.052783966064453125,1.827621340751648,0.0
DeiT-Small,6,338,6,0,32,operator_aware,0.01,0.024302663293449878,0.00024302663293449879,0,5,21.217676162719727,-3.7514915466308594,-2.835155963897705,0.9163355827331543,0.14854654669761658,19.162736892700195
DeiT-Small,6,338,6,0,32,operator_aware,0.1,0.024302663293449878,0.002430266329344988,0,5,19.727643966674805,-3.7514915466308594,-2.7711548805236816,0.9803366661071777,0.7731937766075134,16.14619255065918
DeiT-Small,6,338,6,0,32,operator_aware,1.0,0.024302663293449878,0.024302663293449878,0,5,15.894949913024902,-3.7514915466308594,-2.7470431327819824,1.004448413848877,2.559526205062866,10.76600170135498
DeiT-Small,6,338,6,0,32,operator_aware,3.0,0.024302663293449878,0.07290798988034963,0,5,12.131622314453125,-3.7514915466308594,-2.826903820037842,0.9245877265930176,3.916686534881592,8.063292503356934
DeiT-Small,6,338,6,0,32,operator_aware,10.0,0.024302663293449878,0.24302663293449878,0,5,7.892838478088379,-3.7514915466308594,-2.9767494201660156,0.7747421264648438,5.7826056480407715,5.352542400360107
DeiT-Small,6,338,6,0,32,operator_aware,30.0,0.024302663293449878,0.7290798988034963,0,5,5.661695957183838,-3.7514915466308594,-3.1991915702819824,0.552299976348877,7.730006217956543,3.31264591217041
DeiT-Small,6,338,6,0,32,operator_aware,100.0,0.024302663293449878,2.4302663293449878,0,5,6.150000095367432,-3.7514915466308594,-3.4568638801574707,0.29462766647338867,9.892004013061523,1.5848180055618286
DeiT-Small,6,338,6,0,98,operator_aware,0.01,0.036414987878224225,0.00036414987878224226,0,5,3.2363197803497314,-3.7514915466308594,-3.793703556060791,-0.04221200942993164,0.06815865635871887,10.591139793395996
DeiT-Small,6,338,6,0,98,operator_aware,0.1,0.036414987878224225,0.0036414987878224227,0,5,3.0373775959014893,-3.7514915466308594,-3.7578845024108887,-0.006392955780029297,0.3716042935848236,8.511728286743164
DeiT-Small,6,338,6,0,98,operator_aware,1.0,0.036414987878224225,0.036414987878224225,0,5,2.5897819995880127,-3.7514915466308594,-3.6774778366088867,0.07401371002197266,1.1458371877670288,4.924140930175781
DeiT-Small,6,338,6,0,98,operator_aware,3.0,0.036414987878224225,0.10924496363467268,0,5,2.3025200366973877,-3.7514915466308594,-3.6202168464660645,0.13127470016479492,1.6277393102645874,3.4111106395721436
DeiT-Small,6,338,6,0,98,operator_aware,10.0,0.036414987878224225,0.36414987878224225,0,5,1.9178986549377441,-3.7514915466308594,-3.5677523612976074,0.18373918533325195,2.1905856132507324,2.139759063720703
DeiT-Small,6,338,6,0,98,operator_aware,30.0,0.036414987878224225,1.0924496363467266,0,5,1.7088549137115479,-3.7514915466308594,-3.577524185180664,0.1739673614501953,2.7268104553222656,1.2971110343933105
DeiT-Small,6,338,6,0,98,operator_aware,100.0,0.036414987878224225,3.6414987878224228,0,5,2.1142728328704834,-3.7514915466308594,-3.6362385749816895,0.11525297164916992,3.306788206100464,0.6184163093566895
DeiT-Small,6,338,6,0,32,group_mean,,0.024302663293449878,,0,5,8.225869178771973,-3.7514915466308594,-3.664012908935547,0.0874786376953125,12.24628734588623,0.0
DeiT-Small,6,338,6,0,98,group_mean,,0.036414987878224225,,0,5,2.9929282665252686,-3.7514915466308594,-3.707085609436035,0.04440593719482422,3.945240020751953,0.0
DeiT-Small,7,386,7,1,32,operator_aware,0.01,0.006611006819444456,6.611006819444456e-05,1,7,4.806324481964111,2.260542869567871,2.448495864868164,0.18795299530029297,0.05932081863284111,14.443361282348633
DeiT-Small,7,386,7,1,32,operator_aware,0.1,0.006611006819444456,0.0006611006819444457,1,7,4.359950542449951,2.260542869567871,2.5072174072265625,0.2466745376586914,0.3305925130844116,12.468653678894043
DeiT-Small,7,386,7,1,32,operator_aware,1.0,0.006611006819444456,0.006611006819444456,1,7,3.072618007659912,2.260542869567871,2.4271159172058105,0.16657304763793945,1.2892764806747437,7.997774124145508
DeiT-Small,7,386,7,1,32,operator_aware,3.0,0.006611006819444456,0.019833020458333368,1,7,2.1472556591033936,2.260542869567871,2.315059185028076,0.05451631546020508,2.0467689037323,5.623315334320068
DeiT-Small,7,386,7,1,32,operator_aware,10.0,0.006611006819444456,0.06611006819444457,1,7,2.025754690170288,2.260542869567871,2.119472026824951,-0.14107084274291992,3.034740447998047,3.210906505584717
DeiT-Small,7,386,7,1,32,operator_aware,30.0,0.006611006819444456,0.19833020458333367,1,7,2.9190893173217773,2.260542869567871,1.9855217933654785,-0.2750210762023926,3.8443541526794434,1.5396242141723633
DeiT-Small,7,386,7,1,32,operator_aware,100.0,0.006611006819444456,0.6611006819444456,1,7,3.605142831802368,2.260542869567871,1.932814121246338,-0.3277287483215332,4.3610029220581055,0.5554894208908081
DeiT-Small,7,386,7,1,98,operator_aware,0.01,0.00786753474791971,7.86753474791971e-05,1,7,1.5945101976394653,2.260542869567871,2.3685903549194336,0.1080474853515625,0.026183241978287697,9.834458351135254
DeiT-Small,7,386,7,1,98,operator_aware,0.1,0.00786753474791971,0.000786753474791971,1,7,1.4769395589828491,2.260542869567871,2.357067584991455,0.09652471542358398,0.15168599784374237,8.526256561279297
DeiT-Small,7,386,7,1,98,operator_aware,1.0,0.00786753474791971,0.00786753474791971,1,7,1.0578186511993408,2.260542869567871,2.311138153076172,0.05059528350830078,0.6060889959335327,5.464940547943115
DeiT-Small,7,386,7,1,98,operator_aware,3.0,0.00786753474791971,0.02360260424375913,1,7,0.8135432004928589,2.260542869567871,2.2647175788879395,0.004174709320068359,0.9563865661621094,3.7903380393981934
DeiT-Small,7,386,7,1,98,operator_aware,10.0,0.00786753474791971,0.07867534747919709,1,7,0.8938043117523193,2.260542869567871,2.2011523246765137,-0.05939054489135742,1.3742833137512207,2.1356043815612793
DeiT-Small,7,386,7,1,98,operator_aware,30.0,0.00786753474791971,0.2360260424375913,1,7,1.227595567703247,2.260542869567871,2.15895414352417,-0.10158872604370117,1.6955729722976685,1.022024154663086
DeiT-Small,7,386,7,1,98,operator_aware,100.0,0.00786753474791971,0.786753474791971,1,7,1.4852089881896973,2.260542869567871,2.1386947631835938,-0.12184810638427734,1.8981777429580688,0.3696575462818146
DeiT-Small,7,386,7,1,32,group_mean,,0.006611006819444456,,1,7,3.985948324203491,2.260542869567871,1.9113154411315918,-0.3492274284362793,4.663441181182861,0.0
DeiT-Small,7,386,7,1,98,group_mean,,0.00786753474791971,,1,7,1.641801118850708,2.260542869567871,2.129164218902588,-0.1313786506652832,2.017343282699585,0.0
ViT-B/16 AugReg,0,29,0,1,32,operator_aware,0.01,0.01989353030086307,0.0001989353030086307,1,0,12.30139446258545,4.046242713928223,4.334097862243652,0.2878551483154297,1.1354660987854004,71.4031982421875
ViT-B/16 AugReg,0,29,0,1,32,operator_aware,0.1,0.01989353030086307,0.0019893530300863073,1,0,11.387969970703125,4.046242713928223,4.331345081329346,0.28510236740112305,4.1153883934021,45.792118072509766
ViT-B/16 AugReg,0,29,0,1,32,operator_aware,1.0,0.01989353030086307,0.01989353030086307,1,0,9.40893840789795,4.046242713928223,3.321350574493408,-0.7248921394348145,9.219050407409668,21.399808883666992
ViT-B/16 AugReg,0,29,0,1,32,operator_aware,3.0,0.01989353030086307,0.05968059090258921,1,0,9.37855052947998,4.046242713928223,2.894927978515625,-1.1513147354125977,11.928972244262695,13.782830238342285
ViT-B/16 AugReg,0,29,0,1,32,operator_aware,10.0,0.01989353030086307,0.19893530300863072,1,0,8.7022123336792,4.046242713928223,2.7231369018554688,-1.323105812072754,14.874066352844238,8.207759857177734
ViT-B/16 AugReg,0,29,0,1,32,operator_aware,30.0,0.01989353030086307,0.5968059090258921,1,0,8.784448623657227,4.046242713928223,2.78798770904541,-1.2582550048828125,17.48285675048828,4.640013217926025
ViT-B/16 AugReg,0,29,0,1,32,operator_aware,100.0,0.01989353030086307,1.989353030086307,1,0,11.219483375549316,4.046242713928223,3.0888609886169434,-0.9573817253112793,19.845476150512695,2.0911619663238525
ViT-B/16 AugReg,0,29,0,1,98,operator_aware,0.01,0.0297571020699887,0.000297571020699887,1,0,8.190707206726074,4.046242713928223,4.149228096008301,0.10298538208007812,1.1604026556015015,85.75155639648438
ViT-B/16 AugReg,0,29,0,1,98,operator_aware,0.1,0.0297571020699887,0.00297571020699887,1,0,7.0667243003845215,4.046242713928223,4.055123329162598,0.008880615234375,4.057679653167725,51.00994110107422
ViT-B/16 AugReg,0,29,0,1,98,operator_aware,1.0,0.0297571020699887,0.0297571020699887,1,0,6.407731056213379,4.046242713928223,3.7396273612976074,-0.30661535263061523,8.353898048400879,21.97806167602539
ViT-B/16 AugReg,0,29,0,1,98,operator_aware,3.0,0.0297571020699887,0.0892713062099661,1,0,6.5239176750183105,4.046242713928223,3.5923080444335938,-0.4539346694946289,10.43979263305664,13.699919700622559
ViT-B/16 AugReg,0,29,0,1,98,operator_aware,10.0,0.0297571020699887,0.297571020699887,1,0,7.254802227020264,4.046242713928223,3.490314483642578,-0.5559282302856445,12.545169830322266,7.762759208679199
ViT-B/16 AugReg,0,29,0,1,98,operator_aware,30.0,0.0297571020699887,0.892713062099661,1,0,8.965021133422852,4.046242713928223,3.4713211059570312,-0.5749216079711914,14.205680847167969,4.192623615264893
ViT-B/16 AugReg,0,29,0,1,98,operator_aware,100.0,0.0297571020699887,2.97571020699887,1,0,11.081049919128418,4.046242713928223,3.5335845947265625,-0.5126581192016602,15.57993221282959,1.7596964836120605
ViT-B/16 AugReg,0,29,0,1,32,group_mean,,0.01989353030086307,,1,0,15.449725151062012,4.046242713928223,3.87979793548584,-0.1664447784423828,22.431886672973633,0.0
ViT-B/16 AugReg,0,29,0,1,98,group_mean,,0.0297571020699887,,1,0,13.082940101623535,4.046242713928223,3.7579498291015625,-0.28829288482666016,16.740217208862305,0.0
ViT-B/16 AugReg,1,68,1,1,32,operator_aware,0.01,0.011907765091407898,0.00011907765091407898,1,1,7.836706161499023,3.7611474990844727,3.3118720054626465,-0.44927549362182617,0.7640910744667053,67.6233901977539
ViT-B/16 AugReg,1,68,1,1,32,operator_aware,0.1,0.011907765091407898,0.0011907765091407898,1,1,7.486616134643555,3.7611474990844727,3.5523810386657715,-0.20876646041870117,3.160550117492676,48.97386169433594
ViT-B/16 AugReg,1,68,1,1,32,operator_aware,1.0,0.011907765091407898,0.011907765091407898,1,1,8.983561515808105,3.7611474990844727,3.6343865394592285,-0.12676095962524414,8.371707916259766,23.626110076904297
ViT-B/16 AugReg,1,68,1,1,32,operator_aware,3.0,0.011907765091407898,0.035723295274223694,1,1,9.812934875488281,3.7611474990844727,3.86784029006958,0.10669279098510742,10.901240348815918,14.246337890625
ViT-B/16 AugReg,1,68,1,1,32,operator_aware,10.0,0.011907765091407898,0.11907765091407897,1,1,10.343777656555176,3.7611474990844727,4.205280780792236,0.44413328170776367,13.016313552856445,8.085451126098633
ViT-B/16 AugReg,1,68,1,1,32,operator_aware,30.0,0.011907765091407898,0.35723295274223693,1,1,10.86021614074707,3.7611474990844727,4.3720479011535645,0.6109004020690918,14.649824142456055,4.6614909172058105
ViT-B/16 AugReg,1,68,1,1,32,operator_aware,100.0,0.011907765091407898,1.1907765091407898,1,1,11.956681251525879,3.7611474990844727,4.313342094421387,0.5521945953369141,16.345300674438477,2.203784704208374
ViT-B/16 AugReg,1,68,1,1,98,operator_aware,0.01,0.017932218200891196,0.00017932218200891197,1,1,0.9922295212745667,3.7611474990844727,3.9166951179504395,0.1555476188659668,0.0877683088183403,11.794265747070312
ViT-B/16 AugReg,1,68,1,1,98,operator_aware,0.1,0.017932218200891196,0.0017932218200891197,1,1,0.9471438527107239,3.7611474990844727,3.920044422149658,0.15889692306518555,0.32186785340309143,8.19654369354248
ViT-B/16 AugReg,1,68,1,1,98,operator_aware,1.0,0.017932218200891196,0.017932218200891196,1,1,0.7867994904518127,3.7611474990844727,3.9047951698303223,0.1436476707458496,0.7880268096923828,4.397342681884766
ViT-B/16 AugReg,1,68,1,1,98,operator_aware,3.0,0.017932218200891196,0.05379665460267359,1,1,0.6699555516242981,3.7611474990844727,3.889706611633301,0.12855911254882812,1.0909812450408936,2.917788028717041
ViT-B/16 AugReg,1,68,1,1,98,operator_aware,10.0,0.017932218200891196,0.17932218200891195,1,1,0.5657175779342651,3.7611474990844727,3.861154079437256,0.1000065803527832,1.4513334035873413,1.6914857625961304
ViT-B/16 AugReg,1,68,1,1,98,operator_aware,30.0,0.017932218200891196,0.5379665460267359,1,1,0.6112623810768127,3.7611474990844727,3.8112215995788574,0.050074100494384766,1.7694238424301147,0.9173506498336792
ViT-B/16 AugReg,1,68,1,1,98,operator_aware,100.0,0.017932218200891196,1.7932218200891197,1,1,0.7791367173194885,3.7611474990844727,3.737697124481201,-0.023450374603271484,2.0464553833007812,0.3956453204154968
ViT-B/16 AugReg,1,68,1,1,32,group_mean,,0.011907765091407898,,1,1,13.898341178894043,3.7611474990844727,4.280562400817871,0.5194149017333984,18.5643367767334,0.0
ViT-B/16 AugReg,1,68,1,1,98,group_mean,,0.017932218200891196,,1,1,0.9910534024238586,3.7611474990844727,3.6476798057556152,-0.11346769332885742,2.300964593887329,0.0
ViT-B/16 AugReg,2,134,2,1,32,operator_aware,0.01,0.0066529834081041584,6.652983408104159e-05,1,2,3.0829410552978516,0.47176456451416016,0.8348102569580078,0.36304569244384766,0.1765456199645996,31.32158660888672
ViT-B/16 AugReg,2,134,2,1,32,operator_aware,0.1,0.0066529834081041584,0.0006652983408104158,1,2,2.8785574436187744,0.47176456451416016,0.7859277725219727,0.3141632080078125,0.6960228681564331,23.205745697021484
ViT-B/16 AugReg,2,134,2,1,32,operator_aware,1.0,0.0066529834081041584,0.0066529834081041584,1,2,2.3274805545806885,0.47176456451416016,0.8101110458374023,0.3383464813232422,1.840868353843689,13.795733451843262
ViT-B/16 AugReg,2,134,2,1,32,operator_aware,3.0,0.0066529834081041584,0.019958950224312474,1,2,1.9389572143554688,0.47176456451416016,0.8298406600952148,0.3580760955810547,2.652045488357544,9.455265998840332
ViT-B/16 AugReg,2,134,2,1,32,operator_aware,10.0,0.0066529834081041584,0.06652983408104159,1,2,1.7271143198013306,0.47176456451416016,0.8144941329956055,0.3427295684814453,3.611558675765991,5.384897708892822
ViT-B/16 AugReg,2,134,2,1,32,operator_aware,30.0,0.0066529834081041584,0.19958950224312474,1,2,1.814363956451416,0.47176456451416016,0.7346735000610352,0.262908935546875,4.364424228668213,2.839092493057251
ViT-B/16 AugReg,2,134,2,1,32,operator_aware,100.0,0.0066529834081041584,0.6652983408104158,1,2,1.9781646728515625,0.47176456451416016,0.5937318801879883,0.12196731567382812,4.950438976287842,1.3100996017456055
ViT-B/16 AugReg,2,134,2,1,98,operator_aware,0.01,0.008789995351399954,8.789995351399955e-05,1,2,0.3617911636829376,0.47176456451416016,0.5031909942626953,0.031426429748535156,0.04724834859371185,9.782787322998047
ViT-B/16 AugReg,2,134,2,1,98,operator_aware,0.1,0.008789995351399954,0.0008789995351399955,1,2,0.32703500986099243,0.47176456451416016,0.5053682327270508,0.033603668212890625,0.1865939199924469,6.784230709075928
ViT-B/16 AugReg,2,134,2,1,98,operator_aware,1.0,0.008789995351399954,0.008789995351399954,1,2,0.2638705372810364,0.47176456451416016,0.5084152221679688,0.036650657653808594,0.4519274830818176,3.414599657058716
ViT-B/16 AugReg,2,134,2,1,98,operator_aware,3.0,0.008789995351399954,0.026369986054199865,1,2,0.24810944497585297,0.47176456451416016,0.5103349685668945,0.038570404052734375,0.6007248759269714,2.085165500640869
ViT-B/16 AugReg,2,134,2,1,98,operator_aware,10.0,0.008789995351399954,0.08789995351399954,1,2,0.26620742678642273,0.47176456451416016,0.5104312896728516,0.038666725158691406,0.7431563138961792,1.0573127269744873
ViT-B/16 AugReg,2,134,2,1,98,operator_aware,30.0,0.008789995351399954,0.2636998605419986,1,2,0.2914468050003052,0.47176456451416016,0.5025348663330078,0.030770301818847656,0.8351239562034607,0.5332505106925964
ViT-B/16 AugReg,2,134,2,1,98,operator_aware,100.0,0.008789995351399954,0.8789995351399954,1,2,0.3189642131328583,0.47176456451416016,0.48381710052490234,0.012052536010742188,0.9032941460609436,0.2339833825826645
ViT-B/16 AugReg,2,134,2,1,32,group_mean,,0.0066529834081041584,,1,2,2.5222039222717285,0.47176456451416016,0.4134654998779297,-0.05829906463623047,5.675168991088867,0.0
ViT-B/16 AugReg,2,134,2,1,98,group_mean,,0.008789995351399954,,1,2,0.36494696140289307,0.47176456451416016,0.45562267303466797,-0.016141891479492188,0.9747391939163208,0.0
ViT-B/16 AugReg,3,171,3,1,32,operator_aware,0.01,0.001888082862469107,1.8880828624691068e-05,1,3,5.22835111618042,4.458487510681152,3.9072561264038086,-0.5512313842773438,0.2845306992530823,92.91596984863281
ViT-B/16 AugReg,3,171,3,1,32,operator_aware,0.1,0.001888082862469107,0.0001888082862469107,1,3,4.99211311340332,4.458487510681152,3.8176965713500977,-0.6407909393310547,1.436532974243164,71.53559875488281
ViT-B/16 AugReg,3,171,3,1,32,operator_aware,1.0,0.001888082862469107,0.001888082862469107,1,3,4.48109769821167,4.458487510681152,3.760335922241211,-0.6981515884399414,4.502720355987549,41.07371520996094
ViT-B/16 AugReg,3,171,3,1,32,operator_aware,3.0,0.001888082862469107,0.005664248587407321,1,3,4.602376937866211,4.458487510681152,3.874723434448242,-0.5837640762329102,6.613835334777832,27.03013038635254
ViT-B/16 AugReg,3,171,3,1,32,operator_aware,10.0,0.001888082862469107,0.01888082862469107,1,3,5.377477169036865,4.458487510681152,4.079768180847168,-0.3787193298339844,8.836183547973633,14.91430377960205
ViT-B/16 AugReg,3,171,3,1,32,operator_aware,30.0,0.001888082862469107,0.05664248587407321,1,3,6.193223476409912,4.458487510681152,4.285678863525391,-0.17280864715576172,10.405147552490234,7.853188991546631
ViT-B/16 AugReg,3,171,3,1,32,operator_aware,100.0,0.001888082862469107,0.18880828624691068,1,3,6.6479010581970215,4.458487510681152,4.492249488830566,0.03376197814941406,11.535665512084961,3.574636220932007
ViT-B/16 AugReg,3,171,3,1,98,operator_aware,0.01,0.002696228083158595,2.6962280831585953e-05,1,3,0.6401327848434448,4.458487510681152,4.415056228637695,-0.04343128204345703,0.030699672177433968,15.176947593688965
ViT-B/16 AugReg,3,171,3,1,98,operator_aware,0.1,0.002696228083158595,0.0002696228083158595,1,3,0.6209588646888733,4.458487510681152,4.418369293212891,-0.04011821746826172,0.1611522138118744,11.870121002197266
ViT-B/16 AugReg,3,171,3,1,98,operator_aware,1.0,0.002696228083158595,0.002696228083158595,1,3,0.5382007956504822,4.458487510681152,4.426190376281738,-0.03229713439941406,0.5003312826156616,6.8217573165893555
ViT-B/16 AugReg,3,171,3,1,98,operator_aware,3.0,0.002696228083158595,0.008088684249475786,1,3,0.4821383059024811,4.458487510681152,4.430530548095703,-0.02795696258544922,0.7288942337036133,4.5267534255981445
ViT-B/16 AugReg,3,171,3,1,98,operator_aware,10.0,0.002696228083158595,0.02696228083158595,1,3,0.3983335793018341,4.458487510681152,4.432956695556641,-0.02553081512451172,0.9740462303161621,2.6264946460723877
ViT-B/16 AugReg,3,171,3,1,98,operator_aware,30.0,0.002696228083158595,0.08088684249475786,1,3,0.35754284262657166,4.458487510681152,4.433375358581543,-0.025112152099609375,1.1695747375488281,1.507469654083252
ViT-B/16 AugReg,3,171,3,1,98,operator_aware,100.0,0.002696228083158595,0.2696228083158595,1,3,0.46020951867103577,4.458487510681152,4.441837310791016,-0.01665019989013672,1.3527326583862305,0.7162280678749084
ViT-B/16 AugReg,3,171,3,1,32,group_mean,,0.001888082862469107,,1,3,6.801049709320068,4.458487510681152,4.707413673400879,0.24892616271972656,12.62308406829834,0.0
ViT-B/16 AugReg,3,171,3,1,98,group_mean,,0.002696228083158595,,1,3,0.6768584251403809,4.458487510681152,4.46734619140625,0.008858680725097656,1.5586107969284058,0.0
ViT-B/16 AugReg,4,230,4,1,32,operator_aware,0.01,0.009907782468398513,9.907782468398514e-05,1,4,9.73582649230957,4.168379783630371,4.379638671875,0.2112588882446289,0.7098904848098755,77.78385925292969
ViT-B/16 AugReg,4,230,4,1,32,operator_aware,0.1,0.009907782468398513,0.0009907782468398514,1,4,8.523185729980469,4.168379783630371,4.402610778808594,0.23423099517822266,3.0608718395233154,57.807796478271484
ViT-B/16 AugReg,4,230,4,1,32,operator_aware,1.0,0.009907782468398513,0.009907782468398513,1,4,6.536078929901123,4.168379783630371,4.231014251708984,0.06263446807861328,9.186588287353516,31.007963180541992
ViT-B/16 AugReg,4,230,4,1,32,operator_aware,3.0,0.009907782468398513,0.02972334740519554,1,4,6.190885543823242,4.168379783630371,4.005763053894043,-0.16261672973632812,12.944864273071289,19.05947494506836
ViT-B/16 AugReg,4,230,4,1,32,operator_aware,10.0,0.009907782468398513,0.09907782468398513,1,4,6.863973140716553,4.168379783630371,3.8515682220458984,-0.31681156158447266,16.312271118164062,9.525789260864258
ViT-B/16 AugReg,4,230,4,1,32,operator_aware,30.0,0.009907782468398513,0.2972334740519554,1,4,7.793102264404297,4.168379783630371,3.767502784729004,-0.4008769989013672,18.258119583129883,4.455663204193115
ViT-B/16 AugReg,4,230,4,1,32,operator_aware,100.0,0.009907782468398513,0.9907782468398513,1,4,8.435665130615234,4.168379783630371,3.6774749755859375,-0.4909048080444336,19.384754180908203,1.6973340511322021
ViT-B/16 AugReg,4,230,4,1,98,operator_aware,0.01,0.01421390648491228,0.00014213906484912282,1,4,1.6423418521881104,4.168379783630371,4.1295881271362305,-0.038791656494140625,0.12254996597766876,20.83492660522461
ViT-B/16 AugReg,4,230,4,1,98,operator_aware,0.1,0.01421390648491228,0.0014213906484912282,1,4,1.4715659618377686,4.168379783630371,4.181295394897461,0.012915611267089844,0.5016464591026306,15.578482627868652
ViT-B/16 AugReg,4,230,4,1,98,operator_aware,1.0,0.01421390648491228,0.01421390648491228,1,4,1.1016347408294678,4.168379783630371,4.261873245239258,0.09349346160888672,1.4039909839630127,8.999542236328125
ViT-B/16 AugReg,4,230,4,1,98,operator_aware,3.0,0.01421390648491228,0.04264171945473684,1,4,0.9192118048667908,4.168379783630371,4.299843788146973,0.13146400451660156,2.0588159561157227,6.023740291595459
ViT-B/16 AugReg,4,230,4,1,98,operator_aware,10.0,0.01421390648491228,0.1421390648491228,1,4,1.2274268865585327,4.168379783630371,4.34014892578125,0.1717691421508789,2.86783766746521,3.3067378997802734
ViT-B/16 AugReg,4,230,4,1,98,operator_aware,30.0,0.01421390648491228,0.42641719454736843,1,4,1.8316214084625244,4.168379783630371,4.367527961730957,0.19914817810058594,3.5094170570373535,1.609771728515625
ViT-B/16 AugReg,4,230,4,1,98,operator_aware,100.0,0.01421390648491228,1.421390648491228,1,4,2.3012373447418213,4.168379783630371,4.372906684875488,0.2045269012451172,3.950880765914917,0.6248945593833923
ViT-B/16 AugReg,4,230,4,1,32,group_mean,,0.009907782468398513,,1,4,8.899556159973145,4.168379783630371,3.6206607818603516,-0.5477190017700195,20.11857795715332,0.0
ViT-B/16 AugReg,4,230,4,1,98,group_mean,,0.01421390648491228,,1,4,2.6521055698394775,4.168379783630371,4.349071502685547,0.18069171905517578,4.278594970703125,0.0
ViT-B/16 AugReg,5,259,5,1,32,operator_aware,0.01,0.002308843215586705,2.3088432155867047e-05,1,5,1.8976343870162964,7.921804904937744,7.667757511138916,-0.2540473937988281,0.08245042711496353,27.70924949645996
ViT-B/16 AugReg,5,259,5,1,32,operator_aware,0.1,0.002308843215586705,0.0002308843215586705,1,5,1.8292315006256104,7.921804904937744,7.668771266937256,-0.2530336380004883,0.3967340886592865,21.558042526245117
ViT-B/16 AugReg,5,259,5,1,32,operator_aware,1.0,0.002308843215586705,0.002308843215586705,1,5,1.6882909536361694,7.921804904937744,7.674676418304443,-0.24712848663330078,1.205579400062561,12.546165466308594
ViT-B/16 AugReg,5,259,5,1,32,operator_aware,3.0,0.002308843215586705,0.006926529646760115,1,5,1.579785943031311,7.921804904937744,7.702508449554443,-0.21929645538330078,1.755397081375122,8.733780860900879
ViT-B/16 AugReg,5,259,5,1,32,operator_aware,10.0,0.002308843215586705,0.023088432155867047,1,5,1.3340758085250854,7.921804904937744,7.796257495880127,-0.1255474090576172,2.4266579151153564,5.539908409118652
ViT-B/16 AugReg,5,259,5,1,32,operator_aware,30.0,0.002308843215586705,0.06926529646760114,1,5,1.2497375011444092,7.921804904937744,7.934386730194092,0.012581825256347656,3.110474109649658,3.2431561946868896
ViT-B/16 AugReg,5,259,5,1,32,operator_aware,100.0,0.002308843215586705,0.23088432155867047,1,5,1.6332969665527344,7.921804904937744,8.060461044311523,0.1386561393737793,3.7857608795166016,1.418976068496704
ViT-B/16 AugReg,5,259,5,1,98,operator_aware,0.01,0.002948892386064003,2.948892386064003e-05,1,5,0.8457688093185425,7.921804904937744,7.839508533477783,-0.08229637145996094,0.04270905256271362,17.79941177368164
ViT-B/16 AugReg,5,259,5,1,98,operator_aware,0.1,0.002948892386064003,0.0002948892386064003,1,5,0.8094807863235474,7.921804904937744,7.838099956512451,-0.08370494842529297,0.20185689628124237,13.75090217590332
ViT-B/16 AugReg,5,259,5,1,98,operator_aware,1.0,0.002948892386064003,0.002948892386064003,1,5,0.7155223488807678,7.921804904937744,7.835839748382568,-0.08596515655517578,0.5986385345458984,7.798056602478027
ViT-B/16 AugReg,5,259,5,1,98,operator_aware,3.0,0.002948892386064003,0.008846677158192009,1,5,0.6369379758834839,7.921804904937744,7.846198558807373,-0.0756063461303711,0.8521906733512878,5.2635979652404785
ViT-B/16 AugReg,5,259,5,1,98,operator_aware,10.0,0.002948892386064003,0.02948892386064003,1,5,0.5135954022407532,7.921804904937744,7.881656169891357,-0.04014873504638672,1.1364941596984863,3.22444486618042
ViT-B/16 AugReg,5,259,5,1,98,operator_aware,30.0,0.002948892386064003,0.0884667715819201,1,5,0.46435678005218506,7.921804904937744,7.933472633361816,0.011667728424072266,1.4035066366195679,1.8635432720184326
ViT-B/16 AugReg,5,259,5,1,98,operator_aware,100.0,0.002948892386064003,0.2948892386064003,1,5,0.5715949535369873,7.921804904937744,7.9816155433654785,0.059810638427734375,1.6617863178253174,0.8161134719848633
ViT-B/16 AugReg,5,259,5,1,32,group_mean,,0.002308843215586705,,1,5,2.106558084487915,7.921804904937744,8.152816772460938,0.23101186752319336,4.378455638885498,0.0
ViT-B/16 AugReg,5,259,5,1,98,group_mean,,0.002948892386064003,,1,5,0.7320268154144287,7.921804904937744,8.01705551147461,0.09525060653686523,1.8915263414382935,0.0
ViT-B/16 AugReg,6,338,6,0,32,operator_aware,0.01,0.021413623466633665,0.00021413623466633665,0,5,6.373476982116699,-2.249088764190674,-1.9178376197814941,0.3312511444091797,0.3053300380706787,28.951730728149414
ViT-B/16 AugReg,6,338,6,0,32,operator_aware,0.1,0.021413623466633665,0.002141362346663367,0,5,5.989819526672363,-2.249088764190674,-1.9259076118469238,0.32318115234375,1.1610918045043945,21.36349105834961
ViT-B/16 AugReg,6,338,6,0,32,operator_aware,1.0,0.021413623466633665,0.021413623466633665,0,5,4.798036098480225,-2.249088764190674,-1.938180923461914,0.31090784072875977,3.139410972595215,12.306254386901855
ViT-B/16 AugReg,6,338,6,0,32,operator_aware,3.0,0.021413623466633665,0.06424087039990099,0,5,4.138261795043945,-2.249088764190674,-2.0221939086914062,0.22689485549926758,4.5160651206970215,8.624595642089844
ViT-B/16 AugReg,6,338,6,0,32,operator_aware,10.0,0.021413623466633665,0.21413623466633666,0,5,3.7195422649383545,-2.249088764190674,-2.241180419921875,0.007908344268798828,6.2879228591918945,5.254234790802002
ViT-B/16 AugReg,6,338,6,0,32,operator_aware,30.0,0.021413623466633665,0.64240870399901,0,5,4.118715763092041,-2.249088764190674,-2.505922794342041,-0.2568340301513672,7.899506568908691,2.910207509994507
ViT-B/16 AugReg,6,338,6,0,32,operator_aware,100.0,0.021413623466633665,2.1413623466633664,0,5,4.996373176574707,-2.249088764190674,-2.750765323638916,-0.5016765594482422,9.269912719726562,1.2864435911178589
ViT-B/16 AugReg,6,338,6,0,98,operator_aware,0.01,0.030929931414997894,0.00030929931414997895,0,5,2.4079062938690186,-2.249088764190674,-2.1748924255371094,0.07419633865356445,0.16801674664020538,17.274642944335938
ViT-B/16 AugReg,6,338,6,0,98,operator_aware,0.1,0.030929931414997894,0.00309299314149979,0,5,2.2637336254119873,-2.249088764190674,-2.1902546882629395,0.058834075927734375,0.5955485105514526,11.923389434814453
ViT-B/16 AugReg,6,338,6,0,98,operator_aware,1.0,0.030929931414997894,0.030929931414997894,0,5,1.887924075126648,-2.249088764190674,-2.2097840309143066,0.03930473327636719,1.4313000440597534,6.422104835510254
ViT-B/16 AugReg,6,338,6,0,98,operator_aware,3.0,0.030929931414997894,0.09278979424499369,0,5,1.5425130128860474,-2.249088764190674,-2.23075008392334,0.018338680267333984,1.96226966381073,4.413561820983887
ViT-B/16 AugReg,6,338,6,0,98,operator_aware,10.0,0.030929931414997894,0.30929931414997897,0,5,1.0230849981307983,-2.249088764190674,-2.2692599296569824,-0.020171165466308594,2.6385066509246826,2.682898759841919
ViT-B/16 AugReg,6,338,6,0,98,operator_aware,30.0,0.030929931414997894,0.9278979424499368,0,5,1.0117876529693604,-2.249088764190674,-2.3077282905578613,-0.0586395263671875,3.2882373332977295,1.4950039386749268
ViT-B/16 AugReg,6,338,6,0,98,operator_aware,100.0,0.030929931414997894,3.0929931414997895,0,5,1.630325198173523,-2.249088764190674,-2.330826759338379,-0.08173799514770508,3.870918035507202,0.6667043566703796
ViT-B/16 AugReg,6,338,6,0,32,group_mean,,0.021413623466633665,,0,5,6.1144795417785645,-2.249088764190674,-2.9782519340515137,-0.7291631698608398,10.588846206665039,0.0
ViT-B/16 AugReg,6,338,6,0,98,group_mean,,0.030929931414997894,,0,5,2.421166181564331,-2.249088764190674,-2.3358826637268066,-0.08679389953613281,4.456638336181641,0.0
ViT-B/16 AugReg,7,386,7,0,32,operator_aware,0.01,0.003700564899986176,3.700564899986176e-05,1,7,4.332808971405029,-0.07014656066894531,0.7836790084838867,0.853825569152832,0.336414635181427,62.62034225463867
ViT-B/16 AugReg,7,386,7,0,32,operator_aware,0.1,0.003700564899986176,0.0003700564899986176,1,7,4.124958038330078,-0.07014656066894531,0.5020217895507812,0.5721683502197266,1.4727047681808472,44.776153564453125
ViT-B/16 AugReg,7,386,7,0,32,operator_aware,1.0,0.003700564899986176,0.003700564899986176,1,7,3.5803990364074707,-0.07014656066894531,0.4535999298095703,0.5237464904785156,4.051112174987793,23.242855072021484
ViT-B/16 AugReg,7,386,7,0,32,operator_aware,3.0,0.003700564899986176,0.011101694699958527,1,7,3.4587879180908203,-0.07014656066894531,0.5222282409667969,0.5923748016357422,5.697516441345215,14.366582870483398
ViT-B/16 AugReg,7,386,7,0,32,operator_aware,10.0,0.003700564899986176,0.03700564899986176,1,7,3.5950794219970703,-0.07014656066894531,0.5363368988037109,0.6064834594726562,7.3751654624938965,7.198965072631836
ViT-B/16 AugReg,7,386,7,0,32,operator_aware,30.0,0.003700564899986176,0.11101694699958528,1,7,3.862947702407837,-0.07014656066894531,0.4331035614013672,0.5032501220703125,8.454821586608887,3.3239901065826416
ViT-B/16 AugReg,7,386,7,0,32,operator_aware,100.0,0.003700564899986176,0.37005648999861757,1,7,4.162899017333984,-0.07014656066894531,0.3154277801513672,0.3855743408203125,9.10147762298584,1.2678816318511963
ViT-B/16 AugReg,7,386,7,0,98,operator_aware,0.01,0.004820195462065024,4.820195462065024e-05,1,7,3.8319976329803467,-0.07014656066894531,0.2422046661376953,0.3123512268066406,0.3339567482471466,78.59950256347656
ViT-B/16 AugReg,7,386,7,0,98,operator_aware,0.1,0.004820195462065024,0.00048201954620650237,1,7,4.133070468902588,-0.07014656066894531,0.17352008819580078,0.2436666488647461,1.4493720531463623,53.78298568725586
ViT-B/16 AugReg,7,386,7,0,98,operator_aware,1.0,0.004820195462065024,0.004820195462065024,1,7,3.800745725631714,-0.07014656066894531,0.08577156066894531,0.15591812133789062,3.838867425918579,26.990089416503906
ViT-B/16 AugReg,7,386,7,0,98,operator_aware,3.0,0.004820195462065024,0.01446058638619507,1,7,3.5387558937072754,-0.07014656066894531,0.09002971649169922,0.16017627716064453,5.287261009216309,16.567045211791992
ViT-B/16 AugReg,7,386,7,0,98,operator_aware,10.0,0.004820195462065024,0.04820195462065024,1,7,3.586754083633423,-0.07014656066894531,0.09897613525390625,0.16912269592285156,6.722222328186035,8.150616645812988
ViT-B/16 AugReg,7,386,7,0,98,operator_aware,30.0,0.004820195462065024,0.1446058638619507,1,7,3.8116843700408936,-0.07014656066894531,0.09534835815429688,0.1654949188232422,7.605835914611816,3.615816593170166
ViT-B/16 AugReg,7,386,7,0,98,operator_aware,100.0,0.004820195462065024,0.48201954620650234,1,7,4.0327372550964355,-0.07014656066894531,0.094696044921875,0.1648426055908203,8.092266082763672,1.291082739830017
ViT-B/16 AugReg,7,386,7,0,32,group_mean,,0.003700564899986176,,1,7,4.508648872375488,-0.07014656066894531,0.14384746551513672,0.21399402618408203,9.54350471496582,0.0
ViT-B/16 AugReg,7,386,7,0,98,group_mean,,0.004820195462065024,,1,7,4.220885753631592,-0.07014656066894531,0.08607769012451172,0.15622425079345703,8.3724946975708,0.0
DINOv2 ViT-S/14,0,29,0,1,42,operator_aware,0.01,20.51287920242816,0.2051287920242816,0,876,79.20097351074219,4.248873710632324,-2.5839457511901855,-6.83281946182251,1.128192663192749,2.873260021209717
DINOv2 ViT-S/14,0,29,0,1,42,operator_aware,0.1,20.51287920242816,2.051287920242816,0,955,70.27555084228516,4.248873710632324,-0.5280485153198242,-4.776922225952148,4.301041126251221,2.107691526412964
DINOv2 ViT-S/14,0,29,0,1,42,operator_aware,1.0,20.51287920242816,20.51287920242816,0,955,63.3920783996582,4.248873710632324,-0.707892894744873,-4.956766605377197,12.099654197692871,1.2253917455673218
DINOv2 ViT-S/14,0,29,0,1,42,operator_aware,3.0,20.51287920242816,61.53863760728448,1,0,51.86791229248047,4.248873710632324,1.2176895141601562,-3.031184196472168,17.880956649780273,0.8451221585273743
DINOv2 ViT-S/14,0,29,0,1,42,operator_aware,10.0,20.51287920242816,205.1287920242816,1,0,42.43461990356445,4.248873710632324,3.480438232421875,-0.7684354782104492,25.024396896362305,0.5138784050941467
DINOv2 ViT-S/14,0,29,0,1,42,operator_aware,30.0,20.51287920242816,615.3863760728448,1,0,40.4930305480957,4.248873710632324,3.4546737670898438,-0.7941999435424805,31.613555908203125,0.2892046868801117
DINOv2 ViT-S/14,0,29,0,1,42,operator_aware,100.0,20.51287920242816,2051.2879202428157,1,0,43.798606872558594,4.248873710632324,3.0916433334350586,-1.1572303771972656,37.68292999267578,0.1244320347905159
DINOv2 ViT-S/14,0,29,0,1,128,operator_aware,0.01,46.766815309371374,0.46766815309371373,1,0,13.698348045349121,4.248873710632324,4.271361351013184,0.022487640380859375,0.4568766951560974,1.4314589500427246
DINOv2 ViT-S/14,0,29,0,1,128,operator_aware,0.1,46.766815309371374,4.676681530937137,1,0,12.240056037902832,4.248873710632324,4.313285827636719,0.06441211700439453,1.7999556064605713,1.0601009130477905
DINOv2 ViT-S/14,0,29,0,1,128,operator_aware,1.0,46.766815309371374,46.766815309371374,1,0,9.251370429992676,4.248873710632324,4.439026832580566,0.1901531219482422,5.049524307250977,0.6177676320075989
DINOv2 ViT-S/14,0,29,0,1,128,operator_aware,3.0,46.766815309371374,140.30044592811413,1,0,7.970827102661133,4.248873710632324,4.478271484375,0.22939777374267578,7.377750873565674,0.4288121461868286
DINOv2 ViT-S/14,0,29,0,1,128,operator_aware,10.0,46.766815309371374,467.6681530937137,1,0,7.709336280822754,4.248873710632324,4.44199275970459,0.19311904907226562,10.252192497253418,0.25933435559272766
DINOv2 ViT-S/14,0,29,0,1,128,operator_aware,30.0,46.766815309371374,1403.0044592811412,1,0,9.372915267944336,4.248873710632324,4.3634138107299805,0.11454010009765625,12.885520935058594,0.13851454854011536
DINOv2 ViT-S/14,0,29,0,1,128,operator_aware,100.0,46.766815309371374,4676.681530937138,1,0,11.712164878845215,4.248873710632324,4.300394058227539,0.051520347595214844,15.012146949768066,0.054980263113975525
DINOv2 ViT-S/14,0,29,0,1,42,group_mean,,20.51287920242816,,1,0,47.278682708740234,4.248873710632324,2.9075241088867188,-1.3413496017456055,43.040855407714844,0.0
DINOv2 ViT-S/14,0,29,0,1,128,group_mean,,46.766815309371374,,1,0,13.617474555969238,4.248873710632324,4.25535774230957,0.006484031677246094,16.540620803833008,0.0
DINOv2 ViT-S/14,1,68,1,1,42,operator_aware,0.01,15.802724601528013,0.15802724601528012,1,1,27.52014923095703,8.0026216506958,8.294614791870117,0.2919931411743164,0.8750104308128357,2.2454164028167725
DINOv2 ViT-S/14,1,68,1,1,42,operator_aware,0.1,15.802724601528013,1.5802724601528013,1,1,25.515052795410156,8.0026216506958,7.977359771728516,-0.025261878967285156,2.76789927482605,1.600828766822815
DINOv2 ViT-S/14,1,68,1,1,42,operator_aware,1.0,15.802724601528013,15.802724601528013,1,1,21.33138084411621,8.0026216506958,7.73219108581543,-0.2704305648803711,7.200576305389404,0.9542520642280579
DINOv2 ViT-S/14,1,68,1,1,42,operator_aware,3.0,15.802724601528013,47.40817380458404,1,1,16.25250244140625,8.0026216506958,8.144599914550781,0.14197826385498047,10.586685180664062,0.660209596157074
DINOv2 ViT-S/14,1,68,1,1,42,operator_aware,10.0,15.802724601528013,158.02724601528013,1,1,12.685149192810059,8.0026216506958,8.172552108764648,0.16993045806884766,14.810050010681152,0.39446350932121277
DINOv2 ViT-S/14,1,68,1,1,42,operator_aware,30.0,15.802724601528013,474.0817380458404,1,1,13.705137252807617,8.0026216506958,7.583172798156738,-0.4194488525390625,18.579551696777344,0.21511827409267426
DINOv2 ViT-S/14,1,68,1,1,42,operator_aware,100.0,15.802724601528013,1580.2724601528012,1,1,17.014467239379883,8.0026216506958,7.014601707458496,-0.9880199432373047,21.76386833190918,0.0918102040886879
DINOv2 ViT-S/14,1,68,1,1,128,operator_aware,0.01,24.271063123893978,0.2427106312389398,1,1,7.945339202880859,8.0026216506958,8.269485473632812,0.2668638229370117,0.31109750270843506,1.1701078414916992
DINOv2 ViT-S/14,1,68,1,1,128,operator_aware,0.1,24.271063123893978,2.427106312389398,1,1,7.559765815734863,8.0026216506958,8.269587516784668,0.2669658660888672,1.046518325805664,0.869418740272522
DINOv2 ViT-S/14,1,68,1,1,128,operator_aware,1.0,24.271063123893978,24.271063123893978,1,1,6.189016342163086,8.0026216506958,8.248202323913574,0.24558067321777344,2.867438554763794,0.5380504727363586
DINOv2 ViT-S/14,1,68,1,1,128,operator_aware,3.0,24.271063123893978,72.81318937168193,1,1,5.164039134979248,8.0026216506958,8.246553421020508,0.24393177032470703,4.361343860626221,0.37447601556777954
DINOv2 ViT-S/14,1,68,1,1,128,operator_aware,10.0,24.271063123893978,242.71063123893978,1,1,4.650726795196533,8.0026216506958,8.177196502685547,0.1745748519897461,6.259677410125732,0.2191588580608368
DINOv2 ViT-S/14,1,68,1,1,128,operator_aware,30.0,24.271063123893978,728.1318937168194,1,1,5.199216365814209,8.0026216506958,8.024979591369629,0.022357940673828125,7.857476234436035,0.11803651601076126
DINOv2 ViT-S/14,1,68,1,1,128,operator_aware,100.0,24.271063123893978,2427.1063123893978,1,1,6.356220722198486,8.0026216506958,7.825904846191406,-0.17671680450439453,9.163498878479004,0.05122474953532219
DINOv2 ViT-S/14,1,68,1,1,42,group_mean,,15.802724601528013,,1,1,21.020837783813477,8.0026216506958,6.469268798828125,-1.5333528518676758,24.537981033325195,0.0
DINOv2 ViT-S/14,1,68,1,1,128,group_mean,,24.271063123893978,,1,1,7.980445861816406,8.0026216506958,7.599609375,-0.4030122756958008,10.354640007019043,0.0
DINOv2 ViT-S/14,2,134,2,1,42,operator_aware,0.01,25.72129211305101,0.2572129211305101,1,2,36.9179801940918,1.260324478149414,1.086416244506836,-0.17390823364257812,1.105663537979126,2.519524335861206
DINOv2 ViT-S/14,2,134,2,1,42,operator_aware,0.1,25.72129211305101,2.5721292113051013,1,2,33.67411804199219,1.260324478149414,0.90704345703125,-0.35328102111816406,3.5261857509613037,1.807448148727417
DINOv2 ViT-S/14,2,134,2,1,42,operator_aware,1.0,25.72129211305101,25.72129211305101,1,2,29.120582580566406,1.260324478149414,0.4930992126464844,-0.7672252655029297,8.96489429473877,1.0696085691452026
DINOv2 ViT-S/14,2,134,2,1,42,operator_aware,3.0,25.72129211305101,77.16387633915303,1,2,24.414045333862305,1.260324478149414,0.7612237930297852,-0.4991006851196289,12.9811372756958,0.7568382024765015
DINOv2 ViT-S/14,2,134,2,1,42,operator_aware,10.0,25.72129211305101,257.2129211305101,1,2,18.450828552246094,1.260324478149414,1.2706127166748047,0.010288238525390625,18.375967025756836,0.4715331494808197
DINOv2 ViT-S/14,2,134,2,1,42,operator_aware,30.0,25.72129211305101,771.6387633915303,1,2,18.37051773071289,1.260324478149414,1.2418460845947266,-0.0184783935546875,23.765230178833008,0.26395106315612793
DINOv2 ViT-S/14,2,134,2,1,42,operator_aware,100.0,25.72129211305101,2572.129211305101,1,2,23.02877426147461,1.260324478149414,1.203486442565918,-0.056838035583496094,28.509859085083008,0.10993296653032303
DINOv2 ViT-S/14,2,134,2,1,128,operator_aware,0.01,39.29119675052869,0.3929119675052869,1,2,6.93422269821167,1.260324478149414,1.429250717163086,0.16892623901367188,0.42802080512046814,1.1435041427612305
DINOv2 ViT-S/14,2,134,2,1,128,operator_aware,0.1,39.29119675052869,3.929119675052869,1,2,6.593035697937012,1.260324478149414,1.4405994415283203,0.18027496337890625,1.3979793787002563,0.777684211730957
DINOv2 ViT-S/14,2,134,2,1,128,operator_aware,1.0,39.29119675052869,39.29119675052869,1,2,5.341053009033203,1.260324478149414,1.3805561065673828,0.12023162841796875,3.4010515213012695,0.4227154850959778
DINOv2 ViT-S/14,2,134,2,1,128,operator_aware,3.0,39.29119675052869,117.87359025158608,1,2,4.521398067474365,1.260324478149414,1.3311500549316406,0.07082557678222656,4.732205867767334,0.28417378664016724
DINOv2 ViT-S/14,2,134,2,1,128,operator_aware,10.0,39.29119675052869,392.9119675052869,1,2,4.15981388092041,1.260324478149414,1.2834892272949219,0.023164749145507812,6.343689918518066,0.1649179756641388
DINOv2 ViT-S/14,2,134,2,1,128,operator_aware,30.0,39.29119675052869,1178.7359025158607,1,2,4.970007419586182,1.260324478149414,1.2346363067626953,-0.02568817138671875,7.754408836364746,0.08658695220947266
DINOv2 ViT-S/14,2,134,2,1,128,operator_aware,100.0,39.29119675052869,3929.1196750528693,1,2,6.254838943481445,1.260324478149414,1.185220718383789,-0.075103759765625,8.873313903808594,0.03475270792841911
DINOv2 ViT-S/14,2,134,2,1,42,group_mean,,25.72129211305101,,1,2,27.61841583251953,1.260324478149414,1.1438169479370117,-0.11650753021240234,32.193389892578125,0.0
DINOv2 ViT-S/14,2,134,2,1,128,group_mean,,39.29119675052869,,1,2,7.427423000335693,1.260324478149414,1.1441211700439453,-0.11620330810546875,9.706510543823242,0.0
DINOv2 ViT-S/14,3,171,3,1,42,operator_aware,0.01,15.434173462843527,0.15434173462843526,1,3,32.100894927978516,3.873410224914551,3.974839210510254,0.10142898559570312,0.8599050045013428,2.252849578857422
DINOv2 ViT-S/14,3,171,3,1,42,operator_aware,0.1,15.434173462843527,1.5434173462843528,1,3,28.86750602722168,3.873410224914551,3.9427309036254883,0.0693206787109375,2.7754528522491455,1.5822819471359253
DINOv2 ViT-S/14,3,171,3,1,42,operator_aware,1.0,15.434173462843527,15.434173462843527,1,3,25.130762100219727,3.873410224914551,3.6253042221069336,-0.2481060028076172,6.812232971191406,0.9773794412612915
DINOv2 ViT-S/14,3,171,3,1,42,operator_aware,3.0,15.434173462843527,46.30252038853058,1,3,20.810218811035156,3.873410224914551,4.049173355102539,0.17576313018798828,10.049043655395508,0.7129232287406921
DINOv2 ViT-S/14,3,171,3,1,42,operator_aware,10.0,15.434173462843527,154.34173462843526,1,3,14.87270450592041,3.873410224914551,4.119687080383301,0.24627685546875,14.730759620666504,0.4471767842769623
DINOv2 ViT-S/14,3,171,3,1,42,operator_aware,30.0,15.434173462843527,463.0252038853058,1,3,13.548325538635254,3.873410224914551,3.457697868347168,-0.4157123565673828,19.42668342590332,0.24203935265541077
DINOv2 ViT-S/14,3,171,3,1,42,operator_aware,100.0,15.434173462843527,1543.4173462843526,1,3,16.810649871826172,3.873410224914551,2.8865184783935547,-0.9868917465209961,23.23198890686035,0.09704430401325226
DINOv2 ViT-S/14,3,171,3,1,128,operator_aware,0.01,24.92475859704945,0.2492475859704945,1,3,6.136607646942139,3.873410224914551,4.130427360534668,0.2570171356201172,0.35083380341529846,1.2136802673339844
DINOv2 ViT-S/14,3,171,3,1,128,operator_aware,0.1,24.92475859704945,2.4924758597049452,1,3,5.70317268371582,3.873410224914551,4.159664154052734,0.2862539291381836,1.1391624212265015,0.8143231272697449
DINOv2 ViT-S/14,3,171,3,1,128,operator_aware,1.0,24.92475859704945,24.92475859704945,1,3,4.6483378410339355,3.873410224914551,4.059999465942383,0.18658924102783203,2.687764883041382,0.46147167682647705
DINOv2 ViT-S/14,3,171,3,1,128,operator_aware,3.0,24.92475859704945,74.77427579114836,1,3,3.723581314086914,3.873410224914551,3.9627561569213867,0.08934593200683594,3.8024542331695557,0.3209693729877472
DINOv2 ViT-S/14,3,171,3,1,128,operator_aware,10.0,24.92475859704945,249.2475859704945,1,3,3.042699098587036,3.873410224914551,3.8161697387695312,-0.05724048614501953,5.267951488494873,0.18980439007282257
DINOv2 ViT-S/14,3,171,3,1,128,operator_aware,30.0,24.92475859704945,747.7427579114835,1,3,3.8160572052001953,3.873410224914551,3.676957130432129,-0.19645309448242188,6.589095115661621,0.09717224538326263
DINOv2 ViT-S/14,3,171,3,1,128,operator_aware,100.0,24.92475859704945,2492.475859704945,1,3,4.999936103820801,3.873410224914551,3.57595157623291,-0.2974586486816406,7.564478874206543,0.03718617558479309
DINOv2 ViT-S/14,3,171,3,1,42,group_mean,,15.434173462843527,,1,3,20.27153778076172,3.873410224914551,2.505152702331543,-1.3682575225830078,25.95824432373047,0.0
DINOv2 ViT-S/14,3,171,3,1,128,group_mean,,24.92475859704945,,1,3,5.906383991241455,3.873410224914551,3.5101842880249023,-0.36322593688964844,8.211302757263184,0.0
DINOv2 ViT-S/14,4,230,4,1,42,operator_aware,0.01,22.240162503673147,0.22240162503673147,1,4,45.6038703918457,5.169085502624512,2.3029003143310547,-2.866185188293457,1.207287073135376,2.620325803756714
DINOv2 ViT-S/14,4,230,4,1,42,operator_aware,0.1,22.240162503673147,2.2240162503673147,1,4,43.68794631958008,5.169085502624512,1.3233108520507812,-3.8457746505737305,3.984065532684326,1.8024166822433472
DINOv2 ViT-S/14,4,230,4,1,42,operator_aware,1.0,22.240162503673147,22.240162503673147,1,4,43.1285400390625,5.169085502624512,1.826218605041504,-3.342866897583008,9.926887512207031,1.0359735488891602
DINOv2 ViT-S/14,4,230,4,1,42,operator_aware,3.0,22.240162503673147,66.72048751101944,1,4,37.028629302978516,5.169085502624512,3.0947113037109375,-2.074374198913574,14.147623062133789,0.7213524580001831
DINOv2 ViT-S/14,4,230,4,1,42,operator_aware,10.0,22.240162503673147,222.40162503673147,1,4,27.103078842163086,5.169085502624512,4.760505676269531,-0.40857982635498047,19.630151748657227,0.4289710521697998
DINOv2 ViT-S/14,4,230,4,1,42,operator_aware,30.0,22.240162503673147,667.2048751101944,1,4,24.02379608154297,5.169085502624512,6.041529655456543,0.8724441528320312,24.760908126831055,0.22665569186210632
DINOv2 ViT-S/14,4,230,4,1,42,operator_aware,100.0,22.240162503673147,2224.0162503673146,1,4,26.35055160522461,5.169085502624512,6.573798179626465,1.4047126770019531,29.037982940673828,0.09214052557945251
DINOv2 ViT-S/14,4,230,4,1,128,operator_aware,0.01,37.42677092690307,0.3742677092690307,1,4,17.922807693481445,5.169085502624512,4.722878456115723,-0.44620704650878906,0.5944893956184387,1.6382286548614502
DINOv2 ViT-S/14,4,230,4,1,128,operator_aware,0.1,37.42677092690307,3.742677092690307,1,4,17.098827362060547,5.169085502624512,4.560546875,-0.6085386276245117,1.9896124601364136,1.1557590961456299
DINOv2 ViT-S/14,4,230,4,1,128,operator_aware,1.0,37.42677092690307,37.42677092690307,1,4,14.46651554107666,5.169085502624512,4.442140579223633,-0.7269449234008789,5.108291149139404,0.6667720675468445
DINOv2 ViT-S/14,4,230,4,1,128,operator_aware,3.0,37.42677092690307,112.28031278070921,1,4,12.28498649597168,5.169085502624512,4.472749710083008,-0.6963357925415039,7.353705406188965,0.4640982747077942
DINOv2 ViT-S/14,4,230,4,1,128,operator_aware,10.0,37.42677092690307,374.26770926903066,1,4,9.99787425994873,5.169085502624512,4.671694755554199,-0.4973907470703125,10.305821418762207,0.27934730052948
DINOv2 ViT-S/14,4,230,4,1,128,operator_aware,30.0,37.42677092690307,1122.803127807092,1,4,9.81583023071289,5.169085502624512,4.978437423706055,-0.19064807891845703,13.1710786819458,0.14975373446941376
DINOv2 ViT-S/14,4,230,4,1,128,operator_aware,100.0,37.42677092690307,3742.677092690307,1,4,11.453514099121094,5.169085502624512,5.262812614440918,0.09372711181640625,15.61959171295166,0.061435312032699585
DINOv2 ViT-S/14,4,230,4,1,42,group_mean,,22.240162503673147,,1,4,28.911001205444336,5.169085502624512,6.815374374389648,1.6462888717651367,32.44248962402344,0.0
DINOv2 ViT-S/14,4,230,4,1,128,group_mean,,37.42677092690307,,1,4,13.515423774719238,5.169085502624512,5.446979522705078,0.2778940200805664,17.582395553588867,0.0
DINOv2 ViT-S/14,5,259,5,1,42,operator_aware,0.01,10.836640086775972,0.10836640086775973,1,5,47.14453887939453,4.137763977050781,3.8398704528808594,-0.2978935241699219,0.8074882626533508,2.892824411392212
DINOv2 ViT-S/14,5,259,5,1,42,operator_aware,0.1,10.836640086775972,1.0836640086775973,1,5,45.31895446777344,4.137763977050781,4.4439592361450195,0.3061952590942383,2.7939059734344482,2.129415273666382
DINOv2 ViT-S/14,5,259,5,1,42,operator_aware,1.0,10.836640086775972,10.836640086775972,1,5,40.587196350097656,4.137763977050781,4.728841781616211,0.5910778045654297,7.566437721252441,1.2916539907455444
DINOv2 ViT-S/14,5,259,5,1,42,operator_aware,3.0,10.836640086775972,32.50992026032792,1,5,35.750579833984375,4.137763977050781,4.703540802001953,0.5657768249511719,11.246702194213867,0.9219643473625183
DINOv2 ViT-S/14,5,259,5,1,42,operator_aware,10.0,10.836640086775972,108.36640086775972,1,5,27.133642196655273,4.137763977050781,4.19117546081543,0.05341148376464844,16.2155818939209,0.5770638585090637
DINOv2 ViT-S/14,5,259,5,1,42,operator_aware,30.0,10.836640086775972,325.0992026032792,1,5,20.124704360961914,4.137763977050781,3.233242988586426,-0.9045209884643555,21.204910278320312,0.32005029916763306
DINOv2 ViT-S/14,5,259,5,1,42,operator_aware,100.0,10.836640086775972,1083.6640086775972,1,5,19.286495208740234,4.137763977050781,2.4661197662353516,-1.6716442108154297,25.59017562866211,0.13379141688346863
DINOv2 ViT-S/14,5,259,5,1,128,operator_aware,0.01,18.19543640544713,0.1819543640544713,1,5,8.609577178955078,4.137763977050781,4.541092872619629,0.40332889556884766,0.34024959802627563,1.4922618865966797
DINOv2 ViT-S/14,5,259,5,1,128,operator_aware,0.1,18.19543640544713,1.819543640544713,1,5,7.685469627380371,4.137763977050781,4.532951354980469,0.3951873779296875,1.210661768913269,1.0537974834442139
DINOv2 ViT-S/14,5,259,5,1,128,operator_aware,1.0,18.19543640544713,18.19543640544713,1,5,6.705746650695801,4.137763977050781,4.405625343322754,0.26786136627197266,3.0654733180999756,0.5937992334365845
DINOv2 ViT-S/14,5,259,5,1,128,operator_aware,3.0,18.19543640544713,54.58630921634139,1,5,6.050063610076904,4.137763977050781,4.260183334350586,0.12241935729980469,4.306933879852295,0.41332000494003296
DINOv2 ViT-S/14,5,259,5,1,128,operator_aware,10.0,18.19543640544713,181.95436405447128,1,5,4.898610591888428,4.137763977050781,4.037899971008301,-0.09986400604248047,5.875633239746094,0.2542121410369873
DINOv2 ViT-S/14,5,259,5,1,128,operator_aware,30.0,18.19543640544713,545.8630921634139,1,5,4.3814287185668945,4.137763977050781,3.8179397583007812,-0.31982421875,7.388967514038086,0.14164245128631592
DINOv2 ViT-S/14,5,259,5,1,128,operator_aware,100.0,18.19543640544713,1819.5436405447128,1,5,5.119176387786865,4.137763977050781,3.633340835571289,-0.5044231414794922,8.73420238494873,0.06181774660944939
DINOv2 ViT-S/14,5,259,5,1,42,group_mean,,10.836640086775972,,1,5,22.13698959350586,4.137763977050781,2.0592756271362305,-2.078488349914551,29.216154098510742,0.0
DINOv2 ViT-S/14,5,259,5,1,128,group_mean,,18.19543640544713,,1,5,6.626099586486816,4.137763977050781,3.4842376708984375,-0.6535263061523438,9.972383499145508,0.0
DINOv2 ViT-S/14,6,338,6,1,42,operator_aware,0.01,22.524488263461365,0.22524488263461365,0,5,46.321319580078125,0.10637283325195312,-0.7083826065063477,-0.8147554397583008,1.076670527458191,2.420792579650879
DINOv2 ViT-S/14,6,338,6,1,42,operator_aware,0.1,22.524488263461365,2.2524488263461366,0,5,45.492130279541016,0.10637283325195312,-0.9712677001953125,-1.0776405334472656,3.3057358264923096,1.7623649835586548
DINOv2 ViT-S/14,6,338,6,1,42,operator_aware,1.0,22.524488263461365,22.524488263461365,0,5,40.044639587402344,0.10637283325195312,-0.7077388763427734,-0.8141117095947266,8.24343204498291,1.099971055984497
DINOv2 ViT-S/14,6,338,6,1,42,operator_aware,3.0,22.524488263461365,67.5734647903841,0,5,36.91191101074219,0.10637283325195312,-0.8128166198730469,-0.919189453125,12.054621696472168,0.8054457306861877
DINOv2 ViT-S/14,6,338,6,1,42,operator_aware,10.0,22.524488263461365,225.24488263461365,0,5,29.577993392944336,0.10637283325195312,-0.7778377532958984,-0.8842105865478516,17.34958839416504,0.5328986644744873
DINOv2 ViT-S/14,6,338,6,1,42,operator_aware,30.0,22.524488263461365,675.7346479038409,0,5,21.73042106628418,0.10637283325195312,-0.4826984405517578,-0.5890712738037109,23.07527732849121,0.3335307240486145
DINOv2 ViT-S/14,6,338,6,1,42,operator_aware,100.0,22.524488263461365,2252.4488263461362,0,5,20.42774200439453,0.10637283325195312,-0.21197891235351562,-0.31835174560546875,29.341289520263672,0.17171834409236908
DINOv2 ViT-S/14,6,338,6,1,128,operator_aware,0.01,35.5061291949449,0.35506129194944896,0,5,10.015939712524414,0.10637283325195312,-0.0015773773193359375,-0.10795021057128906,0.4077836871147156,1.1948386430740356
DINOv2 ViT-S/14,6,338,6,1,128,operator_aware,0.1,35.5061291949449,3.55061291949449,0,5,9.775238037109375,0.10637283325195312,-0.05891609191894531,-0.16528892517089844,1.3724820613861084,0.8311504125595093
DINOv2 ViT-S/14,6,338,6,1,128,operator_aware,1.0,35.5061291949449,35.5061291949449,0,5,8.832791328430176,0.10637283325195312,-0.05953025817871094,-0.16590309143066406,3.321331739425659,0.47606125473976135
DINOv2 ViT-S/14,6,338,6,1,128,operator_aware,3.0,35.5061291949449,106.5183875848347,0,5,7.8333587646484375,0.10637283325195312,-0.03377342224121094,-0.14014625549316406,4.6637187004089355,0.33736610412597656
DINOv2 ViT-S/14,6,338,6,1,128,operator_aware,10.0,35.5061291949449,355.06129194944896,1,6,6.263955593109131,0.10637283325195312,0.011102676391601562,-0.09527015686035156,6.432573318481445,0.21485364437103271
DINOv2 ViT-S/14,6,338,6,1,128,operator_aware,30.0,35.5061291949449,1065.1838758483468,1,6,5.367275238037109,0.10637283325195312,0.055042266845703125,-0.05133056640625,8.205512046813965,0.13115467131137848
DINOv2 ViT-S/14,6,338,6,1,128,operator_aware,100.0,35.5061291949449,3550.6129194944897,1,6,6.04652214050293,0.10637283325195312,0.07359123229980469,-0.03278160095214844,10.065903663635254,0.06686320900917053
DINOv2 ViT-S/14,6,338,6,1,42,group_mean,,22.524488263461365,,0,5,26.14229965209961,0.10637283325195312,-0.12208938598632812,-0.22846221923828125,37.58706283569336,0.0
DINOv2 ViT-S/14,6,338,6,1,128,group_mean,,35.5061291949449,,1,6,8.727958679199219,0.10637283325195312,0.05235862731933594,-0.05401420593261719,12.559771537780762,0.0
DINOv2 ViT-S/14,7,386,7,1,42,operator_aware,0.01,10.102994780508892,0.10102994780508892,1,7,50.3407096862793,2.1581382751464844,3.2568435668945312,1.0987052917480469,0.7948745489120483,2.8381001949310303
DINOv2 ViT-S/14,7,386,7,1,42,operator_aware,0.1,10.102994780508892,1.0102994780508892,1,7,48.1730842590332,2.1581382751464844,2.961515426635742,0.8033771514892578,2.9357664585113525,2.084927558898926
DINOv2 ViT-S/14,7,386,7,1,42,operator_aware,1.0,10.102994780508892,10.102994780508892,1,7,38.88801574707031,2.1581382751464844,2.1628026962280273,0.004664421081542969,8.33568286895752,1.2649989128112793
DINOv2 ViT-S/14,7,386,7,1,42,operator_aware,3.0,10.102994780508892,30.308984341526674,1,7,32.16643524169922,2.1581382751464844,1.6212921142578125,-0.5368461608886719,12.621771812438965,0.9043634533882141
DINOv2 ViT-S/14,7,386,7,1,42,operator_aware,10.0,10.102994780508892,101.02994780508892,1,7,24.35716438293457,2.1581382751464844,1.5161561965942383,-0.6419820785522461,18.767261505126953,0.5492461919784546
DINOv2 ViT-S/14,7,386,7,1,42,operator_aware,30.0,10.102994780508892,303.0898434152668,1,7,21.78827476501465,2.1581382751464844,0.8682279586791992,-1.2899103164672852,24.672100067138672,0.28391432762145996
DINOv2 ViT-S/14,7,386,7,1,42,operator_aware,100.0,10.102994780508892,1010.2994780508892,1,7,22.93523597717285,2.1581382751464844,0.710444450378418,-1.4476938247680664,29.05078887939453,0.10872121900320053
DINOv2 ViT-S/14,7,386,7,1,128,operator_aware,0.01,22.014557323740828,0.22014557323740827,1,7,9.110753059387207,2.1581382751464844,2.4111671447753906,0.25302886962890625,0.34066489338874817,1.4381599426269531
DINOv2 ViT-S/14,7,386,7,1,128,operator_aware,0.1,22.014557323740828,2.201455732374083,1,7,8.600675582885742,2.1581382751464844,2.3825178146362305,0.2243795394897461,1.2851660251617432,1.0419707298278809
DINOv2 ViT-S/14,7,386,7,1,128,operator_aware,1.0,22.014557323740828,22.014557323740828,1,7,6.888467311859131,2.1581382751464844,2.3691930770874023,0.21105480194091797,3.4646809101104736,0.6017297506332397
DINOv2 ViT-S/14,7,386,7,1,128,operator_aware,3.0,22.014557323740828,66.04367197122248,1,7,5.461053371429443,2.1581382751464844,2.2972259521484375,0.13908767700195312,5.035613059997559,0.41816845536231995
DINOv2 ViT-S/14,7,386,7,1,128,operator_aware,10.0,22.014557323740828,220.14557323740829,1,7,4.410834312438965,2.1581382751464844,2.084291458129883,-0.07384681701660156,7.102012634277344,0.2440834939479828
DINOv2 ViT-S/14,7,386,7,1,128,operator_aware,30.0,22.014557323740828,660.4367197122249,1,7,5.035306453704834,2.1581382751464844,1.9288501739501953,-0.22928810119628906,8.892765998840332,0.12248244136571884
DINOv2 ViT-S/14,7,386,7,1,128,operator_aware,100.0,22.014557323740828,2201.455732374083,1,7,6.081213474273682,2.1581382751464844,1.8487014770507812,-0.3094367980957031,10.143939971923828,0.04663212597370148
DINOv2 ViT-S/14,7,386,7,1,42,group_mean,,10.102994780508892,,1,7,24.642597198486328,2.1581382751464844,0.5631418228149414,-1.594996452331543,31.911945343017578,0.0
DINOv2 ViT-S/14,7,386,7,1,128,group_mean,,22.014557323740828,,1,7,6.902852535247803,2.1581382751464844,1.8164939880371094,-0.341644287109375,10.964348793029785,0.0
