sample_id,condition,depth,seed,label,true_class_logit,strongest_incorrect_logit,true_class_margin,top1_prediction,correctness,margin_damage_vs_clean,flip_corr_to_incorr,flip_incorr_to_corr
0,CLEAN,6,,0,18.670948,10.816958,7.8539896,0,1,,,
1,CLEAN,6,,1,16.714476,12.879851,3.8346243,1,1,,,
2,CLEAN,6,,2,17.883307,13.449934,4.4333725,2,1,,,
3,CLEAN,6,,3,15.809515,12.28629,3.5232248,3,1,,,
4,CLEAN,6,,4,18.552427,17.953243,0.59918404,4,1,,,
5,CLEAN,6,,5,18.829586,12.392996,6.43659,5,1,,,
6,CLEAN,6,,6,16.304155,14.905952,1.3982029,6,1,,,
7,CLEAN,6,,7,19.372585,14.156077,5.216508,7,1,,,
8,CLEAN,6,,8,15.84059,13.615028,2.2255611,8,1,,,
9,CLEAN,6,,9,15.956058,8.826127,7.1299305,9,1,,,
10,CLEAN,6,,10,20.170624,12.390449,7.780175,10,1,,,
11,CLEAN,6,,11,18.948704,14.027997,4.9207067,11,1,,,
12,CLEAN,6,,12,14.635624,12.933333,1.7022905,12,1,,,
13,CLEAN,6,,13,16.383247,12.78728,3.5959673,13,1,,,
14,CLEAN,6,,14,22.196072,13.893003,8.303068,14,1,,,
15,CLEAN,6,,15,22.091042,14.162266,7.928776,15,1,,,
16,CLEAN,6,,16,18.706293,9.764514,8.941779,16,1,,,
17,CLEAN,6,,17,12.765662,10.310174,2.4554882,17,1,,,
18,CLEAN,6,,18,16.121723,11.800763,4.32096,18,1,,,
19,CLEAN,6,,19,21.589052,12.376042,9.21301,19,1,,,
20,CLEAN,6,,20,20.043554,12.601731,7.441823,20,1,,,
21,CLEAN,6,,21,12.169744,11.882216,0.28752708,21,1,,,
22,CLEAN,6,,22,16.339266,12.59485,3.7444162,22,1,,,
23,CLEAN,6,,23,16.00805,13.149596,2.8584547,23,1,,,
24,CLEAN,6,,24,21.72658,11.133022,10.593557,24,1,,,
25,CLEAN,6,,25,20.72863,17.284113,3.4445171,25,1,,,
26,CLEAN,6,,26,17.175125,20.881021,-3.7058964,28,0,,,
27,CLEAN,6,,27,14.32298,18.680326,-4.3573465,26,0,,,
28,CLEAN,6,,28,18.152534,14.471716,3.6808186,28,1,,,
29,CLEAN,6,,29,18.192852,14.028425,4.164427,29,1,,,
30,CLEAN,6,,30,19.540405,17.354559,2.1858463,30,1,,,
31,CLEAN,6,,31,16.535675,13.815094,2.720581,31,1,,,
32,CLEAN,6,,32,12.1068325,13.2974615,-1.190629,25,0,,,
33,CLEAN,6,,33,13.666436,11.11116,2.555276,33,1,,,
34,CLEAN,6,,34,8.881589,13.346658,-4.465069,980,0,,,
35,CLEAN,6,,35,19.11867,17.30683,1.81184,35,1,,,
36,CLEAN,6,,36,17.347864,18.039843,-0.69197845,35,0,,,
37,CLEAN,6,,37,17.11997,12.784391,4.335579,37,1,,,
38,CLEAN,6,,38,11.395747,13.057712,-1.6619644,28,0,,,
39,CLEAN,6,,39,19.18619,12.895668,6.2905216,39,1,,,
40,CLEAN,6,,40,19.47861,17.489815,1.9887943,40,1,,,
41,CLEAN,6,,41,18.188326,14.694456,3.4938698,41,1,,,
42,CLEAN,6,,42,19.859615,15.278271,4.5813446,42,1,,,
43,CLEAN,6,,43,19.61568,12.034102,7.5815783,43,1,,,
44,CLEAN,6,,44,21.022415,14.564096,6.4583187,44,1,,,
45,CLEAN,6,,45,11.428584,10.926397,0.5021868,45,1,,,
46,CLEAN,6,,46,14.105381,15.727606,-1.6222248,47,0,,,
47,CLEAN,6,,47,20.667404,14.317884,6.3495197,47,1,,,
48,CLEAN,6,,48,20.483662,13.951455,6.5322065,48,1,,,
49,CLEAN,6,,49,13.804295,12.389718,1.4145765,49,1,,,
50,CLEAN,6,,50,13.792048,11.985327,1.8067217,50,1,,,
51,CLEAN,6,,51,10.867883,8.215402,2.652481,51,1,,,
52,CLEAN,6,,52,17.800144,15.097538,2.7026062,52,1,,,
53,CLEAN,6,,53,21.343,17.448141,3.8948593,53,1,,,
54,CLEAN,6,,54,13.746077,17.696678,-3.9506016,66,0,,,
55,CLEAN,6,,55,15.194011,16.499039,-1.305028,64,0,,,
56,CLEAN,6,,56,15.906325,13.194632,2.7116938,56,1,,,
57,CLEAN,6,,57,15.403654,15.2686,0.13505363,57,1,,,
58,CLEAN,6,,58,17.952362,16.95734,0.9950218,58,1,,,
59,CLEAN,6,,59,20.510479,17.417522,3.0929565,59,1,,,
60,CLEAN,6,,60,17.168789,14.947054,2.221735,60,1,,,
61,CLEAN,6,,61,18.138409,13.284909,4.8534994,61,1,,,
62,CLEAN,6,,62,12.527878,12.644666,-0.11678791,60,0,,,
63,CLEAN,6,,63,22.946676,16.436361,6.510315,63,1,,,
64,CLEAN,6,,64,15.157221,13.135528,2.0216932,64,1,,,
65,CLEAN,6,,65,18.837643,14.178021,4.6596212,65,1,,,
66,CLEAN,6,,66,19.376692,17.411613,1.9650784,66,1,,,
67,CLEAN,6,,67,17.403456,17.211601,0.19185448,67,1,,,
68,CLEAN,6,,68,15.299856,16.563017,-1.2631607,66,0,,,
69,CLEAN,6,,69,19.605856,15.634796,3.9710598,69,1,,,
70,CLEAN,6,,70,20.899227,12.402612,8.496615,70,1,,,
71,CLEAN,6,,71,22.353786,13.159806,9.19398,71,1,,,
72,CLEAN,6,,72,20.214855,18.910378,1.3044777,72,1,,,
73,CLEAN,6,,73,20.263575,15.142806,5.1207685,73,1,,,
74,CLEAN,6,,74,13.94539,15.777138,-1.831748,73,0,,,
75,CLEAN,6,,75,19.373055,15.314832,4.058223,75,1,,,
76,CLEAN,6,,76,19.347372,14.727582,4.61979,76,1,,,
77,CLEAN,6,,77,16.598684,16.836317,-0.23763275,73,0,,,
78,CLEAN,6,,78,20.12754,13.938577,6.188964,78,1,,,
79,CLEAN,6,,79,18.588146,15.17879,3.409356,79,1,,,
80,CLEAN,6,,80,23.090967,13.693338,9.397629,80,1,,,
81,CLEAN,6,,81,20.183697,9.877476,10.306221,81,1,,,
82,CLEAN,6,,82,18.828115,15.414903,3.4132128,82,1,,,
83,CLEAN,6,,83,20.885902,13.608042,7.2778606,83,1,,,
84,CLEAN,6,,84,13.115549,9.897056,3.2184935,84,1,,,
85,CLEAN,6,,85,18.695505,13.512814,5.1826916,85,1,,,
86,CLEAN,6,,86,18.58221,16.602463,1.9797478,86,1,,,
87,CLEAN,6,,87,12.628042,7.1017914,5.526251,87,1,,,
88,CLEAN,6,,88,16.72808,9.871305,6.8567753,88,1,,,
89,CLEAN,6,,89,15.806545,8.804598,7.0019474,89,1,,,
90,CLEAN,6,,90,18.755293,10.494116,8.261177,90,1,,,
91,CLEAN,6,,91,24.455904,15.209697,9.246207,91,1,,,
92,CLEAN,6,,92,20.956068,12.621855,8.334213,92,1,,,
93,CLEAN,6,,93,12.716587,8.217551,4.499036,93,1,,,
94,CLEAN,6,,94,19.224289,16.86222,2.3620682,94,1,,,
95,CLEAN,6,,95,23.917034,15.951209,7.965825,95,1,,,
96,CLEAN,6,,96,21.707525,16.984701,4.722824,96,1,,,
97,CLEAN,6,,97,13.222513,11.633083,1.5894299,97,1,,,
98,CLEAN,6,,98,23.201157,9.746838,13.454319,98,1,,,
99,CLEAN,6,,99,14.311716,12.884492,1.4272242,99,1,,,
100,CLEAN,6,,100,21.630577,15.24928,6.381297,100,1,,,
101,CLEAN,6,,101,19.488997,19.463036,0.025960922,101,1,,,
102,CLEAN,6,,102,20.804314,14.102434,6.7018795,102,1,,,
103,CLEAN,6,,103,16.653625,9.4154825,7.238143,103,1,,,
104,CLEAN,6,,104,15.543649,12.302772,3.2408772,104,1,,,
105,CLEAN,6,,105,22.094112,14.892092,7.2020206,105,1,,,
106,CLEAN,6,,106,21.505735,15.331477,6.174258,106,1,,,
107,CLEAN,6,,107,21.011976,12.149991,8.861985,107,1,,,
108,CLEAN,6,,108,16.662697,16.781088,-0.11839104,393,0,,,
109,CLEAN,6,,109,12.908385,10.060153,2.8482323,109,1,,,
110,CLEAN,6,,110,25.183535,20.5138,4.669735,110,1,,,
111,CLEAN,6,,111,15.104846,9.379983,5.724863,111,1,,,
112,CLEAN,6,,112,13.605777,12.405621,1.2001562,112,1,,,
113,CLEAN,6,,113,21.778105,14.968447,6.809658,113,1,,,
114,CLEAN,6,,114,9.887046,14.649241,-4.7621956,110,0,,,
115,CLEAN,6,,115,19.942806,17.155228,2.7875786,115,1,,,
116,CLEAN,6,,116,20.694927,11.76402,8.930907,116,1,,,
117,CLEAN,6,,117,19.659224,9.93499,9.724234,117,1,,,
118,CLEAN,6,,118,18.794855,17.09478,1.7000751,118,1,,,
119,CLEAN,6,,119,17.61255,14.22982,3.3827305,119,1,,,
120,CLEAN,6,,120,16.485239,14.298442,2.1867971,120,1,,,
121,CLEAN,6,,121,17.170923,13.686426,3.484497,121,1,,,
122,CLEAN,6,,122,19.589201,14.338472,5.2507286,122,1,,,
123,CLEAN,6,,123,14.170675,13.606814,0.5638609,123,1,,,
124,CLEAN,6,,124,15.777164,14.032277,1.7448874,124,1,,,
125,CLEAN,6,,125,19.603561,14.613842,4.9897194,125,1,,,
126,CLEAN,6,,126,9.292057,11.468988,-2.1769314,302,0,,,
127,CLEAN,6,,127,21.134909,19.709038,1.4258709,127,1,,,
128,CLEAN,6,,128,18.489288,15.346009,3.143279,128,1,,,
129,CLEAN,6,,129,20.755787,14.197538,6.5582485,129,1,,,
130,CLEAN,6,,130,17.354736,10.090913,7.2638235,130,1,,,
131,CLEAN,6,,131,17.679453,15.716753,1.9626999,131,1,,,
132,CLEAN,6,,132,16.533737,13.289947,3.2437906,132,1,,,
133,CLEAN,6,,133,19.85451,11.939621,7.9148884,133,1,,,
134,CLEAN,6,,134,14.57263,11.662803,2.9098272,134,1,,,
135,CLEAN,6,,135,21.78091,12.345364,9.435547,135,1,,,
136,CLEAN,6,,136,20.08024,13.662411,6.4178295,136,1,,,
137,CLEAN,6,,137,16.832361,11.587247,5.2451143,137,1,,,
138,CLEAN,6,,138,14.344866,16.169756,-1.8248901,80,0,,,
139,CLEAN,6,,139,18.613134,13.271117,5.342017,139,1,,,
140,CLEAN,6,,140,21.88765,14.197748,7.6899014,140,1,,,
141,CLEAN,6,,141,21.995293,15.622899,6.3723936,141,1,,,
142,CLEAN,6,,142,23.47835,16.716469,6.761881,142,1,,,
143,CLEAN,6,,143,22.502123,11.381662,11.1204605,143,1,,,
144,CLEAN,6,,144,9.858641,9.063247,0.79539394,144,1,,,
145,CLEAN,6,,145,13.130485,9.735557,3.394928,145,1,,,
146,CLEAN,6,,146,19.298075,9.828585,9.46949,146,1,,,
147,CLEAN,6,,147,22.5062,15.000843,7.5053577,147,1,,,
148,CLEAN,6,,148,17.442238,9.372131,8.0701065,148,1,,,
149,CLEAN,6,,149,15.592539,13.496253,2.0962858,149,1,,,
150,CLEAN,6,,150,18.72324,13.340793,5.3824472,150,1,,,
151,CLEAN,6,,151,8.259274,10.729352,-2.4700785,162,0,,,
152,CLEAN,6,,152,22.168955,17.67225,4.496704,152,1,,,
153,CLEAN,6,,153,15.271455,13.077848,2.1936064,153,1,,,
154,CLEAN,6,,154,17.886854,14.085528,3.8013258,154,1,,,
155,CLEAN,6,,155,16.114113,15.067653,1.0464602,155,1,,,
156,CLEAN,6,,156,15.810253,11.4445715,4.3656816,156,1,,,
157,CLEAN,6,,157,14.025342,10.945326,3.0800161,157,1,,,
158,CLEAN,6,,158,16.460041,17.241919,-0.7818775,237,0,,,
159,CLEAN,6,,159,16.411707,13.139306,3.2724009,159,1,,,
160,CLEAN,6,,160,20.026682,13.091047,6.9356346,160,1,,,
161,CLEAN,6,,161,20.013853,15.504444,4.509409,161,1,,,
162,CLEAN,6,,162,17.520962,13.092267,4.4286947,162,1,,,
163,CLEAN,6,,163,16.314726,16.33563,-0.020904541,165,0,,,
164,CLEAN,6,,164,16.78023,15.722717,1.0575123,164,1,,,
165,CLEAN,6,,165,17.627737,12.188084,5.4396534,165,1,,,
166,CLEAN,6,,166,13.677025,11.522506,2.154519,166,1,,,
167,CLEAN,6,,167,17.211098,19.253414,-2.0423164,164,0,,,
168,CLEAN,6,,168,18.386776,16.940943,1.4458332,168,1,,,
169,CLEAN,6,,169,21.699793,14.820607,6.8791857,169,1,,,
170,CLEAN,6,,170,18.303205,14.8817005,3.421505,170,1,,,
171,CLEAN,6,,171,18.447002,15.940687,2.5063152,171,1,,,
172,CLEAN,6,,172,22.755138,17.709324,5.0458145,172,1,,,
173,CLEAN,6,,173,17.896925,11.306724,6.5902014,173,1,,,
174,CLEAN,6,,174,17.470251,15.015562,2.454689,174,1,,,
175,CLEAN,6,,175,15.581335,13.155497,2.4258385,175,1,,,
176,CLEAN,6,,176,16.588234,19.408108,-2.8198738,172,0,,,
177,CLEAN,6,,177,19.89944,17.682817,2.2166233,177,1,,,
178,CLEAN,6,,178,19.280378,14.477898,4.8024807,178,1,,,
179,CLEAN,6,,179,14.519191,15.398202,-0.87901115,180,0,,,
180,CLEAN,6,,180,14.306318,13.798556,0.50776196,180,1,,,
181,CLEAN,6,,181,16.968946,13.407527,3.5614195,181,1,,,
182,CLEAN,6,,182,14.009622,15.629893,-1.6202717,262,0,,,
183,CLEAN,6,,183,18.640142,14.588302,4.051841,183,1,,,
184,CLEAN,6,,184,17.370203,12.688639,4.6815643,184,1,,,
185,CLEAN,6,,185,19.139736,15.254715,3.8850212,185,1,,,
186,CLEAN,6,,186,17.463102,17.30402,0.15908241,186,1,,,
187,CLEAN,6,,187,14.4213295,14.533815,-0.112485886,192,0,,,
188,CLEAN,6,,188,19.698513,12.980848,6.7176647,188,1,,,
189,CLEAN,6,,189,19.46872,15.878813,3.5899067,189,1,,,
190,CLEAN,6,,190,17.712091,15.483714,2.2283773,190,1,,,
191,CLEAN,6,,191,16.745405,15.796712,0.9486933,191,1,,,
192,CLEAN,6,,192,9.874123,9.726848,0.14727497,192,1,,,
193,CLEAN,6,,193,16.67266,14.874983,1.797678,193,1,,,
194,CLEAN,6,,194,21.65182,13.59547,8.056349,194,1,,,
195,CLEAN,6,,195,15.010047,13.187996,1.822051,195,1,,,
196,CLEAN,6,,196,13.108452,19.399544,-6.291092,198,0,,,
197,CLEAN,6,,197,14.739904,12.717244,2.0226603,197,1,,,
198,CLEAN,6,,198,19.351336,15.850864,3.500471,198,1,,,
199,CLEAN,6,,199,15.758687,13.421676,2.3370113,199,1,,,
200,CLEAN,6,,200,15.663476,12.88484,2.778636,200,1,,,
201,CLEAN,6,,201,18.382982,17.428064,0.9549179,201,1,,,
202,CLEAN,6,,202,15.08925,14.238242,0.85100746,202,1,,,
203,CLEAN,6,,203,9.917943,8.652939,1.2650042,203,1,,,
204,CLEAN,6,,204,13.690697,14.246945,-0.55624866,187,0,,,
205,CLEAN,6,,205,16.499552,12.635988,3.8635635,205,1,,,
206,CLEAN,6,,206,17.644026,14.77583,2.8681955,206,1,,,
207,CLEAN,6,,207,13.722583,11.287243,2.43534,207,1,,,
208,CLEAN,6,,208,9.203332,12.296131,-3.0927992,225,0,,,
209,CLEAN,6,,209,12.995658,12.621649,0.37400913,209,1,,,
210,CLEAN,6,,210,16.752493,11.863239,4.8892536,210,1,,,
211,CLEAN,6,,211,19.27628,15.939176,3.3371038,211,1,,,
212,CLEAN,6,,212,16.409384,13.616801,2.7925825,212,1,,,
213,CLEAN,6,,213,11.356669,17.37157,-6.014901,218,0,,,
214,CLEAN,6,,214,19.655869,12.401289,7.2545795,214,1,,,
215,CLEAN,6,,215,19.554081,13.959833,5.594248,215,1,,,
216,CLEAN,6,,216,18.219326,14.876085,3.3432407,216,1,,,
217,CLEAN,6,,217,17.315899,13.934462,3.3814373,217,1,,,
218,CLEAN,6,,218,20.986937,16.783535,4.2034016,218,1,,,
219,CLEAN,6,,219,14.715263,13.439267,1.2759962,219,1,,,
220,CLEAN,6,,220,20.332754,14.349485,5.9832687,220,1,,,
221,CLEAN,6,,221,16.453358,14.69974,1.7536173,221,1,,,
222,CLEAN,6,,222,15.58816,14.645153,0.9430065,222,1,,,
223,CLEAN,6,,223,19.01817,11.6831,7.3350697,223,1,,,
224,CLEAN,6,,224,17.40543,10.411597,6.9938326,224,1,,,
225,CLEAN,6,,225,14.939945,10.661851,4.2780943,225,1,,,
226,CLEAN,6,,226,5.9032946,15.461988,-9.558694,213,0,,,
227,CLEAN,6,,227,14.10576,10.841096,3.2646637,227,1,,,
228,CLEAN,6,,228,19.013048,11.973497,7.039551,228,1,,,
229,CLEAN,6,,229,19.45011,15.170259,4.27985,229,1,,,
230,CLEAN,6,,230,7.0744815,9.54562,-2.4711385,273,0,,,
231,CLEAN,6,,231,16.119375,18.460514,-2.3411388,230,0,,,
232,CLEAN,6,,232,15.175016,13.983986,1.1910305,232,1,,,
233,CLEAN,6,,233,20.01858,12.519667,7.498913,233,1,,,
234,CLEAN,6,,234,16.611454,12.08896,4.5224943,234,1,,,
235,CLEAN,6,,235,15.113264,16.24755,-1.134285,225,0,,,
236,CLEAN,6,,236,16.833265,13.541183,3.2920818,236,1,,,
237,CLEAN,6,,237,15.121182,13.778696,1.3424864,237,1,,,
238,CLEAN,6,,238,15.114014,17.062836,-1.948822,240,0,,,
239,CLEAN,6,,239,14.783311,15.709243,-0.92593193,238,0,,,
240,CLEAN,6,,240,17.530252,18.169817,-0.6395645,238,0,,,
241,CLEAN,6,,241,12.803144,11.916997,0.8861475,241,1,,,
242,CLEAN,6,,242,18.738977,14.468923,4.270055,242,1,,,
243,CLEAN,6,,243,17.583998,15.092789,2.491209,243,1,,,
244,CLEAN,6,,244,21.798414,12.444609,9.353806,244,1,,,
245,CLEAN,6,,245,18.243023,15.300844,2.9421787,245,1,,,
246,CLEAN,6,,246,13.93075,14.186873,-0.25612354,251,0,,,
247,CLEAN,6,,247,20.192406,13.944039,6.2483664,247,1,,,
248,CLEAN,6,,248,16.735428,15.242412,1.4930162,248,1,,,
249,CLEAN,6,,249,19.302992,13.9052925,5.3976994,249,1,,,
250,CLEAN,6,,250,18.06618,17.722,0.34417915,250,1,,,
251,CLEAN,6,,251,16.564945,12.79579,3.7691555,251,1,,,
252,CLEAN,6,,252,19.379417,16.696045,2.6833725,252,1,,,
253,CLEAN,6,,253,19.668943,12.84174,6.8272038,253,1,,,
254,CLEAN,6,,254,18.428505,11.204315,7.2241898,254,1,,,
255,CLEAN,6,,255,16.282707,11.74771,4.534997,255,1,,,
256,CLEAN,6,,256,15.720185,14.716374,1.0038109,256,1,,,
257,CLEAN,6,,257,15.375844,12.30084,3.0750036,257,1,,,
258,CLEAN,6,,258,17.896723,13.162768,4.7339544,258,1,,,
259,CLEAN,6,,259,17.096504,12.999761,4.0967436,259,1,,,
260,CLEAN,6,,260,15.536804,12.134973,3.4018316,260,1,,,
261,CLEAN,6,,261,15.319604,11.00734,4.3122635,261,1,,,
262,CLEAN,6,,262,19.30936,12.725447,6.583914,262,1,,,
263,CLEAN,6,,263,16.75392,17.055351,-0.30143166,264,0,,,
264,CLEAN,6,,264,15.370268,12.465285,2.9049826,264,1,,,
265,CLEAN,6,,265,-0.41861543,8.07437,-8.492986,678,0,,,
266,CLEAN,6,,266,16.146154,15.250588,0.895566,266,1,,,
267,CLEAN,6,,267,16.630331,12.422056,4.208275,267,1,,,
268,CLEAN,6,,268,15.089412,12.177696,2.9117155,268,1,,,
269,CLEAN,6,,269,20.74999,17.581182,3.168808,269,1,,,
270,CLEAN,6,,270,21.213907,17.495678,3.7182293,270,1,,,
271,CLEAN,6,,271,14.363666,19.472767,-5.1091013,274,0,,,
272,CLEAN,6,,272,14.428919,13.974468,0.4544506,272,1,,,
273,CLEAN,6,,273,16.298584,16.13243,0.16615486,273,1,,,
274,CLEAN,6,,274,21.45953,15.27888,6.1806498,274,1,,,
275,CLEAN,6,,275,16.582947,11.134466,5.4484806,275,1,,,
276,CLEAN,6,,276,21.351534,16.12168,5.2298546,276,1,,,
277,CLEAN,6,,277,17.177887,19.32554,-2.1476536,278,0,,,
278,CLEAN,6,,278,16.258413,16.993008,-0.73459435,279,0,,,
279,CLEAN,6,,279,21.99951,14.465948,7.5335617,279,1,,,
280,CLEAN,6,,280,21.30993,15.99653,5.313401,280,1,,,
281,CLEAN,6,,281,12.038497,10.830011,1.2084856,281,1,,,
282,CLEAN,6,,282,11.607362,12.839557,-1.2321949,281,0,,,
283,CLEAN,6,,283,19.7363,11.840748,7.8955517,283,1,,,
284,CLEAN,6,,284,15.477161,9.19186,6.285301,284,1,,,
285,CLEAN,6,,285,13.40205,13.156008,0.24604225,285,1,,,
286,CLEAN,6,,286,20.589968,11.9906845,8.599283,286,1,,,
287,CLEAN,6,,287,21.582497,11.952553,9.629944,287,1,,,
288,CLEAN,6,,288,21.66521,19.553938,2.1112728,288,1,,,
289,CLEAN,6,,289,17.609213,14.360108,3.2491045,289,1,,,
290,CLEAN,6,,290,19.903679,18.337076,1.5666027,290,1,,,
291,CLEAN,6,,291,14.017092,12.760207,1.2568846,291,1,,,
292,CLEAN,6,,292,18.598686,16.392595,2.206091,292,1,,,
293,CLEAN,6,,293,23.59885,15.847967,7.750883,293,1,,,
294,CLEAN,6,,294,20.965296,15.249428,5.715868,294,1,,,
295,CLEAN,6,,295,17.087553,17.077625,0.00992775,295,1,,,
296,CLEAN,6,,296,19.53511,13.166368,6.368743,296,1,,,
297,CLEAN,6,,297,24.21641,15.055032,9.161378,297,1,,,
298,CLEAN,6,,298,15.387888,12.422456,2.9654322,298,1,,,
299,CLEAN,6,,299,19.16386,15.298025,3.8658352,299,1,,,
300,CLEAN,6,,300,22.083796,15.915166,6.1686296,300,1,,,
301,CLEAN,6,,301,17.80772,12.71346,5.09426,301,1,,,
302,CLEAN,6,,302,13.836825,15.605739,-1.7689133,306,0,,,
303,CLEAN,6,,303,15.869739,13.182525,2.687214,303,1,,,
304,CLEAN,6,,304,18.057423,13.501991,4.5554314,304,1,,,
305,CLEAN,6,,305,17.813097,12.387218,5.4258785,305,1,,,
306,CLEAN,6,,306,17.292109,9.1873255,8.104783,306,1,,,
307,CLEAN,6,,307,22.133854,13.60641,8.527444,307,1,,,
308,CLEAN,6,,308,15.371988,14.428694,0.9432945,308,1,,,
309,CLEAN,6,,309,14.577611,10.794043,3.7835684,309,1,,,
310,CLEAN,6,,310,12.331853,11.780064,0.5517893,310,1,,,
311,CLEAN,6,,311,22.300573,19.91187,2.3887043,311,1,,,
312,CLEAN,6,,312,9.9433365,9.566282,0.3770542,312,1,,,
313,CLEAN,6,,313,18.16215,13.118448,5.043701,313,1,,,
314,CLEAN,6,,314,15.401581,11.801872,3.5997086,314,1,,,
315,CLEAN,6,,315,19.059399,15.524117,3.5352812,315,1,,,
316,CLEAN,6,,316,19.021658,12.073811,6.9478474,316,1,,,
317,CLEAN,6,,317,11.9309635,21.474052,-9.543089,318,0,,,
318,CLEAN,6,,318,22.818237,11.550722,11.267515,318,1,,,
319,CLEAN,6,,319,18.837185,16.20018,2.6370049,319,1,,,
320,CLEAN,6,,320,20.482382,18.326792,2.15559,320,1,,,
321,CLEAN,6,,321,17.89103,10.90811,6.9829197,321,1,,,
322,CLEAN,6,,322,18.809116,13.259875,5.549241,322,1,,,
323,CLEAN,6,,323,20.034264,14.192659,5.841604,323,1,,,
324,CLEAN,6,,324,18.768167,12.678225,6.089943,324,1,,,
325,CLEAN,6,,325,23.525768,16.002611,7.523157,325,1,,,
326,CLEAN,6,,326,20.921667,17.477922,3.4437447,326,1,,,
327,CLEAN,6,,327,18.11433,10.819796,7.2945347,327,1,,,
328,CLEAN,6,,328,16.44011,11.48093,4.959179,328,1,,,
329,CLEAN,6,,329,15.99998,9.475173,6.524807,329,1,,,
330,CLEAN,6,,330,20.349855,18.148722,2.2011337,330,1,,,
331,CLEAN,6,,331,22.03704,17.2148,4.822241,331,1,,,
332,CLEAN,6,,332,18.588568,12.672156,5.9164114,332,1,,,
333,CLEAN,6,,333,15.888483,11.065064,4.8234186,333,1,,,
334,CLEAN,6,,334,16.399517,21.31125,-4.9117336,102,0,,,
335,CLEAN,6,,335,16.543673,11.95778,4.5858927,335,1,,,
336,CLEAN,6,,336,12.756707,12.131016,0.6256914,336,1,,,
337,CLEAN,6,,337,13.482211,18.820467,-5.338256,334,0,,,
338,CLEAN,6,,338,9.474964,10.572549,-1.0975847,268,0,,,
339,CLEAN,6,,339,15.406023,9.558061,5.8479624,339,1,,,
340,CLEAN,6,,340,18.290459,10.261355,8.029103,340,1,,,
341,CLEAN,6,,341,9.37783,12.958946,-3.5811167,201,0,,,
342,CLEAN,6,,342,19.068459,17.852293,1.2161655,342,1,,,
343,CLEAN,6,,343,18.351875,16.135303,2.2165718,343,1,,,
344,CLEAN,6,,344,15.717839,9.013965,6.7038746,344,1,,,
345,CLEAN,6,,345,18.916718,21.409014,-2.4922962,690,0,,,
346,CLEAN,6,,346,19.366426,14.009531,5.3568954,346,1,,,
347,CLEAN,6,,347,18.628399,17.029533,1.5988655,347,1,,,
348,CLEAN,6,,348,11.22029,13.25378,-2.0334902,825,0,,,
349,CLEAN,6,,349,21.178627,19.741976,1.4366512,349,1,,,
350,CLEAN,6,,350,19.148632,15.206402,3.9422302,350,1,,,
351,CLEAN,6,,351,20.550957,15.273133,5.2778234,351,1,,,
352,CLEAN,6,,352,22.640728,19.919031,2.7216969,352,1,,,
353,CLEAN,6,,353,15.31308,14.850917,0.46216297,353,1,,,
354,CLEAN,6,,354,20.985403,12.042665,8.942739,354,1,,,
355,CLEAN,6,,355,20.359047,13.708726,6.650321,355,1,,,
356,CLEAN,6,,356,17.485308,15.954006,1.5313015,356,1,,,
357,CLEAN,6,,357,8.059826,9.104365,-1.0445395,975,0,,,
358,CLEAN,6,,358,13.075044,17.84451,-4.7694654,356,0,,,
359,CLEAN,6,,359,13.259699,13.848441,-0.58874226,358,0,,,
360,CLEAN,6,,360,13.441535,11.749541,1.6919937,360,1,,,
361,CLEAN,6,,361,10.691971,8.59447,2.0975008,361,1,,,
362,CLEAN,6,,362,19.789446,16.219353,3.5700932,362,1,,,
363,CLEAN,6,,363,21.77127,10.802161,10.96911,363,1,,,
364,CLEAN,6,,364,23.525429,11.971276,11.5541525,364,1,,,
365,CLEAN,6,,365,17.364155,13.6667185,3.6974363,365,1,,,
366,CLEAN,6,,366,21.84233,17.050116,4.7922153,366,1,,,
367,CLEAN,6,,367,15.198678,14.56279,0.6358881,367,1,,,
368,CLEAN,6,,368,24.270643,19.545181,4.725462,368,1,,,
369,CLEAN,6,,369,20.671713,17.020544,3.6511688,369,1,,,
370,CLEAN,6,,370,19.114069,16.208826,2.905243,370,1,,,
371,CLEAN,6,,371,16.506392,21.35118,-4.8447876,370,0,,,
372,CLEAN,6,,372,17.457022,17.063751,0.3932705,372,1,,,
373,CLEAN,6,,373,20.252882,17.369198,2.8836842,373,1,,,
374,CLEAN,6,,374,19.561558,16.360115,3.2014427,374,1,,,
375,CLEAN,6,,375,21.474371,16.44508,5.029291,375,1,,,
376,CLEAN,6,,376,21.882586,16.951963,4.930622,376,1,,,
377,CLEAN,6,,377,15.949097,14.623498,1.3255987,377,1,,,
378,CLEAN,6,,378,21.234098,17.966537,3.267561,378,1,,,
379,CLEAN,6,,379,22.261349,20.14609,2.1152592,379,1,,,
380,CLEAN,6,,380,19.956993,16.635386,3.3216076,380,1,,,
381,CLEAN,6,,381,20.922625,20.063707,0.85891724,381,1,,,
382,CLEAN,6,,382,15.104252,15.669831,-0.5655794,380,0,,,
383,CLEAN,6,,383,18.485023,16.37048,2.114544,383,1,,,
384,CLEAN,6,,384,22.673794,16.243896,6.4298973,384,1,,,
385,CLEAN,6,,385,17.966722,17.072958,0.8937645,385,1,,,
386,CLEAN,6,,386,21.033401,21.332233,-0.29883194,101,0,,,
387,CLEAN,6,,387,23.60147,13.356044,10.245427,387,1,,,
388,CLEAN,6,,388,18.401146,14.651203,3.7499428,388,1,,,
389,CLEAN,6,,389,17.186043,15.231111,1.9549322,389,1,,,
390,CLEAN,6,,390,22.179028,11.866117,10.312911,390,1,,,
391,CLEAN,6,,391,16.708372,13.78542,2.9229517,391,1,,,
392,CLEAN,6,,392,22.121937,12.450144,9.671793,392,1,,,
393,CLEAN,6,,393,17.5524,14.688377,2.8640232,393,1,,,
394,CLEAN,6,,394,15.94503,13.723028,2.222002,394,1,,,
395,CLEAN,6,,395,17.417711,14.809058,2.608653,395,1,,,
396,CLEAN,6,,396,19.51963,11.652787,7.866843,396,1,,,
397,CLEAN,6,,397,4.8133326,19.522526,-14.709193,396,0,,,
398,CLEAN,6,,398,21.58278,12.580034,9.002747,398,1,,,
399,CLEAN,6,,399,20.41955,14.671487,5.748063,399,1,,,
400,CLEAN,6,,400,21.743532,20.40131,1.3422222,400,1,,,
401,CLEAN,6,,401,18.076479,11.36741,6.7090693,401,1,,,
402,CLEAN,6,,402,16.83829,14.06593,2.772359,402,1,,,
403,CLEAN,6,,403,14.964293,13.732887,1.2314053,403,1,,,
404,CLEAN,6,,404,17.133892,11.995619,5.1382732,404,1,,,
405,CLEAN,6,,405,21.790606,12.90742,8.883185,405,1,,,
406,CLEAN,6,,406,14.697168,16.113274,-1.4161053,884,0,,,
407,CLEAN,6,,407,17.325628,15.673758,1.6518707,407,1,,,
408,CLEAN,6,,408,12.055431,16.276146,-4.2207146,586,0,,,
409,CLEAN,6,,409,16.92117,14.972053,1.9491167,409,1,,,
410,CLEAN,6,,410,20.303854,17.838078,2.4657764,410,1,,,
411,CLEAN,6,,411,16.748516,12.764416,3.9841003,411,1,,,
412,CLEAN,6,,412,13.237155,10.515689,2.721466,412,1,,,
413,CLEAN,6,,413,16.43598,16.295252,0.140728,413,1,,,
414,CLEAN,6,,414,18.477808,13.139897,5.3379107,414,1,,,
415,CLEAN,6,,415,5.9174423,9.13996,-3.222518,454,0,,,
416,CLEAN,6,,416,19.059813,15.234911,3.8249016,416,1,,,
417,CLEAN,6,,417,12.562152,14.414991,-1.8528395,794,0,,,
418,CLEAN,6,,418,15.963728,11.417199,4.546529,418,1,,,
419,CLEAN,6,,419,17.574474,10.11134,7.463135,419,1,,,
420,CLEAN,6,,420,18.0732,12.5388155,5.5343847,420,1,,,
421,CLEAN,6,,421,11.945737,9.7261305,2.2196064,421,1,,,
422,CLEAN,6,,422,18.841501,15.014835,3.8266659,422,1,,,
423,CLEAN,6,,423,9.839447,8.826874,1.0125732,423,1,,,
424,CLEAN,6,,424,9.171461,9.311035,-0.13957405,627,0,,,
425,CLEAN,6,,425,20.325157,11.32692,8.998238,425,1,,,
426,CLEAN,6,,426,18.732103,14.079266,4.6528378,426,1,,,
427,CLEAN,6,,427,14.58349,12.629136,1.9543543,427,1,,,
428,CLEAN,6,,428,17.627892,10.350118,7.277774,428,1,,,
429,CLEAN,6,,429,23.719864,13.687983,10.031881,429,1,,,
430,CLEAN,6,,430,18.447315,13.588375,4.85894,430,1,,,
431,CLEAN,6,,431,17.642813,15.764544,1.8782692,431,1,,,
432,CLEAN,6,,432,16.200546,16.25099,-0.05044365,776,0,,,
433,CLEAN,6,,433,11.557635,11.110313,0.4473219,433,1,,,
434,CLEAN,6,,434,6.615296,12.605626,-5.99033,808,0,,,
435,CLEAN,6,,435,15.006465,14.346007,0.6604576,435,1,,,
436,CLEAN,6,,436,12.712875,9.812291,2.9005842,436,1,,,
437,CLEAN,6,,437,14.695437,15.133531,-0.4380932,460,0,,,
438,CLEAN,6,,438,11.205011,11.396159,-0.1911478,441,0,,,
439,CLEAN,6,,439,21.042368,13.247863,7.794505,439,1,,,
440,CLEAN,6,,440,13.251269,11.50252,1.7487497,440,1,,,
441,CLEAN,6,,441,17.703907,11.99967,5.704237,441,1,,,
442,CLEAN,6,,442,13.535573,10.732427,2.8031464,442,1,,,
443,CLEAN,6,,443,20.95209,11.527542,9.424547,443,1,,,
444,CLEAN,6,,444,8.7688,12.098361,-3.3295612,870,0,,,
445,CLEAN,6,,445,14.620361,12.798529,1.8218327,445,1,,,
446,CLEAN,6,,446,15.72075,13.887827,1.8329229,446,1,,,
447,CLEAN,6,,447,9.7370405,9.520667,0.21637344,447,1,,,
448,CLEAN,6,,448,10.127336,8.387675,1.7396603,448,1,,,
449,CLEAN,6,,449,15.274452,10.821106,4.4533463,449,1,,,
450,CLEAN,6,,450,20.326317,13.21922,7.1070967,450,1,,,
451,CLEAN,6,,451,15.877577,10.233252,5.6443253,451,1,,,
452,CLEAN,6,,452,12.980697,10.323427,2.6572695,452,1,,,
453,CLEAN,6,,453,17.233011,13.731357,3.5016546,453,1,,,
454,CLEAN,6,,454,4.7784963,11.558168,-6.779672,498,0,,,
455,CLEAN,6,,455,20.679485,10.332004,10.347482,455,1,,,
456,CLEAN,6,,456,24.290188,10.423042,13.867146,456,1,,,
457,CLEAN,6,,457,19.125162,13.889661,5.2355013,457,1,,,
458,CLEAN,6,,458,15.1513815,10.627292,4.52409,458,1,,,
459,CLEAN,6,,459,7.223326,9.747349,-2.5240226,606,0,,,
460,CLEAN,6,,460,16.405508,13.906016,2.4994917,460,1,,,
461,CLEAN,6,,461,10.479347,13.143645,-2.664298,917,0,,,
462,CLEAN,6,,462,15.647655,15.16231,0.4853449,462,1,,,
463,CLEAN,6,,463,6.5943274,12.72228,-6.127952,435,0,,,
464,CLEAN,6,,464,5.2306104,7.1575418,-1.9269314,626,0,,,
465,CLEAN,6,,465,11.501626,8.880249,2.621377,465,1,,,
466,CLEAN,6,,466,11.138225,12.042292,-0.90406704,705,0,,,
467,CLEAN,6,,467,17.936073,13.286344,4.6497297,467,1,,,
468,CLEAN,6,,468,6.8460484,11.316927,-4.4708786,654,0,,,
469,CLEAN,6,,469,18.59734,13.954062,4.643277,469,1,,,
470,CLEAN,6,,470,10.506102,10.098415,0.40768623,470,1,,,
471,CLEAN,6,,471,10.440728,12.837111,-2.3963833,856,0,,,
472,CLEAN,6,,472,17.977413,12.984859,4.9925537,472,1,,,
473,CLEAN,6,,473,16.012247,10.392198,5.6200495,473,1,,,
474,CLEAN,6,,474,19.321177,14.230663,5.090513,474,1,,,
475,CLEAN,6,,475,15.343972,8.262039,7.081933,475,1,,,
476,CLEAN,6,,476,19.339785,10.286537,9.053247,476,1,,,
477,CLEAN,6,,477,13.685268,12.784907,0.90036106,477,1,,,
478,CLEAN,6,,478,6.8706317,10.013769,-3.1431375,796,0,,,
479,CLEAN,6,,479,13.196541,14.185366,-0.98882484,751,0,,,
480,CLEAN,6,,480,15.288251,10.589186,4.699065,480,1,,,
481,CLEAN,6,,481,16.507017,17.962208,-1.4551907,482,0,,,
482,CLEAN,6,,482,14.693238,16.748543,-2.0553045,848,0,,,
483,CLEAN,6,,483,15.343681,11.435879,3.9078026,483,1,,,
484,CLEAN,6,,484,18.273327,18.34019,-0.06686401,871,0,,,
485,CLEAN,6,,485,8.033414,7.167038,0.8663759,485,1,,,
486,CLEAN,6,,486,17.535173,15.870037,1.6651363,486,1,,,
487,CLEAN,6,,487,15.82874,13.89389,1.9348497,487,1,,,
488,CLEAN,6,,488,10.967148,9.866681,1.1004667,488,1,,,
489,CLEAN,6,,489,12.948448,11.663871,1.2845774,489,1,,,
490,CLEAN,6,,490,4.9614067,13.853102,-8.891695,327,0,,,
491,CLEAN,6,,491,14.927901,9.929707,4.9981947,491,1,,,
492,CLEAN,6,,492,11.699118,9.492013,2.2071047,492,1,,,
493,CLEAN,6,,493,10.250541,10.629828,-0.37928772,553,0,,,
494,CLEAN,6,,494,17.053732,13.9300785,3.1236534,494,1,,,
495,CLEAN,6,,495,11.122377,12.960939,-1.838562,894,0,,,
496,CLEAN,6,,496,17.074072,9.481279,7.5927925,496,1,,,
497,CLEAN,6,,497,13.252006,12.895831,0.35617447,497,1,,,
498,CLEAN,6,,498,15.0196905,10.56704,4.45265,498,1,,,
499,CLEAN,6,,499,7.014397,9.249593,-2.2351956,674,0,,,
500,CLEAN,6,,500,18.55178,13.75353,4.798251,500,1,,,
501,CLEAN,6,,501,13.422994,11.761664,1.6613293,501,1,,,
502,CLEAN,6,,502,17.380491,17.194384,0.18610764,502,1,,,
503,CLEAN,6,,503,15.301608,10.246515,5.055093,503,1,,,
504,CLEAN,6,,504,14.167371,11.092553,3.0748177,504,1,,,
505,CLEAN,6,,505,15.800808,14.939338,0.8614702,505,1,,,
506,CLEAN,6,,506,15.782425,12.400917,3.3815079,506,1,,,
507,CLEAN,6,,507,12.39717,11.747414,0.64975643,507,1,,,
508,CLEAN,6,,508,9.256012,12.023741,-2.7677288,664,0,,,
509,CLEAN,6,,509,13.041015,12.969456,0.07155895,509,1,,,
510,CLEAN,6,,510,14.495343,12.113148,2.3821955,510,1,,,
511,CLEAN,6,,511,16.292002,15.067687,1.2243147,511,1,,,
512,CLEAN,6,,512,18.756523,11.89588,6.8606434,512,1,,,
513,CLEAN,6,,513,14.403586,13.597116,0.8064699,513,1,,,
514,CLEAN,6,,514,21.434544,11.32684,10.107703,514,1,,,
515,CLEAN,6,,515,5.8890915,7.0865293,-1.1974378,906,0,,,
516,CLEAN,6,,516,8.111634,11.213819,-3.1021843,870,0,,,
517,CLEAN,6,,517,17.624493,13.085129,4.539364,517,1,,,
518,CLEAN,6,,518,20.623585,14.203038,6.4205465,518,1,,,
519,CLEAN,6,,519,9.525943,14.648731,-5.1227884,239,0,,,
520,CLEAN,6,,520,17.103119,13.13309,3.9700289,520,1,,,
521,CLEAN,6,,521,22.466818,17.841364,4.625454,521,1,,,
522,CLEAN,6,,522,23.430157,14.2368145,9.193342,522,1,,,
523,CLEAN,6,,523,18.039309,10.894244,7.1450644,523,1,,,
524,CLEAN,6,,524,19.788792,17.611086,2.1777058,524,1,,,
525,CLEAN,6,,525,19.684856,10.279129,9.405727,525,1,,,
526,CLEAN,6,,526,14.079553,12.482339,1.5972137,526,1,,,
527,CLEAN,6,,527,13.392164,15.243526,-1.8513622,664,0,,,
528,CLEAN,6,,528,17.835629,12.690577,5.145052,528,1,,,
529,CLEAN,6,,529,13.571093,12.767199,0.80389404,529,1,,,
530,CLEAN,6,,530,15.383214,11.932067,3.451147,530,1,,,
531,CLEAN,6,,531,15.60822,17.912613,-2.3043928,826,0,,,
532,CLEAN,6,,532,18.822575,11.932418,6.8901567,532,1,,,
533,CLEAN,6,,533,20.384789,13.309579,7.0752096,533,1,,,
534,CLEAN,6,,534,11.426842,13.269612,-1.8427706,651,0,,,
535,CLEAN,6,,535,13.226799,15.465012,-2.2382126,479,0,,,
536,CLEAN,6,,536,15.1818,13.49122,1.6905794,536,1,,,
537,CLEAN,6,,537,19.257273,16.160059,3.0972137,537,1,,,
538,CLEAN,6,,538,14.949181,12.023238,2.9259424,538,1,,,
539,CLEAN,6,,539,9.265318,8.813929,0.4513893,539,1,,,
540,CLEAN,6,,540,20.77733,11.344116,9.433214,540,1,,,
541,CLEAN,6,,541,12.889077,11.651623,1.2374544,541,1,,,
542,CLEAN,6,,542,15.685836,13.438793,2.2470427,542,1,,,
543,CLEAN,6,,543,18.806698,18.63101,0.17568779,543,1,,,
544,CLEAN,6,,544,17.265347,16.251413,1.0139332,544,1,,,
545,CLEAN,6,,545,16.341122,11.243852,5.09727,545,1,,,
546,CLEAN,6,,546,14.838688,13.188982,1.6497059,546,1,,,
547,CLEAN,6,,547,18.30838,14.038139,4.270241,547,1,,,
548,CLEAN,6,,548,14.60647,12.373426,2.2330437,548,1,,,
549,CLEAN,6,,549,16.066444,10.818685,5.24776,549,1,,,
550,CLEAN,6,,550,18.496231,12.002658,6.493573,550,1,,,
551,CLEAN,6,,551,20.257643,16.158014,4.0996284,551,1,,,
552,CLEAN,6,,552,6.176248,10.0572405,-3.8809924,885,0,,,
553,CLEAN,6,,553,15.021575,10.986923,4.0346518,553,1,,,
554,CLEAN,6,,554,21.582747,10.818654,10.764092,554,1,,,
555,CLEAN,6,,555,13.62907,12.028473,1.6005974,555,1,,,
556,CLEAN,6,,556,17.796858,13.042795,4.7540627,556,1,,,
557,CLEAN,6,,557,10.023414,9.394449,0.6289644,557,1,,,
558,CLEAN,6,,558,12.6196375,11.260595,1.3590422,558,1,,,
559,CLEAN,6,,559,14.696793,11.321305,3.3754873,559,1,,,
560,CLEAN,6,,560,15.522185,14.476988,1.0451975,560,1,,,
561,CLEAN,6,,561,18.859888,11.543749,7.316139,561,1,,,
562,CLEAN,6,,562,9.093506,8.824334,0.2691717,562,1,,,
563,CLEAN,6,,563,18.195322,13.375444,4.8198776,563,1,,,
564,CLEAN,6,,564,17.41665,13.423539,3.9931116,564,1,,,
565,CLEAN,6,,565,21.075943,12.745768,8.330175,565,1,,,
566,CLEAN,6,,566,21.297308,17.341316,3.9559917,566,1,,,
567,CLEAN,6,,567,6.5056324,9.939027,-3.4333944,731,0,,,
568,CLEAN,6,,568,14.999455,10.1357155,4.86374,568,1,,,
569,CLEAN,6,,569,16.570059,11.028721,5.541338,569,1,,,
570,CLEAN,6,,570,18.159891,17.384686,0.7752056,570,1,,,
571,CLEAN,6,,571,11.884626,9.527572,2.3570547,571,1,,,
572,CLEAN,6,,572,13.061737,14.992256,-1.9305191,966,0,,,
573,CLEAN,6,,573,18.501541,11.922731,6.5788097,573,1,,,
574,CLEAN,6,,574,21.150496,13.03647,8.114025,574,1,,,
575,CLEAN,6,,575,17.663465,11.2358465,6.427619,575,1,,,
576,CLEAN,6,,576,19.416065,9.450952,9.965114,576,1,,,
577,CLEAN,6,,577,16.598179,13.889434,2.708745,577,1,,,
578,CLEAN,6,,578,15.390651,14.022719,1.3679314,578,1,,,
579,CLEAN,6,,579,16.085146,11.694327,4.3908186,579,1,,,
580,CLEAN,6,,580,12.373379,9.1583395,3.2150393,580,1,,,
581,CLEAN,6,,581,13.2485695,11.030712,2.2178574,581,1,,,
582,CLEAN,6,,582,6.107175,10.9811325,-4.8739576,996,0,,,
583,CLEAN,6,,583,18.15279,9.477115,8.675675,583,1,,,
584,CLEAN,6,,584,4.5027113,10.642927,-6.140216,523,0,,,
585,CLEAN,6,,585,17.906164,16.32192,1.5842438,585,1,,,
586,CLEAN,6,,586,13.237883,9.826605,3.4112778,586,1,,,
587,CLEAN,6,,587,13.833722,16.859137,-3.0254145,740,0,,,
588,CLEAN,6,,588,11.765011,15.035759,-3.2707481,415,0,,,
589,CLEAN,6,,589,18.367083,12.994938,5.3721447,589,1,,,
590,CLEAN,6,,590,12.203205,11.144303,1.0589018,590,1,,,
591,CLEAN,6,,591,17.579187,13.463678,4.115509,591,1,,,
592,CLEAN,6,,592,15.788686,9.624289,6.1643972,592,1,,,
593,CLEAN,6,,593,17.48606,10.665748,6.8203115,593,1,,,
594,CLEAN,6,,594,20.431248,9.822096,10.609152,594,1,,,
595,CLEAN,6,,595,17.069178,14.067015,3.002163,595,1,,,
596,CLEAN,6,,596,8.94034,16.57808,-7.637739,764,0,,,
597,CLEAN,6,,597,10.661864,11.506479,-0.844615,763,0,,,
598,CLEAN,6,,598,14.108252,10.125804,3.9824476,598,1,,,
599,CLEAN,6,,599,14.284651,8.041507,6.243144,599,1,,,
600,CLEAN,6,,600,9.962571,9.58858,0.373991,600,1,,,
601,CLEAN,6,,601,16.923903,16.485247,0.43865585,601,1,,,
602,CLEAN,6,,602,12.279722,11.391798,0.8879242,602,1,,,
603,CLEAN,6,,603,17.661802,13.119196,4.5426064,603,1,,,
604,CLEAN,6,,604,21.012388,11.421011,9.591377,604,1,,,
605,CLEAN,6,,605,20.785713,11.518999,9.266714,605,1,,,
606,CLEAN,6,,606,20.28369,11.887942,8.395747,606,1,,,
607,CLEAN,6,,607,18.326944,11.515231,6.811713,607,1,,,
608,CLEAN,6,,608,7.38549,8.32209,-0.9366002,539,0,,,
609,CLEAN,6,,609,13.364944,12.610535,0.7544098,609,1,,,
610,CLEAN,6,,610,11.217271,11.121776,0.095495224,610,1,,,
611,CLEAN,6,,611,8.442614,8.586935,-0.14432144,726,0,,,
612,CLEAN,6,,612,15.606804,11.292669,4.3141346,612,1,,,
613,CLEAN,6,,613,19.94948,13.128987,6.8204927,613,1,,,
614,CLEAN,6,,614,16.299253,11.722925,4.5763283,614,1,,,
615,CLEAN,6,,615,14.619239,9.543401,5.075838,615,1,,,
616,CLEAN,6,,616,13.657501,8.628885,5.028616,616,1,,,
617,CLEAN,6,,617,18.17677,15.510242,2.6665268,617,1,,,
618,CLEAN,6,,618,14.33274,14.360436,-0.02769661,659,0,,,
619,CLEAN,6,,619,15.924398,16.854002,-0.9296036,846,0,,,
620,CLEAN,6,,620,13.01222,14.450799,-1.4385786,681,0,,,
621,CLEAN,6,,621,17.889622,9.271534,8.618088,621,1,,,
622,CLEAN,6,,622,1.0784338,10.304473,-9.226039,47,0,,,
623,CLEAN,6,,623,14.366477,12.086842,2.2796354,623,1,,,
624,CLEAN,6,,624,11.589468,14.30267,-2.7132015,865,0,,,
625,CLEAN,6,,625,19.65764,13.903643,5.753998,625,1,,,
626,CLEAN,6,,626,15.114099,10.529544,4.5845547,626,1,,,
627,CLEAN,6,,627,16.686966,12.155091,4.5318747,627,1,,,
628,CLEAN,6,,628,13.706712,9.083937,4.622775,628,1,,,
629,CLEAN,6,,629,16.586819,19.217737,-2.6309185,551,0,,,
630,CLEAN,6,,630,14.7397785,11.533197,3.206581,630,1,,,
631,CLEAN,6,,631,11.788934,12.968681,-1.1797476,804,0,,,
632,CLEAN,6,,632,11.608972,11.34378,0.26519203,632,1,,,
633,CLEAN,6,,633,6.259482,7.0083075,-0.74882555,883,0,,,
634,CLEAN,6,,634,18.492613,10.856703,7.63591,634,1,,,
635,CLEAN,6,,635,6.8522897,10.868709,-4.016419,922,0,,,
636,CLEAN,6,,636,15.655585,16.442175,-0.7865896,748,0,,,
637,CLEAN,6,,637,15.981049,12.987537,2.9935112,637,1,,,
638,CLEAN,6,,638,14.302858,15.09266,-0.7898016,639,0,,,
639,CLEAN,6,,639,14.903403,14.86931,0.034092903,639,1,,,
640,CLEAN,6,,640,12.074104,12.106694,-0.032589912,458,0,,,
641,CLEAN,6,,641,15.296271,12.971721,2.3245506,641,1,,,
642,CLEAN,6,,642,18.895067,12.75448,6.140587,642,1,,,
643,CLEAN,6,,643,9.432866,9.434337,-0.0014705658,585,0,,,
644,CLEAN,6,,644,11.263027,10.639482,0.62354565,644,1,,,
645,CLEAN,6,,645,16.801668,12.232775,4.5688934,645,1,,,
646,CLEAN,6,,646,19.68352,11.839903,7.8436165,646,1,,,
647,CLEAN,6,,647,20.66101,15.908078,4.7529325,647,1,,,
648,CLEAN,6,,648,14.127191,12.257071,1.87012,648,1,,,
649,CLEAN,6,,649,15.801721,10.081859,5.719862,649,1,,,
650,CLEAN,6,,650,15.859489,9.698656,6.1608334,650,1,,,
651,CLEAN,6,,651,14.616744,10.983349,3.6333952,651,1,,,
652,CLEAN,6,,652,14.167798,8.759406,5.408392,652,1,,,
653,CLEAN,6,,653,11.339212,9.993037,1.3461752,653,1,,,
654,CLEAN,6,,654,11.592915,15.764324,-4.1714096,627,0,,,
655,CLEAN,6,,655,12.368491,10.28956,2.0789309,655,1,,,
656,CLEAN,6,,656,14.333384,12.301614,2.0317698,656,1,,,
657,CLEAN,6,,657,18.783339,18.206495,0.57684326,657,1,,,
658,CLEAN,6,,658,17.661375,13.269522,4.3918533,658,1,,,
659,CLEAN,6,,659,9.296527,11.558593,-2.262066,925,0,,,
660,CLEAN,6,,660,10.81266,14.162217,-3.349557,864,0,,,
661,CLEAN,6,,661,15.804187,9.980097,5.82409,661,1,,,
662,CLEAN,6,,662,9.115999,12.011658,-2.8956585,571,0,,,
663,CLEAN,6,,663,13.038639,16.345179,-3.3065395,442,0,,,
664,CLEAN,6,,664,14.346109,15.440905,-1.0947952,527,0,,,
665,CLEAN,6,,665,11.812399,10.690543,1.1218557,665,1,,,
666,CLEAN,6,,666,17.163998,9.507506,7.6564913,666,1,,,
667,CLEAN,6,,667,20.87056,19.608677,1.2618828,667,1,,,
668,CLEAN,6,,668,19.590227,15.605849,3.9843779,668,1,,,
669,CLEAN,6,,669,18.746723,13.81696,4.929763,669,1,,,
670,CLEAN,6,,670,17.604656,16.401186,1.2034702,670,1,,,
671,CLEAN,6,,671,13.716442,10.445685,3.2707567,671,1,,,
672,CLEAN,6,,672,16.436155,14.60299,1.8331652,672,1,,,
673,CLEAN,6,,673,15.321028,11.39981,3.921218,673,1,,,
674,CLEAN,6,,674,21.217718,9.720092,11.497626,674,1,,,
675,CLEAN,6,,675,7.6214004,10.945258,-3.3238578,734,0,,,
676,CLEAN,6,,676,10.493143,16.52524,-6.032097,263,0,,,
677,CLEAN,6,,677,12.685218,9.192081,3.4931364,677,1,,,
678,CLEAN,6,,678,5.445407,14.984774,-9.539367,178,0,,,
679,CLEAN,6,,679,12.707676,11.199994,1.5076818,679,1,,,
680,CLEAN,6,,680,18.58213,13.835168,4.7469625,680,1,,,
681,CLEAN,6,,681,6.396346,7.4005694,-1.0042233,641,0,,,
682,CLEAN,6,,682,10.64344,11.94313,-1.2996893,442,0,,,
683,CLEAN,6,,683,16.256641,20.924704,-4.668062,558,0,,,
684,CLEAN,6,,684,22.40354,11.551142,10.852398,684,1,,,
685,CLEAN,6,,685,21.709831,10.82361,10.886221,685,1,,,
686,CLEAN,6,,686,8.419534,10.021182,-1.6016483,447,0,,,
687,CLEAN,6,,687,17.100458,13.647754,3.4527044,687,1,,,
688,CLEAN,6,,688,21.752014,13.748175,8.0038395,688,1,,,
689,CLEAN,6,,689,17.14434,16.93397,0.21037102,689,1,,,
690,CLEAN,6,,690,20.847235,16.659632,4.187603,690,1,,,
691,CLEAN,6,,691,15.002479,13.474525,1.5279531,691,1,,,
692,CLEAN,6,,692,13.719255,12.461504,1.2577515,692,1,,,
693,CLEAN,6,,693,18.950077,16.853346,2.0967312,693,1,,,
694,CLEAN,6,,694,18.783882,13.29203,5.491852,694,1,,,
695,CLEAN,6,,695,13.609033,11.685564,1.9234686,695,1,,,
696,CLEAN,6,,696,17.430315,12.09298,5.3373346,696,1,,,
697,CLEAN,6,,697,13.853992,7.716392,6.1376004,697,1,,,
698,CLEAN,6,,698,14.808531,12.714215,2.0943155,698,1,,,
699,CLEAN,6,,699,19.531347,16.546358,2.9849892,699,1,,,
700,CLEAN,6,,700,9.059356,9.801443,-0.74208736,553,0,,,
701,CLEAN,6,,701,17.727928,10.42262,7.3053083,701,1,,,
702,CLEAN,6,,702,11.436321,8.624139,2.8121824,702,1,,,
703,CLEAN,6,,703,8.840476,9.1351385,-0.29466248,594,0,,,
704,CLEAN,6,,704,16.148714,11.944193,4.204521,704,1,,,
705,CLEAN,6,,705,13.723095,14.039333,-0.3162384,874,0,,,
706,CLEAN,6,,706,9.386676,11.0781975,-1.6915216,698,0,,,
707,CLEAN,6,,707,21.306824,15.400828,5.9059954,707,1,,,
708,CLEAN,6,,708,9.859248,10.470999,-0.6117506,718,0,,,
709,CLEAN,6,,709,13.763145,11.154379,2.6087666,709,1,,,
710,CLEAN,6,,710,4.8232727,11.307023,-6.4837503,709,0,,,
711,CLEAN,6,,711,20.258179,17.334843,2.923336,711,1,,,
712,CLEAN,6,,712,14.100574,11.661998,2.4385757,712,1,,,
713,CLEAN,6,,713,21.732414,16.459566,5.272848,713,1,,,
714,CLEAN,6,,714,18.396372,13.145788,5.2505836,714,1,,,
715,CLEAN,6,,715,7.2919536,11.494856,-4.2029023,870,0,,,
716,CLEAN,6,,716,13.855745,12.532764,1.3229809,716,1,,,
717,CLEAN,6,,717,15.302742,11.398034,3.904708,717,1,,,
718,CLEAN,6,,718,14.049423,17.197872,-3.148449,821,0,,,
719,CLEAN,6,,719,18.31564,9.943968,8.371672,719,1,,,
720,CLEAN,6,,720,14.221643,13.760565,0.46107864,720,1,,,
721,CLEAN,6,,721,14.14698,12.610546,1.5364342,721,1,,,
722,CLEAN,6,,722,5.5488057,9.37356,-3.8247542,971,0,,,
723,CLEAN,6,,723,10.874632,9.767705,1.1069269,723,1,,,
724,CLEAN,6,,724,14.31301,12.756704,1.5563059,724,1,,,
725,CLEAN,6,,725,12.834675,14.299311,-1.4646358,899,0,,,
726,CLEAN,6,,726,22.284458,12.600202,9.684257,726,1,,,
727,CLEAN,6,,727,15.901556,14.705242,1.1963139,727,1,,,
728,CLEAN,6,,728,18.630709,13.503153,5.127556,728,1,,,
729,CLEAN,6,,729,6.232326,8.509789,-2.2774634,506,0,,,
730,CLEAN,6,,730,18.281975,16.360296,1.9216785,730,1,,,
731,CLEAN,6,,731,11.2042,13.598287,-2.3940868,644,0,,,
732,CLEAN,6,,732,17.756027,13.402158,4.3538694,732,1,,,
733,CLEAN,6,,733,11.042083,9.413622,1.6284609,733,1,,,
734,CLEAN,6,,734,17.371595,15.274602,2.0969934,734,1,,,
735,CLEAN,6,,735,8.701479,13.6054735,-4.9039946,887,0,,,
736,CLEAN,6,,736,16.527178,14.645257,1.8819208,736,1,,,
737,CLEAN,6,,737,15.879381,12.0133505,3.8660307,737,1,,,
738,CLEAN,6,,738,14.984437,14.376377,0.6080599,738,1,,,
739,CLEAN,6,,739,19.386847,9.592909,9.793938,739,1,,,
740,CLEAN,6,,740,9.974191,13.195738,-3.2215471,613,0,,,
741,CLEAN,6,,741,14.034736,12.970113,1.0646229,741,1,,,
742,CLEAN,6,,742,11.719804,16.037418,-4.3176146,713,0,,,
743,CLEAN,6,,743,9.559845,10.360299,-0.80045414,425,0,,,
744,CLEAN,6,,744,13.606551,12.740075,0.86647606,744,1,,,
745,CLEAN,6,,745,16.209791,9.904715,6.3050766,745,1,,,
746,CLEAN,6,,746,19.319891,11.217443,8.1024475,746,1,,,
747,CLEAN,6,,747,8.113971,10.142732,-2.028761,641,0,,,
748,CLEAN,6,,748,15.343953,15.64577,-0.30181694,893,0,,,
749,CLEAN,6,,749,15.314522,10.967655,4.3468666,749,1,,,
750,CLEAN,6,,750,12.855732,9.769415,3.086317,750,1,,,
751,CLEAN,6,,751,16.742685,16.157038,0.5856476,751,1,,,
752,CLEAN,6,,752,20.39173,15.8960085,4.495721,752,1,,,
753,CLEAN,6,,753,12.507749,11.797469,0.71027946,753,1,,,
754,CLEAN,6,,754,12.321073,14.445191,-2.1241188,761,0,,,
755,CLEAN,6,,755,15.097441,9.981863,5.1155777,755,1,,,
756,CLEAN,6,,756,13.299845,11.865582,1.4342623,756,1,,,
757,CLEAN,6,,757,13.035187,12.928209,0.10697746,757,1,,,
758,CLEAN,6,,758,11.882961,9.185985,2.6969767,758,1,,,
759,CLEAN,6,,759,14.658107,9.536414,5.1216927,759,1,,,
760,CLEAN,6,,760,8.5653925,8.355059,0.21033382,760,1,,,
761,CLEAN,6,,761,6.1742277,15.136892,-8.962665,227,0,,,
762,CLEAN,6,,762,14.915298,10.690012,4.2252865,762,1,,,
763,CLEAN,6,,763,19.38096,14.374396,5.006564,763,1,,,
764,CLEAN,6,,764,10.113665,10.67363,-0.55996513,763,0,,,
765,CLEAN,6,,765,17.681732,10.403532,7.2782,765,1,,,
766,CLEAN,6,,766,16.734037,10.279516,6.454521,766,1,,,
767,CLEAN,6,,767,12.78217,14.901855,-2.1196852,542,0,,,
768,CLEAN,6,,768,16.890234,17.462479,-0.57224464,805,0,,,
769,CLEAN,6,,769,17.792057,9.565354,8.226703,769,1,,,
770,CLEAN,6,,770,15.734993,9.765377,5.969616,770,1,,,
771,CLEAN,6,,771,18.74346,12.306101,6.437359,771,1,,,
772,CLEAN,6,,772,8.138222,9.652657,-1.5144348,608,0,,,
773,CLEAN,6,,773,7.919354,12.417001,-4.497647,585,0,,,
774,CLEAN,6,,774,10.53291,10.880096,-0.3471861,630,0,,,
775,CLEAN,6,,775,14.192623,10.335375,3.8572483,775,1,,,
776,CLEAN,6,,776,19.082777,14.683155,4.399622,776,1,,,
777,CLEAN,6,,777,20.386806,12.9538,7.4330063,777,1,,,
778,CLEAN,6,,778,11.048256,11.747301,-0.6990452,861,0,,,
779,CLEAN,6,,779,22.812843,15.565826,7.247017,779,1,,,
780,CLEAN,6,,780,16.713753,14.176646,2.5371065,780,1,,,
781,CLEAN,6,,781,22.37735,11.06812,11.30923,781,1,,,
782,CLEAN,6,,782,14.351843,14.517191,-0.16534805,664,0,,,
783,CLEAN,6,,783,18.987062,13.410883,5.5761795,783,1,,,
784,CLEAN,6,,784,5.2870255,13.148262,-7.8612366,828,0,,,
785,CLEAN,6,,785,14.516277,7.9793854,6.536892,785,1,,,
786,CLEAN,6,,786,19.260618,10.72026,8.540359,786,1,,,
787,CLEAN,6,,787,22.594728,15.111174,7.483555,787,1,,,
788,CLEAN,6,,788,18.55511,10.248653,8.3064575,788,1,,,
789,CLEAN,6,,789,18.169024,14.639106,3.5299177,789,1,,,
790,CLEAN,6,,790,11.68157,12.06465,-0.38307953,886,0,,,
791,CLEAN,6,,791,10.140438,12.13411,-1.9936724,870,0,,,
792,CLEAN,6,,792,16.59014,13.643137,2.9470024,792,1,,,
793,CLEAN,6,,793,14.304937,8.397287,5.90765,793,1,,,
794,CLEAN,6,,794,6.2967935,10.102716,-3.805923,697,0,,,
795,CLEAN,6,,795,16.218842,8.172282,8.046559,795,1,,,
796,CLEAN,6,,796,16.545418,10.063035,6.482383,796,1,,,
797,CLEAN,6,,797,13.981239,10.777651,3.2035885,797,1,,,
798,CLEAN,6,,798,3.0766916,13.568023,-10.491331,906,0,,,
799,CLEAN,6,,799,12.876708,12.833992,0.042716026,799,1,,,
800,CLEAN,6,,800,21.493805,13.601551,7.892254,800,1,,,
801,CLEAN,6,,801,14.715752,10.980708,3.7350435,801,1,,,
802,CLEAN,6,,802,20.8106,13.877785,6.9328156,802,1,,,
803,CLEAN,6,,803,20.612755,13.165823,7.446932,803,1,,,
804,CLEAN,6,,804,11.720377,8.572597,3.1477804,804,1,,,
805,CLEAN,6,,805,19.692822,14.5860615,5.10676,805,1,,,
806,CLEAN,6,,806,10.975486,12.28297,-1.3074846,655,0,,,
807,CLEAN,6,,807,20.115028,16.58002,3.5350075,807,1,,,
808,CLEAN,6,,808,15.075862,12.061111,3.0147505,808,1,,,
809,CLEAN,6,,809,12.732088,11.150837,1.5812511,809,1,,,
810,CLEAN,6,,810,21.872498,19.965412,1.9070854,810,1,,,
811,CLEAN,6,,811,6.443532,13.48938,-7.045848,760,0,,,
812,CLEAN,6,,812,17.425072,16.547466,0.87760544,812,1,,,
813,CLEAN,6,,813,18.00168,15.976617,2.0250635,813,1,,,
814,CLEAN,6,,814,17.401731,13.968703,3.4330282,814,1,,,
815,CLEAN,6,,815,15.43533,10.565852,4.869478,815,1,,,
816,CLEAN,6,,816,18.447521,16.713493,1.7340279,816,1,,,
817,CLEAN,6,,817,16.048056,17.885496,-1.8374405,511,0,,,
818,CLEAN,6,,818,13.517078,11.29139,2.225688,818,1,,,
819,CLEAN,6,,819,14.410482,11.988447,2.4220352,819,1,,,
820,CLEAN,6,,820,18.922194,11.8884535,7.03374,820,1,,,
821,CLEAN,6,,821,15.666251,12.377861,3.2883902,821,1,,,
822,CLEAN,6,,822,13.010958,8.145141,4.865817,822,1,,,
823,CLEAN,6,,823,7.128396,11.015028,-3.886632,650,0,,,
824,CLEAN,6,,824,15.217511,11.829747,3.387764,824,1,,,
825,CLEAN,6,,825,10.084753,7.7986345,2.2861185,825,1,,,
826,CLEAN,6,,826,-1.5296426,8.995917,-10.52556,470,0,,,
827,CLEAN,6,,827,13.810624,14.327855,-0.517231,556,0,,,
828,CLEAN,6,,828,6.695318,8.831514,-2.1361961,111,0,,,
829,CLEAN,6,,829,17.385181,11.081728,6.3034534,829,1,,,
830,CLEAN,6,,830,3.8313599,9.949678,-6.1183186,522,0,,,
831,CLEAN,6,,831,16.689795,11.720473,4.9693213,831,1,,,
832,CLEAN,6,,832,17.19782,11.847368,5.3504524,832,1,,,
833,CLEAN,6,,833,11.895094,8.200489,3.6946049,833,1,,,
834,CLEAN,6,,834,7.3104987,11.063222,-3.7527232,655,0,,,
835,CLEAN,6,,835,14.915077,13.458676,1.4564009,835,1,,,
836,CLEAN,6,,836,15.9900055,15.645318,0.34468746,836,1,,,
837,CLEAN,6,,837,8.569628,10.179512,-1.6098843,877,0,,,
838,CLEAN,6,,838,12.637093,12.387863,0.24922943,838,1,,,
839,CLEAN,6,,839,15.293058,12.664503,2.6285553,839,1,,,
840,CLEAN,6,,840,17.908033,12.020937,5.8870964,840,1,,,
841,CLEAN,6,,841,14.6042,11.061528,3.5426722,841,1,,,
842,CLEAN,6,,842,14.899972,9.645271,5.2547007,842,1,,,
843,CLEAN,6,,843,7.6142797,8.133413,-0.51913357,475,0,,,
844,CLEAN,6,,844,16.417221,10.697139,5.7200823,844,1,,,
845,CLEAN,6,,845,12.173224,14.022024,-1.8487997,767,0,,,
846,CLEAN,6,,846,14.2949505,14.132742,0.16220856,846,1,,,
847,CLEAN,6,,847,16.338339,15.754574,0.58376503,847,1,,,
848,CLEAN,6,,848,13.791973,13.765479,0.026494026,848,1,,,
849,CLEAN,6,,849,14.588364,18.007496,-3.4191322,505,0,,,
850,CLEAN,6,,850,13.003855,9.24931,3.7545452,850,1,,,
851,CLEAN,6,,851,15.39763,14.314762,1.0828676,851,1,,,
852,CLEAN,6,,852,13.992833,15.28634,-1.2935066,489,0,,,
853,CLEAN,6,,853,18.268179,9.190079,9.0781,853,1,,,
854,CLEAN,6,,854,18.99692,13.705541,5.291379,854,1,,,
855,CLEAN,6,,855,18.399267,11.737853,6.661414,855,1,,,
856,CLEAN,6,,856,16.36129,13.663719,2.6975708,856,1,,,
857,CLEAN,6,,857,13.180645,13.259306,-0.078660965,765,0,,,
858,CLEAN,6,,858,18.271866,10.788586,7.48328,858,1,,,
859,CLEAN,6,,859,19.268642,13.712051,5.556591,859,1,,,
860,CLEAN,6,,860,7.385472,11.864261,-4.478789,919,0,,,
861,CLEAN,6,,861,16.181095,14.975626,1.2054691,861,1,,,
862,CLEAN,6,,862,17.047504,9.128857,7.918648,862,1,,,
863,CLEAN,6,,863,14.299391,11.213297,3.086094,863,1,,,
864,CLEAN,6,,864,9.940277,11.13447,-1.1941929,595,0,,,
865,CLEAN,6,,865,12.568562,12.309503,0.25905895,865,1,,,
866,CLEAN,6,,866,16.539629,17.597408,-1.0577793,856,0,,,
867,CLEAN,6,,867,16.82977,11.890756,4.9390135,867,1,,,
868,CLEAN,6,,868,10.708169,8.822448,1.8857212,868,1,,,
869,CLEAN,6,,869,7.040643,7.933386,-0.89274263,906,0,,,
870,CLEAN,6,,870,10.684291,11.300655,-0.6163645,444,0,,,
871,CLEAN,6,,871,22.576838,18.61183,3.9650078,871,1,,,
872,CLEAN,6,,872,13.734259,11.979629,1.7546301,872,1,,,
873,CLEAN,6,,873,6.0376973,13.444189,-7.4064918,698,0,,,
874,CLEAN,6,,874,16.628517,13.71007,2.9184475,874,1,,,
875,CLEAN,6,,875,18.573954,15.01664,3.557314,875,1,,,
876,CLEAN,6,,876,8.375673,12.206664,-3.8309908,706,0,,,
877,CLEAN,6,,877,12.030282,11.358616,0.67166615,877,1,,,
878,CLEAN,6,,878,17.786423,18.403076,-0.61665344,810,0,,,
879,CLEAN,6,,879,11.3102455,10.581818,0.7284279,879,1,,,
880,CLEAN,6,,880,16.750631,8.276601,8.4740305,880,1,,,
881,CLEAN,6,,881,15.387775,11.843578,3.544197,881,1,,,
882,CLEAN,6,,882,8.599671,11.275485,-2.6758137,851,0,,,
883,CLEAN,6,,883,13.488916,12.138145,1.350771,883,1,,,
884,CLEAN,6,,884,13.736865,11.9387245,1.7981405,884,1,,,
885,CLEAN,6,,885,12.714065,14.246956,-1.5328913,434,0,,,
886,CLEAN,6,,886,18.070213,11.914037,6.1561766,886,1,,,
887,CLEAN,6,,887,8.094084,7.9095964,0.18448734,887,1,,,
888,CLEAN,6,,888,17.446114,10.660197,6.7859163,888,1,,,
889,CLEAN,6,,889,10.94361,12.574076,-1.6304655,420,0,,,
890,CLEAN,6,,890,16.93417,11.988419,4.945751,890,1,,,
891,CLEAN,6,,891,18.304018,10.94172,7.362298,891,1,,,
892,CLEAN,6,,892,16.734507,17.46063,-0.7261238,409,0,,,
893,CLEAN,6,,893,12.139667,13.242033,-1.1023664,549,0,,,
894,CLEAN,6,,894,8.807941,11.010271,-2.2023296,905,0,,,
895,CLEAN,6,,895,20.018864,15.984202,4.0346613,895,1,,,
896,CLEAN,6,,896,16.927488,11.9551935,4.972295,896,1,,,
897,CLEAN,6,,897,18.252623,12.792442,5.4601803,897,1,,,
898,CLEAN,6,,898,14.282582,11.967442,2.3151407,898,1,,,
899,CLEAN,6,,899,15.007625,14.950596,0.05702877,899,1,,,
900,CLEAN,6,,900,15.718083,11.2319765,4.486107,900,1,,,
901,CLEAN,6,,901,21.155102,11.65821,9.496892,901,1,,,
902,CLEAN,6,,902,15.664592,14.383123,1.2814684,902,1,,,
903,CLEAN,6,,903,16.049885,11.890392,4.1594925,903,1,,,
904,CLEAN,6,,904,15.259727,11.129343,4.1303835,904,1,,,
905,CLEAN,6,,905,12.091835,8.756388,3.3354473,905,1,,,
906,CLEAN,6,,906,9.487188,12.678349,-3.1911602,785,0,,,
907,CLEAN,6,,907,9.656749,13.060059,-3.4033098,898,0,,,
908,CLEAN,6,,908,12.811239,13.713079,-0.9018402,895,0,,,
909,CLEAN,6,,909,15.362936,14.759251,0.6036854,909,1,,,
910,CLEAN,6,,910,14.139833,12.83573,1.3041039,910,1,,,
911,CLEAN,6,,911,11.275454,12.961739,-1.686285,616,0,,,
912,CLEAN,6,,912,16.824186,10.046761,6.777426,912,1,,,
913,CLEAN,6,,913,19.49056,11.166599,8.323961,913,1,,,
914,CLEAN,6,,914,21.290255,15.276325,6.0139294,914,1,,,
915,CLEAN,6,,915,12.567077,10.691437,1.8756399,915,1,,,
916,CLEAN,6,,916,17.978697,9.520437,8.45826,916,1,,,
917,CLEAN,6,,917,13.479014,10.952209,2.526805,917,1,,,
918,CLEAN,6,,918,14.435656,10.532117,3.9035387,918,1,,,
919,CLEAN,6,,919,0.12773483,9.796086,-9.668351,630,0,,,
920,CLEAN,6,,920,10.687973,11.548145,-0.8601723,919,0,,,
921,CLEAN,6,,921,12.58738,12.656686,-0.06930542,631,0,,,
922,CLEAN,6,,922,16.858555,10.103812,6.7547426,922,1,,,
923,CLEAN,6,,923,14.764743,11.522067,3.2426758,923,1,,,
924,CLEAN,6,,924,22.621956,10.88053,11.7414255,924,1,,,
925,CLEAN,6,,925,16.71573,12.661027,4.0547037,925,1,,,
926,CLEAN,6,,926,16.561619,13.644594,2.9170246,926,1,,,
927,CLEAN,6,,927,19.455881,16.47836,2.977522,927,1,,,
928,CLEAN,6,,928,14.482038,15.605897,-1.1238594,960,0,,,
929,CLEAN,6,,929,16.464762,11.553455,4.9113064,929,1,,,
930,CLEAN,6,,930,14.078242,10.783522,3.2947206,930,1,,,
931,CLEAN,6,,931,18.568256,13.265596,5.30266,931,1,,,
932,CLEAN,6,,932,14.434646,11.126014,3.308632,932,1,,,
933,CLEAN,6,,933,17.644209,11.256837,6.387372,933,1,,,
934,CLEAN,6,,934,21.639545,12.240603,9.398942,934,1,,,
935,CLEAN,6,,935,14.690808,12.653869,2.0369396,935,1,,,
936,CLEAN,6,,936,15.636006,10.0681505,5.567856,936,1,,,
937,CLEAN,6,,937,16.4647,9.704031,6.7606697,937,1,,,
938,CLEAN,6,,938,19.518621,16.177597,3.3410244,938,1,,,
939,CLEAN,6,,939,16.343706,14.226201,2.117505,939,1,,,
940,CLEAN,6,,940,19.001444,13.867527,5.133917,940,1,,,
941,CLEAN,6,,941,15.961603,12.35006,3.6115427,941,1,,,
942,CLEAN,6,,942,9.19722,10.14099,-0.9437704,659,0,,,
943,CLEAN,6,,943,21.229286,15.685274,5.544012,943,1,,,
944,CLEAN,6,,944,18.742466,12.312973,6.429493,944,1,,,
945,CLEAN,6,,945,17.72921,10.922548,6.8066616,945,1,,,
946,CLEAN,6,,946,16.111448,10.476361,5.635087,946,1,,,
947,CLEAN,6,,947,16.043379,17.59463,-1.5512505,992,0,,,
948,CLEAN,6,,948,14.371862,9.591071,4.7807913,948,1,,,
949,CLEAN,6,,949,14.274264,11.553076,2.7211885,949,1,,,
950,CLEAN,6,,950,19.675112,13.038357,6.636755,950,1,,,
951,CLEAN,6,,951,17.567015,14.104672,3.4623423,951,1,,,
952,CLEAN,6,,952,16.348074,13.712728,2.6353464,952,1,,,
953,CLEAN,6,,953,16.50654,10.4510975,6.055443,953,1,,,
954,CLEAN,6,,954,17.128433,10.44252,6.685913,954,1,,,
955,CLEAN,6,,955,20.240294,11.627819,8.612474,955,1,,,
956,CLEAN,6,,956,18.284834,10.851074,7.4337597,956,1,,,
957,CLEAN,6,,957,15.471732,9.273788,6.1979437,957,1,,,
958,CLEAN,6,,958,14.972301,11.947796,3.0245047,958,1,,,
959,CLEAN,6,,959,18.362293,13.011768,5.350525,959,1,,,
960,CLEAN,6,,960,15.482502,13.034369,2.4481325,960,1,,,
961,CLEAN,6,,961,12.642712,10.941022,1.7016897,961,1,,,
962,CLEAN,6,,962,14.605103,11.38338,3.2217226,962,1,,,
963,CLEAN,6,,963,0.12041364,14.542853,-14.42244,335,0,,,
964,CLEAN,6,,964,9.938431,11.212802,-1.2743711,455,0,,,
965,CLEAN,6,,965,14.107079,12.1630745,1.944004,965,1,,,
966,CLEAN,6,,966,6.32837,12.0772,-5.74883,650,0,,,
967,CLEAN,6,,967,10.529693,11.700878,-1.1711855,969,0,,,
968,CLEAN,6,,968,11.952072,10.861934,1.0901384,968,1,,,
969,CLEAN,6,,969,12.738017,12.802487,-0.06447029,927,0,,,
970,CLEAN,6,,970,11.698675,12.372881,-0.6742058,979,0,,,
971,CLEAN,6,,971,18.556168,10.508174,8.047994,971,1,,,
972,CLEAN,6,,972,11.48104,10.412655,1.0683851,972,1,,,
973,CLEAN,6,,973,16.118465,15.008992,1.1094732,973,1,,,
974,CLEAN,6,,974,14.919161,13.211597,1.7075634,974,1,,,
975,CLEAN,6,,975,12.675731,10.508813,2.1669178,975,1,,,
976,CLEAN,6,,976,15.084474,11.665916,3.4185572,976,1,,,
977,CLEAN,6,,977,15.981305,12.124009,3.857296,977,1,,,
978,CLEAN,6,,978,14.530717,14.690032,-0.15931511,977,0,,,
979,CLEAN,6,,979,14.271339,12.9535265,1.3178129,979,1,,,
980,CLEAN,6,,980,4.6364574,10.772005,-6.1355476,345,0,,,
981,CLEAN,6,,981,17.257814,17.313545,-0.05573082,429,0,,,
982,CLEAN,6,,982,14.496084,12.228983,2.2671013,982,1,,,
983,CLEAN,6,,983,15.75382,12.2329855,3.520835,983,1,,,
984,CLEAN,6,,984,19.772192,8.534867,11.237325,984,1,,,
985,CLEAN,6,,985,12.18085,10.206632,1.9742184,985,1,,,
986,CLEAN,6,,986,20.931192,9.184444,11.746748,986,1,,,
987,CLEAN,6,,987,19.741617,19.9477,-0.2060833,998,0,,,
988,CLEAN,6,,988,17.065304,11.247722,5.817582,988,1,,,
989,CLEAN,6,,989,19.649023,10.070607,9.578416,989,1,,,
990,CLEAN,6,,990,15.81614,12.76517,3.05097,990,1,,,
991,CLEAN,6,,991,18.632322,16.067913,2.5644093,991,1,,,
992,CLEAN,6,,992,16.302832,14.247174,2.0556574,992,1,,,
993,CLEAN,6,,993,22.11389,14.022861,8.091029,993,1,,,
994,CLEAN,6,,994,13.363931,10.935928,2.4280024,994,1,,,
995,CLEAN,6,,995,21.49443,13.171944,8.322487,995,1,,,
996,CLEAN,6,,996,18.439463,10.823549,7.6159134,996,1,,,
997,CLEAN,6,,997,18.132132,17.43171,0.7004223,997,1,,,
998,CLEAN,6,,998,20.160336,19.219675,0.9406605,998,1,,,
999,CLEAN,6,,999,12.488044,11.235535,1.2525091,999,1,,,
0,ZERO,6,,0,12.772487,10.51415,2.258337,0,1,5.5956526,0.0,0.0
1,ZERO,6,,1,5.7651353,9.025409,-3.2602735,794,0,7.0948977,1.0,0.0
2,ZERO,6,,2,4.096416,8.600437,-4.504021,599,0,8.937393,1.0,0.0
3,ZERO,6,,3,-1.7245791,7.698828,-9.423408,908,0,12.946632,1.0,0.0
4,ZERO,6,,4,-0.5601935,9.340062,-9.900255,749,0,10.499439,1.0,0.0
5,ZERO,6,,5,2.4179473,8.571228,-6.1532807,916,0,12.58987,1.0,0.0
6,ZERO,6,,6,-3.4618318,7.9574466,-11.419278,728,0,12.817481,1.0,0.0
7,ZERO,6,,7,7.917814,7.715584,0.20222998,7,1,5.014278,0.0,0.0
8,ZERO,6,,8,-1.0572457,8.862223,-9.919468,775,0,12.145029,1.0,0.0
9,ZERO,6,,9,12.2199745,7.4108953,4.809079,9,1,2.3208513,0.0,0.0
10,ZERO,6,,10,4.457545,9.466244,-5.008699,664,0,12.788874,1.0,0.0
11,ZERO,6,,11,13.878901,8.730333,5.148567,11,1,-0.22786045,0.0,0.0
12,ZERO,6,,12,-1.3052104,8.166644,-9.471854,664,0,11.174145,1.0,0.0
13,ZERO,6,,13,3.5190954,8.407809,-4.888714,591,0,8.484681,1.0,0.0
14,ZERO,6,,14,7.429462,9.256403,-1.826941,749,0,10.130009,1.0,0.0
15,ZERO,6,,15,3.2226393,8.451538,-5.228899,688,0,13.157675,1.0,0.0
16,ZERO,6,,16,9.343199,8.972514,0.37068462,16,1,8.5710945,0.0,0.0
17,ZERO,6,,17,6.5755963,7.769596,-1.1939998,749,0,3.649488,1.0,0.0
18,ZERO,6,,18,6.013356,9.480957,-3.4676008,664,0,7.788561,1.0,0.0
19,ZERO,6,,19,12.638531,9.731177,2.9073534,19,1,6.3056564,0.0,0.0
20,ZERO,6,,20,-0.64724714,10.700167,-11.347414,916,0,18.789238,1.0,0.0
21,ZERO,6,,21,-3.9120774,7.4013386,-11.313416,885,0,11.600943,1.0,0.0
22,ZERO,6,,22,2.250969,9.727706,-7.476737,611,0,11.221153,1.0,0.0
23,ZERO,6,,23,-2.8394446,8.23143,-11.070875,664,0,13.92933,1.0,0.0
24,ZERO,6,,24,9.354423,8.625396,0.7290268,24,1,9.864531,0.0,0.0
25,ZERO,6,,25,2.1711955,9.454025,-7.2828298,916,0,10.727346,1.0,0.0
26,ZERO,6,,26,4.9314175,9.565297,-4.6338797,28,0,0.9279833,0.0,0.0
27,ZERO,6,,27,3.3901694,9.668224,-6.278055,825,0,1.9207087,0.0,0.0
28,ZERO,6,,28,2.5475461,8.521847,-5.9743004,664,0,9.655119,1.0,0.0
29,ZERO,6,,29,8.212168,8.461161,-0.24899292,710,0,4.4134197,1.0,0.0
30,ZERO,6,,30,2.0944724,7.861049,-5.766577,971,0,7.952423,1.0,0.0
31,ZERO,6,,31,14.041696,14.704159,-0.6624632,30,0,3.3830442,1.0,0.0
32,ZERO,6,,32,-0.14409518,8.252829,-8.396924,599,0,7.206295,0.0,0.0
33,ZERO,6,,33,-0.9621446,8.961489,-9.923634,664,0,12.4789095,1.0,0.0
34,ZERO,6,,34,-0.20952803,9.554165,-9.763693,794,0,5.298624,0.0,0.0
35,ZERO,6,,35,9.31765,10.335482,-1.0178318,37,0,2.8296719,1.0,0.0
36,ZERO,6,,36,1.887114,7.871381,-5.9842668,859,0,5.2922883,0.0,0.0
37,ZERO,6,,37,7.9201074,8.1261635,-0.20605612,646,0,4.541635,1.0,0.0
38,ZERO,6,,38,-0.76888114,8.688162,-9.457043,664,0,7.7950783,0.0,0.0
39,ZERO,6,,39,14.429788,12.536923,1.8928642,39,1,4.3976574,0.0,0.0
40,ZERO,6,,40,14.146747,14.005333,0.14141369,40,1,1.8473806,0.0,0.0
41,ZERO,6,,41,8.371323,10.453985,-2.0826626,47,0,5.5765324,1.0,0.0
42,ZERO,6,,42,0.8984378,8.318568,-7.4201303,973,0,12.001474,1.0,0.0
43,ZERO,6,,43,11.18504,10.525669,0.6593714,43,1,6.922207,0.0,0.0
44,ZERO,6,,44,7.035594,8.189528,-1.1539345,769,0,7.612253,1.0,0.0
45,ZERO,6,,45,-1.7476802,7.3056054,-9.053286,599,0,9.555472,1.0,0.0
46,ZERO,6,,46,4.7379007,8.174263,-3.4363623,775,0,1.8141375,0.0,0.0
47,ZERO,6,,47,5.3159046,8.636553,-3.3206482,418,0,9.670168,1.0,0.0
48,ZERO,6,,48,3.8859468,7.66328,-3.7773333,599,0,10.30954,1.0,0.0
49,ZERO,6,,49,-0.11979024,9.982261,-10.102051,646,0,11.516627,1.0,0.0
50,ZERO,6,,50,-0.32585028,6.740048,-7.0658984,549,0,8.87262,1.0,0.0
51,ZERO,6,,51,3.42083,9.996614,-6.5757847,664,0,9.228266,1.0,0.0
52,ZERO,6,,52,4.091823,9.2557955,-5.1639724,78,0,7.8665786,1.0,0.0
53,ZERO,6,,53,19.069647,16.019764,3.049883,53,1,0.8449764,0.0,0.0
54,ZERO,6,,54,-1.1095034,9.882482,-10.991985,599,0,7.0413837,0.0,0.0
55,ZERO,6,,55,14.767223,15.548833,-0.78160954,64,0,-0.5234184,0.0,0.0
56,ZERO,6,,56,-0.6649965,9.219809,-9.884805,549,0,12.5964985,1.0,0.0
57,ZERO,6,,57,5.9814987,10.533454,-4.551955,66,0,4.687009,1.0,0.0
58,ZERO,6,,58,0.11186513,8.767193,-8.655328,549,0,9.65035,1.0,0.0
59,ZERO,6,,59,15.358771,14.72981,0.62896156,59,1,2.463995,0.0,0.0
60,ZERO,6,,60,2.004932,7.876708,-5.871776,825,0,8.093512,1.0,0.0
61,ZERO,6,,61,7.0528083,7.9386363,-0.885828,599,0,5.7393274,1.0,0.0
62,ZERO,6,,62,6.4181256,8.901653,-2.4835277,399,0,2.3667397,0.0,0.0
63,ZERO,6,,63,4.3650327,8.157527,-3.7924943,310,0,10.302809,1.0,0.0
64,ZERO,6,,64,1.1967832,8.636672,-7.439889,917,0,9.461582,1.0,0.0
65,ZERO,6,,65,2.1442058,8.864703,-6.720497,506,0,11.380118,1.0,0.0
66,ZERO,6,,66,6.7116246,10.330308,-3.6186833,549,0,5.5837617,1.0,0.0
67,ZERO,6,,67,2.953569,8.939523,-5.985954,506,0,6.1778083,1.0,0.0
68,ZERO,6,,68,3.0050995,8.103149,-5.09805,749,0,3.8348894,0.0,0.0
69,ZERO,6,,69,1.7756151,8.790546,-7.014931,506,0,10.985991,1.0,0.0
70,ZERO,6,,70,7.119438,9.660214,-2.5407763,916,0,11.037392,1.0,0.0
71,ZERO,6,,71,16.955189,10.668133,6.287056,71,1,2.9069242,0.0,0.0
72,ZERO,6,,72,15.113471,14.6136265,0.49984455,72,1,0.80463314,0.0,0.0
73,ZERO,6,,73,2.0647044,9.4049635,-7.340259,506,0,12.461027,1.0,0.0
74,ZERO,6,,74,5.419996,8.023719,-2.603723,815,0,0.77197504,0.0,0.0
75,ZERO,6,,75,0.7588983,7.60583,-6.846932,917,0,10.905155,1.0,0.0
76,ZERO,6,,76,13.185894,12.234623,0.95127106,76,1,3.668519,0.0,0.0
77,ZERO,6,,77,12.560864,13.5085535,-0.94768906,73,0,0.7100563,0.0,0.0
78,ZERO,6,,78,12.250352,11.41569,0.8346615,78,1,5.3543024,0.0,0.0
79,ZERO,6,,79,8.569572,9.804342,-1.2347698,815,0,4.644126,1.0,0.0
80,ZERO,6,,80,11.470085,8.339964,3.1301212,80,1,6.2675076,0.0,0.0
81,ZERO,6,,81,0.98990947,7.145152,-6.1552424,664,0,16.461464,1.0,0.0
82,ZERO,6,,82,3.1255,10.128011,-7.002511,599,0,10.415724,1.0,0.0
83,ZERO,6,,83,3.9384668,9.053581,-5.115114,549,0,12.392975,1.0,0.0
84,ZERO,6,,84,3.0892904,10.171932,-7.0826416,562,0,10.301135,1.0,0.0
85,ZERO,6,,85,12.894047,12.877073,0.016973495,85,1,5.165718,0.0,0.0
86,ZERO,6,,86,13.777788,13.285614,0.49217415,86,1,1.4875736,0.0,0.0
87,ZERO,6,,87,3.9635124,8.682316,-4.7188034,556,0,10.245054,1.0,0.0
88,ZERO,6,,88,10.551727,8.071174,2.4805536,88,1,4.3762217,0.0,0.0
89,ZERO,6,,89,13.742241,9.067303,4.674938,89,1,2.3270092,0.0,0.0
90,ZERO,6,,90,10.944607,9.007749,1.9368582,90,1,6.324319,0.0,0.0
91,ZERO,6,,91,4.42849,9.247225,-4.8187346,556,0,14.064941,1.0,0.0
92,ZERO,6,,92,18.42606,9.948127,8.477933,92,1,-0.14371967,0.0,0.0
93,ZERO,6,,93,-0.7707884,9.66417,-10.434958,917,0,14.933994,1.0,0.0
94,ZERO,6,,94,6.090264,9.580119,-3.4898553,749,0,5.8519235,1.0,0.0
95,ZERO,6,,95,8.859168,10.173445,-1.3142767,92,0,9.280102,1.0,0.0
96,ZERO,6,,96,10.704393,9.093827,1.6105661,96,1,3.112258,0.0,0.0
97,ZERO,6,,97,4.0668797,8.355111,-4.2882314,728,0,5.877661,1.0,0.0
98,ZERO,6,,98,3.5198584,8.395815,-4.8759565,741,0,18.330276,1.0,0.0
99,ZERO,6,,99,2.7732637,8.69366,-5.920396,749,0,7.34762,1.0,0.0
100,ZERO,6,,100,8.460091,8.010805,0.4492855,100,1,5.9320116,0.0,0.0
101,ZERO,6,,101,11.707609,13.806181,-2.0985718,385,0,2.1245327,1.0,0.0
102,ZERO,6,,102,1.8208194,9.877638,-8.056818,646,0,14.7586975,1.0,0.0
103,ZERO,6,,103,0.92934734,8.567737,-7.638389,599,0,14.876532,1.0,0.0
104,ZERO,6,,104,3.20485,8.709604,-5.504754,365,0,8.745631,1.0,0.0
105,ZERO,6,,105,8.902567,8.111706,0.7908611,105,1,6.4111595,0.0,0.0
106,ZERO,6,,106,-3.79269,9.268768,-13.061459,481,0,19.235718,1.0,0.0
107,ZERO,6,,107,1.1119268,8.430719,-7.3187923,310,0,16.180779,1.0,0.0
108,ZERO,6,,108,8.086612,10.86687,-2.7802582,664,0,2.6618671,0.0,0.0
109,ZERO,6,,109,1.7922646,8.06101,-6.268746,646,0,9.116978,1.0,0.0
110,ZERO,6,,110,5.494652,9.107179,-3.612527,973,0,8.282262,1.0,0.0
111,ZERO,6,,111,10.879558,9.553433,1.3261242,111,1,4.398739,0.0,0.0
112,ZERO,6,,112,2.894004,12.038212,-9.144208,599,0,10.344364,1.0,0.0
113,ZERO,6,,113,8.980051,8.2242365,0.75581455,113,1,6.0538435,0.0,0.0
114,ZERO,6,,114,3.5038114,8.687744,-5.183933,644,0,0.4217372,0.0,0.0
115,ZERO,6,,115,1.013257,9.049944,-8.036687,917,0,10.8242655,1.0,0.0
116,ZERO,6,,116,4.4204016,9.369672,-4.9492702,506,0,13.8801775,1.0,0.0
117,ZERO,6,,117,14.145042,9.016533,5.1285095,117,1,4.595724,0.0,0.0
118,ZERO,6,,118,7.211221,9.881315,-2.670094,886,0,4.370169,1.0,0.0
119,ZERO,6,,119,7.5006914,8.873464,-1.3727722,71,0,4.7555027,1.0,0.0
120,ZERO,6,,120,4.842228,8.732009,-3.889781,584,0,6.076578,1.0,0.0
121,ZERO,6,,121,3.4234514,8.860748,-5.437297,815,0,8.921794,1.0,0.0
122,ZERO,6,,122,4.572878,8.459466,-3.886588,584,0,9.137317,1.0,0.0
123,ZERO,6,,123,1.9323232,8.51007,-6.5777464,556,0,7.1416073,1.0,0.0
124,ZERO,6,,124,5.323504,7.1617513,-1.8382473,111,0,3.5831347,1.0,0.0
125,ZERO,6,,125,4.4325075,9.81559,-5.3830824,815,0,10.372802,1.0,0.0
126,ZERO,6,,126,3.1777492,9.475958,-6.2982087,562,0,4.1212773,0.0,0.0
127,ZERO,6,,127,13.756863,12.344009,1.4128532,127,1,0.013017654,0.0,0.0
128,ZERO,6,,128,-2.4435174,13.165019,-15.608537,611,0,18.751816,1.0,0.0
129,ZERO,6,,129,8.402859,8.713292,-0.3104334,921,0,6.868682,1.0,0.0
130,ZERO,6,,130,4.976804,8.702479,-3.7256756,728,0,10.989499,1.0,0.0
131,ZERO,6,,131,2.4610922,9.836968,-7.3758764,916,0,9.338576,1.0,0.0
132,ZERO,6,,132,-0.2900321,7.718609,-8.008641,916,0,11.252432,1.0,0.0
133,ZERO,6,,133,7.9896045,8.165141,-0.17553663,917,0,8.0904255,1.0,0.0
134,ZERO,6,,134,0.51241124,8.777519,-8.265108,556,0,11.174935,1.0,0.0
135,ZERO,6,,135,2.9492471,9.68288,-6.733633,664,0,16.16918,1.0,0.0
136,ZERO,6,,136,14.496869,13.441159,1.0557098,136,1,5.3621197,0.0,0.0
137,ZERO,6,,137,11.712054,8.846184,2.8658705,137,1,2.3792439,0.0,0.0
138,ZERO,6,,138,1.694623,7.783998,-6.089375,556,0,4.264485,0.0,0.0
139,ZERO,6,,139,9.574903,10.018401,-0.4434986,141,0,5.785516,1.0,0.0
140,ZERO,6,,140,3.85531,8.043139,-4.1878295,885,0,11.877731,1.0,0.0
141,ZERO,6,,141,16.364624,12.398146,3.9664783,141,1,2.4059153,0.0,0.0
142,ZERO,6,,142,14.767173,12.406806,2.3603668,142,1,4.401514,0.0,0.0
143,ZERO,6,,143,14.333596,11.007078,3.326518,143,1,7.7939425,0.0,0.0
144,ZERO,6,,144,-2.181966,9.388933,-11.570899,916,0,12.366293,1.0,0.0
145,ZERO,6,,145,1.6503513,7.031501,-5.3811493,439,0,8.776077,1.0,0.0
146,ZERO,6,,146,9.384312,7.7270904,1.6572213,146,1,7.8122687,0.0,0.0
147,ZERO,6,,147,4.248695,7.9952455,-3.7465506,562,0,11.251908,1.0,0.0
148,ZERO,6,,148,2.2451174,8.918127,-6.67301,904,0,14.743116,1.0,0.0
149,ZERO,6,,149,3.370615,9.3964205,-6.0258055,549,0,8.122091,1.0,0.0
150,ZERO,6,,150,6.414125,8.817375,-2.4032502,358,0,7.7856975,1.0,0.0
151,ZERO,6,,151,6.4795055,10.076873,-3.5973673,162,0,1.1272888,0.0,0.0
152,ZERO,6,,152,11.873751,9.254028,2.6197224,152,1,1.8769817,0.0,0.0
153,ZERO,6,,153,5.601866,9.879256,-4.2773905,749,0,6.470997,1.0,0.0
154,ZERO,6,,154,13.684075,10.23032,3.4537554,154,1,0.34757042,0.0,0.0
155,ZERO,6,,155,11.1667185,11.050294,0.11642456,155,1,0.9300356,0.0,0.0
156,ZERO,6,,156,9.879483,9.223474,0.6560097,156,1,3.709672,0.0,0.0
157,ZERO,6,,157,8.674414,9.526861,-0.8524475,760,0,3.9324636,1.0,0.0
158,ZERO,6,,158,7.569644,11.678121,-4.1084766,151,0,3.3265991,0.0,0.0
159,ZERO,6,,159,7.7846103,10.465107,-2.6804967,208,0,5.9528975,1.0,0.0
160,ZERO,6,,160,3.4255767,8.021575,-4.5959983,549,0,11.531633,1.0,0.0
161,ZERO,6,,161,15.292928,10.674228,4.6187,161,1,-0.10929108,0.0,0.0
162,ZERO,6,,162,13.619186,12.992276,0.6269102,162,1,3.8017845,0.0,0.0
163,ZERO,6,,163,10.408348,11.472937,-1.0645885,161,0,1.043684,0.0,0.0
164,ZERO,6,,164,11.312977,12.894817,-1.5818405,210,0,2.6393528,1.0,0.0
165,ZERO,6,,165,13.151873,11.529379,1.6224937,165,1,3.8171597,0.0,0.0
166,ZERO,6,,166,6.294722,10.573442,-4.2787204,167,0,6.4332395,1.0,0.0
167,ZERO,6,,167,9.093048,8.545408,0.54763985,167,1,-2.5899563,0.0,1.0
168,ZERO,6,,168,12.494828,13.448329,-0.95350075,163,0,2.399334,1.0,0.0
169,ZERO,6,,169,11.604779,8.756573,2.8482065,169,1,4.030979,0.0,0.0
170,ZERO,6,,170,15.465564,13.602617,1.8629465,170,1,1.5585585,0.0,0.0
171,ZERO,6,,171,12.684037,12.682928,0.0011091232,171,1,2.505206,0.0,0.0
172,ZERO,6,,172,5.755122,8.67221,-2.9170876,893,0,7.962902,1.0,0.0
173,ZERO,6,,173,3.2482822,7.494987,-4.246705,556,0,10.836906,1.0,0.0
174,ZERO,6,,174,3.9227452,6.9284334,-3.0056882,66,0,5.460377,1.0,0.0
175,ZERO,6,,175,4.634495,9.890759,-5.2562647,194,0,7.682103,1.0,0.0
176,ZERO,6,,176,10.696152,12.606421,-1.9102697,172,0,-0.9096041,0.0,0.0
177,ZERO,6,,177,14.330159,13.303716,1.0264435,177,1,1.1901798,0.0,0.0
178,ZERO,6,,178,13.523913,12.2687435,1.2551699,178,1,3.5473108,0.0,0.0
179,ZERO,6,,179,12.434713,12.3679695,0.06674385,179,1,-0.945755,0.0,1.0
180,ZERO,6,,180,8.458764,9.812374,-1.35361,167,0,1.861372,1.0,0.0
181,ZERO,6,,181,3.7502239,8.160515,-4.4102907,549,0,7.97171,1.0,0.0
182,ZERO,6,,182,7.6947265,9.215641,-1.5209146,191,0,-0.09935713,0.0,0.0
183,ZERO,6,,183,10.914735,10.599642,0.31509304,183,1,3.7367477,0.0,0.0
184,ZERO,6,,184,7.3329444,8.836032,-1.5030875,151,0,6.184652,1.0,0.0
185,ZERO,6,,185,9.968769,10.198877,-0.23010826,199,0,4.1151295,1.0,0.0
186,ZERO,6,,186,11.476331,9.979104,1.4972267,186,1,-1.3381443,0.0,0.0
187,ZERO,6,,187,9.137404,10.82305,-1.6856451,252,0,1.5731592,0.0,0.0
188,ZERO,6,,188,13.071672,8.039388,5.0322847,188,1,1.68538,0.0,0.0
189,ZERO,6,,189,15.3255,14.827204,0.49829578,189,1,3.091611,0.0,0.0
190,ZERO,6,,190,15.632351,11.83736,3.7949905,190,1,-1.5666132,0.0,0.0
191,ZERO,6,,191,5.2690253,8.230194,-2.9611688,911,0,3.909862,1.0,0.0
192,ZERO,6,,192,-0.73661286,8.393221,-9.129834,439,0,9.277109,1.0,0.0
193,ZERO,6,,193,13.465509,13.842881,-0.3773718,192,0,2.1750498,1.0,0.0
194,ZERO,6,,194,17.393948,11.67792,5.7160273,194,1,2.3403215,0.0,0.0
195,ZERO,6,,195,9.494923,8.138102,1.3568211,195,1,0.46523,0.0,0.0
196,ZERO,6,,196,5.6322536,13.941682,-8.309428,198,0,2.0183363,0.0,0.0
197,ZERO,6,,197,-2.1765654,8.884337,-11.060903,916,0,13.083563,1.0,0.0
198,ZERO,6,,198,8.9816885,11.534981,-2.5532923,199,0,6.0537634,1.0,0.0
199,ZERO,6,,199,7.010639,9.0509615,-2.0403223,916,0,4.3773336,1.0,0.0
200,ZERO,6,,200,11.177551,11.932221,-0.75467014,153,0,3.5333061,1.0,0.0
201,ZERO,6,,201,11.357953,10.5997505,0.75820255,201,1,0.19671535,0.0,0.0
202,ZERO,6,,202,6.1843853,10.585541,-4.4011555,191,0,5.252163,1.0,0.0
203,ZERO,6,,203,0.25786096,8.832511,-8.57465,599,0,9.839654,1.0,0.0
204,ZERO,6,,204,-0.53324187,8.483846,-9.017088,233,0,8.460839,0.0,0.0
205,ZERO,6,,205,11.480683,9.616235,1.8644485,205,1,1.999115,0.0,0.0
206,ZERO,6,,206,13.511459,11.71294,1.7985191,206,1,1.0696764,0.0,0.0
207,ZERO,6,,207,12.137179,11.944056,0.19312382,207,1,2.242216,0.0,0.0
208,ZERO,6,,208,5.721056,9.542253,-3.8211966,235,0,0.72839737,0.0,0.0
209,ZERO,6,,209,7.1993175,8.048086,-0.8487687,664,0,1.2227778,1.0,0.0
210,ZERO,6,,210,7.465989,7.077074,0.38891506,210,1,4.5003386,0.0,0.0
211,ZERO,6,,211,9.540669,7.749025,1.7916446,211,1,1.5454593,0.0,0.0
212,ZERO,6,,212,5.839236,8.1267805,-2.2875447,539,0,5.0801272,1.0,0.0
213,ZERO,6,,213,10.71313,15.117031,-4.403901,218,0,-1.6110001,0.0,0.0
214,ZERO,6,,214,7.151875,8.430354,-1.2784791,205,0,8.533058,1.0,0.0
215,ZERO,6,,215,13.123982,10.501885,2.622097,215,1,2.9721508,0.0,0.0
216,ZERO,6,,216,9.993621,9.547517,0.44610405,216,1,2.8971367,0.0,0.0
217,ZERO,6,,217,5.5954294,7.9295936,-2.3341641,552,0,5.7156014,1.0,0.0
218,ZERO,6,,218,17.848803,13.4398775,4.408925,218,1,-0.20552349,0.0,0.0
219,ZERO,6,,219,3.5318482,8.738285,-5.206437,741,0,6.4824333,1.0,0.0
220,ZERO,6,,220,16.038486,14.2666645,1.771822,220,1,4.211447,0.0,0.0
221,ZERO,6,,221,7.838827,8.805297,-0.96646976,539,0,2.720087,1.0,0.0
222,ZERO,6,,222,12.381211,10.844701,1.5365105,222,1,-0.59350395,0.0,0.0
223,ZERO,6,,223,14.377521,10.198307,4.1792135,223,1,3.1558561,0.0,0.0
224,ZERO,6,,224,12.918618,10.616734,2.3018847,224,1,4.691948,0.0,0.0
225,ZERO,6,,225,5.8372297,7.843571,-2.0063415,151,0,6.2844357,1.0,0.0
226,ZERO,6,,226,2.5885882,9.7540865,-7.1654983,556,0,-2.3931956,0.0,0.0
227,ZERO,6,,227,6.8340154,9.055481,-2.2214656,294,0,5.4861293,1.0,0.0
228,ZERO,6,,228,8.146447,8.988782,-0.84233475,741,0,7.8818855,1.0,0.0
229,ZERO,6,,229,2.5025117,10.213419,-7.710907,203,0,11.990757,1.0,0.0
230,ZERO,6,,230,1.8498375,8.380943,-6.531106,212,0,4.0599675,0.0,0.0
231,ZERO,6,,231,13.13721,12.273296,0.86391354,231,1,-3.2050524,0.0,1.0
232,ZERO,6,,232,9.170572,11.037783,-1.8672104,157,0,3.058241,1.0,0.0
233,ZERO,6,,233,4.0127277,9.1557665,-5.1430387,741,0,12.641952,1.0,0.0
234,ZERO,6,,234,12.558797,10.749846,1.8089504,234,1,2.713544,0.0,0.0
235,ZERO,6,,235,13.2025175,13.788357,-0.5858393,225,0,-0.5484457,0.0,0.0
236,ZERO,6,,236,13.361871,13.879789,-0.5179186,237,0,3.8100004,1.0,0.0
237,ZERO,6,,237,8.559673,8.980258,-0.42058468,151,0,1.7630711,1.0,0.0
238,ZERO,6,,238,-3.0876627,7.516193,-10.603855,599,0,8.655033,0.0,0.0
239,ZERO,6,,239,9.727955,8.967452,0.7605028,239,1,-1.6864347,0.0,1.0
240,ZERO,6,,240,14.449042,13.568778,0.8802643,240,1,-1.5198288,0.0,1.0
241,ZERO,6,,241,-0.51703125,9.374303,-9.891335,917,0,10.777482,1.0,0.0
242,ZERO,6,,242,15.446737,12.435778,3.0109596,242,1,1.2590952,0.0,0.0
243,ZERO,6,,243,12.824867,11.322679,1.5021887,243,1,0.98902035,0.0,0.0
244,ZERO,6,,244,16.995924,12.371708,4.624216,244,1,4.7295895,0.0,0.0
245,ZERO,6,,245,2.5037997,8.130369,-5.6265697,539,0,8.568748,1.0,0.0
246,ZERO,6,,246,5.5665193,9.563767,-3.9972482,496,0,3.7411246,0.0,0.0
247,ZERO,6,,247,14.911395,11.725978,3.1854172,247,1,3.0629492,0.0,0.0
248,ZERO,6,,248,13.365318,14.599118,-1.2337999,250,0,2.7268162,1.0,0.0
249,ZERO,6,,249,11.355884,11.18599,0.16989326,249,1,5.227806,0.0,0.0
250,ZERO,6,,250,13.562067,13.019038,0.54302883,250,1,-0.19884968,0.0,0.0
251,ZERO,6,,251,10.375765,7.8259897,2.5497751,251,1,1.2193804,0.0,0.0
252,ZERO,6,,252,15.286007,11.615714,3.6702929,252,1,-0.98692036,0.0,0.0
253,ZERO,6,,253,12.218623,8.291621,3.927002,253,1,2.9002018,0.0,0.0
254,ZERO,6,,254,5.596925,8.242189,-2.6452646,691,0,9.869454,1.0,0.0
255,ZERO,6,,255,4.678665,8.326982,-3.6483164,260,0,8.183313,1.0,0.0
256,ZERO,6,,256,12.048274,12.686641,-0.6383667,224,0,1.6421776,1.0,0.0
257,ZERO,6,,257,10.542658,12.487939,-1.945281,222,0,5.0202847,1.0,0.0
258,ZERO,6,,258,13.716871,9.487762,4.229109,258,1,0.5048456,0.0,0.0
259,ZERO,6,,259,10.25726,9.11603,1.1412306,259,1,2.955513,0.0,0.0
260,ZERO,6,,260,12.676331,10.065554,2.610777,260,1,0.7910547,0.0,0.0
261,ZERO,6,,261,11.075182,11.120806,-0.04562378,259,0,4.3578873,1.0,0.0
262,ZERO,6,,262,5.5099335,6.582846,-1.0729127,463,0,7.6568265,1.0,0.0
263,ZERO,6,,263,14.566145,12.517831,2.048314,263,1,-2.3497458,0.0,1.0
264,ZERO,6,,264,7.0130167,7.6521883,-0.6391716,549,0,3.5441542,1.0,0.0
265,ZERO,6,,265,-0.11873495,7.159847,-7.2785816,562,0,-1.2144041,0.0,0.0
266,ZERO,6,,266,9.010281,10.125728,-1.115447,265,0,2.011013,1.0,0.0
267,ZERO,6,,267,16.39458,11.038774,5.3558073,267,1,-1.1475325,0.0,0.0
268,ZERO,6,,268,4.2816486,7.2770567,-2.995408,916,0,5.9071236,1.0,0.0
269,ZERO,6,,269,17.433792,14.6809225,2.7528696,269,1,0.41593838,0.0,0.0
270,ZERO,6,,270,16.287596,13.545116,2.7424793,270,1,0.97574997,0.0,0.0
271,ZERO,6,,271,9.741925,13.548735,-3.8068094,274,0,-1.3022919,0.0,0.0
272,ZERO,6,,272,3.7017865,9.12392,-5.422134,549,0,5.8765845,1.0,0.0
273,ZERO,6,,273,8.615566,8.426664,0.1889019,273,1,-0.02274704,0.0,0.0
274,ZERO,6,,274,15.37557,11.738004,3.6375666,274,1,2.5430832,0.0,0.0
275,ZERO,6,,275,9.301519,8.548371,0.7531481,275,1,4.6953325,0.0,0.0
276,ZERO,6,,276,9.22423,8.831123,0.39310646,276,1,4.836748,0.0,0.0
277,ZERO,6,,277,7.451192,9.775752,-2.3245602,280,0,0.17690659,0.0,0.0
278,ZERO,6,,278,9.908642,13.168467,-3.2598248,279,0,2.5252304,0.0,0.0
279,ZERO,6,,279,11.043494,10.124262,0.91923237,279,1,6.6143293,0.0,0.0
280,ZERO,6,,280,3.3081717,8.157145,-4.848973,646,0,10.1623745,1.0,0.0
281,ZERO,6,,281,10.937971,10.470472,0.46749878,281,1,0.7409868,0.0,0.0
282,ZERO,6,,282,8.688762,9.53955,-0.8507881,800,0,-0.38140678,0.0,0.0
283,ZERO,6,,283,9.355314,8.200268,1.1550465,283,1,6.740505,0.0,0.0
284,ZERO,6,,284,13.6913185,8.339812,5.351506,284,1,0.933795,0.0,0.0
285,ZERO,6,,285,12.097973,11.927306,0.1706667,285,1,0.07537556,0.0,0.0
286,ZERO,6,,286,14.285168,9.473764,4.8114033,286,1,3.78788,0.0,0.0
287,ZERO,6,,287,13.2681875,10.212222,3.0559654,287,1,6.5739784,0.0,0.0
288,ZERO,6,,288,1.8475375,7.2224627,-5.374925,549,0,7.486198,1.0,0.0
289,ZERO,6,,289,8.877209,10.701638,-1.8244295,285,0,5.073534,1.0,0.0
290,ZERO,6,,290,13.821838,12.446645,1.3751936,290,1,0.19140911,0.0,0.0
291,ZERO,6,,291,-1.7184845,8.910794,-10.629279,446,0,11.886164,1.0,0.0
292,ZERO,6,,292,10.482987,8.78295,1.700037,292,1,0.5060539,0.0,0.0
293,ZERO,6,,293,16.498594,11.202882,5.2957125,293,1,2.4551706,0.0,0.0
294,ZERO,6,,294,9.982175,11.648227,-1.6660519,296,0,7.38192,1.0,0.0
295,ZERO,6,,295,4.4648404,8.606425,-4.141585,917,0,4.1515126,1.0,0.0
296,ZERO,6,,296,5.2065444,7.91456,-2.7080154,470,0,9.076758,1.0,0.0
297,ZERO,6,,297,10.546798,10.048068,0.4987297,297,1,8.662648,0.0,0.0
298,ZERO,6,,298,13.615637,12.655255,0.9603815,298,1,2.0050507,0.0,0.0
299,ZERO,6,,299,6.5185127,6.6243005,-0.105787754,358,0,3.971623,1.0,0.0
300,ZERO,6,,300,18.317577,14.501272,3.8163052,300,1,2.3523245,0.0,0.0
301,ZERO,6,,301,10.68756,8.631797,2.0557632,301,1,3.038497,0.0,0.0
302,ZERO,6,,302,2.0862749,8.882898,-6.796623,599,0,5.02771,0.0,0.0
303,ZERO,6,,303,1.2859823,8.047721,-6.761739,916,0,9.448953,1.0,0.0
304,ZERO,6,,304,9.82644,10.137138,-0.3106985,301,0,4.86613,1.0,0.0
305,ZERO,6,,305,5.629918,7.3419547,-1.7120366,664,0,7.137915,1.0,0.0
306,ZERO,6,,306,0.10532048,7.6011424,-7.495822,611,0,15.600605,1.0,0.0
307,ZERO,6,,307,6.3358154,8.62245,-2.2866344,302,0,10.814078,1.0,0.0
308,ZERO,6,,308,11.827992,11.771876,0.056116104,308,1,0.8871784,0.0,0.0
309,ZERO,6,,309,11.394266,9.76652,1.6277466,309,1,2.1558218,0.0,0.0
310,ZERO,6,,310,12.882981,10.202242,2.6807394,310,1,-2.12895,0.0,0.0
311,ZERO,6,,311,11.345927,10.060693,1.2852345,311,1,1.1034698,0.0,0.0
312,ZERO,6,,312,4.9536915,9.487645,-4.5339537,556,0,4.911008,1.0,0.0
313,ZERO,6,,313,10.403436,9.472613,0.9308224,313,1,4.112879,0.0,0.0
314,ZERO,6,,314,12.499216,10.949375,1.5498409,314,1,2.0498676,0.0,0.0
315,ZERO,6,,315,7.067751,8.367509,-1.299758,644,0,4.835039,1.0,0.0
316,ZERO,6,,316,8.047865,10.405612,-2.357747,318,0,9.305594,1.0,0.0
317,ZERO,6,,317,9.060805,17.788393,-8.727588,318,0,-0.8155012,0.0,0.0
318,ZERO,6,,318,15.470622,12.726207,2.7444153,318,1,8.5231,0.0,0.0
319,ZERO,6,,319,11.308718,10.788496,0.5202217,319,1,2.1167831,0.0,0.0
320,ZERO,6,,320,11.795529,10.287838,1.5076914,320,1,0.6478987,0.0,0.0
321,ZERO,6,,321,15.168912,10.65178,4.517132,321,1,2.465788,0.0,0.0
322,ZERO,6,,322,9.335045,10.799869,-1.4648237,325,0,7.014065,1.0,0.0
323,ZERO,6,,323,7.3642936,10.133877,-2.7695832,549,0,8.611187,1.0,0.0
324,ZERO,6,,324,6.5144506,13.544951,-7.030501,318,0,13.120443,1.0,0.0
325,ZERO,6,,325,10.156749,8.677599,1.4791498,325,1,6.0440073,0.0,0.0
326,ZERO,6,,326,1.5301285,8.638008,-7.1078796,556,0,10.551624,1.0,0.0
327,ZERO,6,,327,4.6955976,8.32889,-3.6332922,850,0,10.927827,1.0,0.0
328,ZERO,6,,328,6.695917,9.706241,-3.0103235,701,0,7.9695024,1.0,0.0
329,ZERO,6,,329,4.038733,8.075459,-4.0367255,749,0,10.561533,1.0,0.0
330,ZERO,6,,330,13.2542305,13.667745,-0.41351414,331,0,2.6146479,1.0,0.0
331,ZERO,6,,331,12.706326,10.517674,2.188651,331,1,2.6335897,0.0,0.0
332,ZERO,6,,332,6.2926307,8.634355,-2.341724,539,0,8.258135,1.0,0.0
333,ZERO,6,,333,6.0806823,8.417589,-2.336907,749,0,7.1603255,1.0,0.0
334,ZERO,6,,334,4.1416535,10.638033,-6.4963794,646,0,1.5846457,0.0,0.0
335,ZERO,6,,335,3.210281,7.1776633,-3.9673824,446,0,8.553275,1.0,0.0
336,ZERO,6,,336,-1.6087732,8.991774,-10.600547,917,0,11.226238,1.0,0.0
337,ZERO,6,,337,4.9129195,8.625361,-3.712442,916,0,-1.625814,0.0,0.0
338,ZERO,6,,338,2.810529,9.50941,-6.698881,549,0,5.6012964,0.0,0.0
339,ZERO,6,,339,11.520802,9.250958,2.269843,339,1,3.5781193,0.0,0.0
340,ZERO,6,,340,10.323026,8.397384,1.925642,340,1,6.1034613,0.0,0.0
341,ZERO,6,,341,5.1818533,9.386611,-4.2047577,199,0,0.623641,0.0,0.0
342,ZERO,6,,342,8.440986,8.356564,0.08442211,342,1,1.1317434,0.0,0.0
343,ZERO,6,,343,8.361308,9.387714,-1.0264063,341,0,3.242978,1.0,0.0
344,ZERO,6,,344,-0.7501079,7.8546715,-8.604779,562,0,15.308654,1.0,0.0
345,ZERO,6,,345,14.321799,13.121095,1.2007046,345,1,-3.6930008,0.0,1.0
346,ZERO,6,,346,0.20763195,9.667064,-9.459432,794,0,14.816327,1.0,0.0
347,ZERO,6,,347,2.9813824,7.5308414,-4.549459,199,0,6.1483245,1.0,0.0
348,ZERO,6,,348,-1.4855002,9.325184,-10.810684,556,0,8.777194,0.0,0.0
349,ZERO,6,,349,5.3481426,9.598571,-4.250428,556,0,5.6870794,1.0,0.0
350,ZERO,6,,350,1.1448717,8.042003,-6.897131,664,0,10.839361,1.0,0.0
351,ZERO,6,,351,3.0168645,7.993397,-4.976533,879,0,10.254356,1.0,0.0
352,ZERO,6,,352,2.2248163,9.77773,-7.5529137,446,0,10.2746105,1.0,0.0
353,ZERO,6,,353,3.2330675,8.598842,-5.365774,664,0,5.827937,1.0,0.0
354,ZERO,6,,354,9.92526,8.382013,1.5432463,354,1,7.3994923,0.0,0.0
355,ZERO,6,,355,6.3075275,10.306184,-3.9986563,286,0,10.648977,1.0,0.0
356,ZERO,6,,356,2.7019746,7.91745,-5.215475,556,0,6.7467766,1.0,0.0
357,ZERO,6,,357,-0.71915346,8.853981,-9.573134,646,0,8.528595,0.0,0.0
358,ZERO,6,,358,1.8353367,8.425675,-6.5903387,591,0,1.8208733,0.0,0.0
359,ZERO,6,,359,0.17153656,8.055982,-7.884445,626,0,7.295703,0.0,0.0
360,ZERO,6,,360,2.5477574,8.635693,-6.0879354,916,0,7.779929,1.0,0.0
361,ZERO,6,,361,0.044528592,9.663493,-9.618964,971,0,11.716465,1.0,0.0
362,ZERO,6,,362,1.3563015,6.9966693,-5.6403675,556,0,9.210461,1.0,0.0
363,ZERO,6,,363,5.5977106,9.42152,-3.8238096,674,0,14.792919,1.0,0.0
364,ZERO,6,,364,6.566296,8.893581,-2.3272853,646,0,13.881437,1.0,0.0
365,ZERO,6,,365,2.7575657,9.085032,-6.327467,885,0,10.024903,1.0,0.0
366,ZERO,6,,366,3.3951256,6.717922,-3.3227966,539,0,8.115012,1.0,0.0
367,ZERO,6,,367,0.36751243,7.5660768,-7.1985645,562,0,7.8344526,1.0,0.0
368,ZERO,6,,368,4.150063,8.027422,-3.877359,556,0,8.602821,1.0,0.0
369,ZERO,6,,369,11.729401,7.451861,4.2775397,369,1,-0.6263709,0.0,0.0
370,ZERO,6,,370,2.2336905,7.14453,-4.910839,971,0,7.816082,1.0,0.0
371,ZERO,6,,371,13.404372,16.483397,-3.0790243,370,0,-1.7657633,0.0,0.0
372,ZERO,6,,372,0.41759026,6.675156,-6.257566,698,0,6.6508365,1.0,0.0
373,ZERO,6,,373,16.169966,14.147453,2.0225124,373,1,0.8611717,0.0,0.0
374,ZERO,6,,374,-0.8512744,8.5,-9.3512745,481,0,12.552717,1.0,0.0
375,ZERO,6,,375,17.157175,14.43331,2.7238655,375,1,2.3054256,0.0,0.0
376,ZERO,6,,376,7.5220256,8.439889,-0.91786337,562,0,5.8484855,1.0,0.0
377,ZERO,6,,377,5.768728,10.236202,-4.4674745,380,0,5.793073,1.0,0.0
378,ZERO,6,,378,8.51832,9.617725,-1.0994053,380,0,4.3669662,1.0,0.0
379,ZERO,6,,379,3.5859616,8.207686,-4.621725,917,0,6.7369843,1.0,0.0
380,ZERO,6,,380,9.028672,8.278783,0.7498894,380,1,2.5717182,0.0,0.0
381,ZERO,6,,381,2.6362374,7.9439945,-5.3077574,611,0,6.1666746,1.0,0.0
382,ZERO,6,,382,0.5923446,7.7416496,-7.149305,917,0,6.5837255,0.0,0.0
383,ZERO,6,,383,14.616841,12.512767,2.1040745,383,1,0.010469437,0.0,0.0
384,ZERO,6,,384,10.0803795,10.315462,-0.23508263,885,0,6.66498,1.0,0.0
385,ZERO,6,,385,5.256594,9.388937,-4.132343,562,0,5.0261073,1.0,0.0
386,ZERO,6,,386,11.402187,13.087676,-1.6854887,385,0,1.3866568,0.0,0.0
387,ZERO,6,,387,9.3002205,9.483694,-0.18347359,358,0,10.428901,1.0,0.0
388,ZERO,6,,388,3.4273698,8.0329895,-4.6056194,549,0,8.355562,1.0,0.0
389,ZERO,6,,389,4.0914702,7.330508,-3.239038,696,0,5.19397,1.0,0.0
390,ZERO,6,,390,4.692181,7.4881687,-2.7959876,611,0,13.108898,1.0,0.0
391,ZERO,6,,391,-1.576019,8.133855,-9.709874,916,0,12.632826,1.0,0.0
392,ZERO,6,,392,3.177024,8.372967,-5.195943,611,0,14.867736,1.0,0.0
393,ZERO,6,,393,13.11396,12.462039,0.6519213,393,1,2.212102,0.0,0.0
394,ZERO,6,,394,-4.795868,6.995532,-11.7914,591,0,14.013402,1.0,0.0
395,ZERO,6,,395,-0.936214,8.602922,-9.539137,749,0,12.14779,1.0,0.0
396,ZERO,6,,396,7.0184913,9.661747,-2.6432557,506,0,10.510099,1.0,0.0
397,ZERO,6,,397,-0.31038076,8.602837,-8.913218,396,0,-5.7959757,0.0,0.0
398,ZERO,6,,398,15.883865,8.518539,7.365326,398,1,1.6374207,0.0,0.0
399,ZERO,6,,399,9.559155,8.116934,1.4422216,399,1,4.3058414,0.0,0.0
400,ZERO,6,,400,11.498034,9.333919,2.164115,400,1,-0.82189274,0.0,0.0
401,ZERO,6,,401,5.5660863,7.330524,-1.7644377,916,0,8.473507,1.0,0.0
402,ZERO,6,,402,6.8323483,8.9931755,-2.1608272,611,0,4.933186,1.0,0.0
403,ZERO,6,,403,12.273557,15.199857,-2.9263,895,0,4.1577053,1.0,0.0
404,ZERO,6,,404,12.937533,12.303229,0.63430405,404,1,4.503969,0.0,0.0
405,ZERO,6,,405,12.391446,10.824804,1.5666418,405,1,7.3165436,0.0,0.0
406,ZERO,6,,406,2.9949715,8.01585,-5.020879,556,0,3.6047735,0.0,0.0
407,ZERO,6,,407,14.994419,13.698931,1.2954884,407,1,0.35638237,0.0,0.0
408,ZERO,6,,408,11.543117,16.435406,-4.892289,586,0,0.6715746,0.0,0.0
409,ZERO,6,,409,9.044309,9.097743,-0.053434372,807,0,2.002551,1.0,0.0
410,ZERO,6,,410,7.9659686,11.162756,-3.1967874,599,0,5.662564,1.0,0.0
411,ZERO,6,,411,8.255457,11.73595,-3.4804935,775,0,7.464594,1.0,0.0
412,ZERO,6,,412,4.782441,7.871563,-3.0891218,626,0,5.810588,1.0,0.0
413,ZERO,6,,413,5.6126328,9.573005,-3.960372,917,0,4.1011,1.0,0.0
414,ZERO,6,,414,7.0370836,8.688134,-1.6510506,691,0,6.988961,1.0,0.0
415,ZERO,6,,415,7.666554,10.474659,-2.808105,860,0,-0.41441298,0.0,0.0
416,ZERO,6,,416,7.642358,9.318937,-1.6765795,702,0,5.501481,1.0,0.0
417,ZERO,6,,417,9.436675,10.367041,-0.93036556,794,0,-0.9224739,0.0,0.0
418,ZERO,6,,418,6.1340384,9.516513,-3.3824744,916,0,7.9290032,1.0,0.0
419,ZERO,6,,419,10.120901,9.448934,0.6719675,419,1,6.7911673,0.0,0.0
420,ZERO,6,,420,19.90031,13.756204,6.144107,420,1,-0.60972214,0.0,0.0
421,ZERO,6,,421,5.354494,8.20124,-2.8467455,794,0,5.066352,1.0,0.0
422,ZERO,6,,422,4.0036798,9.428314,-5.4246345,583,0,9.251301,1.0,0.0
423,ZERO,6,,423,3.24683,9.963233,-6.716403,556,0,7.7289762,1.0,0.0
424,ZERO,6,,424,6.7910523,10.0942335,-3.3031812,716,0,3.1636071,0.0,0.0
425,ZERO,6,,425,12.392401,9.978481,2.4139194,425,1,6.584318,0.0,0.0
426,ZERO,6,,426,12.824166,12.257024,0.5671425,426,1,4.0856953,0.0,0.0
427,ZERO,6,,427,13.000675,11.960613,1.040062,427,1,0.91429234,0.0,0.0
428,ZERO,6,,428,11.872013,8.997916,2.8740969,428,1,4.403677,0.0,0.0
429,ZERO,6,,429,18.392345,14.81969,3.5726557,429,1,6.4592257,0.0,0.0
430,ZERO,6,,430,14.6109495,11.547466,3.0634832,430,1,1.7954569,0.0,0.0
431,ZERO,6,,431,5.3033814,8.326411,-3.0230298,556,0,4.901299,1.0,0.0
432,ZERO,6,,432,7.0877814,10.080611,-2.9928298,776,0,2.9423862,0.0,0.0
433,ZERO,6,,433,8.971917,10.859495,-1.887578,562,0,2.3349,1.0,0.0
434,ZERO,6,,434,4.867633,8.432745,-3.565112,457,0,-2.425218,0.0,0.0
435,ZERO,6,,435,10.219342,10.070629,0.14871311,435,1,0.5117445,0.0,0.0
436,ZERO,6,,436,11.043789,9.611247,1.4325418,436,1,1.4680424,0.0,0.0
437,ZERO,6,,437,4.432862,7.0676346,-2.6347728,716,0,2.1966796,0.0,0.0
438,ZERO,6,,438,8.19968,9.245282,-1.0456018,898,0,0.85445404,0.0,0.0
439,ZERO,6,,439,21.694878,13.476105,8.218773,439,1,-0.42426777,0.0,0.0
440,ZERO,6,,440,3.65067,8.808378,-5.157708,599,0,6.906458,1.0,0.0
441,ZERO,6,,441,5.0533886,8.7042675,-3.650879,854,0,9.355116,1.0,0.0
442,ZERO,6,,442,9.184606,8.610407,0.5741987,442,1,2.2289476,0.0,0.0
443,ZERO,6,,443,5.5474844,8.822485,-3.2750006,646,0,12.699548,1.0,0.0
444,ZERO,6,,444,8.594116,10.310011,-1.7158947,870,0,-1.6136665,0.0,0.0
445,ZERO,6,,445,6.9858932,8.985632,-1.9997387,775,0,3.8215714,1.0,0.0
446,ZERO,6,,446,3.7242064,10.789275,-7.0650687,480,0,8.897991,1.0,0.0
447,ZERO,6,,447,8.428108,7.5870757,0.8410325,447,1,-0.62465906,0.0,0.0
448,ZERO,6,,448,8.912541,8.648393,0.2641487,448,1,1.4755116,0.0,0.0
449,ZERO,6,,449,4.580703,9.77662,-5.195917,854,0,9.649263,1.0,0.0
450,ZERO,6,,450,6.4282284,8.510683,-2.0824547,917,0,9.189551,1.0,0.0
451,ZERO,6,,451,3.0941672,10.677948,-7.583781,692,0,13.228106,1.0,0.0
452,ZERO,6,,452,8.411852,9.359777,-0.94792557,917,0,3.605195,1.0,0.0
453,ZERO,6,,453,13.778789,11.092725,2.6860638,453,1,0.81559086,0.0,0.0
454,ZERO,6,,454,4.43316,11.261703,-6.8285427,611,0,0.048870564,0.0,0.0
455,ZERO,6,,455,10.451158,12.153641,-1.7024832,633,0,12.049965,1.0,0.0
456,ZERO,6,,456,16.493101,9.188303,7.304798,456,1,6.5623474,0.0,0.0
457,ZERO,6,,457,7.8801246,9.994482,-2.1143575,599,0,7.3498588,1.0,0.0
458,ZERO,6,,458,1.7073473,10.728017,-9.02067,633,0,13.54476,1.0,0.0
459,ZERO,6,,459,5.5227714,9.236248,-3.7134767,917,0,1.1894541,0.0,0.0
460,ZERO,6,,460,5.020245,6.502116,-1.4818711,706,0,3.9813628,1.0,0.0
461,ZERO,6,,461,6.1746135,8.504731,-2.3301177,917,0,-0.33418036,0.0,0.0
462,ZERO,6,,462,9.680172,8.441302,1.2388697,462,1,-0.7535248,0.0,0.0
463,ZERO,6,,463,6.218762,10.818075,-4.5993133,876,0,-1.5286388,0.0,0.0
464,ZERO,6,,464,5.8708935,9.414343,-3.5434494,917,0,1.616518,0.0,0.0
465,ZERO,6,,465,6.7670536,8.198368,-1.4313145,570,0,4.0526915,1.0,0.0
466,ZERO,6,,466,2.520715,10.251583,-7.7308683,498,0,6.8268013,0.0,0.0
467,ZERO,6,,467,5.1612806,9.55617,-4.39489,692,0,9.04462,1.0,0.0
468,ZERO,6,,468,10.361435,10.12233,0.23910522,468,1,-4.709984,0.0,1.0
469,ZERO,6,,469,15.0990305,11.1476555,3.951375,469,1,0.69190216,0.0,0.0
470,ZERO,6,,470,7.5281596,10.261418,-2.7332587,556,0,3.140945,1.0,0.0
471,ZERO,6,,471,8.136276,12.23958,-4.103304,856,0,1.7069206,0.0,0.0
472,ZERO,6,,472,11.090586,10.007818,1.0827675,472,1,3.9097862,0.0,0.0
473,ZERO,6,,473,1.4175228,9.202384,-7.784861,549,0,13.404911,1.0,0.0
474,ZERO,6,,474,5.9422393,9.099461,-3.1572213,599,0,8.247734,1.0,0.0
475,ZERO,6,,475,0.89498556,7.7968707,-6.901885,851,0,13.983818,1.0,0.0
476,ZERO,6,,476,17.663113,9.542685,8.120428,476,1,0.93281937,0.0,0.0
477,ZERO,6,,477,5.930456,10.468075,-4.5376186,461,0,5.4379797,1.0,0.0
478,ZERO,6,,478,7.439411,8.225645,-0.7862339,728,0,-2.3569036,0.0,0.0
479,ZERO,6,,479,10.755209,10.016297,0.7389116,479,1,-1.7277365,0.0,1.0
480,ZERO,6,,480,10.732233,10.458033,0.27420044,480,1,4.424865,0.0,0.0
481,ZERO,6,,481,8.502622,10.544813,-2.0421915,691,0,0.58700085,0.0,0.0
482,ZERO,6,,482,6.265574,9.208091,-2.9425168,621,0,0.8872123,0.0,0.0
483,ZERO,6,,483,3.0974438,8.593442,-5.4959984,916,0,9.403801,1.0,0.0
484,ZERO,6,,484,10.404774,11.610857,-1.2060833,871,0,1.1392193,0.0,0.0
485,ZERO,6,,485,0.36839905,8.468536,-8.100138,861,0,8.966514,1.0,0.0
486,ZERO,6,,486,13.70076,13.741102,-0.04034233,889,0,1.7054787,1.0,0.0
487,ZERO,6,,487,10.972608,11.433185,-0.460577,635,0,2.3954268,1.0,0.0
488,ZERO,6,,488,3.438647,10.597019,-7.158372,904,0,8.258839,1.0,0.0
489,ZERO,6,,489,2.7929251,11.381529,-8.588604,916,0,9.873181,1.0,0.0
490,ZERO,6,,490,6.7208924,9.097504,-2.3766112,633,0,-6.515084,0.0,0.0
491,ZERO,6,,491,5.88189,10.13074,-4.2488503,917,0,9.2470455,1.0,0.0
492,ZERO,6,,492,3.0787542,10.339343,-7.2605886,916,0,9.467693,1.0,0.0
493,ZERO,6,,493,0.12417903,8.485612,-8.361433,921,0,7.9821453,0.0,0.0
494,ZERO,6,,494,9.524633,10.667488,-1.1428547,556,0,4.266508,1.0,0.0
495,ZERO,6,,495,4.112643,10.8939705,-6.7813277,789,0,4.9427657,0.0,0.0
496,ZERO,6,,496,7.7537894,10.750896,-2.997107,419,0,10.589899,1.0,0.0
497,ZERO,6,,497,10.888056,11.993259,-1.1052036,741,0,1.4613781,1.0,0.0
498,ZERO,6,,498,6.427984,10.768346,-4.3403616,549,0,8.793012,1.0,0.0
499,ZERO,6,,499,1.2953277,8.0636,-6.768272,557,0,4.5330763,0.0,0.0
500,ZERO,6,,500,7.6708164,8.036783,-0.3659668,885,0,5.164218,1.0,0.0
501,ZERO,6,,501,9.761023,10.334095,-0.57307243,903,0,2.2344017,1.0,0.0
502,ZERO,6,,502,8.061604,7.37714,0.6844635,502,1,-0.49835587,0.0,0.0
503,ZERO,6,,503,7.7841544,9.678838,-1.8946834,898,0,6.949776,1.0,0.0
504,ZERO,6,,504,4.8634176,8.8138485,-3.9504309,854,0,7.0252485,1.0,0.0
505,ZERO,6,,505,8.449334,9.253726,-0.80439186,807,0,1.6658621,1.0,0.0
506,ZERO,6,,506,10.392751,7.260862,3.1318889,506,1,0.249619,0.0,0.0
507,ZERO,6,,507,2.7250738,10.042012,-7.3169384,772,0,7.966695,1.0,0.0
508,ZERO,6,,508,3.877795,9.966896,-6.089101,916,0,3.321372,0.0,0.0
509,ZERO,6,,509,8.202385,8.699767,-0.49738216,917,0,0.5689411,1.0,0.0
510,ZERO,6,,510,4.945289,9.2453785,-4.3000894,819,0,6.682285,1.0,0.0
511,ZERO,6,,511,7.658883,11.002451,-3.3435678,817,0,4.5678825,1.0,0.0
512,ZERO,6,,512,6.735836,7.655934,-0.9200978,599,0,7.780741,1.0,0.0
513,ZERO,6,,513,11.547411,12.671986,-1.1245747,699,0,1.9310446,1.0,0.0
514,ZERO,6,,514,16.36721,9.94065,6.4265604,514,1,3.6811428,0.0,0.0
515,ZERO,6,,515,11.159677,10.527056,0.6326208,515,1,-1.8300586,0.0,1.0
516,ZERO,6,,516,8.357326,11.214012,-2.8566866,870,0,-0.2454977,0.0,0.0
517,ZERO,6,,517,8.915773,8.809032,0.10674095,517,1,4.432623,0.0,0.0
518,ZERO,6,,518,12.393279,10.371381,2.0218983,518,1,4.3986483,0.0,0.0
519,ZERO,6,,519,4.4829264,11.500053,-7.017127,239,0,1.8943386,0.0,0.0
520,ZERO,6,,520,7.7061334,11.27077,-3.5646367,904,0,7.5346656,1.0,0.0
521,ZERO,6,,521,3.6885037,8.620794,-4.9322906,599,0,9.557745,1.0,0.0
522,ZERO,6,,522,8.043972,8.714414,-0.6704416,749,0,9.863784,1.0,0.0
523,ZERO,6,,523,6.375549,9.298282,-2.9227328,908,0,10.067797,1.0,0.0
524,ZERO,6,,524,16.30999,14.750533,1.5594568,524,1,0.61824894,0.0,0.0
525,ZERO,6,,525,6.3812747,9.44566,-3.064385,807,0,12.470112,1.0,0.0
526,ZERO,6,,526,7.008474,10.292914,-3.2844405,917,0,4.8816543,1.0,0.0
527,ZERO,6,,527,7.6245413,11.744732,-4.1201906,664,0,2.2688284,0.0,0.0
528,ZERO,6,,528,16.989342,12.839935,4.1494064,528,1,0.9956455,0.0,0.0
529,ZERO,6,,529,10.373752,11.02577,-0.65201855,697,0,1.4559126,1.0,0.0
530,ZERO,6,,530,4.2981553,7.8971434,-3.598988,599,0,7.050135,1.0,0.0
531,ZERO,6,,531,5.4921365,9.233132,-3.740996,409,0,1.4366031,0.0,0.0
532,ZERO,6,,532,2.6976733,9.273054,-6.575381,599,0,13.465538,1.0,0.0
533,ZERO,6,,533,1.2197864,8.458579,-7.2387924,252,0,14.314002,1.0,0.0
534,ZERO,6,,534,5.4949465,8.889061,-3.3941145,729,0,1.5513439,0.0,0.0
535,ZERO,6,,535,6.975391,9.050179,-2.0747876,783,0,-0.16342497,0.0,0.0
536,ZERO,6,,536,8.154136,9.617653,-1.4635172,557,0,3.1540966,1.0,0.0
537,ZERO,6,,537,11.432425,11.093998,0.3384266,537,1,2.7587872,0.0,0.0
538,ZERO,6,,538,2.6517649,9.77016,-7.118395,640,0,10.044337,1.0,0.0
539,ZERO,6,,539,5.1536446,9.020855,-3.8672104,716,0,4.3185997,1.0,0.0
540,ZERO,6,,540,16.680641,12.23373,4.446911,540,1,4.9863033,0.0,0.0
541,ZERO,6,,541,6.276478,9.82503,-3.5485525,807,0,4.786007,1.0,0.0
542,ZERO,6,,542,6.439238,9.452513,-3.0132747,416,0,5.2603173,1.0,0.0
543,ZERO,6,,543,13.627006,12.9555235,0.6714821,543,1,-0.4957943,0.0,0.0
544,ZERO,6,,544,-0.33124387,8.74885,-9.080093,599,0,10.094027,1.0,0.0
545,ZERO,6,,545,8.905474,10.121157,-1.215683,633,0,6.312953,1.0,0.0
546,ZERO,6,,546,7.267491,10.708471,-3.4409804,917,0,5.0906863,1.0,0.0
547,ZERO,6,,547,12.234356,10.777356,1.4569998,547,1,2.813241,0.0,0.0
548,ZERO,6,,548,2.7530675,9.135322,-6.382254,904,0,8.615297,1.0,0.0
549,ZERO,6,,549,10.424589,8.805158,1.6194315,549,1,3.6283283,0.0,0.0
550,ZERO,6,,550,6.027444,11.362567,-5.335123,633,0,11.828696,1.0,0.0
551,ZERO,6,,551,6.891846,8.937877,-2.0460305,417,0,6.145659,1.0,0.0
552,ZERO,6,,552,-0.13654661,8.920586,-9.057133,885,0,5.1761403,0.0,0.0
553,ZERO,6,,553,4.741176,12.117318,-7.376142,917,0,11.410793,1.0,0.0
554,ZERO,6,,554,1.2500548,7.459617,-6.2095623,852,0,16.973656,1.0,0.0
555,ZERO,6,,555,9.728637,8.595361,1.133276,555,1,0.4673214,0.0,0.0
556,ZERO,6,,556,9.055284,9.606635,-0.55135155,851,0,5.305414,1.0,0.0
557,ZERO,6,,557,6.8319407,11.700651,-4.8687105,580,0,5.497675,1.0,0.0
558,ZERO,6,,558,6.4670963,8.329804,-1.8627081,413,0,3.2217503,1.0,0.0
559,ZERO,6,,559,5.371803,9.4149065,-4.0431037,556,0,7.418591,1.0,0.0
560,ZERO,6,,560,6.378811,8.028397,-1.6495857,818,0,2.6947832,1.0,0.0
561,ZERO,6,,561,7.963155,9.059931,-1.096776,595,0,8.412915,1.0,0.0
562,ZERO,6,,562,10.050486,7.3908863,2.6595993,562,1,-2.3904276,0.0,0.0
563,ZERO,6,,563,7.258276,9.920324,-2.6620483,908,0,7.481926,1.0,0.0
564,ZERO,6,,564,4.1226654,11.675963,-7.553298,556,0,11.54641,1.0,0.0
565,ZERO,6,,565,5.541184,10.64853,-5.107346,556,0,13.437521,1.0,0.0
566,ZERO,6,,566,4.0403757,8.320167,-4.279791,837,0,8.235783,1.0,0.0
567,ZERO,6,,567,2.8100624,7.915218,-5.1051555,577,0,1.671761,0.0,0.0
568,ZERO,6,,568,9.20099,8.798815,0.40217495,568,1,4.461565,0.0,0.0
569,ZERO,6,,569,10.447728,8.329078,2.1186504,569,1,3.4226875,0.0,0.0
570,ZERO,6,,570,18.293293,18.184357,0.10893631,570,1,0.6662693,0.0,0.0
571,ZERO,6,,571,3.5141876,7.5237117,-4.0095243,916,0,6.366579,1.0,0.0
572,ZERO,6,,572,11.522511,12.345549,-0.8230381,966,0,-1.107481,0.0,0.0
573,ZERO,6,,573,-0.96923196,6.570589,-7.539821,782,0,14.118631,1.0,0.0
574,ZERO,6,,574,15.351091,11.758418,3.5926733,574,1,4.521352,0.0,0.0
575,ZERO,6,,575,-0.117027655,11.142417,-11.259444,916,0,17.687063,1.0,0.0
576,ZERO,6,,576,0.6434177,8.296549,-7.653131,916,0,17.618244,1.0,0.0
577,ZERO,6,,577,6.9891443,9.498251,-2.5091066,633,0,5.2178516,1.0,0.0
578,ZERO,6,,578,8.686279,10.135791,-1.4495115,775,0,2.817443,1.0,0.0
579,ZERO,6,,579,4.3507333,8.910832,-4.560099,598,0,8.950918,1.0,0.0
580,ZERO,6,,580,13.672891,7.959844,5.7130466,580,1,-2.4980073,0.0,0.0
581,ZERO,6,,581,12.291781,10.487708,1.8040733,581,1,0.41378403,0.0,0.0
582,ZERO,6,,582,0.8221299,8.049214,-7.2270846,646,0,2.353127,0.0,0.0
583,ZERO,6,,583,9.093605,10.411284,-1.3176794,556,0,9.993355,1.0,0.0
584,ZERO,6,,584,3.316603,10.6869955,-7.370393,843,0,1.2301769,0.0,0.0
585,ZERO,6,,585,8.756901,9.764181,-1.0072803,904,0,2.5915241,1.0,0.0
586,ZERO,6,,586,3.785011,9.609523,-5.8245115,611,0,9.235789,1.0,0.0
587,ZERO,6,,587,9.857251,9.986812,-0.12956047,477,0,-2.895854,0.0,0.0
588,ZERO,6,,588,2.662047,9.272096,-6.610049,549,0,3.3393006,0.0,0.0
589,ZERO,6,,589,13.829845,13.412591,0.41725445,589,1,4.9548903,0.0,0.0
590,ZERO,6,,590,4.111041,8.06304,-3.9519987,921,0,5.0109005,1.0,0.0
591,ZERO,6,,591,9.321992,11.073786,-1.7517939,868,0,5.867303,1.0,0.0
592,ZERO,6,,592,4.6107244,7.613178,-3.0024533,916,0,9.166851,1.0,0.0
593,ZERO,6,,593,9.257571,9.513485,-0.25591373,446,0,7.0762253,1.0,0.0
594,ZERO,6,,594,6.977825,9.6358385,-2.6580133,868,0,13.267165,1.0,0.0
595,ZERO,6,,595,6.1955266,7.523313,-1.3277864,858,0,4.3299494,1.0,0.0
596,ZERO,6,,596,3.028108,9.704888,-6.6767807,620,0,-0.9609585,0.0,0.0
597,ZERO,6,,597,4.5375934,8.656968,-4.1193748,465,0,3.2747598,0.0,0.0
598,ZERO,6,,598,8.443987,9.527994,-1.0840073,904,0,5.066455,1.0,0.0
599,ZERO,6,,599,12.410925,8.502328,3.908597,599,1,2.334547,0.0,0.0
600,ZERO,6,,600,6.758698,9.958464,-3.1997657,556,0,3.5737567,1.0,0.0
601,ZERO,6,,601,10.903199,10.997966,-0.09476662,614,0,0.53342247,1.0,0.0
602,ZERO,6,,602,2.6147103,8.879783,-6.2650723,916,0,7.1529965,1.0,0.0
603,ZERO,6,,603,5.858934,7.1337366,-1.2748027,917,0,5.817409,1.0,0.0
604,ZERO,6,,604,3.8310745,7.990414,-4.15934,646,0,13.750717,1.0,0.0
605,ZERO,6,,605,7.9366055,9.563018,-1.6264124,721,0,10.8931265,1.0,0.0
606,ZERO,6,,606,16.77734,9.021138,7.7562017,606,1,0.63954544,0.0,0.0
607,ZERO,6,,607,8.605622,7.937214,0.6684084,607,1,6.143305,0.0,0.0
608,ZERO,6,,608,5.938336,9.122269,-3.1839328,807,0,2.2473326,0.0,0.0
609,ZERO,6,,609,12.390742,11.127909,1.2628336,609,1,-0.5084238,0.0,0.0
610,ZERO,6,,610,11.377814,9.91543,1.4623842,610,1,-1.366889,0.0,0.0
611,ZERO,6,,611,3.1018953,8.111339,-5.0094433,904,0,4.865122,0.0,0.0
612,ZERO,6,,612,12.140292,11.109364,1.0309286,612,1,3.283206,0.0,0.0
613,ZERO,6,,613,12.302471,9.52874,2.7737312,613,1,4.0467615,0.0,0.0
614,ZERO,6,,614,13.199879,10.043375,3.1565037,614,1,1.4198246,0.0,0.0
615,ZERO,6,,615,2.2463038,9.404523,-7.1582193,417,0,12.234057,1.0,0.0
616,ZERO,6,,616,4.562833,10.750452,-6.187619,854,0,11.216235,1.0,0.0
617,ZERO,6,,617,13.53764,12.329412,1.2082272,617,1,1.4582996,0.0,0.0
618,ZERO,6,,618,7.5934877,10.388693,-2.795205,807,0,2.7675085,0.0,0.0
619,ZERO,6,,619,5.996001,8.596936,-2.6009355,556,0,1.6713319,0.0,0.0
620,ZERO,6,,620,8.209129,11.249769,-3.0406399,916,0,1.6020613,0.0,0.0
621,ZERO,6,,621,7.698009,7.7433877,-0.045378685,971,0,8.663466,1.0,0.0
622,ZERO,6,,622,3.4944212,9.7194605,-6.2250395,633,0,-3.0009995,0.0,0.0
623,ZERO,6,,623,0.6298239,9.974223,-9.344399,769,0,11.624035,1.0,0.0
624,ZERO,6,,624,4.505284,10.703185,-6.1979012,917,0,3.4846997,0.0,0.0
625,ZERO,6,,625,9.923646,7.039279,2.884367,625,1,2.8696308,0.0,0.0
626,ZERO,6,,626,6.2969613,8.988363,-2.691402,633,0,7.2759566,1.0,0.0
627,ZERO,6,,627,10.49301,12.594399,-2.10139,468,0,6.6332645,1.0,0.0
628,ZERO,6,,628,-1.2368313,7.4094877,-8.646319,557,0,13.269094,1.0,0.0
629,ZERO,6,,629,10.155981,11.242544,-1.0865631,696,0,-1.5443554,0.0,0.0
630,ZERO,6,,630,4.6594667,10.218868,-5.5594015,459,0,8.765983,1.0,0.0
631,ZERO,6,,631,5.6583157,11.534835,-5.876519,773,0,4.6967716,0.0,0.0
632,ZERO,6,,632,2.7574146,9.428067,-6.6706524,916,0,6.9358444,1.0,0.0
633,ZERO,6,,633,6.021067,9.511167,-3.4900994,917,0,2.7412739,0.0,0.0
634,ZERO,6,,634,11.062427,9.298699,1.7637272,634,1,5.872183,0.0,0.0
635,ZERO,6,,635,11.376757,10.358461,1.0182953,635,1,-5.034714,0.0,1.0
636,ZERO,6,,636,6.9101863,8.436037,-1.5258508,916,0,0.73926115,0.0,0.0
637,ZERO,6,,637,11.073188,10.10686,0.96632767,637,1,2.0271835,0.0,0.0
638,ZERO,6,,638,8.66821,12.78927,-4.1210604,775,0,3.3312588,0.0,0.0
639,ZERO,6,,639,11.743744,11.221842,0.5219021,639,1,-0.48780918,0.0,0.0
640,ZERO,6,,640,9.083695,10.50461,-1.4209146,646,0,1.3883247,0.0,0.0
641,ZERO,6,,641,10.082224,10.695457,-0.61323357,680,0,2.9377842,1.0,0.0
642,ZERO,6,,642,8.113687,9.32302,-1.2093334,644,0,7.3499203,1.0,0.0
643,ZERO,6,,643,5.4705524,10.267964,-4.797412,836,0,4.7959414,0.0,0.0
644,ZERO,6,,644,8.616301,9.916495,-1.3001947,917,0,1.9237404,1.0,0.0
645,ZERO,6,,645,8.557962,9.117172,-0.5592098,611,0,5.1281033,1.0,0.0
646,ZERO,6,,646,12.436941,9.870987,2.5659542,646,1,5.2776623,0.0,0.0
647,ZERO,6,,647,19.55646,17.21494,2.3415203,647,1,2.4114122,0.0,0.0
648,ZERO,6,,648,6.596978,8.27048,-1.673502,598,0,3.543622,1.0,0.0
649,ZERO,6,,649,9.27475,7.561127,1.7136226,649,1,4.0062394,0.0,0.0
650,ZERO,6,,650,3.0839682,8.823495,-5.7395267,902,0,11.90036,1.0,0.0
651,ZERO,6,,651,2.655034,8.42423,-5.7691956,904,0,9.402591,1.0,0.0
652,ZERO,6,,652,7.6737137,8.111529,-0.43781567,974,0,5.8462076,1.0,0.0
653,ZERO,6,,653,2.8976283,10.518394,-7.620766,916,0,8.966942,1.0,0.0
654,ZERO,6,,654,9.981175,13.136917,-3.1557417,627,0,-1.0156679,0.0,0.0
655,ZERO,6,,655,8.030372,8.355475,-0.32510376,697,0,2.4040346,1.0,0.0
656,ZERO,6,,656,11.520794,12.168051,-0.64725685,436,0,2.6790266,1.0,0.0
657,ZERO,6,,657,15.323722,15.46077,-0.13704777,895,0,0.713891,1.0,0.0
658,ZERO,6,,658,6.7651944,10.0467825,-3.281588,806,0,7.6734414,1.0,0.0
659,ZERO,6,,659,0.5402199,9.41949,-8.87927,852,0,6.6172037,0.0,0.0
660,ZERO,6,,660,7.5757303,11.238734,-3.663004,595,0,0.313447,0.0,0.0
661,ZERO,6,,661,15.442424,9.455622,5.986802,661,1,-0.1627121,0.0,0.0
662,ZERO,6,,662,3.1794195,8.783475,-5.6040554,920,0,2.708397,0.0,0.0
663,ZERO,6,,663,9.460375,15.303707,-5.8433323,442,0,2.5367928,0.0,0.0
664,ZERO,6,,664,9.849094,9.51572,0.33337402,664,1,-1.4281693,0.0,1.0
665,ZERO,6,,665,10.148154,11.157629,-1.0094748,671,0,2.1313305,1.0,0.0
666,ZERO,6,,666,9.101498,8.990511,0.11098671,666,1,7.5455046,0.0,0.0
667,ZERO,6,,667,20.458117,19.055555,1.4025612,667,1,-0.1406784,0.0,0.0
668,ZERO,6,,668,8.674595,9.146689,-0.47209454,538,0,4.4564724,1.0,0.0
669,ZERO,6,,669,5.6357656,9.313954,-3.6781888,611,0,8.607952,1.0,0.0
670,ZERO,6,,670,6.9920955,7.6463094,-0.6542139,902,0,1.8576841,1.0,0.0
671,ZERO,6,,671,8.922783,8.7849045,0.13787842,671,1,3.1328783,0.0,0.0
672,ZERO,6,,672,10.381169,12.498811,-2.1176414,797,0,3.9508066,1.0,0.0
673,ZERO,6,,673,7.4805202,9.215559,-1.7350388,836,0,5.6562567,1.0,0.0
674,ZERO,6,,674,8.460468,8.610415,-0.14994717,556,0,11.647573,1.0,0.0
675,ZERO,6,,675,8.898524,10.93044,-2.0319157,654,0,-1.2919421,0.0,0.0
676,ZERO,6,,676,3.4134383,8.605,-5.191561,446,0,-0.84053564,0.0,0.0
677,ZERO,6,,677,5.1972976,12.3955965,-7.198299,646,0,10.691435,1.0,0.0
678,ZERO,6,,678,3.3453634,7.7582483,-4.4128847,691,0,-5.126482,0.0,0.0
679,ZERO,6,,679,3.5309265,8.396199,-4.8652725,971,0,6.3729544,1.0,0.0
680,ZERO,6,,680,6.266182,6.9590273,-0.69284534,916,0,5.439808,1.0,0.0
681,ZERO,6,,681,3.7822468,8.850912,-5.0686655,971,0,4.064442,0.0,0.0
682,ZERO,6,,682,5.3991494,8.471254,-3.072105,371,0,1.7724156,0.0,0.0
683,ZERO,6,,683,9.726942,12.418254,-2.6913118,558,0,-1.9767504,0.0,0.0
684,ZERO,6,,684,11.382782,7.492613,3.8901691,684,1,6.962229,0.0,0.0
685,ZERO,6,,685,12.567818,13.903337,-1.3355188,409,0,12.22174,1.0,0.0
686,ZERO,6,,686,2.873838,8.905739,-6.031901,633,0,4.4302526,0.0,0.0
687,ZERO,6,,687,1.3884065,8.761319,-7.3729124,562,0,10.825617,1.0,0.0
688,ZERO,6,,688,9.922396,9.345672,0.57672405,688,1,7.4271154,0.0,0.0
689,ZERO,6,,689,7.2859488,9.982964,-2.6970148,399,0,2.9073858,1.0,0.0
690,ZERO,6,,690,12.890377,12.814596,0.07578087,690,1,4.111822,0.0,0.0
691,ZERO,6,,691,8.454673,10.32995,-1.8752775,917,0,3.4032307,1.0,0.0
692,ZERO,6,,692,13.038806,10.581619,2.4571867,692,1,-1.1994352,0.0,0.0
693,ZERO,6,,693,12.659709,11.004897,1.6548119,693,1,0.44191933,0.0,0.0
694,ZERO,6,,694,-2.8670166,9.7882,-12.655217,664,0,18.147068,1.0,0.0
695,ZERO,6,,695,7.067607,8.777475,-1.7098684,421,0,3.633337,1.0,0.0
696,ZERO,6,,696,9.550037,11.158489,-1.6084518,498,0,6.9457865,1.0,0.0
697,ZERO,6,,697,13.793146,9.423805,4.369341,697,1,1.7682595,0.0,0.0
698,ZERO,6,,698,12.52924,10.564505,1.964735,698,1,0.1295805,0.0,0.0
699,ZERO,6,,699,-1.08587,8.102242,-9.188112,854,0,12.173101,1.0,0.0
700,ZERO,6,,700,5.973293,11.261752,-5.2884593,611,0,4.546372,0.0,0.0
701,ZERO,6,,701,4.0734305,8.856861,-4.7834306,908,0,12.088739,1.0,0.0
702,ZERO,6,,702,2.5061238,8.371444,-5.86532,556,0,8.677503,1.0,0.0
703,ZERO,6,,703,8.52031,10.684352,-2.1640415,556,0,1.869379,0.0,0.0
704,ZERO,6,,704,5.627754,8.169313,-2.5415592,664,0,6.7460804,1.0,0.0
705,ZERO,6,,705,9.889745,12.684639,-2.7948942,408,0,2.4786558,0.0,0.0
706,ZERO,6,,706,6.094996,6.7347207,-0.63972473,800,0,-1.0517969,0.0,0.0
707,ZERO,6,,707,8.890576,9.61751,-0.7269335,691,0,6.632929,1.0,0.0
708,ZERO,6,,708,2.0987828,8.65516,-6.5563774,517,0,5.944627,0.0,0.0
709,ZERO,6,,709,4.29458,10.775449,-6.480869,549,0,9.089636,1.0,0.0
710,ZERO,6,,710,1.8658955,9.908729,-8.042833,904,0,1.559083,0.0,0.0
711,ZERO,6,,711,12.424147,11.101717,1.3224297,711,1,1.6009064,0.0,0.0
712,ZERO,6,,712,8.524694,8.998519,-0.4738245,446,0,2.9124002,1.0,0.0
713,ZERO,6,,713,7.1105766,11.315843,-4.205266,480,0,9.478114,1.0,0.0
714,ZERO,6,,714,10.643375,9.483964,1.1594114,714,1,4.091172,0.0,0.0
715,ZERO,6,,715,2.4637537,9.0352955,-6.571542,671,0,2.3686395,0.0,0.0
716,ZERO,6,,716,8.96775,11.97538,-3.0076303,904,0,4.330611,1.0,0.0
717,ZERO,6,,717,15.389643,11.33903,4.0506124,717,1,-0.14590454,0.0,0.0
718,ZERO,6,,718,7.4871526,11.649554,-4.1624017,807,0,1.0139527,0.0,0.0
719,ZERO,6,,719,10.208458,8.9976635,1.2107944,719,1,7.160877,0.0,0.0
720,ZERO,6,,720,12.16756,11.948141,0.21941853,720,1,0.24166012,0.0,0.0
721,ZERO,6,,721,15.194686,12.631205,2.5634813,721,1,-1.0270472,0.0,0.0
722,ZERO,6,,722,0.29299918,9.374644,-9.081645,916,0,5.256891,0.0,0.0
723,ZERO,6,,723,3.6277454,8.988092,-5.360347,902,0,6.4672737,1.0,0.0
724,ZERO,6,,724,2.731496,7.4928536,-4.7613573,646,0,6.317663,1.0,0.0
725,ZERO,6,,725,7.1587944,9.898554,-2.7397594,883,0,1.2751236,0.0,0.0
726,ZERO,6,,726,4.0068855,9.320931,-5.314046,421,0,14.998302,1.0,0.0
727,ZERO,6,,727,6.5278125,10.778698,-4.2508855,599,0,5.4471993,1.0,0.0
728,ZERO,6,,728,9.21421,8.35095,0.8632593,728,1,4.2642965,0.0,0.0
729,ZERO,6,,729,4.730894,9.883446,-5.1525517,854,0,2.8750882,0.0,0.0
730,ZERO,6,,730,11.280952,13.248224,-1.9672718,866,0,3.8889503,1.0,0.0
731,ZERO,6,,731,9.133251,8.825239,0.308012,731,1,-2.7020988,0.0,1.0
732,ZERO,6,,732,8.370628,10.325375,-1.9547462,633,0,6.3086157,1.0,0.0
733,ZERO,6,,733,3.1955864,10.569395,-7.373809,916,0,9.00227,1.0,0.0
734,ZERO,6,,734,12.150341,12.855602,-0.70526123,468,0,2.8022547,1.0,0.0
735,ZERO,6,,735,9.619591,14.021634,-4.4020433,887,0,-0.5019512,0.0,0.0
736,ZERO,6,,736,8.638428,11.399772,-2.761344,522,0,4.643265,1.0,0.0
737,ZERO,6,,737,11.909473,9.306968,2.6025057,737,1,1.263525,0.0,0.0
738,ZERO,6,,738,3.7856252,11.471174,-7.685549,580,0,8.293609,1.0,0.0
739,ZERO,6,,739,14.907753,8.727503,6.18025,739,1,3.6136875,0.0,0.0
740,ZERO,6,,740,3.2169282,8.938367,-5.7214384,646,0,2.4998913,0.0,0.0
741,ZERO,6,,741,6.706536,9.105662,-2.3991265,908,0,3.4637494,1.0,0.0
742,ZERO,6,,742,1.9992322,8.645464,-6.6462317,854,0,2.328617,0.0,0.0
743,ZERO,6,,743,6.9236574,8.973876,-2.0502186,646,0,1.2497644,0.0,0.0
744,ZERO,6,,744,2.1820505,9.93619,-7.754139,917,0,8.620615,1.0,0.0
745,ZERO,6,,745,13.142977,11.307139,1.8358374,745,1,4.469239,0.0,0.0
746,ZERO,6,,746,17.556011,10.521965,7.034046,746,1,1.0684013,0.0,0.0
747,ZERO,6,,747,5.847657,9.936878,-4.089221,865,0,2.06046,0.0,0.0
748,ZERO,6,,748,10.391926,12.804294,-2.4123678,893,0,2.1105509,0.0,0.0
749,ZERO,6,,749,11.603661,8.347172,3.2564888,749,1,1.0903778,0.0,0.0
750,ZERO,6,,750,5.743094,8.931423,-3.1883292,916,0,6.2746463,1.0,0.0
751,ZERO,6,,751,13.051319,13.508328,-0.45700932,573,0,1.0426569,1.0,0.0
752,ZERO,6,,752,1.1194165,8.499264,-7.3798475,549,0,11.875568,1.0,0.0
753,ZERO,6,,753,5.282785,7.755529,-2.472744,640,0,3.1830235,1.0,0.0
754,ZERO,6,,754,9.162662,13.596737,-4.4340754,590,0,2.3099566,0.0,0.0
755,ZERO,6,,755,5.246264,10.074682,-4.8284183,916,0,9.943996,1.0,0.0
756,ZERO,6,,756,0.42860842,7.5417986,-7.11319,807,0,8.547453,1.0,0.0
757,ZERO,6,,757,8.97261,10.91517,-1.9425592,654,0,2.0495367,1.0,0.0
758,ZERO,6,,758,4.1883273,8.095192,-3.9068646,712,0,6.6038413,1.0,0.0
759,ZERO,6,,759,7.873283,9.678143,-1.8048596,758,0,6.9265523,1.0,0.0
760,ZERO,6,,760,-1.8787352,7.9483004,-9.827036,696,0,10.03737,1.0,0.0
761,ZERO,6,,761,0.7418127,8.245396,-7.503583,556,0,-1.4590816,0.0,0.0
762,ZERO,6,,762,4.738344,10.67175,-5.933406,556,0,10.158692,1.0,0.0
763,ZERO,6,,763,10.174376,8.602647,1.5717287,763,1,3.4348354,0.0,0.0
764,ZERO,6,,764,3.049994,8.663841,-5.6138473,480,0,5.053882,0.0,0.0
765,ZERO,6,,765,7.8319597,9.641069,-1.8091097,559,0,9.08731,1.0,0.0
766,ZERO,6,,766,2.8302133,9.716702,-6.886489,807,0,13.34101,1.0,0.0
767,ZERO,6,,767,3.6207824,9.590081,-5.969299,916,0,3.8496137,0.0,0.0
768,ZERO,6,,768,10.28215,13.409032,-3.1268816,805,0,2.554637,0.0,0.0
769,ZERO,6,,769,8.560855,13.778182,-5.217327,611,0,13.44403,1.0,0.0
770,ZERO,6,,770,10.575115,11.856452,-1.2813368,806,0,7.2509527,1.0,0.0
771,ZERO,6,,771,5.970016,8.782138,-2.8121219,710,0,9.249481,1.0,0.0
772,ZERO,6,,772,7.8355412,8.76136,-0.9258189,608,0,-0.5886159,0.0,0.0
773,ZERO,6,,773,9.284467,13.374474,-4.090007,898,0,-0.40763998,0.0,0.0
774,ZERO,6,,774,0.11472232,8.694462,-8.57974,549,0,8.2325535,0.0,0.0
775,ZERO,6,,775,8.912418,10.422435,-1.5100164,808,0,5.3672647,1.0,0.0
776,ZERO,6,,776,7.685937,10.692723,-3.0067863,917,0,7.4064083,1.0,0.0
777,ZERO,6,,777,4.1580124,9.361071,-5.2030582,908,0,12.636065,1.0,0.0
778,ZERO,6,,778,5.6101437,8.963309,-3.3531656,633,0,2.6541204,0.0,0.0
779,ZERO,6,,779,19.579397,12.679784,6.8996134,779,1,0.34740353,0.0,0.0
780,ZERO,6,,780,6.645914,8.922692,-2.2767782,611,0,4.8138847,1.0,0.0
781,ZERO,6,,781,11.410387,9.327338,2.0830488,781,1,9.226181,0.0,0.0
782,ZERO,6,,782,8.511245,9.561045,-1.0497999,664,0,0.88445187,0.0,0.0
783,ZERO,6,,783,14.539144,10.898019,3.6411247,783,1,1.9350548,0.0,0.0
784,ZERO,6,,784,3.311853,9.785847,-6.473994,633,0,-1.3872428,0.0,0.0
785,ZERO,6,,785,12.774563,9.128012,3.6465511,785,1,2.8903408,0.0,0.0
786,ZERO,6,,786,4.654321,8.203702,-3.5493808,859,0,12.089739,1.0,0.0
787,ZERO,6,,787,5.869837,11.426795,-5.556958,556,0,13.040513,1.0,0.0
788,ZERO,6,,788,2.6388113,8.618064,-5.979253,917,0,14.28571,1.0,0.0
789,ZERO,6,,789,13.362736,12.648798,0.71393776,789,1,2.81598,0.0,0.0
790,ZERO,6,,790,4.039016,11.197871,-7.1588554,917,0,6.775776,0.0,0.0
791,ZERO,6,,791,12.513338,10.0917425,2.4215956,791,1,-4.415268,0.0,1.0
792,ZERO,6,,792,4.049956,8.998673,-4.9487176,807,0,7.89572,1.0,0.0
793,ZERO,6,,793,10.165169,9.66972,0.49544907,793,1,5.412201,0.0,0.0
794,ZERO,6,,794,8.099253,11.776244,-3.6769915,611,0,-0.12893152,0.0,0.0
795,ZERO,6,,795,4.8724155,8.45487,-3.5824547,611,0,11.629014,1.0,0.0
796,ZERO,6,,796,11.033612,8.338865,2.694747,796,1,3.7876358,0.0,0.0
797,ZERO,6,,797,10.465777,9.377732,1.0880451,797,1,2.1155434,0.0,0.0
798,ZERO,6,,798,-0.20566235,8.752848,-8.95851,549,0,-1.5328207,0.0,0.0
799,ZERO,6,,799,6.8788133,8.893684,-2.0148711,556,0,2.0575871,1.0,0.0
800,ZERO,6,,800,16.460876,10.008934,6.4519424,800,1,1.4403114,0.0,0.0
801,ZERO,6,,801,0.6426931,8.622886,-7.9801927,626,0,11.715237,1.0,0.0
802,ZERO,6,,802,6.100512,8.52616,-2.4256482,916,0,9.358463,1.0,0.0
803,ZERO,6,,803,11.206473,10.091238,1.1152353,803,1,6.3316965,0.0,0.0
804,ZERO,6,,804,7.7480164,9.648534,-1.9005175,670,0,5.048298,1.0,0.0
805,ZERO,6,,805,11.100871,10.182171,0.9187002,805,1,4.18806,0.0,0.0
806,ZERO,6,,806,9.353357,9.387103,-0.033745766,399,0,-1.2737389,0.0,0.0
807,ZERO,6,,807,8.04614,10.20056,-2.15442,556,0,5.6894274,1.0,0.0
808,ZERO,6,,808,8.782965,9.777616,-0.99465084,697,0,4.0094013,1.0,0.0
809,ZERO,6,,809,7.0137854,8.801007,-1.7872219,917,0,3.368473,1.0,0.0
810,ZERO,6,,810,11.277976,10.117315,1.1606607,810,1,0.7464247,0.0,0.0
811,ZERO,6,,811,6.5976505,8.60379,-2.0061398,789,0,-5.039708,0.0,0.0
812,ZERO,6,,812,10.496552,11.244807,-0.7482548,744,0,1.6258602,1.0,0.0
813,ZERO,6,,813,4.611548,9.051726,-4.4401784,696,0,6.465242,1.0,0.0
814,ZERO,6,,814,12.282727,9.81817,2.4645576,814,1,0.9684706,0.0,0.0
815,ZERO,6,,815,12.394046,10.530844,1.8632021,815,1,3.0062761,0.0,0.0
816,ZERO,6,,816,6.5258193,8.706212,-2.1803927,696,0,3.9144206,1.0,0.0
817,ZERO,6,,817,11.261026,11.397435,-0.1364088,511,0,-1.7010317,0.0,0.0
818,ZERO,6,,818,1.528221,8.1959915,-6.6677704,908,0,8.893458,1.0,0.0
819,ZERO,6,,819,9.284894,8.466423,0.81847095,819,1,1.6035643,0.0,0.0
820,ZERO,6,,820,11.863177,9.252832,2.610345,820,1,4.423395,0.0,0.0
821,ZERO,6,,821,8.383836,7.8699784,0.51385736,821,1,2.7745328,0.0,0.0
822,ZERO,6,,822,7.9276114,10.006762,-2.0791502,439,0,6.9449673,1.0,0.0
823,ZERO,6,,823,3.5893009,10.692959,-7.1036577,854,0,3.2170258,0.0,0.0
824,ZERO,6,,824,5.0550613,9.599767,-4.5447054,599,0,7.9324694,1.0,0.0
825,ZERO,6,,825,7.736425,9.761026,-2.0246015,549,0,4.31072,1.0,0.0
826,ZERO,6,,826,1.1622838,9.042593,-7.880309,549,0,-2.6452513,0.0,0.0
827,ZERO,6,,827,5.7319083,9.602502,-3.8705935,556,0,3.3533626,0.0,0.0
828,ZERO,6,,828,3.3283882,8.862859,-5.5344706,111,0,3.3982744,0.0,0.0
829,ZERO,6,,829,5.69438,9.486295,-3.791915,664,0,10.095368,1.0,0.0
830,ZERO,6,,830,0.4428107,9.5548935,-9.1120825,971,0,2.993764,0.0,0.0
831,ZERO,6,,831,8.808684,9.291502,-0.48281765,885,0,5.452139,1.0,0.0
832,ZERO,6,,832,8.171875,8.891631,-0.7197561,708,0,6.0702085,1.0,0.0
833,ZERO,6,,833,2.4649673,7.675164,-5.210197,664,0,8.904802,1.0,0.0
834,ZERO,6,,834,4.4378858,8.132106,-3.69422,696,0,-0.05850315,0.0,0.0
835,ZERO,6,,835,8.33663,8.956373,-0.61974335,741,0,2.0761442,1.0,0.0
836,ZERO,6,,836,11.6974,10.510981,1.1864195,836,1,-0.841732,0.0,0.0
837,ZERO,6,,837,7.689051,9.3877325,-1.6986814,836,0,0.08879709,0.0,0.0
838,ZERO,6,,838,6.3253746,9.239691,-2.9143162,691,0,3.1635456,1.0,0.0
839,ZERO,6,,839,7.6878357,7.626917,0.060918808,839,1,2.5676365,0.0,0.0
840,ZERO,6,,840,2.7549653,11.358421,-8.6034565,916,0,14.490553,1.0,0.0
841,ZERO,6,,841,7.0085273,10.888801,-3.8802733,728,0,7.4229455,1.0,0.0
842,ZERO,6,,842,10.499123,8.859195,1.6399279,842,1,3.6147728,0.0,0.0
843,ZERO,6,,843,1.6171242,8.830438,-7.2133136,556,0,6.69418,0.0,0.0
844,ZERO,6,,844,5.989176,9.278224,-3.2890482,562,0,9.0091305,1.0,0.0
845,ZERO,6,,845,1.9503795,10.093564,-8.143185,611,0,6.294385,0.0,0.0
846,ZERO,6,,846,11.366726,10.8608265,0.5058994,846,1,-0.34369087,0.0,0.0
847,ZERO,6,,847,9.617589,12.167361,-2.5497723,586,0,3.1335373,1.0,0.0
848,ZERO,6,,848,7.041881,8.66405,-1.622169,844,0,1.648663,1.0,0.0
849,ZERO,6,,849,10.91363,14.628796,-3.715166,899,0,0.29603386,0.0,0.0
850,ZERO,6,,850,8.291551,10.3316555,-2.0401049,721,0,5.79465,1.0,0.0
851,ZERO,6,,851,9.945842,12.43948,-2.493638,664,0,3.5765057,1.0,0.0
852,ZERO,6,,852,11.719216,10.386136,1.3330803,852,1,-2.626587,0.0,1.0
853,ZERO,6,,853,5.626327,9.288629,-3.6623015,556,0,12.740402,1.0,0.0
854,ZERO,6,,854,5.9668097,9.417877,-3.4510674,515,0,8.742447,1.0,0.0
855,ZERO,6,,855,9.3377695,10.2862215,-0.948452,599,0,7.609866,1.0,0.0
856,ZERO,6,,856,5.03509,10.231413,-5.196323,469,0,7.8938937,1.0,0.0
857,ZERO,6,,857,12.16497,9.634532,2.5304384,857,1,-2.6090994,0.0,1.0
858,ZERO,6,,858,9.786202,8.316816,1.4693861,858,1,6.013894,0.0,0.0
859,ZERO,6,,859,13.690103,10.204166,3.4859362,859,1,2.0706549,0.0,0.0
860,ZERO,6,,860,7.811985,13.743419,-5.9314337,919,0,1.4526448,0.0,0.0
861,ZERO,6,,861,16.739517,14.635237,2.1042805,861,1,-0.89881134,0.0,0.0
862,ZERO,6,,862,11.842696,10.130938,1.7117586,862,1,6.206889,0.0,0.0
863,ZERO,6,,863,7.4057903,9.983729,-2.577939,643,0,5.664033,1.0,0.0
864,ZERO,6,,864,-0.51970667,7.1257496,-7.6454563,621,0,6.4512634,0.0,0.0
865,ZERO,6,,865,13.9171505,11.862292,2.0548582,865,1,-1.7957993,0.0,0.0
866,ZERO,6,,866,15.152483,14.269904,0.88257885,866,1,-1.9403582,0.0,1.0
867,ZERO,6,,867,4.3220143,8.904572,-4.582557,916,0,9.52157,1.0,0.0
868,ZERO,6,,868,7.7399287,9.1496105,-1.4096818,556,0,3.295403,1.0,0.0
869,ZERO,6,,869,6.157068,9.39165,-3.2345824,556,0,2.3418398,0.0,0.0
870,ZERO,6,,870,-3.6726968,11.502855,-15.175552,916,0,14.559188,0.0,0.0
871,ZERO,6,,871,6.175046,8.681441,-2.5063953,688,0,6.471403,1.0,0.0
872,ZERO,6,,872,9.665811,9.550945,0.1148653,872,1,1.6397648,0.0,0.0
873,ZERO,6,,873,7.6184535,10.627799,-3.0093455,698,0,-4.397146,0.0,0.0
874,ZERO,6,,874,15.775246,12.676568,3.0986776,874,1,-0.18023014,0.0,0.0
875,ZERO,6,,875,5.03934,7.9938717,-2.9545317,783,0,6.5118456,1.0,0.0
876,ZERO,6,,876,0.2986248,9.741308,-9.442683,663,0,5.6116924,0.0,0.0
877,ZERO,6,,877,-0.701604,8.551279,-9.252883,556,0,9.924549,1.0,0.0
878,ZERO,6,,878,6.406793,9.072185,-2.6653914,810,0,2.048738,0.0,0.0
879,ZERO,6,,879,15.939212,10.26757,5.6716423,879,1,-4.9432144,0.0,0.0
880,ZERO,6,,880,12.357352,10.681419,1.6759329,880,1,6.7980976,0.0,0.0
881,ZERO,6,,881,0.440782,9.218403,-8.777621,696,0,12.321818,1.0,0.0
882,ZERO,6,,882,1.0096166,8.743275,-7.733658,859,0,5.057844,0.0,0.0
883,ZERO,6,,883,9.609252,10.008866,-0.39961433,556,0,1.7503853,1.0,0.0
884,ZERO,6,,884,10.334499,9.140829,1.1936703,884,1,0.60447025,0.0,0.0
885,ZERO,6,,885,7.158858,9.432868,-2.2740102,908,0,0.7411189,0.0,0.0
886,ZERO,6,,886,7.677934,9.717016,-2.039082,419,0,8.195259,1.0,0.0
887,ZERO,6,,887,5.2912683,8.970806,-3.6795378,741,0,3.864025,1.0,0.0
888,ZERO,6,,888,10.624288,11.897919,-1.2736311,580,0,8.059547,1.0,0.0
889,ZERO,6,,889,6.6069417,9.375345,-2.7684035,420,0,1.137938,0.0,0.0
890,ZERO,6,,890,8.5454235,7.854396,0.69102764,890,1,4.2547235,0.0,0.0
891,ZERO,6,,891,10.479243,11.835188,-1.3559446,640,0,8.718243,1.0,0.0
892,ZERO,6,,892,6.245128,9.2724495,-3.0273213,549,0,2.3011975,0.0,0.0
893,ZERO,6,,893,8.734001,14.059339,-5.3253374,549,0,4.222971,0.0,0.0
894,ZERO,6,,894,5.046654,11.734538,-6.687884,905,0,4.485554,0.0,0.0
895,ZERO,6,,895,4.0175896,8.994953,-4.9773636,908,0,9.012025,1.0,0.0
896,ZERO,6,,896,4.3287067,8.632861,-4.3041544,971,0,9.276449,1.0,0.0
897,ZERO,6,,897,5.4242015,7.5930815,-2.16888,851,0,7.6290603,1.0,0.0
898,ZERO,6,,898,11.392768,13.102407,-1.7096395,711,0,4.0247803,1.0,0.0
899,ZERO,6,,899,6.376723,9.026479,-2.649756,438,0,2.7067847,1.0,0.0
900,ZERO,6,,900,6.3967285,9.265903,-2.869175,611,0,7.355282,1.0,0.0
901,ZERO,6,,901,14.133342,10.89761,3.235732,901,1,6.26116,0.0,0.0
902,ZERO,6,,902,3.7875147,9.457782,-5.670267,664,0,6.9517355,1.0,0.0
903,ZERO,6,,903,7.8533435,9.988724,-2.1353803,824,0,6.2948728,1.0,0.0
904,ZERO,6,,904,8.436577,7.9929667,0.4436102,904,1,3.6867733,0.0,0.0
905,ZERO,6,,905,4.4868236,10.456083,-5.9692597,916,0,9.304707,1.0,0.0
906,ZERO,6,,906,9.360774,11.599187,-2.2384129,785,0,-0.95274734,0.0,0.0
907,ZERO,6,,907,7.7597103,9.66107,-1.9013596,711,0,-1.5019503,0.0,0.0
908,ZERO,6,,908,9.146071,9.725094,-0.5790224,611,0,-0.3228178,0.0,0.0
909,ZERO,6,,909,3.8030372,12.274617,-8.4715805,987,0,9.075266,1.0,0.0
910,ZERO,6,,910,3.4993758,8.550799,-5.0514235,419,0,6.3555274,1.0,0.0
911,ZERO,6,,911,8.425927,9.408871,-0.98294353,488,0,-0.7033415,0.0,0.0
912,ZERO,6,,912,5.776115,7.4375,-1.661385,646,0,8.43881,1.0,0.0
913,ZERO,6,,913,5.734225,9.205255,-3.4710298,611,0,11.794991,1.0,0.0
914,ZERO,6,,914,14.517854,14.000323,0.51753044,914,1,5.496399,0.0,0.0
915,ZERO,6,,915,3.2810218,9.463721,-6.182699,921,0,8.058339,1.0,0.0
916,ZERO,6,,916,11.958164,9.901784,2.0563803,916,1,6.4018793,0.0,0.0
917,ZERO,6,,917,11.266161,8.363673,2.9024878,917,1,-0.37568283,0.0,0.0
918,ZERO,6,,918,3.8375657,8.238151,-4.400585,902,0,8.304124,1.0,0.0
919,ZERO,6,,919,4.7806435,9.4042845,-4.623641,502,0,-5.04471,0.0,0.0
920,ZERO,6,,920,12.055023,9.642178,2.4128456,920,1,-3.273018,0.0,1.0
921,ZERO,6,,921,9.39308,11.345291,-1.9522114,916,0,1.882906,0.0,0.0
922,ZERO,6,,922,5.657771,10.952045,-5.2942743,916,0,12.049017,1.0,0.0
923,ZERO,6,,923,8.537198,8.06079,0.476408,923,1,2.7662678,0.0,0.0
924,ZERO,6,,924,4.880606,8.866354,-3.9857478,599,0,15.727173,1.0,0.0
925,ZERO,6,,925,5.641095,9.3140745,-3.6729794,696,0,7.727683,1.0,0.0
926,ZERO,6,,926,8.053999,9.641282,-1.5872831,923,0,4.5043077,1.0,0.0
927,ZERO,6,,927,2.3574789,7.9135103,-5.556031,78,0,8.533553,1.0,0.0
928,ZERO,6,,928,4.482737,9.037611,-4.554874,966,0,3.4310145,0.0,0.0
929,ZERO,6,,929,12.309645,11.384252,0.9253931,929,1,3.9859133,0.0,0.0
930,ZERO,6,,930,5.068038,9.924598,-4.8565598,868,0,8.15128,1.0,0.0
931,ZERO,6,,931,9.717731,9.258799,0.45893288,931,1,4.843727,0.0,0.0
932,ZERO,6,,932,6.2761903,10.058031,-3.7818408,599,0,7.0904727,1.0,0.0
933,ZERO,6,,933,9.866237,12.8589945,-2.9927578,934,0,9.38013,1.0,0.0
934,ZERO,6,,934,15.603896,11.465537,4.138359,934,1,5.260583,0.0,0.0
935,ZERO,6,,935,0.5034334,9.067409,-8.563975,599,0,10.600915,1.0,0.0
936,ZERO,6,,936,14.071021,8.620935,5.4500856,936,1,0.117770195,0.0,0.0
937,ZERO,6,,937,5.5082674,8.82172,-3.3134527,664,0,10.074122,1.0,0.0
938,ZERO,6,,938,16.88952,12.230627,4.6588936,938,1,-1.3178692,0.0,0.0
939,ZERO,6,,939,13.371309,13.360936,0.010373116,939,1,2.107132,0.0,0.0
940,ZERO,6,,940,2.729345,9.320242,-6.5908966,691,0,11.724813,1.0,0.0
941,ZERO,6,,941,5.7564363,7.818691,-2.0622544,556,0,5.673797,1.0,0.0
942,ZERO,6,,942,4.2095385,8.250165,-4.0406265,692,0,3.096856,0.0,0.0
943,ZERO,6,,943,11.370324,11.533794,-0.16347027,948,0,5.7074823,1.0,0.0
944,ZERO,6,,944,7.327888,10.223714,-2.8958259,948,0,9.325319,1.0,0.0
945,ZERO,6,,945,8.398412,9.314079,-0.91566753,936,0,7.722329,1.0,0.0
946,ZERO,6,,946,8.811521,9.879152,-1.0676317,917,0,6.7027187,1.0,0.0
947,ZERO,6,,947,14.094067,15.269053,-1.1749868,992,0,-0.37626362,0.0,0.0
948,ZERO,6,,948,13.604702,8.009471,5.595231,948,1,-0.8144398,0.0,0.0
949,ZERO,6,,949,9.1332245,7.621625,1.5115995,949,1,1.209589,0.0,0.0
950,ZERO,6,,950,13.679704,9.50021,4.179494,950,1,2.457261,0.0,0.0
951,ZERO,6,,951,6.362773,9.743682,-3.380909,950,0,6.843251,1.0,0.0
952,ZERO,6,,952,5.2070084,7.908871,-2.7018628,949,0,5.337209,1.0,0.0
953,ZERO,6,,953,10.376764,7.7484727,2.6282916,953,1,3.4271512,0.0,0.0
954,ZERO,6,,954,13.487799,9.137928,4.3498707,954,1,2.3360424,0.0,0.0
955,ZERO,6,,955,17.99774,10.238348,7.759392,955,1,0.85308266,0.0,0.0
956,ZERO,6,,956,9.565361,8.188002,1.3773594,956,1,6.0564003,0.0,0.0
957,ZERO,6,,957,12.700752,10.335202,2.36555,957,1,3.8323936,0.0,0.0
958,ZERO,6,,958,6.7657166,10.897932,-4.1322155,698,0,7.15672,1.0,0.0
959,ZERO,6,,959,1.213612,9.087468,-7.873856,599,0,13.2243805,1.0,0.0
960,ZERO,6,,960,7.271431,8.776963,-1.5055323,907,0,3.9536648,1.0,0.0
961,ZERO,6,,961,0.6321758,8.182055,-7.5498796,885,0,9.25157,1.0,0.0
962,ZERO,6,,962,3.0924623,9.870315,-6.777852,696,0,9.999575,1.0,0.0
963,ZERO,6,,963,0.33057764,9.007672,-8.677094,611,0,-5.745345,0.0,0.0
964,ZERO,6,,964,-0.043923542,9.725901,-9.769824,633,0,8.495453,0.0,0.0
965,ZERO,6,,965,4.841513,9.515901,-4.6743875,987,0,6.6183915,1.0,0.0
966,ZERO,6,,966,6.5372934,8.862096,-2.3248024,714,0,-3.4240274,0.0,0.0
967,ZERO,6,,967,9.13076,11.7786875,-2.6479273,969,0,1.4767418,0.0,0.0
968,ZERO,6,,968,8.684364,10.583794,-1.8994293,720,0,2.9895678,1.0,0.0
969,ZERO,6,,969,1.0269941,8.795988,-7.768994,549,0,7.7045236,0.0,0.0
970,ZERO,6,,970,5.34591,11.383742,-6.0378323,974,0,5.3636265,0.0,0.0
971,ZERO,6,,971,12.754167,10.321133,2.433034,971,1,5.6149597,0.0,0.0
972,ZERO,6,,972,7.3568115,8.421497,-1.0646858,649,0,2.133071,1.0,0.0
973,ZERO,6,,973,10.448218,8.989838,1.4583807,973,1,-0.34890747,0.0,0.0
974,ZERO,6,,974,3.2476504,8.870688,-5.6230383,916,0,7.3306017,1.0,0.0
975,ZERO,6,,975,4.832502,7.488679,-2.656177,852,0,4.823095,1.0,0.0
976,ZERO,6,,976,-1.0580738,7.544232,-8.602305,912,0,12.020863,1.0,0.0
977,ZERO,6,,977,5.8300514,8.920944,-3.0908928,916,0,6.948189,1.0,0.0
978,ZERO,6,,978,2.011341,7.2761717,-5.2648306,611,0,5.1055155,0.0,0.0
979,ZERO,6,,979,2.1578486,8.559031,-6.401182,916,0,7.718995,1.0,0.0
980,ZERO,6,,980,4.6867843,8.552602,-3.8658175,912,0,-2.26973,0.0,0.0
981,ZERO,6,,981,8.0175085,8.960669,-0.94316006,851,0,0.88742924,0.0,0.0
982,ZERO,6,,982,4.561845,9.40648,-4.844635,608,0,7.1117363,1.0,0.0
983,ZERO,6,,983,12.846739,14.758536,-1.9117975,691,0,5.4326324,1.0,0.0
984,ZERO,6,,984,12.198039,10.950983,1.247056,984,1,9.990269,0.0,0.0
985,ZERO,6,,985,6.576844,8.5773535,-2.0005093,868,0,3.9747276,1.0,0.0
986,ZERO,6,,986,6.649431,8.757096,-2.107665,989,0,13.854413,1.0,0.0
987,ZERO,6,,987,11.90794,13.218367,-1.3104267,998,0,1.1043434,0.0,0.0
988,ZERO,6,,988,11.900294,9.010732,2.8895626,988,1,2.9280195,0.0,0.0
989,ZERO,6,,989,10.314775,9.822896,0.49187946,989,1,9.086536,0.0,0.0
990,ZERO,6,,990,9.081422,8.326128,0.75529385,990,1,2.2956762,0.0,0.0
991,ZERO,6,,991,5.302785,8.120457,-2.8176718,917,0,5.382081,1.0,0.0
992,ZERO,6,,992,2.3695335,7.342228,-4.9726944,775,0,7.028352,1.0,0.0
993,ZERO,6,,993,4.5853596,9.951739,-5.3663797,917,0,13.457409,1.0,0.0
994,ZERO,6,,994,5.431316,7.5925837,-2.1612678,470,0,4.58927,1.0,0.0
995,ZERO,6,,995,-0.38525322,8.432598,-8.817851,973,0,17.140339,1.0,0.0
996,ZERO,6,,996,7.4813666,9.789703,-2.3083367,599,0,9.92425,1.0,0.0
997,ZERO,6,,997,3.6962333,8.087284,-4.391051,646,0,5.091473,1.0,0.0
998,ZERO,6,,998,6.593313,8.079616,-1.4863024,646,0,2.4269629,1.0,0.0
999,ZERO,6,,999,1.6047969,7.339068,-5.734271,696,0,6.98678,1.0,0.0
0,CENTROID,6,,0,17.576248,12.118403,5.4578447,0,1,2.3961449,0.0,0.0
1,CENTROID,6,,1,16.24884,10.513812,5.7350283,1,1,-1.900404,0.0,0.0
2,CENTROID,6,,2,16.577631,13.164612,3.4130192,2,1,1.0203533,0.0,0.0
3,CENTROID,6,,3,14.510538,12.07429,2.4362478,3,1,1.086977,0.0,0.0
4,CENTROID,6,,4,16.817732,17.346764,-0.52903175,3,0,1.1282158,1.0,0.0
5,CENTROID,6,,5,12.693942,9.017197,3.6767454,5,1,2.7598448,0.0,0.0
6,CENTROID,6,,6,11.653668,12.173919,-0.5202503,5,0,1.9184532,1.0,0.0
7,CENTROID,6,,7,15.419121,10.819432,4.5996885,7,1,0.6168194,0.0,0.0
8,CENTROID,6,,8,13.15787,11.635752,1.5221186,8,1,0.7034426,0.0,0.0
9,CENTROID,6,,9,14.945772,8.49211,6.453662,9,1,0.6762686,0.0,0.0
10,CENTROID,6,,10,18.059893,13.984158,4.075735,10,1,3.70444,0.0,0.0
11,CENTROID,6,,11,17.96667,12.848606,5.118063,11,1,-0.19735622,0.0,0.0
12,CENTROID,6,,12,14.719933,11.128654,3.591279,12,1,-1.8889885,0.0,0.0
13,CENTROID,6,,13,15.949503,11.6072645,4.3422384,13,1,-0.74627113,0.0,0.0
14,CENTROID,6,,14,18.782846,13.13056,5.6522865,14,1,2.6507816,0.0,0.0
15,CENTROID,6,,15,20.042479,13.926648,6.1158304,15,1,1.8129454,0.0,0.0
16,CENTROID,6,,16,17.573986,10.935365,6.6386213,16,1,2.3031578,0.0,0.0
17,CENTROID,6,,17,13.549972,11.258322,2.2916498,17,1,0.16383839,0.0,0.0
18,CENTROID,6,,18,14.408875,12.07353,2.3353453,18,1,1.9856148,0.0,0.0
19,CENTROID,6,,19,20.994448,10.864924,10.129523,19,1,-0.91651344,0.0,0.0
20,CENTROID,6,,20,16.20009,11.654241,4.54585,20,1,2.8959732,0.0,0.0
21,CENTROID,6,,21,9.165626,10.11782,-0.9521942,141,0,1.2397213,1.0,0.0
22,CENTROID,6,,22,13.621828,12.71501,0.9068184,22,1,2.8375978,0.0,0.0
23,CENTROID,6,,23,11.421855,9.481226,1.940629,23,1,0.9178257,0.0,0.0
24,CENTROID,6,,24,19.930243,10.62532,9.304922,24,1,1.2886353,0.0,0.0
25,CENTROID,6,,25,19.489094,16.703892,2.785202,25,1,0.6593151,0.0,0.0
26,CENTROID,6,,26,16.14579,19.647635,-3.5018444,28,0,-0.20405197,0.0,0.0
27,CENTROID,6,,27,14.177705,17.969326,-3.7916212,26,0,-0.5657253,0.0,0.0
28,CENTROID,6,,28,17.964771,14.20546,3.7593117,28,1,-0.07849312,0.0,0.0
29,CENTROID,6,,29,15.794484,14.535533,1.2589512,29,1,2.9054756,0.0,0.0
30,CENTROID,6,,30,17.843283,13.975555,3.8677273,30,1,-1.681881,0.0,0.0
31,CENTROID,6,,31,16.91739,15.420851,1.4965401,31,1,1.224041,0.0,0.0
32,CENTROID,6,,32,7.1756463,12.334548,-5.1589017,302,0,3.9682727,0.0,0.0
33,CENTROID,6,,33,11.015562,11.323183,-0.307621,34,0,2.862897,1.0,0.0
34,CENTROID,6,,34,5.7960653,7.4241004,-1.6280351,980,0,-2.8370337,0.0,0.0
35,CENTROID,6,,35,18.408827,17.819672,0.5891552,35,1,1.2226849,0.0,0.0
36,CENTROID,6,,36,18.751358,19.128014,-0.37665558,35,0,-0.31532288,0.0,0.0
37,CENTROID,6,,37,13.555256,13.8817425,-0.3264866,35,0,4.6620655,1.0,0.0
38,CENTROID,6,,38,12.96692,13.779333,-0.8124132,28,0,-0.8495512,0.0,0.0
39,CENTROID,6,,39,19.934496,13.855773,6.078723,39,1,0.21179867,0.0,0.0
40,CENTROID,6,,40,19.594904,18.029638,1.5652657,40,1,0.42352867,0.0,0.0
41,CENTROID,6,,41,19.076836,14.361474,4.7153616,41,1,-1.2214918,0.0,0.0
42,CENTROID,6,,42,19.44678,14.658477,4.7883024,42,1,-0.20695782,0.0,0.0
43,CENTROID,6,,43,18.806284,11.786137,7.0201473,43,1,0.56143093,0.0,0.0
44,CENTROID,6,,44,20.751167,15.709803,5.0413647,44,1,1.416954,0.0,0.0
45,CENTROID,6,,45,4.5276585,7.625294,-3.0976357,38,0,3.5998225,1.0,0.0
46,CENTROID,6,,46,16.777946,16.807268,-0.02932167,47,0,-1.5929031,0.0,0.0
47,CENTROID,6,,47,20.158026,13.677899,6.4801264,47,1,-0.13060665,0.0,0.0
48,CENTROID,6,,48,19.236012,14.070917,5.1650944,48,1,1.3671122,0.0,0.0
49,CENTROID,6,,49,3.3078299,8.333044,-5.025214,40,0,6.4397907,1.0,0.0
50,CENTROID,6,,50,10.798305,10.845608,-0.0473032,38,0,1.8540249,1.0,0.0
51,CENTROID,6,,51,10.526569,7.9240537,2.6025157,51,1,0.04996538,0.0,0.0
52,CENTROID,6,,52,17.115395,14.464774,2.6506205,52,1,0.05198574,0.0,0.0
53,CENTROID,6,,53,21.845295,17.12199,4.7233047,53,1,-0.82844543,0.0,0.0
54,CENTROID,6,,54,13.3707905,18.398039,-5.0272484,68,0,1.0766468,0.0,0.0
55,CENTROID,6,,55,15.1928215,16.739601,-1.5467796,64,0,0.24175167,0.0,0.0
56,CENTROID,6,,56,16.244375,14.266256,1.9781189,56,1,0.73357487,0.0,0.0
57,CENTROID,6,,57,12.946934,14.218452,-1.2715187,68,0,1.4065723,1.0,0.0
58,CENTROID,6,,58,14.380885,13.082396,1.2984896,58,1,-0.30346775,0.0,0.0
59,CENTROID,6,,59,19.211014,16.340822,2.8701916,59,1,0.22276497,0.0,0.0
60,CENTROID,6,,60,16.063684,13.844478,2.2192068,60,1,0.0025281906,0.0,0.0
61,CENTROID,6,,61,18.609026,14.779814,3.8292122,61,1,1.0242872,0.0,0.0
62,CENTROID,6,,62,9.591243,10.034758,-0.44351482,60,0,0.3267269,0.0,0.0
63,CENTROID,6,,63,19.830154,15.013535,4.81662,63,1,1.6936951,0.0,0.0
64,CENTROID,6,,64,6.4181933,8.751797,-2.3336034,313,0,4.3552966,1.0,0.0
65,CENTROID,6,,65,17.252579,11.55385,5.6987286,65,1,-1.0391073,0.0,0.0
66,CENTROID,6,,66,18.576515,16.428766,2.147749,66,1,-0.1826706,0.0,0.0
67,CENTROID,6,,67,16.750967,16.232893,0.51807404,67,1,-0.32621956,0.0,0.0
68,CENTROID,6,,68,11.843081,13.736392,-1.8933105,66,0,0.63014984,0.0,0.0
69,CENTROID,6,,69,11.878541,11.345697,0.5328436,69,1,3.4382162,0.0,0.0
70,CENTROID,6,,70,20.839119,14.137341,6.7017784,70,1,1.794837,0.0,0.0
71,CENTROID,6,,71,21.903385,14.096039,7.8073463,71,1,1.3866339,0.0,0.0
72,CENTROID,6,,72,19.207966,17.251604,1.9563618,72,1,-0.6518841,0.0,0.0
73,CENTROID,6,,73,15.6036625,12.684873,2.9187899,73,1,2.2019787,0.0,0.0
74,CENTROID,6,,74,14.173661,16.582533,-2.4088717,73,0,0.57712364,0.0,0.0
75,CENTROID,6,,75,20.296057,16.179562,4.116495,75,1,-0.05827236,0.0,0.0
76,CENTROID,6,,76,18.944225,15.038298,3.9059277,76,1,0.7138624,0.0,0.0
77,CENTROID,6,,77,16.683899,17.884174,-1.2002754,73,0,0.96264267,0.0,0.0
78,CENTROID,6,,78,20.542557,13.109179,7.433378,78,1,-1.2444143,0.0,0.0
79,CENTROID,6,,79,18.41953,14.471106,3.9484253,79,1,-0.5390692,0.0,0.0
80,CENTROID,6,,80,21.175983,12.631889,8.544094,80,1,0.8535347,0.0,0.0
81,CENTROID,6,,81,18.177656,9.860627,8.317029,81,1,1.989192,0.0,0.0
82,CENTROID,6,,82,18.976727,15.604682,3.3720446,82,1,0.041168213,0.0,0.0
83,CENTROID,6,,83,19.187544,13.459134,5.72841,83,1,1.5494509,0.0,0.0
84,CENTROID,6,,84,9.925193,12.124053,-2.1988602,807,0,5.4173536,1.0,0.0
85,CENTROID,6,,85,18.030146,14.046974,3.9831715,85,1,1.1995201,0.0,0.0
86,CENTROID,6,,86,18.762407,17.48594,1.2764664,86,1,0.7032814,0.0,0.0
87,CENTROID,6,,87,10.33814,8.530494,1.8076458,87,1,3.718605,0.0,0.0
88,CENTROID,6,,88,16.339264,9.82411,6.515154,88,1,0.3416214,0.0,0.0
89,CENTROID,6,,89,16.155275,8.884711,7.270564,89,1,-0.26861668,0.0,0.0
90,CENTROID,6,,90,18.939009,10.255309,8.6837,90,1,-0.42252254,0.0,0.0
91,CENTROID,6,,91,21.285183,13.630269,7.654914,91,1,1.5912933,0.0,0.0
92,CENTROID,6,,92,20.350176,11.673492,8.676683,92,1,-0.34247017,0.0,0.0
93,CENTROID,6,,93,7.2808523,8.859451,-1.578599,728,0,6.077635,1.0,0.0
94,CENTROID,6,,94,19.75926,16.573034,3.186226,94,1,-0.8241577,0.0,0.0
95,CENTROID,6,,95,20.186377,14.241835,5.944542,95,1,2.0212831,0.0,0.0
96,CENTROID,6,,96,19.967289,15.091115,4.876174,96,1,-0.15334988,0.0,0.0
97,CENTROID,6,,97,13.000308,11.380978,1.6193304,97,1,-0.02990055,0.0,0.0
98,CENTROID,6,,98,21.9973,9.14085,12.856449,98,1,0.5978699,0.0,0.0
99,CENTROID,6,,99,13.064813,11.42498,1.6398325,99,1,-0.21260834,0.0,0.0
100,CENTROID,6,,100,19.592276,14.622584,4.9696913,100,1,1.4116058,0.0,0.0
101,CENTROID,6,,101,19.794378,18.582582,1.2117958,101,1,-1.1858349,0.0,0.0
102,CENTROID,6,,102,19.988928,12.573408,7.4155197,102,1,-0.7136402,0.0,0.0
103,CENTROID,6,,103,13.94236,9.672461,4.2698994,103,1,2.9682436,0.0,0.0
104,CENTROID,6,,104,12.791812,12.976729,-0.18491745,280,0,3.4257946,1.0,0.0
105,CENTROID,6,,105,19.6676,14.471648,5.1959524,105,1,2.0060682,0.0,0.0
106,CENTROID,6,,106,18.719643,14.656517,4.0631256,106,1,2.1111326,0.0,0.0
107,CENTROID,6,,107,8.769962,8.368803,0.4011593,107,1,8.460826,0.0,0.0
108,CENTROID,6,,108,16.124714,15.870257,0.25445652,108,1,-0.37284756,0.0,1.0
109,CENTROID,6,,109,7.666372,10.357151,-2.6907792,599,0,5.5390115,1.0,0.0
110,CENTROID,6,,110,22.509415,19.155317,3.3540974,110,1,1.3156376,0.0,0.0
111,CENTROID,6,,111,14.21891,9.163867,5.055043,111,1,0.66981983,0.0,0.0
112,CENTROID,6,,112,8.036597,11.5123625,-3.4757652,126,0,4.6759214,1.0,0.0
113,CENTROID,6,,113,20.744877,14.524619,6.2202578,113,1,0.5894003,0.0,0.0
114,CENTROID,6,,114,4.6218047,9.951059,-5.3292546,112,0,0.56705904,0.0,0.0
115,CENTROID,6,,115,14.655697,14.135131,0.520566,115,1,2.2670126,0.0,0.0
116,CENTROID,6,,116,13.684468,11.136459,2.548009,116,1,6.3828983,0.0,0.0
117,CENTROID,6,,117,18.852127,10.663684,8.188443,117,1,1.5357904,0.0,0.0
118,CENTROID,6,,118,16.912264,15.221861,1.690403,118,1,0.009672165,0.0,0.0
119,CENTROID,6,,119,16.216864,13.705942,2.5109215,119,1,0.871809,0.0,0.0
120,CENTROID,6,,120,15.207323,16.024643,-0.81731987,119,0,3.004117,1.0,0.0
121,CENTROID,6,,121,14.752394,13.367396,1.3849974,121,1,2.0994997,0.0,0.0
122,CENTROID,6,,122,17.966883,13.157779,4.809104,122,1,0.44162464,0.0,0.0
123,CENTROID,6,,123,13.716466,11.387633,2.3288326,123,1,-1.7649717,0.0,0.0
124,CENTROID,6,,124,15.238563,13.661665,1.5768976,124,1,0.16798973,0.0,0.0
125,CENTROID,6,,125,18.416126,15.735767,2.680359,125,1,2.3093605,0.0,0.0
126,CENTROID,6,,126,6.1938148,9.141266,-2.947451,302,0,0.77051973,0.0,0.0
127,CENTROID,6,,127,19.99574,17.879137,2.1166039,127,1,-0.69073296,0.0,0.0
128,CENTROID,6,,128,14.844115,11.838521,3.0055943,128,1,0.13768482,0.0,0.0
129,CENTROID,6,,129,17.901817,12.7999525,5.101865,129,1,1.4563837,0.0,0.0
130,CENTROID,6,,130,16.649414,10.796841,5.8525734,130,1,1.4112501,0.0,0.0
131,CENTROID,6,,131,14.750812,14.649037,0.101774216,131,1,1.8609257,0.0,0.0
132,CENTROID,6,,132,14.326172,10.470779,3.8553925,132,1,-0.6116018,0.0,0.0
133,CENTROID,6,,133,17.896313,13.43535,4.4609623,133,1,3.453926,0.0,0.0
134,CENTROID,6,,134,15.573682,12.7436285,2.8300533,134,1,0.0797739,0.0,0.0
135,CENTROID,6,,135,21.31394,13.20924,8.1047,135,1,1.3308468,0.0,0.0
136,CENTROID,6,,136,19.980852,13.157923,6.8229294,136,1,-0.40509987,0.0,0.0
137,CENTROID,6,,137,15.475322,10.787727,4.6875944,137,1,0.5575199,0.0,0.0
138,CENTROID,6,,138,13.627946,15.117087,-1.4891415,80,0,-0.33574867,0.0,0.0
139,CENTROID,6,,139,18.363745,12.996897,5.366848,139,1,-0.024830818,0.0,0.0
140,CENTROID,6,,140,20.212324,14.023312,6.1890125,140,1,1.5008888,0.0,0.0
141,CENTROID,6,,141,22.426964,15.162776,7.264188,141,1,-0.8917942,0.0,0.0
142,CENTROID,6,,142,22.822535,16.963106,5.8594284,142,1,0.90245247,0.0,0.0
143,CENTROID,6,,143,21.697691,10.766528,10.931163,143,1,0.18929768,0.0,0.0
144,CENTROID,6,,144,3.0378428,10.103835,-7.0659924,460,0,7.8613863,1.0,0.0
145,CENTROID,6,,145,7.5552006,9.885969,-2.3307686,678,0,5.7256966,1.0,0.0
146,CENTROID,6,,146,17.644306,9.565834,8.078472,146,1,1.3910179,0.0,0.0
147,CENTROID,6,,147,16.737667,13.625204,3.112463,147,1,4.3928947,0.0,0.0
148,CENTROID,6,,148,17.579987,11.767514,5.8124723,148,1,2.2576342,0.0,0.0
149,CENTROID,6,,149,14.0257435,9.112457,4.913286,149,1,-2.8170004,0.0,0.0
150,CENTROID,6,,150,17.069256,11.895648,5.173608,150,1,0.20883942,0.0,0.0
151,CENTROID,6,,151,6.9194922,10.352177,-3.4326844,162,0,0.96260595,0.0,0.0
152,CENTROID,6,,152,20.65367,17.46376,3.189909,152,1,1.3067951,0.0,0.0
153,CENTROID,6,,153,13.524472,14.33523,-0.81075764,203,0,3.004364,1.0,0.0
154,CENTROID,6,,154,17.560408,13.953533,3.6068745,154,1,0.19445133,0.0,0.0
155,CENTROID,6,,155,14.89117,13.000561,1.8906088,155,1,-0.84414864,0.0,0.0
156,CENTROID,6,,156,15.818258,11.859546,3.9587126,156,1,0.40696907,0.0,0.0
157,CENTROID,6,,157,13.508183,12.503299,1.0048838,157,1,2.0751324,0.0,0.0
158,CENTROID,6,,158,13.516226,16.176285,-2.660059,237,0,1.8781815,0.0,0.0
159,CENTROID,6,,159,14.686736,12.4526,2.2341366,159,1,1.0382643,0.0,0.0
160,CENTROID,6,,160,20.998133,13.501821,7.496312,160,1,-0.5606775,0.0,0.0
161,CENTROID,6,,161,18.824715,15.618108,3.2066069,161,1,1.3028021,0.0,0.0
162,CENTROID,6,,162,17.5334,13.175446,4.357954,162,1,0.0707407,0.0,0.0
163,CENTROID,6,,163,17.495573,15.756669,1.738904,163,1,-1.7598085,0.0,1.0
164,CENTROID,6,,164,16.372417,16.240196,0.13222122,164,1,0.92529106,0.0,0.0
165,CENTROID,6,,165,17.0902,11.622347,5.4678535,165,1,-0.02820015,0.0,0.0
166,CENTROID,6,,166,13.054787,12.438469,0.61631775,166,1,1.5382013,0.0,0.0
167,CENTROID,6,,167,16.292809,16.754827,-0.46201897,164,0,-1.5802975,0.0,0.0
168,CENTROID,6,,168,16.949406,16.82891,0.12049484,168,1,1.3253384,0.0,0.0
169,CENTROID,6,,169,22.019257,16.26552,5.7537365,169,1,1.1254492,0.0,0.0
170,CENTROID,6,,170,18.311235,15.332743,2.9784927,170,1,0.44301224,0.0,0.0
171,CENTROID,6,,171,17.779898,15.047031,2.7328663,171,1,-0.22655106,0.0,0.0
172,CENTROID,6,,172,22.150967,17.854689,4.296278,172,1,0.7495365,0.0,0.0
173,CENTROID,6,,173,17.178648,12.565767,4.6128807,173,1,1.9773207,0.0,0.0
174,CENTROID,6,,174,17.364313,13.992705,3.3716078,174,1,-0.91691875,0.0,0.0
175,CENTROID,6,,175,15.426278,13.621547,1.8047314,175,1,0.6211071,0.0,0.0
176,CENTROID,6,,176,16.100344,19.070072,-2.9697285,172,0,0.14985466,0.0,0.0
177,CENTROID,6,,177,19.540922,16.464405,3.076517,177,1,-0.8598938,0.0,0.0
178,CENTROID,6,,178,17.486319,13.246107,4.2402115,178,1,0.5622692,0.0,0.0
179,CENTROID,6,,179,14.638839,14.856345,-0.21750641,180,0,-0.66150475,0.0,0.0
180,CENTROID,6,,180,13.343448,12.5537615,0.7896862,180,1,-0.28192425,0.0,0.0
181,CENTROID,6,,181,14.389081,12.565806,1.8232746,181,1,1.7381449,0.0,0.0
182,CENTROID,6,,182,13.364235,14.103188,-0.73895264,262,0,-0.88131905,0.0,0.0
183,CENTROID,6,,183,18.318375,14.323269,3.9951057,183,1,0.05673504,0.0,0.0
184,CENTROID,6,,184,17.74678,14.420275,3.3265057,184,1,1.3550587,0.0,0.0
185,CENTROID,6,,185,19.641157,16.184383,3.4567738,185,1,0.42824745,0.0,0.0
186,CENTROID,6,,186,15.436184,14.918762,0.5174217,186,1,-0.3583393,0.0,0.0
187,CENTROID,6,,187,13.957138,15.148744,-1.1916056,186,0,1.0791197,0.0,0.0
188,CENTROID,6,,188,18.672756,13.089656,5.5831003,188,1,1.1345644,0.0,0.0
189,CENTROID,6,,189,18.171602,14.577348,3.5942545,189,1,-0.004347801,0.0,0.0
190,CENTROID,6,,190,19.24828,16.237959,3.0103207,190,1,-0.7819433,0.0,0.0
191,CENTROID,6,,191,16.181408,15.112212,1.0691957,191,1,-0.12050247,0.0,0.0
192,CENTROID,6,,192,7.3546505,9.495791,-2.141141,255,0,2.288416,1.0,0.0
193,CENTROID,6,,193,17.08984,16.087826,1.0020142,193,1,0.79566383,0.0,0.0
194,CENTROID,6,,194,19.766443,14.623483,5.1429605,194,1,2.9133883,0.0,0.0
195,CENTROID,6,,195,13.870022,10.984186,2.8858356,195,1,-1.0637846,0.0,0.0
196,CENTROID,6,,196,11.771022,19.484499,-7.713477,198,0,1.4223852,0.0,0.0
197,CENTROID,6,,197,12.399487,13.564345,-1.1648588,198,0,3.187519,1.0,0.0
198,CENTROID,6,,198,20.132195,16.750698,3.3814964,198,1,0.118974686,0.0,0.0
199,CENTROID,6,,199,15.075825,12.821636,2.2541885,199,1,0.0828228,0.0,0.0
200,CENTROID,6,,200,15.416851,13.711086,1.7057648,200,1,1.0728712,0.0,0.0
201,CENTROID,6,,201,17.85371,15.027559,2.826151,201,1,-1.871233,0.0,0.0
202,CENTROID,6,,202,15.837429,14.303626,1.533803,202,1,-0.6827955,0.0,0.0
203,CENTROID,6,,203,10.209785,9.741109,0.46867657,203,1,0.7963276,0.0,0.0
204,CENTROID,6,,204,10.200724,14.337147,-4.136423,187,0,3.5801744,0.0,0.0
205,CENTROID,6,,205,15.050092,12.692681,2.3574104,205,1,1.5061531,0.0,0.0
206,CENTROID,6,,206,16.93171,14.192097,2.7396126,206,1,0.12858295,0.0,0.0
207,CENTROID,6,,207,14.378953,11.215387,3.1635656,207,1,-0.7282257,0.0,0.0
208,CENTROID,6,,208,7.3279705,12.682178,-5.354207,207,0,2.2614079,0.0,0.0
209,CENTROID,6,,209,12.228731,12.112532,0.11619949,209,1,0.25780964,0.0,0.0
210,CENTROID,6,,210,15.557442,11.195225,4.362217,210,1,0.52703667,0.0,0.0
211,CENTROID,6,,211,18.298101,15.022988,3.275113,211,1,0.061990738,0.0,0.0
212,CENTROID,6,,212,14.49316,12.893856,1.5993042,212,1,1.1932783,0.0,0.0
213,CENTROID,6,,213,11.779951,17.522053,-5.7421017,218,0,-0.2727995,0.0,0.0
214,CENTROID,6,,214,18.885258,12.313996,6.5712614,214,1,0.68331814,0.0,0.0
215,CENTROID,6,,215,18.61588,12.876441,5.739438,215,1,-0.14519024,0.0,0.0
216,CENTROID,6,,216,17.667292,14.361393,3.3058987,216,1,0.03734207,0.0,0.0
217,CENTROID,6,,217,13.678764,11.946172,1.7325926,217,1,1.6488447,0.0,0.0
218,CENTROID,6,,218,20.510092,15.394032,5.1160603,218,1,-0.9126587,0.0,0.0
219,CENTROID,6,,219,12.949375,11.493752,1.4556236,219,1,-0.17962742,0.0,0.0
220,CENTROID,6,,220,17.594818,14.444972,3.149846,220,1,2.8334227,0.0,0.0
221,CENTROID,6,,221,16.404419,15.180008,1.224411,221,1,0.5292063,0.0,0.0
222,CENTROID,6,,222,17.183865,14.046936,3.1369286,222,1,-2.193922,0.0,0.0
223,CENTROID,6,,223,19.588219,12.223734,7.364485,223,1,-0.02941513,0.0,0.0
224,CENTROID,6,,224,15.592785,10.230124,5.3626604,224,1,1.6311722,0.0,0.0
225,CENTROID,6,,225,13.715469,12.037307,1.6781626,225,1,2.5999317,0.0,0.0
226,CENTROID,6,,226,3.5011263,12.737784,-9.236658,168,0,-0.3220358,0.0,0.0
227,CENTROID,6,,227,13.06576,10.8914385,2.1743212,227,1,1.0903425,0.0,0.0
228,CENTROID,6,,228,17.762985,13.390031,4.3729544,228,1,2.6665964,0.0,0.0
229,CENTROID,6,,229,19.86922,15.95392,3.9153004,229,1,0.36454964,0.0,0.0
230,CENTROID,6,,230,5.9748144,9.733149,-3.7583342,231,0,1.2871957,0.0,0.0
231,CENTROID,6,,231,15.3904295,16.547562,-1.1571321,230,0,-1.1840067,0.0,0.0
232,CENTROID,6,,232,14.796154,13.004163,1.7919912,232,1,-0.60096073,0.0,0.0
233,CENTROID,6,,233,18.743885,12.098535,6.6453505,233,1,0.85356236,0.0,0.0
234,CENTROID,6,,234,17.0377,12.428722,4.6089783,234,1,-0.086483955,0.0,0.0
235,CENTROID,6,,235,14.877793,16.120146,-1.2423525,225,0,0.10806751,0.0,0.0
236,CENTROID,6,,236,16.593426,15.386009,1.2074165,236,1,2.0846653,0.0,0.0
237,CENTROID,6,,237,15.416287,13.2601795,2.156108,237,1,-0.8136215,0.0,0.0
238,CENTROID,6,,238,12.099453,15.495347,-3.395894,240,0,1.447072,0.0,0.0
239,CENTROID,6,,239,13.494888,14.912579,-1.4176903,238,0,0.49175835,0.0,0.0
240,CENTROID,6,,240,17.189072,16.706182,0.48288918,240,1,-1.1224537,0.0,1.0
241,CENTROID,6,,241,9.945986,10.65213,-0.70614433,240,0,1.5922918,1.0,0.0
242,CENTROID,6,,242,17.690643,14.016627,3.674016,242,1,0.5960388,0.0,0.0
243,CENTROID,6,,243,16.896217,15.30834,1.5878773,243,1,0.90333176,0.0,0.0
244,CENTROID,6,,244,20.45119,13.147222,7.3039694,244,1,2.0498362,0.0,0.0
245,CENTROID,6,,245,12.489182,11.627216,0.86196613,245,1,2.0802126,0.0,0.0
246,CENTROID,6,,246,12.06354,12.6151,-0.55155945,676,0,0.2954359,0.0,0.0
247,CENTROID,6,,247,18.258486,12.733846,5.52464,247,1,0.7237263,0.0,0.0
248,CENTROID,6,,248,16.716597,15.52147,1.1951265,248,1,0.2978897,0.0,0.0
249,CENTROID,6,,249,16.715443,13.885477,2.8299656,249,1,2.5677338,0.0,0.0
250,CENTROID,6,,250,18.082209,18.192831,-0.110622406,248,0,0.45480156,1.0,0.0
251,CENTROID,6,,251,15.495785,12.539694,2.956091,251,1,0.8130646,0.0,0.0
252,CENTROID,6,,252,17.707443,15.706791,2.0006523,252,1,0.6827202,0.0,0.0
253,CENTROID,6,,253,19.725431,12.788069,6.9373627,253,1,-0.11015892,0.0,0.0
254,CENTROID,6,,254,15.364531,11.619923,3.744608,254,1,3.4795818,0.0,0.0
255,CENTROID,6,,255,15.834182,13.0560255,2.7781563,255,1,1.7568407,0.0,0.0
256,CENTROID,6,,256,14.418699,13.81213,0.6065693,256,1,0.3972416,0.0,0.0
257,CENTROID,6,,257,14.762201,13.527112,1.2350893,257,1,1.8399143,0.0,0.0
258,CENTROID,6,,258,17.826818,13.314019,4.5127993,258,1,0.22115517,0.0,0.0
259,CENTROID,6,,259,17.67472,14.2871475,3.3875732,259,1,0.70917034,0.0,0.0
260,CENTROID,6,,260,16.09682,12.711364,3.385457,260,1,0.016374588,0.0,0.0
261,CENTROID,6,,261,14.708575,9.758851,4.949724,261,1,-0.6374607,0.0,0.0
262,CENTROID,6,,262,17.617,14.005943,3.6110573,262,1,2.9728565,0.0,0.0
263,CENTROID,6,,263,16.909256,14.96816,1.9410963,263,1,-2.242528,0.0,1.0
264,CENTROID,6,,264,14.886821,14.133533,0.75328827,264,1,2.1516943,0.0,0.0
265,CENTROID,6,,265,-1.7874998,13.62575,-15.413249,807,0,6.9202633,0.0,0.0
266,CENTROID,6,,266,15.395507,15.310187,0.08531952,266,1,0.81024647,0.0,0.0
267,CENTROID,6,,267,16.30512,12.981653,3.3234673,267,1,0.8848076,0.0,0.0
268,CENTROID,6,,268,13.498783,9.184862,4.313921,268,1,-1.4022055,0.0,0.0
269,CENTROID,6,,269,20.806866,17.458973,3.3478928,269,1,-0.17908478,0.0,0.0
270,CENTROID,6,,270,20.709534,16.856558,3.8529758,270,1,-0.13474655,0.0,0.0
271,CENTROID,6,,271,14.934724,18.398315,-3.4635916,274,0,-1.6455097,0.0,0.0
272,CENTROID,6,,272,14.844722,13.853083,0.99163914,272,1,-0.53718853,0.0,0.0
273,CENTROID,6,,273,15.81975,14.9883175,0.83143234,273,1,-0.6652775,0.0,0.0
274,CENTROID,6,,274,19.419594,13.801573,5.618021,274,1,0.56262875,0.0,0.0
275,CENTROID,6,,275,16.020592,9.510117,6.510475,275,1,-1.0619946,0.0,0.0
276,CENTROID,6,,276,19.491444,15.700172,3.7912712,276,1,1.4385834,0.0,0.0
277,CENTROID,6,,277,17.169271,18.998457,-1.8291855,280,0,-0.3184681,0.0,0.0
278,CENTROID,6,,278,14.871496,16.526426,-1.6549301,279,0,0.92033577,0.0,0.0
279,CENTROID,6,,279,21.09434,14.478115,6.6162243,279,1,0.9173374,0.0,0.0
280,CENTROID,6,,280,20.32436,14.485622,5.8387375,280,1,-0.52533627,0.0,0.0
281,CENTROID,6,,281,11.30318,10.436252,0.8669281,281,1,0.3415575,0.0,0.0
282,CENTROID,6,,282,10.3357525,11.063554,-0.7278013,281,0,-0.5043936,0.0,0.0
283,CENTROID,6,,283,17.496925,10.429233,7.0676928,283,1,0.8278589,0.0,0.0
284,CENTROID,6,,284,14.625001,8.304677,6.320324,284,1,-0.035022736,0.0,0.0
285,CENTROID,6,,285,12.913181,13.109004,-0.19582272,281,0,0.44186497,1.0,0.0
286,CENTROID,6,,286,20.038208,12.111619,7.926589,286,1,0.6726942,0.0,0.0
287,CENTROID,6,,287,19.173174,10.364215,8.808959,287,1,0.82098484,0.0,0.0
288,CENTROID,6,,288,20.564852,19.270565,1.2942867,288,1,0.8169861,0.0,0.0
289,CENTROID,6,,289,15.822953,14.102113,1.7208405,289,1,1.528264,0.0,0.0
290,CENTROID,6,,290,18.462997,16.693472,1.7695255,290,1,-0.20292282,0.0,0.0
291,CENTROID,6,,291,9.949383,10.944474,-0.99509144,292,0,2.251976,1.0,0.0
292,CENTROID,6,,292,18.08261,15.081256,3.0013533,292,1,-0.79526234,0.0,0.0
293,CENTROID,6,,293,22.307957,14.623604,7.684353,293,1,0.06653023,0.0,0.0
294,CENTROID,6,,294,18.698465,15.855906,2.8425598,294,1,2.8733082,0.0,0.0
295,CENTROID,6,,295,15.740292,18.99523,-3.2549381,297,0,3.2648659,1.0,0.0
296,CENTROID,6,,296,16.079485,10.40842,5.6710653,296,1,0.6976776,0.0,0.0
297,CENTROID,6,,297,23.271149,14.445726,8.825422,297,1,0.33595562,0.0,0.0
298,CENTROID,6,,298,15.213035,13.216973,1.9960613,298,1,0.96937084,0.0,0.0
299,CENTROID,6,,299,20.10344,16.186462,3.916977,299,1,-0.05114174,0.0,0.0
300,CENTROID,6,,300,21.306227,14.663364,6.6428623,300,1,-0.47423267,0.0,0.0
301,CENTROID,6,,301,17.216776,12.553383,4.663393,301,1,0.4308672,0.0,0.0
302,CENTROID,6,,302,13.552234,13.033717,0.51851654,302,1,-2.2874298,0.0,1.0
303,CENTROID,6,,303,13.968166,13.539721,0.42844582,303,1,2.258768,0.0,0.0
304,CENTROID,6,,304,16.434534,14.832055,1.602479,304,1,2.9529524,0.0,0.0
305,CENTROID,6,,305,16.51693,11.570981,4.9459486,305,1,0.47992992,0.0,0.0
306,CENTROID,6,,306,14.068308,9.43932,4.6289883,306,1,3.4757948,0.0,0.0
307,CENTROID,6,,307,17.519304,12.905902,4.6134024,307,1,3.9140415,0.0,0.0
308,CENTROID,6,,308,16.768497,14.938675,1.8298225,308,1,-0.886528,0.0,0.0
309,CENTROID,6,,309,13.805502,12.106526,1.6989756,309,1,2.0845928,0.0,0.0
310,CENTROID,6,,310,13.318715,11.690484,1.628231,310,1,-1.0764418,0.0,0.0
311,CENTROID,6,,311,21.579245,17.812681,3.7665634,311,1,-1.3778591,0.0,0.0
312,CENTROID,6,,312,10.161944,9.029878,1.1320667,312,1,-0.7550125,0.0,0.0
313,CENTROID,6,,313,18.416294,13.869837,4.5464573,313,1,0.49724388,0.0,0.0
314,CENTROID,6,,314,12.682033,11.157702,1.5243301,314,1,2.0753784,0.0,0.0
315,CENTROID,6,,315,18.383003,14.323298,4.059705,315,1,-0.5244236,0.0,0.0
316,CENTROID,6,,316,17.832596,11.805103,6.0274925,316,1,0.92035484,0.0,0.0
317,CENTROID,6,,317,10.477085,20.526852,-10.049767,318,0,0.5066776,0.0,0.0
318,CENTROID,6,,318,22.007307,12.140259,9.867048,318,1,1.4004669,0.0,0.0
319,CENTROID,6,,319,17.91082,14.644549,3.2662706,319,1,-0.6292658,0.0,0.0
320,CENTROID,6,,320,19.243597,18.45497,0.7886276,320,1,1.3669624,0.0,0.0
321,CENTROID,6,,321,17.656557,9.338078,8.31848,321,1,-1.3355598,0.0,0.0
322,CENTROID,6,,322,16.851032,13.678488,3.1725445,322,1,2.3766966,0.0,0.0
323,CENTROID,6,,323,16.389542,10.478281,5.9112606,323,1,-0.06965637,0.0,0.0
324,CENTROID,6,,324,18.905905,12.8522415,6.0536633,324,1,0.03627968,0.0,0.0
325,CENTROID,6,,325,21.331285,11.985258,9.346027,325,1,-1.8228703,0.0,0.0
326,CENTROID,6,,326,16.205475,12.643686,3.5617886,326,1,-0.1180439,0.0,0.0
327,CENTROID,6,,327,16.806763,11.547264,5.2594986,327,1,2.035036,0.0,0.0
328,CENTROID,6,,328,12.625465,9.538385,3.08708,328,1,1.8720989,0.0,0.0
329,CENTROID,6,,329,14.862458,8.473664,6.388794,329,1,0.13601303,0.0,0.0
330,CENTROID,6,,330,19.451328,17.440275,2.011053,330,1,0.19008064,0.0,0.0
331,CENTROID,6,,331,20.133392,16.17717,3.9562225,331,1,0.8660183,0.0,0.0
332,CENTROID,6,,332,18.10535,11.122249,6.983102,332,1,-1.0666904,0.0,0.0
333,CENTROID,6,,333,15.630125,11.336828,4.293297,333,1,0.5301218,0.0,0.0
334,CENTROID,6,,334,14.74577,20.663689,-5.917918,102,0,1.0061846,0.0,0.0
335,CENTROID,6,,335,15.063543,10.078715,4.984828,335,1,-0.39893532,0.0,0.0
336,CENTROID,6,,336,9.404956,12.940278,-3.5353222,80,0,4.1610136,1.0,0.0
337,CENTROID,6,,337,12.9063,16.138134,-3.2318344,334,0,-2.1064215,0.0,0.0
338,CENTROID,6,,338,6.6292114,11.709974,-5.080763,333,0,3.9831781,0.0,0.0
339,CENTROID,6,,339,13.922561,9.505087,4.417474,339,1,1.4304886,0.0,0.0
340,CENTROID,6,,340,17.763107,10.774204,6.988903,340,1,1.0402002,0.0,0.0
341,CENTROID,6,,341,8.260039,13.483692,-5.223653,201,0,1.6425362,0.0,0.0
342,CENTROID,6,,342,17.31271,15.698115,1.6145945,342,1,-0.39842892,0.0,0.0
343,CENTROID,6,,343,16.140095,14.96898,1.1711149,343,1,1.0454569,0.0,0.0
344,CENTROID,6,,344,8.7356415,8.27966,0.45598125,344,1,6.2478933,0.0,0.0
345,CENTROID,6,,345,18.84277,21.600914,-2.7581444,690,0,0.26584816,0.0,0.0
346,CENTROID,6,,346,17.338541,13.181151,4.1573896,346,1,1.1995058,0.0,0.0
347,CENTROID,6,,347,17.056139,15.854555,1.2015839,347,1,0.39728165,0.0,0.0
348,CENTROID,6,,348,8.776436,11.379121,-2.602685,825,0,0.5691948,0.0,0.0
349,CENTROID,6,,349,18.617136,15.675271,2.941865,349,1,-1.5052137,0.0,0.0
350,CENTROID,6,,350,11.041671,10.668959,0.37271214,350,1,3.569518,0.0,0.0
351,CENTROID,6,,351,19.324892,15.607735,3.7171574,351,1,1.5606661,0.0,0.0
352,CENTROID,6,,352,20.234436,18.067913,2.166523,352,1,0.5551739,0.0,0.0
353,CENTROID,6,,353,13.617861,13.7487755,-0.13091469,352,0,0.59307766,1.0,0.0
354,CENTROID,6,,354,19.361347,11.789923,7.5714245,354,1,1.371314,0.0,0.0
355,CENTROID,6,,355,19.000187,14.156852,4.843335,355,1,1.8069859,0.0,0.0
356,CENTROID,6,,356,17.581282,16.35353,1.2277508,356,1,0.30355072,0.0,0.0
357,CENTROID,6,,357,8.467043,8.229386,0.2376566,357,1,-1.282196,0.0,1.0
358,CENTROID,6,,358,11.382547,15.198156,-3.815609,356,0,-0.95385647,0.0,0.0
359,CENTROID,6,,359,13.211887,14.367691,-1.1558037,358,0,0.5670614,0.0,0.0
360,CENTROID,6,,360,11.650597,11.731628,-0.0810318,150,0,1.7730255,1.0,0.0
361,CENTROID,6,,361,8.016828,9.149491,-1.1326637,794,0,3.2301645,1.0,0.0
362,CENTROID,6,,362,20.027716,15.891577,4.136139,362,1,-0.56604576,0.0,0.0
363,CENTROID,6,,363,16.426891,8.943387,7.4835043,363,1,3.4856052,0.0,0.0
364,CENTROID,6,,364,20.28815,11.158093,9.130057,364,1,2.4240952,0.0,0.0
365,CENTROID,6,,365,15.19704,11.600903,3.596137,365,1,0.101299286,0.0,0.0
366,CENTROID,6,,366,22.188255,16.12192,6.0663357,366,1,-1.2741203,0.0,0.0
367,CENTROID,6,,367,13.637777,14.448202,-0.8104248,366,0,1.4463129,1.0,0.0
368,CENTROID,6,,368,20.000444,15.501504,4.4989405,368,1,0.22652149,0.0,0.0
369,CENTROID,6,,369,19.343956,15.302647,4.0413094,369,1,-0.39014053,0.0,0.0
370,CENTROID,6,,370,13.508787,12.772986,0.73580074,370,1,2.1694422,0.0,0.0
371,CENTROID,6,,371,15.285845,20.024815,-4.73897,370,0,-0.105817795,0.0,0.0
372,CENTROID,6,,372,11.8894205,13.595007,-1.7055864,371,0,2.098857,1.0,0.0
373,CENTROID,6,,373,19.650146,18.228212,1.4219341,373,1,1.46175,0.0,0.0
374,CENTROID,6,,374,16.079782,13.886484,2.1932983,374,1,1.0081444,0.0,0.0
375,CENTROID,6,,375,20.010248,15.381207,4.6290407,375,1,0.40025043,0.0,0.0
376,CENTROID,6,,376,18.90265,16.107014,2.7956371,376,1,2.134985,0.0,0.0
377,CENTROID,6,,377,15.393493,14.871329,0.5221634,377,1,0.8034353,0.0,0.0
378,CENTROID,6,,378,22.186062,16.535715,5.6503468,378,1,-2.3827858,0.0,0.0
379,CENTROID,6,,379,21.039251,18.574738,2.4645138,379,1,-0.3492546,0.0,0.0
380,CENTROID,6,,380,19.601585,15.130427,4.471158,380,1,-1.1495504,0.0,0.0
381,CENTROID,6,,381,20.787626,18.082294,2.7053318,381,1,-1.8464146,0.0,0.0
382,CENTROID,6,,382,12.858932,13.718167,-0.85923576,380,0,0.29365635,0.0,0.0
383,CENTROID,6,,383,18.633026,15.813204,2.8198223,383,1,-0.7052784,0.0,0.0
384,CENTROID,6,,384,19.396551,14.74787,4.6486807,384,1,1.7812166,0.0,0.0
385,CENTROID,6,,385,14.26287,12.280541,1.9823284,385,1,-1.0885639,0.0,0.0
386,CENTROID,6,,386,21.057692,21.222052,-0.16436005,101,0,-0.1344719,0.0,0.0
387,CENTROID,6,,387,22.643682,12.753565,9.890118,387,1,0.3553095,0.0,0.0
388,CENTROID,6,,388,17.640438,15.249209,2.3912287,388,1,1.3587141,0.0,0.0
389,CENTROID,6,,389,16.630297,14.614375,2.0159216,389,1,-0.06098938,0.0,0.0
390,CENTROID,6,,390,20.204128,12.80926,7.394868,390,1,2.9180431,0.0,0.0
391,CENTROID,6,,391,16.460503,15.470925,0.9895773,391,1,1.9333744,0.0,0.0
392,CENTROID,6,,392,15.338209,8.614707,6.723502,392,1,2.9482908,0.0,0.0
393,CENTROID,6,,393,16.502779,14.779162,1.7236166,393,1,1.1404066,0.0,0.0
394,CENTROID,6,,394,9.844444,11.39066,-1.546216,41,0,3.768218,1.0,0.0
395,CENTROID,6,,395,15.550884,13.4922085,2.0586758,395,1,0.5499773,0.0,0.0
396,CENTROID,6,,396,19.477589,11.88957,7.5880184,396,1,0.2788248,0.0,0.0
397,CENTROID,6,,397,6.4317365,21.045744,-14.614008,396,0,-0.09518528,0.0,0.0
398,CENTROID,6,,398,20.766232,12.124829,8.641402,398,1,0.36134434,0.0,0.0
399,CENTROID,6,,399,16.987497,12.984176,4.0033216,399,1,1.7447414,0.0,0.0
400,CENTROID,6,,400,17.836535,16.424969,1.4115658,400,1,-0.06934357,0.0,0.0
401,CENTROID,6,,401,15.747813,11.850706,3.8971071,401,1,2.8119621,0.0,0.0
402,CENTROID,6,,402,15.009874,15.245059,-0.23518467,546,0,3.0075436,1.0,0.0
403,CENTROID,6,,403,14.494378,13.946315,0.5480633,403,1,0.683342,0.0,0.0
404,CENTROID,6,,404,17.29064,12.81042,4.48022,404,1,0.6580534,0.0,0.0
405,CENTROID,6,,405,18.805502,13.802725,5.002777,405,1,3.8804083,0.0,0.0
406,CENTROID,6,,406,12.81152,16.158165,-3.3466454,884,0,1.9305401,0.0,0.0
407,CENTROID,6,,407,16.04307,14.299914,1.7431555,407,1,-0.09128475,0.0,0.0
408,CENTROID,6,,408,12.912992,15.504595,-2.5916033,586,0,-1.6291113,0.0,0.0
409,CENTROID,6,,409,9.128907,12.988748,-3.8598404,807,0,5.808957,1.0,0.0
410,CENTROID,6,,410,16.487442,16.935482,-0.44804,599,0,2.9138165,1.0,0.0
411,CENTROID,6,,411,15.644504,14.032574,1.6119299,411,1,2.3721704,0.0,0.0
412,CENTROID,6,,412,12.156229,10.628527,1.5277023,412,1,1.1937637,0.0,0.0
413,CENTROID,6,,413,15.007623,15.181359,-0.17373657,764,0,0.31446457,1.0,0.0
414,CENTROID,6,,414,14.761559,12.837279,1.9242792,414,1,3.4136314,0.0,0.0
415,CENTROID,6,,415,6.4657164,8.858857,-2.3931408,860,0,-0.8293772,0.0,0.0
416,CENTROID,6,,416,15.002076,13.486995,1.5150814,416,1,2.3098202,0.0,0.0
417,CENTROID,6,,417,5.8183804,11.167609,-5.349229,794,0,3.4963894,0.0,0.0
418,CENTROID,6,,418,13.653199,12.689955,0.96324444,418,1,3.5832844,0.0,0.0
419,CENTROID,6,,419,13.337893,10.94386,2.3940325,419,1,5.0691023,0.0,0.0
420,CENTROID,6,,420,18.33566,13.242992,5.0926685,420,1,0.4417162,0.0,0.0
421,CENTROID,6,,421,12.196211,7.9074936,4.2887173,421,1,-2.0691109,0.0,0.0
422,CENTROID,6,,422,15.410363,14.175936,1.2344275,422,1,2.5922384,0.0,0.0
423,CENTROID,6,,423,9.709059,8.626464,1.0825949,423,1,-0.07002163,0.0,0.0
424,CENTROID,6,,424,7.345474,9.34375,-1.9982762,919,0,1.8587022,0.0,0.0
425,CENTROID,6,,425,18.658367,9.663746,8.994621,425,1,0.003616333,0.0,0.0
426,CENTROID,6,,426,15.477517,14.110865,1.3666525,426,1,3.2861853,0.0,0.0
427,CENTROID,6,,427,15.362021,13.941105,1.4209166,427,1,0.5334377,0.0,0.0
428,CENTROID,6,,428,16.1447,10.922068,5.2226315,428,1,2.0551424,0.0,0.0
429,CENTROID,6,,429,22.174269,14.753651,7.420618,429,1,2.6112633,0.0,0.0
430,CENTROID,6,,430,11.69863,12.326101,-0.62747097,890,0,5.486411,1.0,0.0
431,CENTROID,6,,431,15.600343,15.849266,-0.2489233,588,0,2.1271925,1.0,0.0
432,CENTROID,6,,432,12.678813,14.057581,-1.378768,776,0,1.3283243,0.0,0.0
433,CENTROID,6,,433,10.989471,11.425521,-0.43604946,842,0,0.88337135,1.0,0.0
434,CENTROID,6,,434,6.1135516,11.939579,-5.8260274,669,0,-0.16430283,0.0,0.0
435,CENTROID,6,,435,12.961709,13.4216795,-0.45997047,876,0,1.1204281,1.0,0.0
436,CENTROID,6,,436,12.545299,11.044242,1.5010567,436,1,1.3995275,0.0,0.0
437,CENTROID,6,,437,11.984568,14.105732,-2.1211643,460,0,1.6830711,0.0,0.0
438,CENTROID,6,,438,11.02748,11.905664,-0.8781843,737,0,0.6870365,0.0,0.0
439,CENTROID,6,,439,22.328379,12.467684,9.860695,439,1,-2.0661898,0.0,0.0
440,CENTROID,6,,440,14.603685,12.357292,2.2463932,440,1,-0.49764347,0.0,0.0
441,CENTROID,6,,441,16.763517,12.323748,4.4397697,441,1,1.2644672,0.0,0.0
442,CENTROID,6,,442,14.557902,10.989231,3.5686712,442,1,-0.76552486,0.0,0.0
443,CENTROID,6,,443,13.363389,10.269212,3.0941772,443,1,6.33037,0.0,0.0
444,CENTROID,6,,444,10.126611,11.651938,-1.5253277,665,0,-1.8042336,0.0,0.0
445,CENTROID,6,,445,10.631272,9.222486,1.4087868,445,1,0.41304588,0.0,0.0
446,CENTROID,6,,446,12.455684,14.892614,-2.4369307,771,0,4.2698536,1.0,0.0
447,CENTROID,6,,447,10.086389,9.958984,0.12740421,447,1,0.08896923,0.0,0.0
448,CENTROID,6,,448,9.2237625,9.687788,-0.4640255,807,0,2.2036858,1.0,0.0
449,CENTROID,6,,449,14.341954,11.718524,2.6234303,449,1,1.829916,0.0,0.0
450,CENTROID,6,,450,17.131525,13.067232,4.064293,450,1,3.0428038,0.0,0.0
451,CENTROID,6,,451,8.048829,9.755743,-1.706914,574,0,7.351239,1.0,0.0
452,CENTROID,6,,452,10.643398,8.140047,2.5033512,452,1,0.15391827,0.0,0.0
453,CENTROID,6,,453,17.148909,13.830613,3.3182955,453,1,0.18335915,0.0,0.0
454,CENTROID,6,,454,5.102483,12.414958,-7.312475,498,0,0.53280306,0.0,0.0
455,CENTROID,6,,455,18.408072,10.086657,8.321415,455,1,2.0260668,0.0,0.0
456,CENTROID,6,,456,20.82525,10.994416,9.830834,456,1,4.036311,0.0,0.0
457,CENTROID,6,,457,15.523829,13.152113,2.3717165,457,1,2.8637848,0.0,0.0
458,CENTROID,6,,458,10.220182,8.070658,2.1495247,458,1,2.3745651,0.0,0.0
459,CENTROID,6,,459,6.5079083,7.819972,-1.3120637,793,0,-1.2119589,0.0,0.0
460,CENTROID,6,,460,15.636167,10.517771,5.118396,460,1,-2.618904,0.0,0.0
461,CENTROID,6,,461,10.807691,13.548008,-2.7403173,917,0,0.07601929,0.0,0.0
462,CENTROID,6,,462,14.584259,12.9105,1.6737595,462,1,-1.1884146,0.0,0.0
463,CENTROID,6,,463,7.0062976,11.782033,-4.7757354,435,0,-1.3522167,0.0,0.0
464,CENTROID,6,,464,4.3513737,7.9561887,-3.604815,626,0,1.6778836,0.0,0.0
465,CENTROID,6,,465,7.9303927,11.723187,-3.7927947,408,0,6.4141717,1.0,0.0
466,CENTROID,6,,466,9.702967,10.066563,-0.36359596,705,0,-0.5404711,0.0,0.0
467,CENTROID,6,,467,16.839235,12.792185,4.0470505,467,1,0.60267925,0.0,0.0
468,CENTROID,6,,468,4.223362,10.338037,-6.1146746,654,0,1.643796,0.0,0.0
469,CENTROID,6,,469,13.487068,11.254184,2.2328844,469,1,2.4103928,0.0,0.0
470,CENTROID,6,,470,10.841728,11.422448,-0.58071995,421,0,0.9884062,1.0,0.0
471,CENTROID,6,,471,9.351035,12.409093,-3.0580578,856,0,0.6616745,0.0,0.0
472,CENTROID,6,,472,17.868872,13.690984,4.177888,472,1,0.8146658,0.0,0.0
473,CENTROID,6,,473,13.3400755,12.381041,0.9590349,473,1,4.6610146,0.0,0.0
474,CENTROID,6,,474,14.589189,12.988245,1.6009436,474,1,3.4895697,0.0,0.0
475,CENTROID,6,,475,11.992861,8.207318,3.7855425,475,1,3.2963905,0.0,0.0
476,CENTROID,6,,476,19.449728,11.242822,8.206906,476,1,0.84634113,0.0,0.0
477,CENTROID,6,,477,12.834073,11.20431,1.6297626,477,1,-0.7294016,0.0,0.0
478,CENTROID,6,,478,7.149678,9.834203,-2.6845245,796,0,-0.45861292,0.0,0.0
479,CENTROID,6,,479,12.894926,10.705897,2.1890287,479,1,-3.1778536,0.0,1.0
480,CENTROID,6,,480,14.897363,10.253191,4.6441717,480,1,0.054893494,0.0,0.0
481,CENTROID,6,,481,13.894386,15.140365,-1.2459784,482,0,-0.2092123,0.0,0.0
482,CENTROID,6,,482,11.491548,13.156319,-1.6647711,848,0,-0.39053345,0.0,0.0
483,CENTROID,6,,483,11.941902,10.876953,1.064949,483,1,2.8428535,0.0,0.0
484,CENTROID,6,,484,15.677153,17.122766,-1.4456139,871,0,1.3787498,0.0,0.0
485,CENTROID,6,,485,5.5127993,6.696914,-1.1841149,813,0,2.0504909,1.0,0.0
486,CENTROID,6,,486,16.722229,15.167522,1.5547066,486,1,0.110429764,0.0,0.0
487,CENTROID,6,,487,15.54391,12.378854,3.1650562,487,1,-1.2302065,0.0,0.0
488,CENTROID,6,,488,9.494432,9.649819,-0.15538692,600,0,1.2558537,1.0,0.0
489,CENTROID,6,,489,14.430723,11.516024,2.9146996,489,1,-1.6301222,0.0,0.0
490,CENTROID,6,,490,4.393641,13.548066,-9.154425,327,0,0.26272964,0.0,0.0
491,CENTROID,6,,491,12.382412,9.874341,2.508071,491,1,2.4901237,0.0,0.0
492,CENTROID,6,,492,10.263169,9.212048,1.0511217,492,1,1.155983,0.0,0.0
493,CENTROID,6,,493,10.46741,12.121549,-1.6541386,553,0,1.2748508,0.0,0.0
494,CENTROID,6,,494,17.535202,12.043266,5.4919357,494,1,-2.3682823,0.0,0.0
495,CENTROID,6,,495,8.927005,13.709634,-4.782629,905,0,2.944067,0.0,0.0
496,CENTROID,6,,496,15.899296,8.061266,7.83803,496,1,-0.24523735,0.0,0.0
497,CENTROID,6,,497,11.867567,12.926459,-1.0588923,884,0,1.4150667,1.0,0.0
498,CENTROID,6,,498,12.827328,9.620296,3.2070322,498,1,1.2456179,0.0,0.0
499,CENTROID,6,,499,4.995568,9.417936,-4.4223685,674,0,2.187173,0.0,0.0
500,CENTROID,6,,500,16.614832,11.761529,4.853303,500,1,-0.055051804,0.0,0.0
501,CENTROID,6,,501,13.479224,12.651053,0.8281708,501,1,0.8331585,0.0,0.0
502,CENTROID,6,,502,14.462739,13.676365,0.7863741,502,1,-0.60026646,0.0,0.0
503,CENTROID,6,,503,12.6938715,10.715682,1.9781895,503,1,3.0769033,0.0,0.0
504,CENTROID,6,,504,11.73222,11.464517,0.26770306,504,1,2.8071146,0.0,0.0
505,CENTROID,6,,505,17.686613,16.154757,1.5318565,505,1,-0.6703863,0.0,0.0
506,CENTROID,6,,506,14.774511,11.339041,3.4354706,506,1,-0.053962708,0.0,0.0
507,CENTROID,6,,507,10.343783,13.982595,-3.638812,636,0,4.2885685,1.0,0.0
508,CENTROID,6,,508,4.7466116,9.600831,-4.8542194,800,0,2.0864906,0.0,0.0
509,CENTROID,6,,509,10.320133,10.980337,-0.66020393,860,0,0.7317629,1.0,0.0
510,CENTROID,6,,510,14.805715,13.03444,1.7712746,510,1,0.6109209,0.0,0.0
511,CENTROID,6,,511,12.611697,13.412056,-0.8003588,817,0,2.0246735,1.0,0.0
512,CENTROID,6,,512,15.970475,12.578801,3.391674,512,1,3.4689693,0.0,0.0
513,CENTROID,6,,513,15.069563,14.736676,0.3328867,513,1,0.47358322,0.0,0.0
514,CENTROID,6,,514,20.862524,10.756508,10.106016,514,1,0.0016870499,0.0,0.0
515,CENTROID,6,,515,6.467944,9.244755,-2.7768106,655,0,1.5793729,0.0,0.0
516,CENTROID,6,,516,7.5267777,10.686423,-3.1596456,870,0,0.05746126,0.0,0.0
517,CENTROID,6,,517,13.99419,12.715079,1.2791109,517,1,3.260253,0.0,0.0
518,CENTROID,6,,518,17.669605,11.029296,6.6403093,518,1,-0.2197628,0.0,0.0
519,CENTROID,6,,519,9.775227,14.274038,-4.4988117,239,0,-0.6239767,0.0,0.0
520,CENTROID,6,,520,13.859674,12.43544,1.4242344,520,1,2.5457945,0.0,0.0
521,CENTROID,6,,521,18.225937,14.286969,3.9389677,521,1,0.68648624,0.0,0.0
522,CENTROID,6,,522,20.596453,11.739479,8.856974,522,1,0.33636856,0.0,0.0
523,CENTROID,6,,523,12.023391,9.075144,2.948247,523,1,4.1968174,0.0,0.0
524,CENTROID,6,,524,21.312172,19.595444,1.7167282,524,1,0.46097755,0.0,0.0
525,CENTROID,6,,525,18.783546,9.5658245,9.217722,525,1,0.18800545,0.0,0.0
526,CENTROID,6,,526,11.471135,10.867478,0.60365677,526,1,0.993557,0.0,0.0
527,CENTROID,6,,527,11.3356695,13.218115,-1.8824453,664,0,0.031083107,0.0,0.0
528,CENTROID,6,,528,15.984245,12.214586,3.769659,528,1,1.3753929,0.0,0.0
529,CENTROID,6,,529,12.990749,11.226788,1.7639618,529,1,-0.96006775,0.0,0.0
530,CENTROID,6,,530,7.54319,8.726035,-1.1828451,991,0,4.633992,1.0,0.0
531,CENTROID,6,,531,13.275795,15.175567,-1.8997717,826,0,-0.40462112,0.0,0.0
532,CENTROID,6,,532,15.805957,9.951888,5.8540688,532,1,1.036088,0.0,0.0
533,CENTROID,6,,533,13.762025,13.719223,0.042801857,533,1,7.0324078,0.0,0.0
534,CENTROID,6,,534,10.3406725,11.863329,-1.5226564,651,0,-0.32011414,0.0,0.0
535,CENTROID,6,,535,11.0731735,12.999387,-1.9262133,479,0,-0.31199932,0.0,0.0
536,CENTROID,6,,536,15.665456,13.615983,2.0494728,536,1,-0.3588934,0.0,0.0
537,CENTROID,6,,537,18.983578,15.5476885,3.4358892,537,1,-0.3386755,0.0,0.0
538,CENTROID,6,,538,14.733942,12.813928,1.9200144,538,1,1.005928,0.0,0.0
539,CENTROID,6,,539,8.461211,9.82092,-1.3597088,519,0,1.8110981,1.0,0.0
540,CENTROID,6,,540,16.129755,10.849955,5.2798004,540,1,4.153414,0.0,0.0
541,CENTROID,6,,541,10.616619,14.545377,-3.9287577,807,0,5.166212,1.0,0.0
542,CENTROID,6,,542,12.423805,10.708811,1.7149944,542,1,0.5320482,0.0,0.0
543,CENTROID,6,,543,17.691647,17.474022,0.21762466,543,1,-0.041936874,0.0,0.0
544,CENTROID,6,,544,15.005486,12.724544,2.280942,544,1,-1.2670088,0.0,0.0
545,CENTROID,6,,545,15.132699,11.615804,3.5168953,545,1,1.5803747,0.0,0.0
546,CENTROID,6,,546,14.2885475,10.429909,3.8586388,546,1,-2.2089329,0.0,0.0
547,CENTROID,6,,547,19.023932,14.988681,4.0352507,547,1,0.23499012,0.0,0.0
548,CENTROID,6,,548,13.145782,12.45799,0.6877928,548,1,1.5452509,0.0,0.0
549,CENTROID,6,,549,14.416416,10.093528,4.3228884,549,1,0.92487144,0.0,0.0
550,CENTROID,6,,550,14.82696,11.295652,3.5313072,550,1,2.962266,0.0,0.0
551,CENTROID,6,,551,18.883806,15.2326975,3.6511087,551,1,0.4485197,0.0,0.0
552,CENTROID,6,,552,6.2149653,11.197501,-4.982536,885,0,1.1015434,0.0,0.0
553,CENTROID,6,,553,14.458549,10.476171,3.982378,553,1,0.05227375,0.0,0.0
554,CENTROID,6,,554,14.121095,10.714287,3.406808,554,1,7.3572845,0.0,0.0
555,CENTROID,6,,555,11.305587,11.348817,-0.043230057,717,0,1.6438274,1.0,0.0
556,CENTROID,6,,556,14.608942,15.932189,-1.323247,807,0,6.0773096,1.0,0.0
557,CENTROID,6,,557,7.684051,10.455296,-2.7712445,807,0,3.400209,1.0,0.0
558,CENTROID,6,,558,8.117786,9.93249,-1.814704,413,0,3.173746,1.0,0.0
559,CENTROID,6,,559,11.900387,10.734753,1.1656342,559,1,2.2098532,0.0,0.0
560,CENTROID,6,,560,9.865716,14.002889,-4.1371727,805,0,5.18237,1.0,0.0
561,CENTROID,6,,561,16.926065,10.309025,6.6170406,561,1,0.6990986,0.0,0.0
562,CENTROID,6,,562,8.125008,9.54381,-1.4188023,842,0,1.687974,1.0,0.0
563,CENTROID,6,,563,8.552243,13.3323345,-4.7800913,744,0,9.599969,1.0,0.0
564,CENTROID,6,,564,15.501897,12.535096,2.9668007,564,1,1.0263109,0.0,0.0
565,CENTROID,6,,565,20.586948,11.639327,8.947621,565,1,-0.61744595,0.0,0.0
566,CENTROID,6,,566,20.975489,17.616964,3.3585243,566,1,0.5974674,0.0,0.0
567,CENTROID,6,,567,5.485173,8.0299,-2.5447264,624,0,-0.88866806,0.0,0.0
568,CENTROID,6,,568,14.113658,9.316079,4.797579,568,1,0.066161156,0.0,0.0
569,CENTROID,6,,569,16.051384,11.233266,4.818118,569,1,0.7232199,0.0,0.0
570,CENTROID,6,,570,18.53745,16.362825,2.1746254,570,1,-1.3994198,0.0,0.0
571,CENTROID,6,,571,10.322854,9.286407,1.0364466,571,1,1.3206081,0.0,0.0
572,CENTROID,6,,572,12.885539,13.582457,-0.69691753,966,0,-1.2336016,0.0,0.0
573,CENTROID,6,,573,15.053462,14.392398,0.66106415,573,1,5.9177456,0.0,0.0
574,CENTROID,6,,574,21.738798,13.5385895,8.200209,574,1,-0.08618355,0.0,0.0
575,CENTROID,6,,575,13.177543,9.507648,3.6698942,575,1,2.7577248,0.0,0.0
576,CENTROID,6,,576,16.837753,8.627183,8.21057,576,1,1.7545433,0.0,0.0
577,CENTROID,6,,577,13.991008,10.988556,3.002452,577,1,-0.2937069,0.0,0.0
578,CENTROID,6,,578,14.506236,12.520695,1.9855413,578,1,-0.61761,0.0,0.0
579,CENTROID,6,,579,15.637648,13.76912,1.8685274,579,1,2.5222912,0.0,0.0
580,CENTROID,6,,580,10.302448,8.366256,1.9361925,580,1,1.2788467,0.0,0.0
581,CENTROID,6,,581,12.935061,11.842881,1.0921803,581,1,1.1256771,0.0,0.0
582,CENTROID,6,,582,2.0754085,9.486753,-7.411345,599,0,2.5373874,0.0,0.0
583,CENTROID,6,,583,14.188105,10.539082,3.649023,583,1,5.0266523,0.0,0.0
584,CENTROID,6,,584,3.0288785,9.34869,-6.319812,612,0,0.17959595,0.0,0.0
585,CENTROID,6,,585,14.494933,15.1515875,-0.65665436,631,0,2.2408981,1.0,0.0
586,CENTROID,6,,586,10.691717,10.062811,0.62890625,586,1,2.7823715,0.0,0.0
587,CENTROID,6,,587,13.867744,14.5416155,-0.67387104,477,0,-2.3515434,0.0,0.0
588,CENTROID,6,,588,12.812189,14.056452,-1.2442627,415,0,-2.0264854,0.0,0.0
589,CENTROID,6,,589,16.975582,13.388129,3.587453,589,1,1.7846918,0.0,0.0
590,CENTROID,6,,590,11.158396,10.265208,0.8931875,590,1,0.16571426,0.0,0.0
591,CENTROID,6,,591,15.582465,12.119393,3.4630718,591,1,0.6524372,0.0,0.0
592,CENTROID,6,,592,10.320275,10.536234,-0.2159586,922,0,6.380356,1.0,0.0
593,CENTROID,6,,593,15.485251,10.992906,4.492346,593,1,2.3279657,0.0,0.0
594,CENTROID,6,,594,18.505714,8.990928,9.514787,594,1,1.0943651,0.0,0.0
595,CENTROID,6,,595,16.20023,12.304142,3.8960876,595,1,-0.8939247,0.0,0.0
596,CENTROID,6,,596,8.701976,17.249996,-8.54802,764,0,0.9102812,0.0,0.0
597,CENTROID,6,,597,9.140511,10.165622,-1.0251112,456,0,0.18049622,0.0,0.0
598,CENTROID,6,,598,12.302235,9.645627,2.6566076,598,1,1.32584,0.0,0.0
599,CENTROID,6,,599,14.997292,9.649424,5.347868,599,1,0.89527607,0.0,0.0
600,CENTROID,6,,600,10.016879,9.770823,0.24605656,600,1,0.12793446,0.0,0.0
601,CENTROID,6,,601,16.92805,18.024029,-1.0959797,689,0,1.5346355,1.0,0.0
602,CENTROID,6,,602,10.606869,9.611214,0.99565506,602,1,-0.107730865,0.0,0.0
603,CENTROID,6,,603,16.497013,12.783539,3.7134743,603,1,0.8291321,0.0,0.0
604,CENTROID,6,,604,17.224886,12.1672325,5.0576534,604,1,4.533724,0.0,0.0
605,CENTROID,6,,605,16.157642,9.930519,6.2271233,605,1,3.0395908,0.0,0.0
606,CENTROID,6,,606,19.506262,12.1632,7.3430614,606,1,1.0526857,0.0,0.0
607,CENTROID,6,,607,18.292887,10.261367,8.03152,607,1,-1.2198067,0.0,0.0
608,CENTROID,6,,608,6.164708,8.637322,-2.4726143,807,0,1.5360141,0.0,0.0
609,CENTROID,6,,609,14.486724,10.780957,3.7057667,609,1,-2.951357,0.0,0.0
610,CENTROID,6,,610,12.231349,10.392662,1.838687,610,1,-1.7431917,0.0,0.0
611,CENTROID,6,,611,6.656585,8.062157,-1.4055715,918,0,1.26125,0.0,0.0
612,CENTROID,6,,612,14.846131,12.865053,1.9810781,612,1,2.3330564,0.0,0.0
613,CENTROID,6,,613,17.568602,11.603168,5.965434,613,1,0.85505867,0.0,0.0
614,CENTROID,6,,614,15.647406,10.166349,5.481056,614,1,-0.90472794,0.0,0.0
615,CENTROID,6,,615,6.4626784,8.791622,-2.3289437,800,0,7.404782,1.0,0.0
616,CENTROID,6,,616,11.261075,8.947614,2.3134613,616,1,2.7151546,0.0,0.0
617,CENTROID,6,,617,17.872158,14.530327,3.3418312,617,1,-0.6753044,0.0,0.0
618,CENTROID,6,,618,12.496121,12.087138,0.40898323,618,1,-0.43667984,0.0,1.0
619,CENTROID,6,,619,12.194658,11.830667,0.36399174,619,1,-1.2935953,0.0,1.0
620,CENTROID,6,,620,14.375889,15.017879,-0.6419897,681,0,-0.7965889,0.0,0.0
621,CENTROID,6,,621,17.92457,9.550868,8.373702,621,1,0.24438572,0.0,0.0
622,CENTROID,6,,622,1.5117075,10.416097,-8.904389,47,0,-0.32164955,0.0,0.0
623,CENTROID,6,,623,12.806206,11.396991,1.409215,623,1,0.87042046,0.0,0.0
624,CENTROID,6,,624,9.392609,12.413883,-3.0212746,865,0,0.30807304,0.0,0.0
625,CENTROID,6,,625,17.26511,11.655397,5.6097126,625,1,0.1442852,0.0,0.0
626,CENTROID,6,,626,12.682249,10.736534,1.945715,626,1,2.6388397,0.0,0.0
627,CENTROID,6,,627,16.208551,11.45283,4.755721,627,1,-0.22384644,0.0,0.0
628,CENTROID,6,,628,11.858409,9.97033,1.8880787,628,1,2.7346964,0.0,0.0
629,CENTROID,6,,629,15.450743,16.873993,-1.4232502,551,0,-1.2076683,0.0,0.0
630,CENTROID,6,,630,14.230308,11.84605,2.3842573,630,1,0.8223238,0.0,0.0
631,CENTROID,6,,631,11.426562,11.778311,-0.35174847,478,0,-0.8279991,0.0,0.0
632,CENTROID,6,,632,11.863061,12.945221,-1.08216,807,0,1.347352,1.0,0.0
633,CENTROID,6,,633,5.910517,7.099606,-1.1890888,982,0,0.44026327,0.0,0.0
634,CENTROID,6,,634,17.69872,11.915908,5.782813,634,1,1.853097,0.0,0.0
635,CENTROID,6,,635,4.5167503,9.613664,-5.0969133,922,0,1.0804944,0.0,0.0
636,CENTROID,6,,636,12.045382,12.686295,-0.640913,748,0,-0.14567661,0.0,0.0
637,CENTROID,6,,637,16.24163,13.562234,2.6793966,637,1,0.31411457,0.0,0.0
638,CENTROID,6,,638,14.816431,15.382714,-0.5662832,639,0,-0.22351837,0.0,0.0
639,CENTROID,6,,639,9.9668045,11.136448,-1.1696434,655,0,1.2037363,1.0,0.0
640,CENTROID,6,,640,11.662269,13.466288,-1.804019,787,0,1.7714291,0.0,0.0
641,CENTROID,6,,641,13.795028,13.150823,0.6442051,641,1,1.6803455,0.0,0.0
642,CENTROID,6,,642,15.724724,10.760701,4.9640226,642,1,1.1765642,0.0,0.0
643,CENTROID,6,,643,8.301867,8.704957,-0.40309048,699,0,0.4016199,0.0,0.0
644,CENTROID,6,,644,9.55229,9.97296,-0.4206705,692,0,1.0442162,1.0,0.0
645,CENTROID,6,,645,11.787019,10.868991,0.9180279,645,1,3.6508656,0.0,0.0
646,CENTROID,6,,646,19.112585,12.859374,6.253211,646,1,1.5904055,0.0,0.0
647,CENTROID,6,,647,20.589285,14.287583,6.3017015,647,1,-1.548769,0.0,0.0
648,CENTROID,6,,648,13.003313,12.426285,0.5770283,648,1,1.2930918,0.0,0.0
649,CENTROID,6,,649,9.834251,8.367019,1.4672327,649,1,4.2526293,0.0,0.0
650,CENTROID,6,,650,15.524813,10.134289,5.390524,650,1,0.77030945,0.0,0.0
651,CENTROID,6,,651,12.602746,11.096683,1.5060635,651,1,2.1273317,0.0,0.0
652,CENTROID,6,,652,10.736548,8.87541,1.8611383,652,1,3.5472536,0.0,0.0
653,CENTROID,6,,653,9.582858,10.680733,-1.0978746,469,0,2.4440498,1.0,0.0
654,CENTROID,6,,654,10.691001,15.818722,-5.127721,627,0,0.9563112,0.0,0.0
655,CENTROID,6,,655,12.397484,8.780844,3.61664,655,1,-1.5377092,0.0,0.0
656,CENTROID,6,,656,13.951502,13.558448,0.393054,656,1,1.6387157,0.0,0.0
657,CENTROID,6,,657,15.367378,14.807933,0.5594454,657,1,0.01739788,0.0,0.0
658,CENTROID,6,,658,16.235033,12.773652,3.461381,658,1,0.9304724,0.0,0.0
659,CENTROID,6,,659,4.5845566,13.112641,-8.528085,599,0,6.266019,0.0,0.0
660,CENTROID,6,,660,11.454076,14.832416,-3.3783398,867,0,0.028782845,0.0,0.0
661,CENTROID,6,,661,15.84172,10.549931,5.291789,661,1,0.53230095,0.0,0.0
662,CENTROID,6,,662,7.044104,9.620019,-2.5759149,707,0,-0.31974363,0.0,0.0
663,CENTROID,6,,663,12.885188,16.084768,-3.1995802,442,0,-0.10695934,0.0,0.0
664,CENTROID,6,,664,14.379787,15.040342,-0.6605549,527,0,-0.43424034,0.0,0.0
665,CENTROID,6,,665,10.31962,11.308534,-0.98891354,671,0,2.1107693,1.0,0.0
666,CENTROID,6,,666,16.284742,9.921198,6.3635445,666,1,1.2929468,0.0,0.0
667,CENTROID,6,,667,20.20179,19.456614,0.7451763,667,1,0.51670647,0.0,0.0
668,CENTROID,6,,668,18.7845,15.723912,3.060588,668,1,0.92379,0.0,0.0
669,CENTROID,6,,669,16.379574,12.936081,3.443493,669,1,1.48627,0.0,0.0
670,CENTROID,6,,670,15.190149,11.953546,3.2366037,670,1,-2.0331335,0.0,0.0
671,CENTROID,6,,671,12.578017,9.833034,2.7449837,671,1,0.52577305,0.0,0.0
672,CENTROID,6,,672,14.758246,11.76851,2.9897366,672,1,-1.1565714,0.0,0.0
673,CENTROID,6,,673,9.913224,8.982459,0.93076515,673,1,2.9904528,0.0,0.0
674,CENTROID,6,,674,18.367214,10.014665,8.35255,674,1,3.1450768,0.0,0.0
675,CENTROID,6,,675,8.504548,10.714779,-2.2102308,407,0,-1.113627,0.0,0.0
676,CENTROID,6,,676,10.902694,15.918407,-5.0157137,263,0,-1.0163832,0.0,0.0
677,CENTROID,6,,677,9.770872,9.024822,0.7460499,677,1,2.7470865,0.0,0.0
678,CENTROID,6,,678,5.2300406,13.258901,-8.02886,178,0,-1.5105066,0.0,0.0
679,CENTROID,6,,679,12.944435,11.484146,1.460289,679,1,0.047392845,0.0,0.0
680,CENTROID,6,,680,19.086731,14.371963,4.7147684,680,1,0.032194138,0.0,0.0
681,CENTROID,6,,681,4.672912,7.3648205,-2.6919084,822,0,1.687685,0.0,0.0
682,CENTROID,6,,682,4.923933,12.130535,-7.206602,807,0,5.906913,0.0,0.0
683,CENTROID,6,,683,14.461662,19.661465,-5.1998024,558,0,0.5317402,0.0,0.0
684,CENTROID,6,,684,20.81836,10.141463,10.676896,684,1,0.17550182,0.0,0.0
685,CENTROID,6,,685,18.501562,13.35192,5.149642,685,1,5.736579,0.0,0.0
686,CENTROID,6,,686,10.49361,9.892612,0.6009979,686,1,-2.2026463,0.0,1.0
687,CENTROID,6,,687,8.505446,9.922604,-1.4171572,599,0,4.8698616,1.0,0.0
688,CENTROID,6,,688,20.544952,13.780473,6.7644796,688,1,1.2393599,0.0,0.0
689,CENTROID,6,,689,18.416235,15.709027,2.7072077,689,1,-2.4968367,0.0,0.0
690,CENTROID,6,,690,20.318802,16.562973,3.7558289,690,1,0.43177414,0.0,0.0
691,CENTROID,6,,691,11.757228,11.473367,0.28386116,691,1,1.244092,0.0,0.0
692,CENTROID,6,,692,12.065876,10.624694,1.4411821,692,1,-0.18343067,0.0,0.0
693,CENTROID,6,,693,19.044798,16.591112,2.4536858,693,1,-0.35695457,0.0,0.0
694,CENTROID,6,,694,12.447659,11.275175,1.1724834,694,1,4.3193684,0.0,0.0
695,CENTROID,6,,695,12.688309,11.604012,1.0842972,695,1,0.8391714,0.0,0.0
696,CENTROID,6,,696,15.626385,10.587189,5.039196,696,1,0.29813862,0.0,0.0
697,CENTROID,6,,697,15.564728,9.19584,6.368888,697,1,-0.23128748,0.0,0.0
698,CENTROID,6,,698,15.74823,13.323813,2.4244165,698,1,-0.330101,0.0,0.0
699,CENTROID,6,,699,13.78441,12.967625,0.8167858,699,1,2.1682034,0.0,0.0
700,CENTROID,6,,700,10.568398,9.923289,0.6451092,700,1,-1.3871965,0.0,1.0
701,CENTROID,6,,701,8.445756,8.565864,-0.12010765,908,0,7.425416,1.0,0.0
702,CENTROID,6,,702,11.280305,8.405964,2.874341,702,1,-0.062158585,0.0,0.0
703,CENTROID,6,,703,6.639511,8.2107315,-1.5712204,912,0,1.2765579,0.0,0.0
704,CENTROID,6,,704,15.911971,11.231748,4.6802235,704,1,-0.4757023,0.0,0.0
705,CENTROID,6,,705,13.036152,13.882546,-0.84639454,874,0,0.53015614,0.0,0.0
706,CENTROID,6,,706,7.4480968,10.952387,-3.50429,698,0,1.8127685,0.0,0.0
707,CENTROID,6,,707,18.472933,13.066368,5.4065647,707,1,0.49943066,0.0,0.0
708,CENTROID,6,,708,6.069786,11.132221,-5.062435,807,0,4.4506845,0.0,0.0
709,CENTROID,6,,709,10.228893,9.120169,1.1087246,709,1,1.500042,0.0,0.0
710,CENTROID,6,,710,3.6053283,10.008465,-6.4031363,741,0,-0.08061409,0.0,0.0
711,CENTROID,6,,711,18.481789,16.26263,2.2191582,711,1,0.70417786,0.0,0.0
712,CENTROID,6,,712,9.124509,9.883025,-0.7585163,599,0,3.197092,1.0,0.0
713,CENTROID,6,,713,20.446474,15.754421,4.692053,713,1,0.5807953,0.0,0.0
714,CENTROID,6,,714,14.224322,12.411748,1.8125744,714,1,3.4380093,0.0,0.0
715,CENTROID,6,,715,5.221247,11.668968,-6.447721,870,0,2.2448187,0.0,0.0
716,CENTROID,6,,716,13.449478,12.600631,0.8488474,716,1,0.4741335,0.0,0.0
717,CENTROID,6,,717,15.611421,11.208487,4.402934,717,1,-0.49822617,0.0,0.0
718,CENTROID,6,,718,12.576986,16.065521,-3.488535,821,0,0.34008598,0.0,0.0
719,CENTROID,6,,719,15.980545,8.544922,7.435623,719,1,0.9360485,0.0,0.0
720,CENTROID,6,,720,14.524237,13.4844265,1.0398102,720,1,-0.57873154,0.0,0.0
721,CENTROID,6,,721,15.451713,12.1121435,3.339569,721,1,-1.8031349,0.0,0.0
722,CENTROID,6,,722,3.7605014,9.280605,-5.520104,599,0,1.6953497,0.0,0.0
723,CENTROID,6,,723,6.9381943,10.327726,-3.389532,906,0,4.496459,1.0,0.0
724,CENTROID,6,,724,6.6373014,9.838562,-3.2012606,807,0,4.7575665,1.0,0.0
725,CENTROID,6,,725,11.896371,12.053888,-0.15751743,899,0,-1.3071184,0.0,0.0
726,CENTROID,6,,726,17.870775,13.432361,4.4384146,726,1,5.245842,0.0,0.0
727,CENTROID,6,,727,7.330326,12.069111,-4.738785,599,0,5.9350986,1.0,0.0
728,CENTROID,6,,728,17.22211,12.322541,4.8995695,728,1,0.22798634,0.0,0.0
729,CENTROID,6,,729,9.627435,9.175642,0.45179272,729,1,-2.7292562,0.0,1.0
730,CENTROID,6,,730,16.595417,16.601946,-0.0065288544,866,0,1.9282074,1.0,0.0
731,CENTROID,6,,731,11.815563,10.817375,0.998188,731,1,-3.3922749,0.0,1.0
732,CENTROID,6,,732,15.313155,11.259579,4.0535765,732,1,0.30029297,0.0,0.0
733,CENTROID,6,,733,9.263245,11.212529,-1.9492846,320,0,3.5777454,1.0,0.0
734,CENTROID,6,,734,13.553249,13.515375,0.03787422,734,1,2.0591192,0.0,0.0
735,CENTROID,6,,735,10.210881,14.301957,-4.091076,887,0,-0.81291866,0.0,0.0
736,CENTROID,6,,736,11.843264,14.616879,-2.7736158,722,0,4.6555367,1.0,0.0
737,CENTROID,6,,737,13.882868,11.033788,2.84908,737,1,1.0169506,0.0,0.0
738,CENTROID,6,,738,12.394923,13.473205,-1.0782814,580,0,1.6863413,1.0,0.0
739,CENTROID,6,,739,17.88201,8.450333,9.431677,739,1,0.36226082,0.0,0.0
740,CENTROID,6,,740,7.0019493,10.781148,-3.7791986,783,0,0.5576515,0.0,0.0
741,CENTROID,6,,741,12.425563,10.830774,1.5947886,741,1,-0.5301657,0.0,0.0
742,CENTROID,6,,742,8.565563,12.74843,-4.182867,713,0,-0.1347475,0.0,0.0
743,CENTROID,6,,743,11.473907,10.164174,1.3097334,743,1,-2.1101875,0.0,1.0
744,CENTROID,6,,744,10.5335455,10.137494,0.3960514,744,1,0.47042465,0.0,0.0
745,CENTROID,6,,745,13.165422,11.44423,1.7211924,745,1,4.5838842,0.0,0.0
746,CENTROID,6,,746,17.764011,10.5960045,7.168007,746,1,0.9344406,0.0,0.0
747,CENTROID,6,,747,7.0080786,9.077796,-2.0697174,722,0,0.040956497,0.0,0.0
748,CENTROID,6,,748,15.195386,16.36523,-1.1698446,893,0,0.8680277,0.0,0.0
749,CENTROID,6,,749,14.712663,10.27323,4.439433,749,1,-0.09256649,0.0,0.0
750,CENTROID,6,,750,11.186268,11.277747,-0.0914793,885,0,3.1777964,1.0,0.0
751,CENTROID,6,,751,15.8276825,15.075004,0.7526789,751,1,-0.16703129,0.0,0.0
752,CENTROID,6,,752,18.26987,14.623494,3.6463766,752,1,0.84934425,0.0,0.0
753,CENTROID,6,,753,9.62755,11.101307,-1.4737568,886,0,2.1840363,1.0,0.0
754,CENTROID,6,,754,11.041237,14.0743065,-3.0330696,761,0,0.9089508,0.0,0.0
755,CENTROID,6,,755,14.576562,13.465913,1.1106491,755,1,4.0049286,0.0,0.0
756,CENTROID,6,,756,12.2379265,10.8076725,1.430254,756,1,0.004008293,0.0,0.0
757,CENTROID,6,,757,12.3221035,12.268232,0.053871155,757,1,0.053106308,0.0,0.0
758,CENTROID,6,,758,9.972299,9.879507,0.09279156,758,1,2.604185,0.0,0.0
759,CENTROID,6,,759,13.847809,10.145202,3.7026072,759,1,1.4190855,0.0,0.0
760,CENTROID,6,,760,6.667315,8.452739,-1.7854238,556,0,1.9957576,1.0,0.0
761,CENTROID,6,,761,6.143891,14.471429,-8.327538,223,0,-0.63512707,0.0,0.0
762,CENTROID,6,,762,12.637441,9.945704,2.6917362,762,1,1.5335503,0.0,0.0
763,CENTROID,6,,763,18.912045,14.235988,4.676057,763,1,0.33050728,0.0,0.0
764,CENTROID,6,,764,7.5348835,7.823423,-0.2885394,519,0,-0.27142572,0.0,0.0
765,CENTROID,6,,765,15.659327,9.58865,6.070677,765,1,1.2075233,0.0,0.0
766,CENTROID,6,,766,15.942404,11.244292,4.6981115,766,1,1.7564096,0.0,0.0
767,CENTROID,6,,767,9.806812,9.376272,0.43054008,767,1,-2.5502253,0.0,1.0
768,CENTROID,6,,768,13.982952,15.211515,-1.2285633,805,0,0.65631866,0.0,0.0
769,CENTROID,6,,769,16.504995,10.734517,5.7704782,769,1,2.4562244,0.0,0.0
770,CENTROID,6,,770,15.451741,9.391283,6.060458,770,1,-0.09084225,0.0,0.0
771,CENTROID,6,,771,17.622162,12.418759,5.2034025,771,1,1.2339563,0.0,0.0
772,CENTROID,6,,772,9.151406,12.2420225,-3.0906162,608,0,1.5761814,0.0,0.0
773,CENTROID,6,,773,8.180667,12.998695,-4.8180285,969,0,0.32038164,0.0,0.0
774,CENTROID,6,,774,7.845095,8.67284,-0.82774496,630,0,0.48055887,0.0,0.0
775,CENTROID,6,,775,10.94402,9.526792,1.4172287,775,1,2.4400196,0.0,0.0
776,CENTROID,6,,776,19.803377,16.949568,2.8538094,776,1,1.5458126,0.0,0.0
777,CENTROID,6,,777,18.217903,12.331492,5.8864107,777,1,1.5465956,0.0,0.0
778,CENTROID,6,,778,10.450678,11.231394,-0.78071594,700,0,0.08167076,0.0,0.0
779,CENTROID,6,,779,21.633717,14.372227,7.26149,779,1,-0.014472961,0.0,0.0
780,CENTROID,6,,780,14.022203,13.25035,0.77185345,780,1,1.7652531,0.0,0.0
781,CENTROID,6,,781,21.092377,10.141616,10.950761,781,1,0.358469,0.0,0.0
782,CENTROID,6,,782,14.025618,14.252476,-0.22685814,527,0,0.061510086,0.0,0.0
783,CENTROID,6,,783,18.131556,14.2545185,3.877037,783,1,1.6991425,0.0,0.0
784,CENTROID,6,,784,6.0941386,12.0521755,-5.958037,550,0,-1.9031997,0.0,0.0
785,CENTROID,6,,785,13.335292,8.78835,4.5469418,785,1,1.9899502,0.0,0.0
786,CENTROID,6,,786,11.322004,10.084829,1.237175,786,1,7.3031836,0.0,0.0
787,CENTROID,6,,787,20.839256,14.357426,6.4818306,787,1,1.0017242,0.0,0.0
788,CENTROID,6,,788,17.139194,10.7797785,6.359416,788,1,1.9470415,0.0,0.0
789,CENTROID,6,,789,16.970793,10.635947,6.3348455,789,1,-2.8049278,0.0,0.0
790,CENTROID,6,,790,11.724793,10.910554,0.8142395,790,1,-1.197319,0.0,1.0
791,CENTROID,6,,791,10.951708,11.27067,-0.3189621,870,0,-1.6747103,0.0,0.0
792,CENTROID,6,,792,15.987446,13.720342,2.2671041,792,1,0.67989826,0.0,0.0
793,CENTROID,6,,793,11.2067375,10.784834,0.4219036,793,1,5.4857464,0.0,0.0
794,CENTROID,6,,794,6.916668,10.874556,-3.9578876,416,0,0.15196466,0.0,0.0
795,CENTROID,6,,795,9.238786,9.124659,0.11412716,795,1,7.932432,0.0,0.0
796,CENTROID,6,,796,11.561433,9.946501,1.6149321,796,1,4.8674507,0.0,0.0
797,CENTROID,6,,797,11.697131,10.471301,1.2258301,797,1,1.9777584,0.0,0.0
798,CENTROID,6,,798,0.13383774,15.789998,-15.65616,906,0,5.1648293,0.0,0.0
799,CENTROID,6,,799,11.57299,12.109368,-0.5363779,789,0,0.57909393,1.0,0.0
800,CENTROID,6,,800,20.412775,14.544124,5.8686514,800,1,2.0236025,0.0,0.0
801,CENTROID,6,,801,14.498603,9.916537,4.5820656,801,1,-0.84702206,0.0,0.0
802,CENTROID,6,,802,19.391714,13.480178,5.911536,802,1,1.0212793,0.0,0.0
803,CENTROID,6,,803,15.803585,10.183415,5.6201696,803,1,1.8267622,0.0,0.0
804,CENTROID,6,,804,10.174824,10.537228,-0.36240387,899,0,3.5101843,1.0,0.0
805,CENTROID,6,,805,19.065424,15.349366,3.7160578,805,1,1.3907022,0.0,0.0
806,CENTROID,6,,806,7.37868,11.925461,-4.5467806,615,0,3.239296,0.0,0.0
807,CENTROID,6,,807,17.437103,14.834626,2.602477,807,1,0.9325304,0.0,0.0
808,CENTROID,6,,808,11.601157,9.067876,2.5332813,808,1,0.48146915,0.0,0.0
809,CENTROID,6,,809,13.053218,11.200902,1.8523159,809,1,-0.27106476,0.0,0.0
810,CENTROID,6,,810,21.370653,20.649,0.721653,810,1,1.1854324,0.0,0.0
811,CENTROID,6,,811,7.8940735,14.65948,-6.7654066,760,0,-0.28044128,0.0,0.0
812,CENTROID,6,,812,10.546409,11.004641,-0.45823193,744,0,1.3358374,1.0,0.0
813,CENTROID,6,,813,15.706322,12.741022,2.9652996,813,1,-0.9402361,0.0,0.0
814,CENTROID,6,,814,17.592733,14.206424,3.3863096,814,1,0.046718597,0.0,0.0
815,CENTROID,6,,815,14.267249,10.378055,3.8891945,815,1,0.98028374,0.0,0.0
816,CENTROID,6,,816,17.390192,15.787226,1.6029663,816,1,0.13106155,0.0,0.0
817,CENTROID,6,,817,13.955332,15.462932,-1.5075998,511,0,-0.32984066,0.0,0.0
818,CENTROID,6,,818,9.272587,11.764542,-2.4919548,599,0,4.717643,1.0,0.0
819,CENTROID,6,,819,14.3747635,11.754848,2.619916,819,1,-0.19788074,0.0,0.0
820,CENTROID,6,,820,19.273825,11.539102,7.734723,820,1,-0.70098305,0.0,0.0
821,CENTROID,6,,821,15.313919,11.164094,4.149825,821,1,-0.86143494,0.0,0.0
822,CENTROID,6,,822,11.683626,10.24806,1.435566,822,1,3.4302511,0.0,0.0
823,CENTROID,6,,823,6.6487803,10.742872,-4.094092,678,0,0.20745993,0.0,0.0
824,CENTROID,6,,824,9.950475,14.962389,-5.0119143,599,0,8.399678,1.0,0.0
825,CENTROID,6,,825,11.0157385,8.412938,2.6028004,825,1,-0.31668186,0.0,0.0
826,CENTROID,6,,826,-1.8908929,8.878879,-10.769772,496,0,0.2442112,0.0,0.0
827,CENTROID,6,,827,13.628707,14.634912,-1.0062046,556,0,0.48897362,0.0,0.0
828,CENTROID,6,,828,4.5561666,9.376362,-4.820195,599,0,2.683999,0.0,0.0
829,CENTROID,6,,829,17.615688,11.630022,5.9856663,829,1,0.31778717,0.0,0.0
830,CENTROID,6,,830,3.3343318,8.8241005,-5.489769,708,0,-0.6285496,0.0,0.0
831,CENTROID,6,,831,17.041803,12.452407,4.5893965,831,1,0.37992477,0.0,0.0
832,CENTROID,6,,832,16.686356,9.917562,6.768794,832,1,-1.4183416,0.0,0.0
833,CENTROID,6,,833,6.88714,8.702563,-1.8154235,408,0,5.5100284,1.0,0.0
834,CENTROID,6,,834,7.0609293,11.572771,-4.511842,655,0,0.75911856,0.0,0.0
835,CENTROID,6,,835,15.747967,13.443335,2.3046322,835,1,-0.8482313,0.0,0.0
836,CENTROID,6,,836,14.343106,12.82273,1.5203762,836,1,-1.1756887,0.0,0.0
837,CENTROID,6,,837,6.1583757,9.9652195,-3.8068438,822,0,2.1969595,0.0,0.0
838,CENTROID,6,,838,12.154727,10.924824,1.2299032,838,1,-0.9806738,0.0,0.0
839,CENTROID,6,,839,14.674043,12.659938,2.0141048,839,1,0.61445045,0.0,0.0
840,CENTROID,6,,840,9.8776045,9.765455,0.11214924,840,1,5.774947,0.0,0.0
841,CENTROID,6,,841,10.632572,11.485087,-0.8525152,728,0,4.3951874,1.0,0.0
842,CENTROID,6,,842,15.217135,9.240287,5.9768486,842,1,-0.72214794,0.0,0.0
843,CENTROID,6,,843,7.514213,8.507698,-0.993485,489,0,0.4743514,0.0,0.0
844,CENTROID,6,,844,13.843512,10.659703,3.1838083,844,1,2.536274,0.0,0.0
845,CENTROID,6,,845,9.581808,11.006722,-1.4249144,769,0,-0.42388535,0.0,0.0
846,CENTROID,6,,846,13.709501,13.062512,0.64698887,846,1,-0.4847803,0.0,0.0
847,CENTROID,6,,847,16.02536,16.404488,-0.3791275,586,0,0.96289253,1.0,0.0
848,CENTROID,6,,848,12.403955,12.266644,0.13731194,848,1,-0.11081791,0.0,0.0
849,CENTROID,6,,849,14.752933,17.147738,-2.394805,505,0,-1.0243273,0.0,0.0
850,CENTROID,6,,850,12.358985,9.639516,2.719469,850,1,1.0350761,0.0,0.0
851,CENTROID,6,,851,12.633404,13.556002,-0.9225979,782,0,2.0054655,1.0,0.0
852,CENTROID,6,,852,15.051426,13.064339,1.9870872,852,1,-3.2805939,0.0,1.0
853,CENTROID,6,,853,17.91706,9.866549,8.050512,853,1,1.0275879,0.0,0.0
854,CENTROID,6,,854,10.124085,8.860519,1.263566,854,1,4.027813,0.0,0.0
855,CENTROID,6,,855,15.810587,10.869806,4.9407806,855,1,1.7206335,0.0,0.0
856,CENTROID,6,,856,16.60861,12.549265,4.0593452,856,1,-1.3617744,0.0,0.0
857,CENTROID,6,,857,13.675863,11.694823,1.98104,857,1,-2.059701,0.0,1.0
858,CENTROID,6,,858,17.758156,11.438221,6.319935,858,1,1.1633453,0.0,0.0
859,CENTROID,6,,859,16.57314,11.195214,5.377925,859,1,0.17866611,0.0,0.0
860,CENTROID,6,,860,7.9526534,11.371169,-3.4185157,919,0,-1.0602732,0.0,0.0
861,CENTROID,6,,861,16.489838,15.902941,0.5868969,861,1,0.61857224,0.0,0.0
862,CENTROID,6,,862,15.783776,8.453642,7.3301344,862,1,0.5885134,0.0,0.0
863,CENTROID,6,,863,12.825446,12.573466,0.25197983,863,1,2.834114,0.0,0.0
864,CENTROID,6,,864,5.8627505,10.024613,-4.161863,867,0,2.96767,0.0,0.0
865,CENTROID,6,,865,10.259405,11.956073,-1.6966677,860,0,1.9557266,1.0,0.0
866,CENTROID,6,,866,17.350388,16.394066,0.9563217,866,1,-2.014101,0.0,1.0
867,CENTROID,6,,867,12.110997,12.7714,-0.66040325,807,0,5.5994167,1.0,0.0
868,CENTROID,6,,868,9.762936,11.413869,-1.6509333,949,0,3.5366545,1.0,0.0
869,CENTROID,6,,869,5.660373,9.699819,-4.0394454,906,0,3.1467028,0.0,0.0
870,CENTROID,6,,870,10.148804,10.072476,0.076327324,870,1,-0.6926918,0.0,1.0
871,CENTROID,6,,871,12.765552,11.330922,1.4346294,871,1,2.5303783,0.0,0.0
872,CENTROID,6,,872,10.377569,11.261481,-0.8839121,784,0,2.6385422,1.0,0.0
873,CENTROID,6,,873,7.5509615,12.978299,-5.4273376,698,0,-1.9791541,0.0,0.0
874,CENTROID,6,,874,16.295095,13.382726,2.9123697,874,1,0.0060777664,0.0,0.0
875,CENTROID,6,,875,11.355319,8.853655,2.5016642,875,1,1.0556498,0.0,0.0
876,CENTROID,6,,876,5.5907116,12.471964,-6.8812523,706,0,3.0502615,0.0,0.0
877,CENTROID,6,,877,7.710203,13.710856,-6.0006533,421,0,6.6723194,1.0,0.0
878,CENTROID,6,,878,14.940406,15.597006,-0.6566,810,0,0.039946556,0.0,0.0
879,CENTROID,6,,879,11.46467,9.058906,2.4057646,879,1,-1.6773367,0.0,0.0
880,CENTROID,6,,880,16.858511,9.585793,7.2727184,880,1,1.2013121,0.0,0.0
881,CENTROID,6,,881,9.779558,10.261172,-0.4816141,401,0,4.025811,1.0,0.0
882,CENTROID,6,,882,5.990101,8.970764,-2.9806633,851,0,0.30484962,0.0,0.0
883,CENTROID,6,,883,11.930095,11.166792,0.7633028,883,1,0.58746815,0.0,0.0
884,CENTROID,6,,884,13.567127,12.357451,1.2096758,884,1,0.58846474,0.0,0.0
885,CENTROID,6,,885,11.399375,12.437186,-1.0378113,911,0,-0.49508,0.0,0.0
886,CENTROID,6,,886,17.016087,12.35293,4.6631565,886,1,1.49302,0.0,0.0
887,CENTROID,6,,887,3.8989265,8.930079,-5.0311527,790,0,5.21564,1.0,0.0
888,CENTROID,6,,888,14.031239,9.0033245,5.027914,888,1,1.7580023,0.0,0.0
889,CENTROID,6,,889,12.579786,11.680246,0.89953995,889,1,-2.5300055,0.0,1.0
890,CENTROID,6,,890,15.720731,11.463804,4.2569265,890,1,0.68882465,0.0,0.0
891,CENTROID,6,,891,18.57893,10.272492,8.3064375,891,1,-0.9441395,0.0,0.0
892,CENTROID,6,,892,18.347366,17.236456,1.1109104,892,1,-1.8370342,0.0,1.0
893,CENTROID,6,,893,10.017778,15.599728,-5.581949,549,0,4.479583,0.0,0.0
894,CENTROID,6,,894,5.8434105,9.934336,-4.090925,905,0,1.8885956,0.0,0.0
895,CENTROID,6,,895,16.49081,13.255961,3.234849,895,1,0.7998123,0.0,0.0
896,CENTROID,6,,896,14.503987,11.981233,2.5227547,896,1,2.4495401,0.0,0.0
897,CENTROID,6,,897,18.82367,12.393377,6.430292,897,1,-0.97011185,0.0,0.0
898,CENTROID,6,,898,12.513982,11.058458,1.4555235,898,1,0.85961723,0.0,0.0
899,CENTROID,6,,899,14.080738,14.088297,-0.0075588226,725,0,0.06458759,1.0,0.0
900,CENTROID,6,,900,14.002294,10.880945,3.1213484,900,1,1.3647585,0.0,0.0
901,CENTROID,6,,901,19.707779,12.425638,7.2821407,901,1,2.2147512,0.0,0.0
902,CENTROID,6,,902,12.773936,11.99484,0.7790966,902,1,0.5023718,0.0,0.0
903,CENTROID,6,,903,17.874155,15.134856,2.7392988,903,1,1.4201937,0.0,0.0
904,CENTROID,6,,904,15.437067,10.810429,4.6266384,904,1,-0.49625492,0.0,0.0
905,CENTROID,6,,905,7.832504,10.311585,-2.4790816,700,0,5.814529,1.0,0.0
906,CENTROID,6,,906,10.375574,11.839541,-1.4639673,785,0,-1.7271929,0.0,0.0
907,CENTROID,6,,907,9.661685,13.333881,-3.6721964,898,0,0.26888657,0.0,0.0
908,CENTROID,6,,908,9.382121,14.016972,-4.6348505,807,0,3.7330103,0.0,0.0
909,CENTROID,6,,909,12.207169,12.268231,-0.061062813,469,0,0.6647482,1.0,0.0
910,CENTROID,6,,910,10.326379,10.537759,-0.21138,599,0,1.5154839,1.0,0.0
911,CENTROID,6,,911,10.0957985,13.737323,-3.6415243,616,0,1.9552393,0.0,0.0
912,CENTROID,6,,912,15.513295,8.845857,6.6674385,912,1,0.10998726,0.0,0.0
913,CENTROID,6,,913,16.902927,11.03621,5.8667173,913,1,2.457244,0.0,0.0
914,CENTROID,6,,914,20.065493,14.653056,5.4124365,914,1,0.6014929,0.0,0.0
915,CENTROID,6,,915,9.949894,11.37545,-1.4255562,580,0,3.301196,1.0,0.0
916,CENTROID,6,,916,16.946236,8.931512,8.014724,916,1,0.4435358,0.0,0.0
917,CENTROID,6,,917,10.80824,8.349235,2.4590054,917,1,0.06779957,0.0,0.0
918,CENTROID,6,,918,13.538332,10.82704,2.7112923,918,1,1.1922464,0.0,0.0
919,CENTROID,6,,919,0.5368473,10.4732895,-9.936442,502,0,0.2680912,0.0,0.0
920,CENTROID,6,,920,8.910245,7.616106,1.2941389,920,1,-2.1543112,0.0,1.0
921,CENTROID,6,,921,11.318543,9.5381155,1.7804279,921,1,-1.8497334,0.0,1.0
922,CENTROID,6,,922,14.254328,9.340904,4.9134235,922,1,1.8413191,0.0,0.0
923,CENTROID,6,,923,9.042902,9.009497,0.033405304,923,1,3.2092705,0.0,0.0
924,CENTROID,6,,924,21.279537,10.714643,10.564895,924,1,1.1765308,0.0,0.0
925,CENTROID,6,,925,12.047383,10.202956,1.8444271,925,1,2.2102766,0.0,0.0
926,CENTROID,6,,926,15.287444,12.412929,2.8745155,926,1,0.04250908,0.0,0.0
927,CENTROID,6,,927,19.475723,14.118776,5.356947,927,1,-2.379425,0.0,0.0
928,CENTROID,6,,928,10.231517,13.462687,-3.2311697,960,0,2.1073103,0.0,0.0
929,CENTROID,6,,929,14.42469,11.321534,3.103156,929,1,1.8081503,0.0,0.0
930,CENTROID,6,,930,10.653904,9.938283,0.715621,930,1,2.5790997,0.0,0.0
931,CENTROID,6,,931,18.898645,14.503881,4.394764,931,1,0.90789604,0.0,0.0
932,CENTROID,6,,932,9.539069,10.299656,-0.76058674,599,0,4.0692186,1.0,0.0
933,CENTROID,6,,933,17.428507,12.051746,5.3767605,933,1,1.0106115,0.0,0.0
934,CENTROID,6,,934,21.092491,12.359597,8.732894,934,1,0.66604805,0.0,0.0
935,CENTROID,6,,935,12.458118,12.297217,0.16090107,935,1,1.8760386,0.0,0.0
936,CENTROID,6,,936,13.338432,8.964332,4.3741007,936,1,1.1937551,0.0,0.0
937,CENTROID,6,,937,12.455673,9.870202,2.5854712,937,1,4.1751986,0.0,0.0
938,CENTROID,6,,938,19.226692,14.989028,4.237664,938,1,-0.8966398,0.0,0.0
939,CENTROID,6,,939,12.988063,12.63385,0.35421276,939,1,1.7632923,0.0,0.0
940,CENTROID,6,,940,18.86123,13.721342,5.139889,940,1,-0.0059719086,0.0,0.0
941,CENTROID,6,,941,15.178556,11.757455,3.4211016,941,1,0.19044113,0.0,0.0
942,CENTROID,6,,942,10.137603,10.954191,-0.8165884,659,0,-0.127182,0.0,0.0
943,CENTROID,6,,943,20.606258,13.227911,7.3783474,943,1,-1.8343353,0.0,0.0
944,CENTROID,6,,944,18.176374,11.8560505,6.320324,944,1,0.10916901,0.0,0.0
945,CENTROID,6,,945,15.887627,11.111767,4.77586,945,1,2.0308018,0.0,0.0
946,CENTROID,6,,946,18.319668,11.363181,6.9564867,946,1,-1.3213997,0.0,0.0
947,CENTROID,6,,947,16.105635,17.277971,-1.1723366,992,0,-0.37891388,0.0,0.0
948,CENTROID,6,,948,13.710364,9.441463,4.268901,948,1,0.5118904,0.0,0.0
949,CENTROID,6,,949,11.700654,10.979897,0.7207575,949,1,2.000431,0.0,0.0
950,CENTROID,6,,950,17.459848,12.171813,5.2880354,950,1,1.3487196,0.0,0.0
951,CENTROID,6,,951,14.363768,12.726626,1.6371412,951,1,1.825201,0.0,0.0
952,CENTROID,6,,952,14.289471,14.117417,0.17205334,952,1,2.463293,0.0,0.0
953,CENTROID,6,,953,15.192004,11.624897,3.5671072,953,1,2.4883356,0.0,0.0
954,CENTROID,6,,954,16.021145,9.563151,6.4579935,954,1,0.22791958,0.0,0.0
955,CENTROID,6,,955,18.580185,10.801463,7.778722,955,1,0.83375263,0.0,0.0
956,CENTROID,6,,956,15.467928,10.490208,4.9777203,956,1,2.4560394,0.0,0.0
957,CENTROID,6,,957,15.614234,9.092778,6.521456,957,1,-0.32351208,0.0,0.0
958,CENTROID,6,,958,14.528496,11.630236,2.89826,958,1,0.12624454,0.0,0.0
959,CENTROID,6,,959,15.726666,11.451121,4.275545,959,1,1.0749798,0.0,0.0
960,CENTROID,6,,960,14.066594,12.937007,1.1295872,960,1,1.3185453,0.0,0.0
961,CENTROID,6,,961,11.406443,10.020906,1.3855362,961,1,0.31615353,0.0,0.0
962,CENTROID,6,,962,11.720246,10.136459,1.583787,962,1,1.6379356,0.0,0.0
963,CENTROID,6,,963,0.43731362,12.701543,-12.264229,335,0,-2.1582108,0.0,0.0
964,CENTROID,6,,964,8.098408,12.976933,-4.878525,455,0,3.6041536,0.0,0.0
965,CENTROID,6,,965,13.437892,10.599986,2.837906,965,1,-0.8939018,0.0,0.0
966,CENTROID,6,,966,6.696407,11.216877,-4.52047,737,0,-1.2283597,0.0,0.0
967,CENTROID,6,,967,11.211781,12.8201685,-1.608388,969,0,0.43720245,0.0,0.0
968,CENTROID,6,,968,12.339483,10.522366,1.8171177,968,1,-0.72697926,0.0,0.0
969,CENTROID,6,,969,9.983899,10.34613,-0.36223125,927,0,0.29776096,0.0,0.0
970,CENTROID,6,,970,10.860893,8.326803,2.53409,970,1,-3.2082958,0.0,1.0
971,CENTROID,6,,971,20.030119,12.53898,7.4911394,971,1,0.55685425,0.0,0.0
972,CENTROID,6,,972,12.4541445,10.98533,1.4688148,972,1,-0.40042973,0.0,0.0
973,CENTROID,6,,973,15.337689,12.918623,2.4190664,973,1,-1.3095932,0.0,0.0
974,CENTROID,6,,974,12.12649,11.300519,0.82597065,974,1,0.88159275,0.0,0.0
975,CENTROID,6,,975,10.697037,9.451114,1.245923,975,1,0.92099476,0.0,0.0
976,CENTROID,6,,976,11.046182,9.153064,1.8931179,976,1,1.5254393,0.0,0.0
977,CENTROID,6,,977,16.22648,12.624063,3.602418,977,1,0.25487804,0.0,0.0
978,CENTROID,6,,978,11.6249275,11.342579,0.28234863,978,1,-0.44166374,0.0,1.0
979,CENTROID,6,,979,7.993953,9.826111,-1.8321576,672,0,3.1499705,1.0,0.0
980,CENTROID,6,,980,6.088461,11.064766,-4.976305,345,0,-1.1592426,0.0,0.0
981,CENTROID,6,,981,15.242428,16.169859,-0.9274311,429,0,0.8717003,0.0,0.0
982,CENTROID,6,,982,12.594271,11.558193,1.0360775,982,1,1.2310238,0.0,0.0
983,CENTROID,6,,983,14.678018,13.347281,1.3307362,983,1,2.1900988,0.0,0.0
984,CENTROID,6,,984,17.847912,8.545118,9.3027935,984,1,1.9345312,0.0,0.0
985,CENTROID,6,,985,9.812631,9.021375,0.79125595,985,1,1.1829624,0.0,0.0
986,CENTROID,6,,986,18.455715,9.409127,9.046588,986,1,2.70016,0.0,0.0
987,CENTROID,6,,987,18.093315,19.736958,-1.6436424,998,0,1.4375591,0.0,0.0
988,CENTROID,6,,988,17.408367,10.282092,7.126275,988,1,-1.3086929,0.0,0.0
989,CENTROID,6,,989,16.295412,13.285028,3.0103836,989,1,6.5680323,0.0,0.0
990,CENTROID,6,,990,14.156065,12.78052,1.3755445,990,1,1.6754255,0.0,0.0
991,CENTROID,6,,991,17.238165,14.340443,2.8977222,991,1,-0.333313,0.0,0.0
992,CENTROID,6,,992,14.846152,14.494825,0.35132694,992,1,1.7043304,0.0,0.0
993,CENTROID,6,,993,22.74485,15.726305,7.018545,993,1,1.072484,0.0,0.0
994,CENTROID,6,,994,13.301101,9.919404,3.3816967,994,1,-0.95369434,0.0,0.0
995,CENTROID,6,,995,18.393175,13.262904,5.130271,995,1,3.192216,0.0,0.0
996,CENTROID,6,,996,15.104257,11.752817,3.3514395,996,1,4.264474,0.0,0.0
997,CENTROID,6,,997,18.199894,16.409824,1.7900696,997,1,-1.0896473,0.0,0.0
998,CENTROID,6,,998,18.475464,17.374092,1.1013718,998,1,-0.16071129,0.0,0.0
999,CENTROID,6,,999,9.10626,10.150002,-1.0437412,700,0,2.2962503,1.0,0.0
0,DIAGONAL_GAUSSIAN,6,22001,0,17.000603,10.585567,6.4150352,0,1,1.4389544,0.0,0.0
1,DIAGONAL_GAUSSIAN,6,22001,1,15.99617,10.205401,5.7907686,1,1,-1.9561443,0.0,0.0
2,DIAGONAL_GAUSSIAN,6,22001,2,16.454052,13.075506,3.3785458,2,1,1.0548267,0.0,0.0
3,DIAGONAL_GAUSSIAN,6,22001,3,14.517704,11.644488,2.8732157,3,1,0.65000916,0.0,0.0
4,DIAGONAL_GAUSSIAN,6,22001,4,16.012482,18.123514,-2.1110325,3,0,2.7102165,1.0,0.0
5,DIAGONAL_GAUSSIAN,6,22001,5,15.787862,8.568563,7.2192984,5,1,-0.78270817,0.0,0.0
6,DIAGONAL_GAUSSIAN,6,22001,6,12.4312315,11.649945,0.78128624,6,1,0.61691666,0.0,0.0
7,DIAGONAL_GAUSSIAN,6,22001,7,18.00601,11.904442,6.101568,7,1,-0.8850603,0.0,0.0
8,DIAGONAL_GAUSSIAN,6,22001,8,11.025497,10.844914,0.180583,8,1,2.0449781,0.0,0.0
9,DIAGONAL_GAUSSIAN,6,22001,9,14.834313,8.689685,6.1446285,9,1,0.985302,0.0,0.0
10,DIAGONAL_GAUSSIAN,6,22001,10,19.011574,12.994726,6.0168476,10,1,1.7633276,0.0,0.0
11,DIAGONAL_GAUSSIAN,6,22001,11,17.803595,12.770726,5.0328684,11,1,-0.11216164,0.0,0.0
12,DIAGONAL_GAUSSIAN,6,22001,12,14.308018,11.689867,2.6181507,12,1,-0.9158602,0.0,0.0
13,DIAGONAL_GAUSSIAN,6,22001,13,16.724419,12.134799,4.5896196,13,1,-0.99365234,0.0,0.0
14,DIAGONAL_GAUSSIAN,6,22001,14,19.009775,13.520689,5.489086,14,1,2.813982,0.0,0.0
15,DIAGONAL_GAUSSIAN,6,22001,15,20.311876,13.711399,6.600477,15,1,1.3282986,0.0,0.0
16,DIAGONAL_GAUSSIAN,6,22001,16,17.612486,10.987657,6.6248293,16,1,2.3169498,0.0,0.0
17,DIAGONAL_GAUSSIAN,6,22001,17,10.847341,10.688394,0.15894699,17,1,2.2965412,0.0,0.0
18,DIAGONAL_GAUSSIAN,6,22001,18,14.7182045,11.813186,2.9050188,18,1,1.4159412,0.0,0.0
19,DIAGONAL_GAUSSIAN,6,22001,19,20.735588,11.329214,9.406374,19,1,-0.19336414,0.0,0.0
20,DIAGONAL_GAUSSIAN,6,22001,20,17.382036,11.155085,6.2269516,20,1,1.2148714,0.0,0.0
21,DIAGONAL_GAUSSIAN,6,22001,21,7.5747857,8.260877,-0.68609095,733,0,0.97361803,1.0,0.0
22,DIAGONAL_GAUSSIAN,6,22001,22,13.425274,11.6281805,1.7970934,22,1,1.9473228,0.0,0.0
23,DIAGONAL_GAUSSIAN,6,22001,23,12.893601,11.301072,1.5925293,23,1,1.2659254,0.0,0.0
24,DIAGONAL_GAUSSIAN,6,22001,24,19.977837,10.612982,9.364855,24,1,1.2287025,0.0,0.0
25,DIAGONAL_GAUSSIAN,6,22001,25,19.016464,16.885326,2.1311378,25,1,1.3133793,0.0,0.0
26,DIAGONAL_GAUSSIAN,6,22001,26,17.274746,20.729738,-3.4549923,28,0,-0.25090408,0.0,0.0
27,DIAGONAL_GAUSSIAN,6,22001,27,14.7081175,18.288023,-3.5799055,26,0,-0.777441,0.0,0.0
28,DIAGONAL_GAUSSIAN,6,22001,28,18.924894,15.5516815,3.3732128,28,1,0.30760574,0.0,0.0
29,DIAGONAL_GAUSSIAN,6,22001,29,17.430254,13.531113,3.8991413,29,1,0.2652855,0.0,0.0
30,DIAGONAL_GAUSSIAN,6,22001,30,18.08341,14.705183,3.3782272,30,1,-1.1923809,0.0,0.0
31,DIAGONAL_GAUSSIAN,6,22001,31,16.110357,14.681621,1.4287367,31,1,1.2918444,0.0,0.0
32,DIAGONAL_GAUSSIAN,6,22001,32,11.818174,12.874552,-1.0563774,329,0,-0.1342516,0.0,0.0
33,DIAGONAL_GAUSSIAN,6,22001,33,12.737968,10.944291,1.7936773,33,1,0.7615986,0.0,0.0
34,DIAGONAL_GAUSSIAN,6,22001,34,5.0668883,8.282886,-3.2159972,980,0,-1.2490716,0.0,0.0
35,DIAGONAL_GAUSSIAN,6,22001,35,19.436615,19.016245,0.4203701,35,1,1.39147,0.0,0.0
36,DIAGONAL_GAUSSIAN,6,22001,36,18.5749,17.797865,0.77703476,36,1,-1.4690132,0.0,1.0
37,DIAGONAL_GAUSSIAN,6,22001,37,14.853772,13.2228985,1.6308737,37,1,2.7047052,0.0,0.0
38,DIAGONAL_GAUSSIAN,6,22001,38,10.114651,11.697735,-1.5830841,28,0,-0.07888031,0.0,0.0
39,DIAGONAL_GAUSSIAN,6,22001,39,18.827282,12.921328,5.9059544,39,1,0.38456726,0.0,0.0
40,DIAGONAL_GAUSSIAN,6,22001,40,17.424759,16.219467,1.2052917,40,1,0.7835026,0.0,0.0
41,DIAGONAL_GAUSSIAN,6,22001,41,18.490175,14.259774,4.230401,41,1,-0.73653126,0.0,0.0
42,DIAGONAL_GAUSSIAN,6,22001,42,16.050499,13.493288,2.557211,42,1,2.0241337,0.0,0.0
43,DIAGONAL_GAUSSIAN,6,22001,43,17.327682,11.11196,6.215722,43,1,1.3658562,0.0,0.0
44,DIAGONAL_GAUSSIAN,6,22001,44,21.43176,15.0773,6.3544607,44,1,0.103857994,0.0,0.0
45,DIAGONAL_GAUSSIAN,6,22001,45,2.8043003,7.5673695,-4.763069,82,0,5.265256,1.0,0.0
46,DIAGONAL_GAUSSIAN,6,22001,46,15.009044,15.112694,-0.10365009,47,0,-1.5185747,0.0,0.0
47,DIAGONAL_GAUSSIAN,6,22001,47,21.212675,12.718965,8.4937105,47,1,-2.1441908,0.0,0.0
48,DIAGONAL_GAUSSIAN,6,22001,48,18.10516,14.240517,3.864643,48,1,2.6675634,0.0,0.0
49,DIAGONAL_GAUSSIAN,6,22001,49,10.264361,11.300088,-1.0357265,344,0,2.450303,1.0,0.0
50,DIAGONAL_GAUSSIAN,6,22001,50,12.159277,12.163237,-0.0039596558,38,0,1.8106813,1.0,0.0
51,DIAGONAL_GAUSSIAN,6,22001,51,9.827678,9.536125,0.29155254,51,1,2.3609285,0.0,0.0
52,DIAGONAL_GAUSSIAN,6,22001,52,17.218254,15.639627,1.5786266,52,1,1.1239796,0.0,0.0
53,DIAGONAL_GAUSSIAN,6,22001,53,21.260126,16.979105,4.281021,53,1,-0.3861618,0.0,0.0
54,DIAGONAL_GAUSSIAN,6,22001,54,12.8065195,17.693901,-4.8873816,66,0,0.93678,0.0,0.0
55,DIAGONAL_GAUSSIAN,6,22001,55,15.479055,18.48631,-3.0072536,64,0,1.7022257,0.0,0.0
56,DIAGONAL_GAUSSIAN,6,22001,56,15.897217,12.796314,3.1009026,56,1,-0.3892088,0.0,0.0
57,DIAGONAL_GAUSSIAN,6,22001,57,14.437722,14.726384,-0.28866196,68,0,0.4237156,1.0,0.0
58,DIAGONAL_GAUSSIAN,6,22001,58,17.40616,14.785694,2.6204662,58,1,-1.6254444,0.0,0.0
59,DIAGONAL_GAUSSIAN,6,22001,59,19.611412,15.9053135,3.7060986,59,1,-0.613142,0.0,0.0
60,DIAGONAL_GAUSSIAN,6,22001,60,17.145796,14.860344,2.285452,60,1,-0.06371689,0.0,0.0
61,DIAGONAL_GAUSSIAN,6,22001,61,18.62193,14.204823,4.4171066,61,1,0.43639278,0.0,0.0
62,DIAGONAL_GAUSSIAN,6,22001,62,12.00913,11.45859,0.55054,62,1,-0.6673279,0.0,1.0
63,DIAGONAL_GAUSSIAN,6,22001,63,23.170351,17.044458,6.1258926,63,1,0.3844223,0.0,0.0
64,DIAGONAL_GAUSSIAN,6,22001,64,12.394891,12.1998,0.19509125,64,1,1.826602,0.0,0.0
65,DIAGONAL_GAUSSIAN,6,22001,65,17.397715,12.613982,4.7837324,65,1,-0.124111176,0.0,0.0
66,DIAGONAL_GAUSSIAN,6,22001,66,18.3055,17.042048,1.2634525,66,1,0.7016258,0.0,0.0
67,DIAGONAL_GAUSSIAN,6,22001,67,15.979714,15.910683,0.069031715,67,1,0.12282276,0.0,0.0
68,DIAGONAL_GAUSSIAN,6,22001,68,15.046388,15.859592,-0.81320477,66,0,-0.44995594,0.0,0.0
69,DIAGONAL_GAUSSIAN,6,22001,69,15.490775,16.157064,-0.6662893,126,0,4.637349,1.0,0.0
70,DIAGONAL_GAUSSIAN,6,22001,70,19.834084,12.421126,7.412957,70,1,1.0836582,0.0,0.0
71,DIAGONAL_GAUSSIAN,6,22001,71,20.353712,14.855476,5.4982357,71,1,3.6957445,0.0,0.0
72,DIAGONAL_GAUSSIAN,6,22001,72,19.58676,16.85712,2.729639,72,1,-1.4251614,0.0,0.0
73,DIAGONAL_GAUSSIAN,6,22001,73,16.477362,11.965284,4.5120773,73,1,0.6086912,0.0,0.0
74,DIAGONAL_GAUSSIAN,6,22001,74,13.868747,15.927919,-2.0591726,73,0,0.22742462,0.0,0.0
75,DIAGONAL_GAUSSIAN,6,22001,75,19.076796,16.669306,2.4074898,75,1,1.650733,0.0,0.0
76,DIAGONAL_GAUSSIAN,6,22001,76,18.931805,14.877712,4.0540924,76,1,0.56569767,0.0,0.0
77,DIAGONAL_GAUSSIAN,6,22001,77,16.062004,17.17661,-1.1146069,73,0,0.8769741,0.0,0.0
78,DIAGONAL_GAUSSIAN,6,22001,78,18.759016,13.520931,5.238085,78,1,0.9508791,0.0,0.0
79,DIAGONAL_GAUSSIAN,6,22001,79,17.993513,15.55328,2.4402332,79,1,0.9691229,0.0,0.0
80,DIAGONAL_GAUSSIAN,6,22001,80,21.500694,11.272866,10.227828,80,1,-0.83019924,0.0,0.0
81,DIAGONAL_GAUSSIAN,6,22001,81,15.746381,9.306342,6.4400387,81,1,3.8661823,0.0,0.0
82,DIAGONAL_GAUSSIAN,6,22001,82,18.616735,15.27718,3.3395557,82,1,0.073657036,0.0,0.0
83,DIAGONAL_GAUSSIAN,6,22001,83,19.33342,13.100805,6.2326145,83,1,1.0452461,0.0,0.0
84,DIAGONAL_GAUSSIAN,6,22001,84,11.964101,9.722917,2.2411842,84,1,0.9773092,0.0,0.0
85,DIAGONAL_GAUSSIAN,6,22001,85,18.109648,13.638411,4.471237,85,1,0.7114544,0.0,0.0
86,DIAGONAL_GAUSSIAN,6,22001,86,18.848984,17.303324,1.54566,86,1,0.43408775,0.0,0.0
87,DIAGONAL_GAUSSIAN,6,22001,87,11.545832,8.206928,3.3389034,87,1,2.1873474,0.0,0.0
88,DIAGONAL_GAUSSIAN,6,22001,88,15.8091545,8.212764,7.5963907,88,1,-0.73961544,0.0,0.0
89,DIAGONAL_GAUSSIAN,6,22001,89,15.560913,10.05891,5.5020027,89,1,1.4999447,0.0,0.0
90,DIAGONAL_GAUSSIAN,6,22001,90,18.32018,9.877778,8.442403,90,1,-0.18122578,0.0,0.0
91,DIAGONAL_GAUSSIAN,6,22001,91,20.968931,14.289279,6.679652,91,1,2.566555,0.0,0.0
92,DIAGONAL_GAUSSIAN,6,22001,92,20.533607,11.660875,8.872732,92,1,-0.5385189,0.0,0.0
93,DIAGONAL_GAUSSIAN,6,22001,93,10.2668915,7.745162,2.5217295,93,1,1.9773064,0.0,0.0
94,DIAGONAL_GAUSSIAN,6,22001,94,17.854183,15.410744,2.4434395,94,1,-0.08137131,0.0,0.0
95,DIAGONAL_GAUSSIAN,6,22001,95,19.454,13.6220665,5.831934,95,1,2.133891,0.0,0.0
96,DIAGONAL_GAUSSIAN,6,22001,96,19.779753,15.429834,4.3499184,96,1,0.37290573,0.0,0.0
97,DIAGONAL_GAUSSIAN,6,22001,97,13.556906,11.078711,2.4781952,97,1,-0.88876534,0.0,0.0
98,DIAGONAL_GAUSSIAN,6,22001,98,21.570948,8.666577,12.90437,98,1,0.5499487,0.0,0.0
99,DIAGONAL_GAUSSIAN,6,22001,99,10.785809,11.219748,-0.43393898,80,0,1.8611631,1.0,0.0
100,DIAGONAL_GAUSSIAN,6,22001,100,20.396307,14.612755,5.783552,100,1,0.59774494,0.0,0.0
101,DIAGONAL_GAUSSIAN,6,22001,101,18.07891,17.86767,0.21124077,101,1,-0.18527985,0.0,0.0
102,DIAGONAL_GAUSSIAN,6,22001,102,20.469688,13.291593,7.178096,102,1,-0.47621632,0.0,0.0
103,DIAGONAL_GAUSSIAN,6,22001,103,15.285884,9.526604,5.75928,103,1,1.4788628,0.0,0.0
104,DIAGONAL_GAUSSIAN,6,22001,104,13.499505,13.113936,0.38556862,104,1,2.8553085,0.0,0.0
105,DIAGONAL_GAUSSIAN,6,22001,105,20.162506,15.258316,4.90419,105,1,2.2978306,0.0,0.0
106,DIAGONAL_GAUSSIAN,6,22001,106,18.632034,14.695304,3.9367304,106,1,2.2375278,0.0,0.0
107,DIAGONAL_GAUSSIAN,6,22001,107,12.338787,8.654134,3.6846533,107,1,5.177332,0.0,0.0
108,DIAGONAL_GAUSSIAN,6,22001,108,16.120008,16.021667,0.09834099,108,1,-0.21673203,0.0,1.0
109,DIAGONAL_GAUSSIAN,6,22001,109,12.157895,10.13294,2.0249548,109,1,0.8232775,0.0,0.0
110,DIAGONAL_GAUSSIAN,6,22001,110,24.77895,19.55821,5.2207394,110,1,-0.5510044,0.0,0.0
111,DIAGONAL_GAUSSIAN,6,22001,111,15.604272,9.390766,6.2135057,111,1,-0.4886427,0.0,0.0
112,DIAGONAL_GAUSSIAN,6,22001,112,7.4265103,9.896508,-2.469998,126,0,3.670154,1.0,0.0
113,DIAGONAL_GAUSSIAN,6,22001,113,21.680115,14.389175,7.2909393,113,1,-0.48128128,0.0,0.0
114,DIAGONAL_GAUSSIAN,6,22001,114,8.600967,13.229756,-4.628789,110,0,-0.13340664,0.0,0.0
115,DIAGONAL_GAUSSIAN,6,22001,115,14.7100935,14.55272,0.15737343,115,1,2.6302052,0.0,0.0
116,DIAGONAL_GAUSSIAN,6,22001,116,17.847273,10.02508,7.822193,116,1,1.1087141,0.0,0.0
117,DIAGONAL_GAUSSIAN,6,22001,117,19.489561,9.228827,10.260734,117,1,-0.5365,0.0,0.0
118,DIAGONAL_GAUSSIAN,6,22001,118,18.700794,16.533476,2.1673183,118,1,-0.4672432,0.0,0.0
119,DIAGONAL_GAUSSIAN,6,22001,119,16.46145,15.0896,1.371851,119,1,2.0108795,0.0,0.0
120,DIAGONAL_GAUSSIAN,6,22001,120,16.074657,15.179197,0.8954601,120,1,1.291337,0.0,0.0
121,DIAGONAL_GAUSSIAN,6,22001,121,15.019762,13.42992,1.5898418,121,1,1.8946552,0.0,0.0
122,DIAGONAL_GAUSSIAN,6,22001,122,18.740538,13.919732,4.8208055,122,1,0.42992306,0.0,0.0
123,DIAGONAL_GAUSSIAN,6,22001,123,13.742615,12.8397255,0.90288925,123,1,-0.33902836,0.0,0.0
124,DIAGONAL_GAUSSIAN,6,22001,124,15.114364,13.578445,1.5359182,124,1,0.20896912,0.0,0.0
125,DIAGONAL_GAUSSIAN,6,22001,125,20.998627,14.705377,6.29325,125,1,-1.3035307,0.0,0.0
126,DIAGONAL_GAUSSIAN,6,22001,126,8.082725,11.199795,-3.1170702,302,0,0.9401388,0.0,0.0
127,DIAGONAL_GAUSSIAN,6,22001,127,20.998941,19.31816,1.6807823,127,1,-0.25491142,0.0,0.0
128,DIAGONAL_GAUSSIAN,6,22001,128,12.84654,10.810254,2.0362864,128,1,1.1069927,0.0,0.0
129,DIAGONAL_GAUSSIAN,6,22001,129,18.97407,13.426394,5.547675,129,1,1.0105734,0.0,0.0
130,DIAGONAL_GAUSSIAN,6,22001,130,15.290176,10.713328,4.576848,130,1,2.6869755,0.0,0.0
131,DIAGONAL_GAUSSIAN,6,22001,131,12.978798,15.762644,-2.783846,134,0,4.746546,1.0,0.0
132,DIAGONAL_GAUSSIAN,6,22001,132,13.480732,10.055434,3.4252977,132,1,-0.18150711,0.0,0.0
133,DIAGONAL_GAUSSIAN,6,22001,133,17.676699,11.201178,6.475521,133,1,1.4393673,0.0,0.0
134,DIAGONAL_GAUSSIAN,6,22001,134,14.232478,11.251024,2.981454,134,1,-0.07162666,0.0,0.0
135,DIAGONAL_GAUSSIAN,6,22001,135,20.530148,12.612178,7.9179697,135,1,1.5175772,0.0,0.0
136,DIAGONAL_GAUSSIAN,6,22001,136,19.815947,14.636114,5.1798325,136,1,1.237997,0.0,0.0
137,DIAGONAL_GAUSSIAN,6,22001,137,15.614007,10.694998,4.919009,137,1,0.32610512,0.0,0.0
138,DIAGONAL_GAUSSIAN,6,22001,138,12.160571,17.229544,-5.0689726,80,0,3.2440825,0.0,0.0
139,DIAGONAL_GAUSSIAN,6,22001,139,17.776785,11.855984,5.920801,139,1,-0.578784,0.0,0.0
140,DIAGONAL_GAUSSIAN,6,22001,140,21.123936,14.059727,7.064209,140,1,0.62569237,0.0,0.0
141,DIAGONAL_GAUSSIAN,6,22001,141,21.655273,14.394164,7.2611094,141,1,-0.88871574,0.0,0.0
142,DIAGONAL_GAUSSIAN,6,22001,142,24.142548,16.951242,7.191305,142,1,-0.4294243,0.0,0.0
143,DIAGONAL_GAUSSIAN,6,22001,143,20.586826,10.496604,10.090222,143,1,1.0302382,0.0,0.0
144,DIAGONAL_GAUSSIAN,6,22001,144,5.9302955,8.858553,-2.9282575,978,0,3.7236514,1.0,0.0
145,DIAGONAL_GAUSSIAN,6,22001,145,10.096517,8.801811,1.2947054,145,1,2.1002226,0.0,0.0
146,DIAGONAL_GAUSSIAN,6,22001,146,17.202497,10.762224,6.4402733,146,1,3.0292168,0.0,0.0
147,DIAGONAL_GAUSSIAN,6,22001,147,19.608938,15.224883,4.384055,147,1,3.1213026,0.0,0.0
148,DIAGONAL_GAUSSIAN,6,22001,148,17.696201,11.787132,5.909069,148,1,2.1610374,0.0,0.0
149,DIAGONAL_GAUSSIAN,6,22001,149,15.122975,10.83731,4.2856655,149,1,-2.1893797,0.0,0.0
150,DIAGONAL_GAUSSIAN,6,22001,150,17.134693,13.025742,4.1089516,150,1,1.2734957,0.0,0.0
151,DIAGONAL_GAUSSIAN,6,22001,151,7.7857985,10.648721,-2.8629222,162,0,0.39284372,0.0,0.0
152,DIAGONAL_GAUSSIAN,6,22001,152,20.626654,17.118704,3.5079498,152,1,0.9887543,0.0,0.0
153,DIAGONAL_GAUSSIAN,6,22001,153,13.625594,14.357192,-0.7315979,203,0,2.9252043,1.0,0.0
154,DIAGONAL_GAUSSIAN,6,22001,154,17.428469,14.005485,3.4229841,154,1,0.37834167,0.0,0.0
155,DIAGONAL_GAUSSIAN,6,22001,155,15.469871,13.910112,1.5597582,155,1,-0.51329803,0.0,0.0
156,DIAGONAL_GAUSSIAN,6,22001,156,14.493457,10.834989,3.6584682,156,1,0.7072134,0.0,0.0
157,DIAGONAL_GAUSSIAN,6,22001,157,15.0899935,12.53196,2.558034,157,1,0.5219822,0.0,0.0
158,DIAGONAL_GAUSSIAN,6,22001,158,15.243607,16.580137,-1.3365307,237,0,0.55465317,0.0,0.0
159,DIAGONAL_GAUSSIAN,6,22001,159,15.423946,13.181132,2.242814,159,1,1.0295868,0.0,0.0
160,DIAGONAL_GAUSSIAN,6,22001,160,19.915993,12.887593,7.0283995,160,1,-0.092764854,0.0,0.0
161,DIAGONAL_GAUSSIAN,6,22001,161,19.500906,15.412464,4.088442,161,1,0.4209671,0.0,0.0
162,DIAGONAL_GAUSSIAN,6,22001,162,17.091042,13.498026,3.5930157,162,1,0.83567905,0.0,0.0
163,DIAGONAL_GAUSSIAN,6,22001,163,16.011915,15.659731,0.3521843,163,1,-0.37308884,0.0,1.0
164,DIAGONAL_GAUSSIAN,6,22001,164,16.286694,15.873796,0.4128971,164,1,0.6446152,0.0,0.0
165,DIAGONAL_GAUSSIAN,6,22001,165,17.889002,12.544135,5.3448668,165,1,0.094786644,0.0,0.0
166,DIAGONAL_GAUSSIAN,6,22001,166,12.858972,11.897091,0.9618807,166,1,1.1926384,0.0,0.0
167,DIAGONAL_GAUSSIAN,6,22001,167,17.628363,17.980528,-0.35216522,164,0,-1.6901512,0.0,0.0
168,DIAGONAL_GAUSSIAN,6,22001,168,17.909054,16.34243,1.5666237,168,1,-0.12079048,0.0,0.0
169,DIAGONAL_GAUSSIAN,6,22001,169,21.086115,15.067348,6.0187674,169,1,0.8604183,0.0,0.0
170,DIAGONAL_GAUSSIAN,6,22001,170,18.242834,15.232927,3.0099068,170,1,0.4115982,0.0,0.0
171,DIAGONAL_GAUSSIAN,6,22001,171,17.711008,13.975096,3.7359123,171,1,-1.2295971,0.0,0.0
172,DIAGONAL_GAUSSIAN,6,22001,172,21.967176,16.872053,5.0951233,172,1,-0.049308777,0.0,0.0
173,DIAGONAL_GAUSSIAN,6,22001,173,16.246414,11.312363,4.9340515,173,1,1.6561499,0.0,0.0
174,DIAGONAL_GAUSSIAN,6,22001,174,16.482683,14.6877165,1.7949667,174,1,0.6597223,0.0,0.0
175,DIAGONAL_GAUSSIAN,6,22001,175,15.65324,13.09365,2.5595903,175,1,-0.13375187,0.0,0.0
176,DIAGONAL_GAUSSIAN,6,22001,176,15.601799,18.546478,-2.9446793,172,0,0.12480545,0.0,0.0
177,DIAGONAL_GAUSSIAN,6,22001,177,17.149225,14.866791,2.2824345,177,1,-0.06581116,0.0,0.0
178,DIAGONAL_GAUSSIAN,6,22001,178,17.365026,12.838267,4.526759,178,1,0.27572155,0.0,0.0
179,DIAGONAL_GAUSSIAN,6,22001,179,13.892361,14.339723,-0.44736195,180,0,-0.4316492,0.0,0.0
180,DIAGONAL_GAUSSIAN,6,22001,180,13.724928,13.470729,0.25419903,180,1,0.25356293,0.0,0.0
181,DIAGONAL_GAUSSIAN,6,22001,181,16.050564,12.701948,3.3486156,181,1,0.21280384,0.0,0.0
182,DIAGONAL_GAUSSIAN,6,22001,182,13.514688,15.424081,-1.9093933,262,0,0.28912163,0.0,0.0
183,DIAGONAL_GAUSSIAN,6,22001,183,17.999302,14.253792,3.74551,183,1,0.30633068,0.0,0.0
184,DIAGONAL_GAUSSIAN,6,22001,184,15.862892,12.362505,3.5003872,184,1,1.1811771,0.0,0.0
185,DIAGONAL_GAUSSIAN,6,22001,185,19.152462,15.9547615,3.1977005,185,1,0.6873207,0.0,0.0
186,DIAGONAL_GAUSSIAN,6,22001,186,15.681176,15.504558,0.17661858,186,1,-0.017536163,0.0,0.0
187,DIAGONAL_GAUSSIAN,6,22001,187,13.8626,13.85608,0.0065202713,187,1,-0.11900616,0.0,1.0
188,DIAGONAL_GAUSSIAN,6,22001,188,19.218548,13.52488,5.6936674,188,1,1.0239973,0.0,0.0
189,DIAGONAL_GAUSSIAN,6,22001,189,18.640354,14.834834,3.80552,189,1,-0.21561337,0.0,0.0
190,DIAGONAL_GAUSSIAN,6,22001,190,17.108124,15.409497,1.6986265,190,1,0.5297508,0.0,0.0
191,DIAGONAL_GAUSSIAN,6,22001,191,16.154877,16.023544,0.1313324,191,1,0.8173609,0.0,0.0
192,DIAGONAL_GAUSSIAN,6,22001,192,3.471448,9.344712,-5.8732643,240,0,6.0205393,1.0,0.0
193,DIAGONAL_GAUSSIAN,6,22001,193,16.844788,15.611224,1.2335634,193,1,0.5641146,0.0,0.0
194,DIAGONAL_GAUSSIAN,6,22001,194,18.099768,13.03692,5.062848,194,1,2.9935007,0.0,0.0
195,DIAGONAL_GAUSSIAN,6,22001,195,12.594184,10.795133,1.7990513,195,1,0.022999763,0.0,0.0
196,DIAGONAL_GAUSSIAN,6,22001,196,11.851057,19.382452,-7.531395,198,0,1.240303,0.0,0.0
197,DIAGONAL_GAUSSIAN,6,22001,197,12.797948,10.846518,1.9514303,197,1,0.071229935,0.0,0.0
198,DIAGONAL_GAUSSIAN,6,22001,198,19.252459,14.629498,4.622961,198,1,-1.1224899,0.0,0.0
199,DIAGONAL_GAUSSIAN,6,22001,199,14.955543,13.316274,1.6392689,199,1,0.69774246,0.0,0.0
200,DIAGONAL_GAUSSIAN,6,22001,200,15.239045,12.205714,3.033331,200,1,-0.25469494,0.0,0.0
201,DIAGONAL_GAUSSIAN,6,22001,201,17.874058,16.731794,1.1422634,201,1,-0.1873455,0.0,0.0
202,DIAGONAL_GAUSSIAN,6,22001,202,13.786497,13.716147,0.07034969,202,1,0.78065777,0.0,0.0
203,DIAGONAL_GAUSSIAN,6,22001,203,8.740853,8.909023,-0.16816998,222,0,1.4331741,1.0,0.0
204,DIAGONAL_GAUSSIAN,6,22001,204,9.264431,13.9648,-4.700369,187,0,4.14412,0.0,0.0
205,DIAGONAL_GAUSSIAN,6,22001,205,15.572844,12.465581,3.1072626,205,1,0.7563009,0.0,0.0
206,DIAGONAL_GAUSSIAN,6,22001,206,16.844395,13.657177,3.1872177,206,1,-0.31902218,0.0,0.0
207,DIAGONAL_GAUSSIAN,6,22001,207,13.54975,10.197566,3.3521843,207,1,-0.91684437,0.0,0.0
208,DIAGONAL_GAUSSIAN,6,22001,208,8.513846,12.085253,-3.5714064,225,0,0.47860718,0.0,0.0
209,DIAGONAL_GAUSSIAN,6,22001,209,10.475327,10.613457,-0.13813019,227,0,0.5121393,1.0,0.0
210,DIAGONAL_GAUSSIAN,6,22001,210,16.516426,10.713176,5.8032503,210,1,-0.9139967,0.0,0.0
211,DIAGONAL_GAUSSIAN,6,22001,211,18.339159,13.651098,4.6880608,211,1,-1.3509569,0.0,0.0
212,DIAGONAL_GAUSSIAN,6,22001,212,15.524896,12.98068,2.5442152,212,1,0.24836731,0.0,0.0
213,DIAGONAL_GAUSSIAN,6,22001,213,11.464337,17.098755,-5.6344175,218,0,-0.38048363,0.0,0.0
214,DIAGONAL_GAUSSIAN,6,22001,214,18.364428,11.651898,6.712529,214,1,0.54205036,0.0,0.0
215,DIAGONAL_GAUSSIAN,6,22001,215,18.217012,12.735123,5.4818897,215,1,0.11235809,0.0,0.0
216,DIAGONAL_GAUSSIAN,6,22001,216,17.545353,14.124053,3.4213,216,1,-0.0780592,0.0,0.0
217,DIAGONAL_GAUSSIAN,6,22001,217,15.174081,13.207098,1.9669828,217,1,1.4144545,0.0,0.0
218,DIAGONAL_GAUSSIAN,6,22001,218,20.660442,16.316534,4.3439083,218,1,-0.14050674,0.0,0.0
219,DIAGONAL_GAUSSIAN,6,22001,219,13.994399,13.103262,0.8911371,219,1,0.38485909,0.0,0.0
220,DIAGONAL_GAUSSIAN,6,22001,220,18.76266,15.11368,3.6489792,220,1,2.3342896,0.0,0.0
221,DIAGONAL_GAUSSIAN,6,22001,221,15.464334,14.455648,1.0086851,221,1,0.7449322,0.0,0.0
222,DIAGONAL_GAUSSIAN,6,22001,222,17.066172,13.282044,3.7841272,222,1,-2.8411207,0.0,0.0
223,DIAGONAL_GAUSSIAN,6,22001,223,19.103918,11.829814,7.274104,223,1,0.060965538,0.0,0.0
224,DIAGONAL_GAUSSIAN,6,22001,224,16.683235,10.213063,6.470172,224,1,0.52366066,0.0,0.0
225,DIAGONAL_GAUSSIAN,6,22001,225,12.835867,12.78295,0.052916527,225,1,4.225178,0.0,0.0
226,DIAGONAL_GAUSSIAN,6,22001,226,3.6441607,13.512695,-9.868534,205,0,0.3098402,0.0,0.0
227,DIAGONAL_GAUSSIAN,6,22001,227,13.205918,11.72681,1.4791079,227,1,1.7855558,0.0,0.0
228,DIAGONAL_GAUSSIAN,6,22001,228,18.460209,12.258305,6.2019043,228,1,0.8376465,0.0,0.0
229,DIAGONAL_GAUSSIAN,6,22001,229,18.543009,15.030098,3.5129108,229,1,0.76693916,0.0,0.0
230,DIAGONAL_GAUSSIAN,6,22001,230,6.395793,9.570547,-3.1747541,253,0,0.70361567,0.0,0.0
231,DIAGONAL_GAUSSIAN,6,22001,231,15.593509,17.212914,-1.6194048,230,0,-0.72173405,0.0,0.0
232,DIAGONAL_GAUSSIAN,6,22001,232,14.367994,12.425163,1.942831,232,1,-0.75180054,0.0,0.0
233,DIAGONAL_GAUSSIAN,6,22001,233,17.872538,11.531494,6.3410435,233,1,1.1578693,0.0,0.0
234,DIAGONAL_GAUSSIAN,6,22001,234,16.600296,12.261857,4.338439,234,1,0.18405533,0.0,0.0
235,DIAGONAL_GAUSSIAN,6,22001,235,15.187934,16.348684,-1.1607504,225,0,0.026465416,0.0,0.0
236,DIAGONAL_GAUSSIAN,6,22001,236,15.766936,13.927206,1.8397303,236,1,1.4523516,0.0,0.0
237,DIAGONAL_GAUSSIAN,6,22001,237,15.837436,14.087971,1.749465,237,1,-0.4069786,0.0,0.0
238,DIAGONAL_GAUSSIAN,6,22001,238,13.292438,16.684967,-3.3925295,240,0,1.4437075,0.0,0.0
239,DIAGONAL_GAUSSIAN,6,22001,239,14.260997,15.997638,-1.7366409,238,0,0.810709,0.0,0.0
240,DIAGONAL_GAUSSIAN,6,22001,240,17.219927,16.674267,0.54566,240,1,-1.1852245,0.0,1.0
241,DIAGONAL_GAUSSIAN,6,22001,241,9.312388,9.686518,-0.3741293,240,0,1.2602768,1.0,0.0
242,DIAGONAL_GAUSSIAN,6,22001,242,17.665012,14.304834,3.360178,242,1,0.9098768,0.0,0.0
243,DIAGONAL_GAUSSIAN,6,22001,243,17.413496,15.959077,1.4544191,243,1,1.0367899,0.0,0.0
244,DIAGONAL_GAUSSIAN,6,22001,244,20.348972,12.057907,8.291065,244,1,1.0627403,0.0,0.0
245,DIAGONAL_GAUSSIAN,6,22001,245,12.272937,11.586925,0.68601227,245,1,2.2561665,0.0,0.0
246,DIAGONAL_GAUSSIAN,6,22001,246,12.947328,13.268852,-0.32152462,676,0,0.06540108,0.0,0.0
247,DIAGONAL_GAUSSIAN,6,22001,247,18.37181,12.467494,5.904317,247,1,0.34404945,0.0,0.0
248,DIAGONAL_GAUSSIAN,6,22001,248,17.08902,15.121852,1.9671679,248,1,-0.4741516,0.0,0.0
249,DIAGONAL_GAUSSIAN,6,22001,249,16.505186,13.157424,3.347762,249,1,2.0499372,0.0,0.0
250,DIAGONAL_GAUSSIAN,6,22001,250,17.032906,16.725773,0.30713272,250,1,0.037046432,0.0,0.0
251,DIAGONAL_GAUSSIAN,6,22001,251,16.835417,13.044686,3.7907305,251,1,-0.021574974,0.0,0.0
252,DIAGONAL_GAUSSIAN,6,22001,252,18.715641,16.411839,2.3038025,252,1,0.37957,0.0,0.0
253,DIAGONAL_GAUSSIAN,6,22001,253,19.4243,12.658516,6.7657833,253,1,0.06142044,0.0,0.0
254,DIAGONAL_GAUSSIAN,6,22001,254,17.278614,11.119532,6.1590824,254,1,1.0651073,0.0,0.0
255,DIAGONAL_GAUSSIAN,6,22001,255,16.216839,12.297947,3.918892,255,1,0.6161051,0.0,0.0
256,DIAGONAL_GAUSSIAN,6,22001,256,14.511118,15.031445,-0.5203266,224,0,1.5241375,1.0,0.0
257,DIAGONAL_GAUSSIAN,6,22001,257,13.6288395,13.295827,0.33301258,257,1,2.741991,0.0,0.0
258,DIAGONAL_GAUSSIAN,6,22001,258,17.343225,13.334063,4.009163,258,1,0.7247915,0.0,0.0
259,DIAGONAL_GAUSSIAN,6,22001,259,17.598711,12.819173,4.779538,259,1,-0.6827946,0.0,0.0
260,DIAGONAL_GAUSSIAN,6,22001,260,15.026919,12.665698,2.3612213,260,1,1.0406103,0.0,0.0
261,DIAGONAL_GAUSSIAN,6,22001,261,13.69358,12.16427,1.5293093,261,1,2.7829542,0.0,0.0
262,DIAGONAL_GAUSSIAN,6,22001,262,18.622875,13.308345,5.3145304,262,1,1.2693834,0.0,0.0
263,DIAGONAL_GAUSSIAN,6,22001,263,15.667689,15.172119,0.49557018,263,1,-0.79700184,0.0,1.0
264,DIAGONAL_GAUSSIAN,6,22001,264,14.327921,11.848573,2.4793482,264,1,0.42563438,0.0,0.0
265,DIAGONAL_GAUSSIAN,6,22001,265,-0.75678957,8.038739,-8.795528,678,0,0.3025427,0.0,0.0
266,DIAGONAL_GAUSSIAN,6,22001,266,16.033016,15.658711,0.37430477,266,1,0.5212612,0.0,0.0
267,DIAGONAL_GAUSSIAN,6,22001,267,16.1953,12.620607,3.5746918,267,1,0.63358307,0.0,0.0
268,DIAGONAL_GAUSSIAN,6,22001,268,13.52174,9.782086,3.7396536,268,1,-0.8279381,0.0,0.0
269,DIAGONAL_GAUSSIAN,6,22001,269,19.996244,16.976406,3.0198383,269,1,0.14896965,0.0,0.0
270,DIAGONAL_GAUSSIAN,6,22001,270,21.342417,16.802916,4.539501,270,1,-0.8212719,0.0,0.0
271,DIAGONAL_GAUSSIAN,6,22001,271,14.963832,18.773502,-3.8096704,274,0,-1.2994308,0.0,0.0
272,DIAGONAL_GAUSSIAN,6,22001,272,14.192205,13.901003,0.29120255,272,1,0.16324806,0.0,0.0
273,DIAGONAL_GAUSSIAN,6,22001,273,13.280155,14.6402645,-1.3601093,271,0,1.5262642,1.0,0.0
274,DIAGONAL_GAUSSIAN,6,22001,274,20.843933,15.472677,5.371256,274,1,0.8093939,0.0,0.0
275,DIAGONAL_GAUSSIAN,6,22001,275,16.309553,10.526662,5.7828913,275,1,-0.33441067,0.0,0.0
276,DIAGONAL_GAUSSIAN,6,22001,276,17.793736,14.417203,3.3765326,276,1,1.853322,0.0,0.0
277,DIAGONAL_GAUSSIAN,6,22001,277,17.02275,19.091038,-2.068287,280,0,-0.079366684,0.0,0.0
278,DIAGONAL_GAUSSIAN,6,22001,278,16.271103,17.00759,-0.73648643,279,0,0.0018920898,0.0,0.0
279,DIAGONAL_GAUSSIAN,6,22001,279,21.615301,15.079599,6.5357018,279,1,0.99785995,0.0,0.0
280,DIAGONAL_GAUSSIAN,6,22001,280,19.81652,14.917911,4.89861,280,1,0.4147911,0.0,0.0
281,DIAGONAL_GAUSSIAN,6,22001,281,12.416358,10.643098,1.7732601,281,1,-0.5647745,0.0,0.0
282,DIAGONAL_GAUSSIAN,6,22001,282,11.555515,12.680928,-1.125413,281,0,-0.10678196,0.0,0.0
283,DIAGONAL_GAUSSIAN,6,22001,283,18.242191,10.606343,7.635848,283,1,0.25970364,0.0,0.0
284,DIAGONAL_GAUSSIAN,6,22001,284,15.028925,9.792292,5.2366333,284,1,1.0486679,0.0,0.0
285,DIAGONAL_GAUSSIAN,6,22001,285,12.796176,12.406787,0.38938904,285,1,-0.14334679,0.0,0.0
286,DIAGONAL_GAUSSIAN,6,22001,286,19.824036,11.936892,7.887144,286,1,0.7121391,0.0,0.0
287,DIAGONAL_GAUSSIAN,6,22001,287,21.099539,11.645793,9.453746,287,1,0.176198,0.0,0.0
288,DIAGONAL_GAUSSIAN,6,22001,288,20.377687,19.18111,1.1965771,288,1,0.91469574,0.0,0.0
289,DIAGONAL_GAUSSIAN,6,22001,289,16.837214,14.647836,2.1893778,289,1,1.0597267,0.0,0.0
290,DIAGONAL_GAUSSIAN,6,22001,290,18.609922,16.499573,2.1103497,290,1,-0.54374695,0.0,0.0
291,DIAGONAL_GAUSSIAN,6,22001,291,13.541223,12.083151,1.4580717,291,1,-0.20118713,0.0,0.0
292,DIAGONAL_GAUSSIAN,6,22001,292,18.412127,15.66799,2.7441368,292,1,-0.5380459,0.0,0.0
293,DIAGONAL_GAUSSIAN,6,22001,293,22.190437,14.752696,7.4377413,293,1,0.31314182,0.0,0.0
294,DIAGONAL_GAUSSIAN,6,22001,294,19.316635,14.453316,4.8633194,294,1,0.8525486,0.0,0.0
295,DIAGONAL_GAUSSIAN,6,22001,295,16.220053,18.264647,-2.0445938,297,0,2.0545216,1.0,0.0
296,DIAGONAL_GAUSSIAN,6,22001,296,16.400513,10.050092,6.350421,296,1,0.018321991,0.0,0.0
297,DIAGONAL_GAUSSIAN,6,22001,297,22.396349,14.9777775,7.4185715,297,1,1.7428064,0.0,0.0
298,DIAGONAL_GAUSSIAN,6,22001,298,15.185793,13.574727,1.6110659,298,1,1.3543663,0.0,0.0
299,DIAGONAL_GAUSSIAN,6,22001,299,20.234106,15.9116955,4.3224106,299,1,-0.4565754,0.0,0.0
300,DIAGONAL_GAUSSIAN,6,22001,300,20.706272,14.66839,6.037882,300,1,0.1307478,0.0,0.0
301,DIAGONAL_GAUSSIAN,6,22001,301,16.518963,11.363669,5.1552935,301,1,-0.06103325,0.0,0.0
302,DIAGONAL_GAUSSIAN,6,22001,302,13.163994,13.721835,-0.5578413,306,0,-1.211072,0.0,0.0
303,DIAGONAL_GAUSSIAN,6,22001,303,10.485185,12.16938,-1.6841955,314,0,4.3714094,1.0,0.0
304,DIAGONAL_GAUSSIAN,6,22001,304,14.741239,12.923963,1.817276,304,1,2.7381554,0.0,0.0
305,DIAGONAL_GAUSSIAN,6,22001,305,14.567151,10.744371,3.8227797,305,1,1.6030989,0.0,0.0
306,DIAGONAL_GAUSSIAN,6,22001,306,16.930803,8.77228,8.158524,306,1,-0.0537405,0.0,0.0
307,DIAGONAL_GAUSSIAN,6,22001,307,18.22327,12.642181,5.581089,307,1,2.9463549,0.0,0.0
308,DIAGONAL_GAUSSIAN,6,22001,308,15.329972,14.334349,0.9956236,308,1,-0.052329063,0.0,0.0
309,DIAGONAL_GAUSSIAN,6,22001,309,14.038248,11.606361,2.4318867,309,1,1.3516817,0.0,0.0
310,DIAGONAL_GAUSSIAN,6,22001,310,11.460088,12.971901,-1.5118132,309,0,2.0636024,1.0,0.0
311,DIAGONAL_GAUSSIAN,6,22001,311,20.663757,18.146248,2.5175095,311,1,-0.12880516,0.0,0.0
312,DIAGONAL_GAUSSIAN,6,22001,312,11.317766,9.189844,2.127922,312,1,-1.7508678,0.0,0.0
313,DIAGONAL_GAUSSIAN,6,22001,313,17.279417,11.464229,5.8151884,313,1,-0.77148724,0.0,0.0
314,DIAGONAL_GAUSSIAN,6,22001,314,13.038769,11.3978,1.6409683,314,1,1.9587402,0.0,0.0
315,DIAGONAL_GAUSSIAN,6,22001,315,16.88675,13.267282,3.6194677,315,1,-0.084186554,0.0,0.0
316,DIAGONAL_GAUSSIAN,6,22001,316,17.428457,10.516939,6.911518,316,1,0.03632927,0.0,0.0
317,DIAGONAL_GAUSSIAN,6,22001,317,9.29515,17.992891,-8.6977415,318,0,-0.8453474,0.0,0.0
318,DIAGONAL_GAUSSIAN,6,22001,318,19.912645,11.610257,8.302388,318,1,2.965127,0.0,0.0
319,DIAGONAL_GAUSSIAN,6,22001,319,18.255573,14.99561,3.259963,319,1,-0.6229582,0.0,0.0
320,DIAGONAL_GAUSSIAN,6,22001,320,19.039381,18.646313,0.3930683,320,1,1.7625217,0.0,0.0
321,DIAGONAL_GAUSSIAN,6,22001,321,16.614845,10.926472,5.6883736,321,1,1.2945461,0.0,0.0
322,DIAGONAL_GAUSSIAN,6,22001,322,17.277277,12.44128,4.8359966,322,1,0.71324444,0.0,0.0
323,DIAGONAL_GAUSSIAN,6,22001,323,16.515457,11.421989,5.0934677,323,1,0.7481365,0.0,0.0
324,DIAGONAL_GAUSSIAN,6,22001,324,18.425077,15.342971,3.0821066,324,1,3.0078363,0.0,0.0
325,DIAGONAL_GAUSSIAN,6,22001,325,21.400002,13.388569,8.011433,325,1,-0.48827553,0.0,0.0
326,DIAGONAL_GAUSSIAN,6,22001,326,17.713741,15.34558,2.3681612,326,1,1.0755835,0.0,0.0
327,DIAGONAL_GAUSSIAN,6,22001,327,17.433275,10.805543,6.6277323,327,1,0.6668024,0.0,0.0
328,DIAGONAL_GAUSSIAN,6,22001,328,12.706429,8.125356,4.581073,328,1,0.37810612,0.0,0.0
329,DIAGONAL_GAUSSIAN,6,22001,329,16.400124,8.697966,7.702158,329,1,-1.177351,0.0,0.0
330,DIAGONAL_GAUSSIAN,6,22001,330,19.148294,18.474566,0.67372894,330,1,1.5274048,0.0,0.0
331,DIAGONAL_GAUSSIAN,6,22001,331,22.595818,16.892,5.7038174,331,1,-0.88157654,0.0,0.0
332,DIAGONAL_GAUSSIAN,6,22001,332,17.01747,11.49647,5.520999,332,1,0.39541245,0.0,0.0
333,DIAGONAL_GAUSSIAN,6,22001,333,15.578199,10.939997,4.6382027,333,1,0.18521595,0.0,0.0
334,DIAGONAL_GAUSSIAN,6,22001,334,15.176231,20.307236,-5.1310043,102,0,0.2192707,0.0,0.0
335,DIAGONAL_GAUSSIAN,6,22001,335,16.39521,10.308689,6.086521,335,1,-1.5006285,0.0,0.0
336,DIAGONAL_GAUSSIAN,6,22001,336,7.2541203,12.970399,-5.7162786,80,0,6.34197,1.0,0.0
337,DIAGONAL_GAUSSIAN,6,22001,337,11.2814865,16.756897,-5.4754105,334,0,0.13715458,0.0,0.0
338,DIAGONAL_GAUSSIAN,6,22001,338,8.264112,10.595121,-2.331009,268,0,1.2334242,0.0,0.0
339,DIAGONAL_GAUSSIAN,6,22001,339,15.396046,10.427934,4.968112,339,1,0.8798504,0.0,0.0
340,DIAGONAL_GAUSSIAN,6,22001,340,17.548973,10.2705765,7.2783966,340,1,0.7507067,0.0,0.0
341,DIAGONAL_GAUSSIAN,6,22001,341,8.021509,13.210451,-5.188942,201,0,1.6078253,0.0,0.0
342,DIAGONAL_GAUSSIAN,6,22001,342,18.51916,17.78775,0.7314091,342,1,0.48475647,0.0,0.0
343,DIAGONAL_GAUSSIAN,6,22001,343,16.543934,16.082912,0.46102142,343,1,1.7555504,0.0,0.0
344,DIAGONAL_GAUSSIAN,6,22001,344,15.5418005,9.440651,6.1011496,344,1,0.602725,0.0,0.0
345,DIAGONAL_GAUSSIAN,6,22001,345,18.657997,20.315332,-1.6573353,690,0,-0.83496094,0.0,0.0
346,DIAGONAL_GAUSSIAN,6,22001,346,15.385364,12.71044,2.674924,346,1,2.6819715,0.0,0.0
347,DIAGONAL_GAUSSIAN,6,22001,347,17.671545,15.875316,1.7962294,347,1,-0.19736385,0.0,0.0
348,DIAGONAL_GAUSSIAN,6,22001,348,8.582583,11.342799,-2.7602158,825,0,0.7267256,0.0,0.0
349,DIAGONAL_GAUSSIAN,6,22001,349,18.968191,16.273922,2.6942692,349,1,-1.257618,0.0,0.0
350,DIAGONAL_GAUSSIAN,6,22001,350,15.020681,11.759318,3.261363,350,1,0.6808672,0.0,0.0
351,DIAGONAL_GAUSSIAN,6,22001,351,18.747107,15.346887,3.40022,351,1,1.8776035,0.0,0.0
352,DIAGONAL_GAUSSIAN,6,22001,352,21.707392,18.36324,3.3441525,352,1,-0.6224556,0.0,0.0
353,DIAGONAL_GAUSSIAN,6,22001,353,13.655384,13.64991,0.0054740906,353,1,0.45668888,0.0,0.0
354,DIAGONAL_GAUSSIAN,6,22001,354,18.046545,10.227557,7.818988,354,1,1.1237507,0.0,0.0
355,DIAGONAL_GAUSSIAN,6,22001,355,18.308056,14.119307,4.1887493,355,1,2.4615717,0.0,0.0
356,DIAGONAL_GAUSSIAN,6,22001,356,17.700066,16.628874,1.0711918,356,1,0.4601097,0.0,0.0
357,DIAGONAL_GAUSSIAN,6,22001,357,7.16256,10.142204,-2.9796443,208,0,1.9351048,0.0,0.0
358,DIAGONAL_GAUSSIAN,6,22001,358,10.34217,14.840497,-4.4983273,356,0,-0.2711382,0.0,0.0
359,DIAGONAL_GAUSSIAN,6,22001,359,12.952607,13.964493,-1.0118856,358,0,0.4231434,0.0,0.0
360,DIAGONAL_GAUSSIAN,6,22001,360,11.675488,11.930042,-0.2545538,150,0,1.9465475,1.0,0.0
361,DIAGONAL_GAUSSIAN,6,22001,361,8.159871,9.93234,-1.7724686,589,0,3.8699694,1.0,0.0
362,DIAGONAL_GAUSSIAN,6,22001,362,19.326113,15.994166,3.3319464,362,1,0.23814678,0.0,0.0
363,DIAGONAL_GAUSSIAN,6,22001,363,19.264011,9.149626,10.114386,363,1,0.85472393,0.0,0.0
364,DIAGONAL_GAUSSIAN,6,22001,364,19.726828,12.146633,7.5801945,364,1,3.973958,0.0,0.0
365,DIAGONAL_GAUSSIAN,6,22001,365,15.301692,11.113184,4.188508,365,1,-0.4910717,0.0,0.0
366,DIAGONAL_GAUSSIAN,6,22001,366,21.971863,17.025038,4.946825,366,1,-0.15460968,0.0,0.0
367,DIAGONAL_GAUSSIAN,6,22001,367,15.034084,13.674187,1.3598976,367,1,-0.7240095,0.0,0.0
368,DIAGONAL_GAUSSIAN,6,22001,368,22.1398,18.169361,3.970438,368,1,0.75502396,0.0,0.0
369,DIAGONAL_GAUSSIAN,6,22001,369,20.91139,16.335136,4.576254,369,1,-0.92508507,0.0,0.0
370,DIAGONAL_GAUSSIAN,6,22001,370,17.801418,15.74567,2.055748,370,1,0.84949493,0.0,0.0
371,DIAGONAL_GAUSSIAN,6,22001,371,17.172361,21.607702,-4.435341,370,0,-0.40944672,0.0,0.0
372,DIAGONAL_GAUSSIAN,6,22001,372,15.655334,13.457977,2.1973572,372,1,-1.8040867,0.0,0.0
373,DIAGONAL_GAUSSIAN,6,22001,373,19.38587,17.262293,2.123577,373,1,0.76010704,0.0,0.0
374,DIAGONAL_GAUSSIAN,6,22001,374,19.301067,15.539609,3.7614584,374,1,-0.5600157,0.0,0.0
375,DIAGONAL_GAUSSIAN,6,22001,375,21.17791,16.119415,5.0584946,375,1,-0.029203415,0.0,0.0
376,DIAGONAL_GAUSSIAN,6,22001,376,20.459366,16.971283,3.488083,376,1,1.4425392,0.0,0.0
377,DIAGONAL_GAUSSIAN,6,22001,377,15.416235,15.18304,0.2331953,377,1,1.0924034,0.0,0.0
378,DIAGONAL_GAUSSIAN,6,22001,378,20.778395,17.192514,3.5858803,378,1,-0.31831932,0.0,0.0
379,DIAGONAL_GAUSSIAN,6,22001,379,20.36374,19.228914,1.1348267,379,1,0.9804325,0.0,0.0
380,DIAGONAL_GAUSSIAN,6,22001,380,19.258839,14.910636,4.3482027,380,1,-1.0265951,0.0,0.0
381,DIAGONAL_GAUSSIAN,6,22001,381,20.065382,19.695593,0.36978912,381,1,0.4891281,0.0,0.0
382,DIAGONAL_GAUSSIAN,6,22001,382,13.615938,14.1338,-0.51786137,380,0,-0.047718048,0.0,0.0
383,DIAGONAL_GAUSSIAN,6,22001,383,18.866253,16.432985,2.4332676,383,1,-0.31872368,0.0,0.0
384,DIAGONAL_GAUSSIAN,6,22001,384,20.47614,14.956508,5.5196314,384,1,0.9102659,0.0,0.0
385,DIAGONAL_GAUSSIAN,6,22001,385,16.223322,14.660408,1.5629139,385,1,-0.6691494,0.0,0.0
386,DIAGONAL_GAUSSIAN,6,22001,386,21.322674,21.303652,0.019021988,386,1,-0.31785393,0.0,1.0
387,DIAGONAL_GAUSSIAN,6,22001,387,23.190569,13.46973,9.720839,387,1,0.5245886,0.0,0.0
388,DIAGONAL_GAUSSIAN,6,22001,388,18.001656,13.983967,4.0176888,388,1,-0.26774597,0.0,0.0
389,DIAGONAL_GAUSSIAN,6,22001,389,17.156902,14.593313,2.563589,389,1,-0.6086569,0.0,0.0
390,DIAGONAL_GAUSSIAN,6,22001,390,20.227762,12.944331,7.283431,390,1,3.02948,0.0,0.0
391,DIAGONAL_GAUSSIAN,6,22001,391,16.399282,13.429529,2.9697533,391,1,-0.046801567,0.0,0.0
392,DIAGONAL_GAUSSIAN,6,22001,392,20.392744,11.098355,9.294389,392,1,0.3774042,0.0,0.0
393,DIAGONAL_GAUSSIAN,6,22001,393,17.689878,15.288021,2.4018574,393,1,0.46216583,0.0,0.0
394,DIAGONAL_GAUSSIAN,6,22001,394,7.483541,9.039125,-1.5555844,103,0,3.7775865,1.0,0.0
395,DIAGONAL_GAUSSIAN,6,22001,395,16.510544,13.534778,2.9757662,395,1,-0.3671131,0.0,0.0
396,DIAGONAL_GAUSSIAN,6,22001,396,18.743624,11.399918,7.343706,396,1,0.5231371,0.0,0.0
397,DIAGONAL_GAUSSIAN,6,22001,397,5.0740633,19.389236,-14.315173,396,0,-0.39402008,0.0,0.0
398,DIAGONAL_GAUSSIAN,6,22001,398,21.986448,12.556728,9.42972,398,1,-0.42697334,0.0,0.0
399,DIAGONAL_GAUSSIAN,6,22001,399,20.410978,12.515419,7.8955593,399,1,-2.1474962,0.0,0.0
400,DIAGONAL_GAUSSIAN,6,22001,400,19.042185,16.971426,2.0707588,400,1,-0.7285366,0.0,0.0
401,DIAGONAL_GAUSSIAN,6,22001,401,16.341253,12.064262,4.276991,401,1,2.4320784,0.0,0.0
402,DIAGONAL_GAUSSIAN,6,22001,402,16.137661,14.574467,1.5631943,402,1,1.2091646,0.0,0.0
403,DIAGONAL_GAUSSIAN,6,22001,403,14.983609,14.790776,0.19283295,403,1,1.0385723,0.0,0.0
404,DIAGONAL_GAUSSIAN,6,22001,404,17.146025,12.995326,4.1506987,404,1,0.9875746,0.0,0.0
405,DIAGONAL_GAUSSIAN,6,22001,405,18.56224,14.778317,3.7839231,405,1,5.099262,0.0,0.0
406,DIAGONAL_GAUSSIAN,6,22001,406,13.25337,15.8840475,-2.6306772,497,0,1.214572,0.0,0.0
407,DIAGONAL_GAUSSIAN,6,22001,407,16.16245,13.835501,2.32695,407,1,-0.67507935,0.0,0.0
408,DIAGONAL_GAUSSIAN,6,22001,408,13.235999,15.859932,-2.6239328,847,0,-1.5967817,0.0,0.0
409,DIAGONAL_GAUSSIAN,6,22001,409,12.102551,14.521945,-2.4193935,437,0,4.3685102,1.0,0.0
410,DIAGONAL_GAUSSIAN,6,22001,410,17.566336,16.746626,0.8197098,410,1,1.6460667,0.0,0.0
411,DIAGONAL_GAUSSIAN,6,22001,411,15.990543,13.491228,2.4993153,411,1,1.4847851,0.0,0.0
412,DIAGONAL_GAUSSIAN,6,22001,412,12.785482,10.83906,1.9464226,412,1,0.7750435,0.0,0.0
413,DIAGONAL_GAUSSIAN,6,22001,413,16.604332,16.040228,0.5641041,413,1,-0.42337608,0.0,0.0
414,DIAGONAL_GAUSSIAN,6,22001,414,17.511555,12.382533,5.1290216,414,1,0.20888901,0.0,0.0
415,DIAGONAL_GAUSSIAN,6,22001,415,6.1886845,8.948066,-2.7593813,860,0,-0.46313667,0.0,0.0
416,DIAGONAL_GAUSSIAN,6,22001,416,16.049456,13.119411,2.9300442,416,1,0.8948574,0.0,0.0
417,DIAGONAL_GAUSSIAN,6,22001,417,11.815293,14.563369,-2.7480755,794,0,0.895236,0.0,0.0
418,DIAGONAL_GAUSSIAN,6,22001,418,14.572775,12.066512,2.5062628,418,1,2.040266,0.0,0.0
419,DIAGONAL_GAUSSIAN,6,22001,419,16.025282,10.628488,5.3967943,419,1,2.0663404,0.0,0.0
420,DIAGONAL_GAUSSIAN,6,22001,420,18.649658,13.193269,5.4563894,420,1,0.0779953,0.0,0.0
421,DIAGONAL_GAUSSIAN,6,22001,421,10.481597,11.450838,-0.96924114,466,0,3.1888475,1.0,0.0
422,DIAGONAL_GAUSSIAN,6,22001,422,16.858076,14.381332,2.4767437,422,1,1.3499222,0.0,0.0
423,DIAGONAL_GAUSSIAN,6,22001,423,9.817487,8.413181,1.4043055,423,1,-0.39173222,0.0,0.0
424,DIAGONAL_GAUSSIAN,6,22001,424,8.480932,9.108782,-0.6278496,919,0,0.48827553,0.0,0.0
425,DIAGONAL_GAUSSIAN,6,22001,425,20.347752,12.595754,7.751998,425,1,1.2462397,0.0,0.0
426,DIAGONAL_GAUSSIAN,6,22001,426,18.901218,15.902887,2.998331,426,1,1.6545067,0.0,0.0
427,DIAGONAL_GAUSSIAN,6,22001,427,14.388343,12.914989,1.4733534,427,1,0.4810009,0.0,0.0
428,DIAGONAL_GAUSSIAN,6,22001,428,16.839523,10.343901,6.4956226,428,1,0.7821512,0.0,0.0
429,DIAGONAL_GAUSSIAN,6,22001,429,22.284714,13.90385,8.380864,429,1,1.6510172,0.0,0.0
430,DIAGONAL_GAUSSIAN,6,22001,430,18.402308,13.429893,4.972415,430,1,-0.113474846,0.0,0.0
431,DIAGONAL_GAUSSIAN,6,22001,431,16.735325,16.675947,0.05937767,431,1,1.8188915,0.0,0.0
432,DIAGONAL_GAUSSIAN,6,22001,432,14.187401,18.378822,-4.1914215,776,0,4.140978,0.0,0.0
433,DIAGONAL_GAUSSIAN,6,22001,433,9.501141,10.350245,-0.8491049,842,0,1.2964268,1.0,0.0
434,DIAGONAL_GAUSSIAN,6,22001,434,6.185207,11.321051,-5.1358438,808,0,-0.85448647,0.0,0.0
435,DIAGONAL_GAUSSIAN,6,22001,435,14.453155,13.700367,0.7527876,435,1,-0.09232998,0.0,0.0
436,DIAGONAL_GAUSSIAN,6,22001,436,11.893123,10.584207,1.3089161,436,1,1.5916681,0.0,0.0
437,DIAGONAL_GAUSSIAN,6,22001,437,13.184453,13.272884,-0.08843136,460,0,-0.34966183,0.0,0.0
438,DIAGONAL_GAUSSIAN,6,22001,438,11.436151,10.538985,0.8971653,438,1,-1.0883131,0.0,1.0
439,DIAGONAL_GAUSSIAN,6,22001,439,21.515615,13.521327,7.9942884,439,1,-0.19978333,0.0,0.0
440,DIAGONAL_GAUSSIAN,6,22001,440,14.282403,12.843237,1.4391661,440,1,0.30958366,0.0,0.0
441,DIAGONAL_GAUSSIAN,6,22001,441,17.686615,11.988844,5.697771,441,1,0.006465912,0.0,0.0
442,DIAGONAL_GAUSSIAN,6,22001,442,11.991442,10.653241,1.3382006,442,1,1.4649458,0.0,0.0
443,DIAGONAL_GAUSSIAN,6,22001,443,18.438795,10.012459,8.426336,443,1,0.9982109,0.0,0.0
444,DIAGONAL_GAUSSIAN,6,22001,444,8.802285,12.175365,-3.3730803,870,0,0.04351902,0.0,0.0
445,DIAGONAL_GAUSSIAN,6,22001,445,13.29412,13.062839,0.23128128,445,1,1.5905514,0.0,0.0
446,DIAGONAL_GAUSSIAN,6,22001,446,12.49813,12.736488,-0.2383585,771,0,2.0712814,1.0,0.0
447,DIAGONAL_GAUSSIAN,6,22001,447,8.361598,7.4347353,0.9268627,447,1,-0.7104893,0.0,0.0
448,DIAGONAL_GAUSSIAN,6,22001,448,10.08957,8.853763,1.2358074,448,1,0.50385284,0.0,0.0
449,DIAGONAL_GAUSSIAN,6,22001,449,15.032784,11.901474,3.1313105,449,1,1.3220358,0.0,0.0
450,DIAGONAL_GAUSSIAN,6,22001,450,17.927206,12.683104,5.2441025,450,1,1.8629942,0.0,0.0
451,DIAGONAL_GAUSSIAN,6,22001,451,12.867042,8.646188,4.220854,451,1,1.4234715,0.0,0.0
452,DIAGONAL_GAUSSIAN,6,22001,452,11.677991,10.048637,1.6293535,452,1,1.027916,0.0,0.0
453,DIAGONAL_GAUSSIAN,6,22001,453,16.72654,13.085628,3.640912,453,1,-0.13925743,0.0,0.0
454,DIAGONAL_GAUSSIAN,6,22001,454,4.662158,11.979589,-7.3174314,498,0,0.5377593,0.0,0.0
455,DIAGONAL_GAUSSIAN,6,22001,455,20.352926,10.683514,9.669413,455,1,0.6780691,0.0,0.0
456,DIAGONAL_GAUSSIAN,6,22001,456,20.415337,9.104168,11.311169,456,1,2.5559769,0.0,0.0
457,DIAGONAL_GAUSSIAN,6,22001,457,20.241924,14.525524,5.7164,457,1,-0.48089886,0.0,0.0
458,DIAGONAL_GAUSSIAN,6,22001,458,12.695729,11.158468,1.537261,458,1,2.9868288,0.0,0.0
459,DIAGONAL_GAUSSIAN,6,22001,459,7.0867257,8.943941,-1.8572154,499,0,-0.6668072,0.0,0.0
460,DIAGONAL_GAUSSIAN,6,22001,460,13.294376,10.929041,2.3653355,460,1,0.13415623,0.0,0.0
461,DIAGONAL_GAUSSIAN,6,22001,461,10.573892,13.842465,-3.2685738,917,0,0.6042757,0.0,0.0
462,DIAGONAL_GAUSSIAN,6,22001,462,16.481007,14.537839,1.9431677,462,1,-1.4578228,0.0,0.0
463,DIAGONAL_GAUSSIAN,6,22001,463,6.007584,12.0810795,-6.0734954,435,0,-0.05445671,0.0,0.0
464,DIAGONAL_GAUSSIAN,6,22001,464,4.48107,7.012789,-2.5317187,424,0,0.60478735,0.0,0.0
465,DIAGONAL_GAUSSIAN,6,22001,465,8.174916,9.121976,-0.94705963,609,0,3.5684366,1.0,0.0
466,DIAGONAL_GAUSSIAN,6,22001,466,10.28962,10.498096,-0.20847607,705,0,-0.695591,0.0,0.0
467,DIAGONAL_GAUSSIAN,6,22001,467,16.955963,13.091363,3.8646002,467,1,0.78512955,0.0,0.0
468,DIAGONAL_GAUSSIAN,6,22001,468,6.523109,10.334162,-3.8110528,654,0,-0.6598258,0.0,0.0
469,DIAGONAL_GAUSSIAN,6,22001,469,17.354252,13.028608,4.3256435,469,1,0.31763363,0.0,0.0
470,DIAGONAL_GAUSSIAN,6,22001,470,9.553747,10.331687,-0.7779398,884,0,1.185626,1.0,0.0
471,DIAGONAL_GAUSSIAN,6,22001,471,9.839044,12.293506,-2.454462,856,0,0.058078766,0.0,0.0
472,DIAGONAL_GAUSSIAN,6,22001,472,17.793116,13.629265,4.163851,472,1,0.8287029,0.0,0.0
473,DIAGONAL_GAUSSIAN,6,22001,473,12.951164,10.329342,2.6218224,473,1,2.9982271,0.0,0.0
474,DIAGONAL_GAUSSIAN,6,22001,474,17.034548,11.485793,5.5487547,474,1,-0.45824146,0.0,0.0
475,DIAGONAL_GAUSSIAN,6,22001,475,15.336783,9.001105,6.335678,475,1,0.7462549,0.0,0.0
476,DIAGONAL_GAUSSIAN,6,22001,476,19.941978,9.955223,9.986755,476,1,-0.9335079,0.0,0.0
477,DIAGONAL_GAUSSIAN,6,22001,477,12.5728445,13.007662,-0.4348173,777,0,1.3351784,1.0,0.0
478,DIAGONAL_GAUSSIAN,6,22001,478,7.642353,9.970549,-2.3281956,792,0,-0.8149419,0.0,0.0
479,DIAGONAL_GAUSSIAN,6,22001,479,14.54356,13.062143,1.4814167,479,1,-2.4702415,0.0,1.0
480,DIAGONAL_GAUSSIAN,6,22001,480,13.690828,9.4979725,4.192856,480,1,0.5062094,0.0,0.0
481,DIAGONAL_GAUSSIAN,6,22001,481,15.057243,16.955175,-1.897932,482,0,0.4427414,0.0,0.0
482,DIAGONAL_GAUSSIAN,6,22001,482,12.779966,14.149679,-1.3697128,848,0,-0.6855917,0.0,0.0
483,DIAGONAL_GAUSSIAN,6,22001,483,13.922999,11.275751,2.6472483,483,1,1.2605543,0.0,0.0
484,DIAGONAL_GAUSSIAN,6,22001,484,17.242907,18.852158,-1.609251,871,0,1.542387,0.0,0.0
485,DIAGONAL_GAUSSIAN,6,22001,485,5.4126763,7.8229246,-2.4102483,606,0,3.2766242,1.0,0.0
486,DIAGONAL_GAUSSIAN,6,22001,486,16.504866,15.574851,0.9300146,486,1,0.7351217,0.0,0.0
487,DIAGONAL_GAUSSIAN,6,22001,487,15.466269,13.261976,2.2042923,487,1,-0.26944256,0.0,0.0
488,DIAGONAL_GAUSSIAN,6,22001,488,10.998131,8.711821,2.2863102,488,1,-1.1858435,0.0,0.0
489,DIAGONAL_GAUSSIAN,6,22001,489,10.54935,8.455927,2.093423,489,1,-0.8088455,0.0,0.0
490,DIAGONAL_GAUSSIAN,6,22001,490,6.537911,12.724835,-6.1869245,327,0,-2.7047706,0.0,0.0
491,DIAGONAL_GAUSSIAN,6,22001,491,14.0584135,9.832269,4.226145,491,1,0.7720499,0.0,0.0
492,DIAGONAL_GAUSSIAN,6,22001,492,8.738207,7.95847,0.779737,492,1,1.4273677,0.0,0.0
493,DIAGONAL_GAUSSIAN,6,22001,493,7.893061,9.719055,-1.825994,553,0,1.4467063,0.0,0.0
494,DIAGONAL_GAUSSIAN,6,22001,494,17.793262,13.477238,4.316025,494,1,-1.1923714,0.0,0.0
495,DIAGONAL_GAUSSIAN,6,22001,495,8.580446,12.507611,-3.927165,894,0,2.088603,0.0,0.0
496,DIAGONAL_GAUSSIAN,6,22001,496,15.0470915,9.481074,5.566017,496,1,2.0267754,0.0,0.0
497,DIAGONAL_GAUSSIAN,6,22001,497,13.057557,13.093456,-0.035899162,406,0,0.39207363,1.0,0.0
498,DIAGONAL_GAUSSIAN,6,22001,498,14.122031,11.70062,2.4214115,498,1,2.0312386,0.0,0.0
499,DIAGONAL_GAUSSIAN,6,22001,499,8.757315,10.278523,-1.5212088,674,0,-0.7139869,0.0,0.0
500,DIAGONAL_GAUSSIAN,6,22001,500,17.954744,12.879871,5.074873,500,1,-0.27662182,0.0,0.0
501,DIAGONAL_GAUSSIAN,6,22001,501,12.406701,10.916852,1.4898491,501,1,0.17148018,0.0,0.0
502,DIAGONAL_GAUSSIAN,6,22001,502,16.974504,16.931665,0.04283905,502,1,0.14326859,0.0,0.0
503,DIAGONAL_GAUSSIAN,6,22001,503,13.705806,10.448722,3.257084,503,1,1.7980089,0.0,0.0
504,DIAGONAL_GAUSSIAN,6,22001,504,14.890461,12.352658,2.5378027,504,1,0.53701496,0.0,0.0
505,DIAGONAL_GAUSSIAN,6,22001,505,18.089832,15.911828,2.1780043,505,1,-1.316534,0.0,0.0
506,DIAGONAL_GAUSSIAN,6,22001,506,15.691867,11.952981,3.7388859,506,1,-0.357378,0.0,0.0
507,DIAGONAL_GAUSSIAN,6,22001,507,11.603648,13.460809,-1.8571606,414,0,2.506917,1.0,0.0
508,DIAGONAL_GAUSSIAN,6,22001,508,5.5839243,8.759443,-3.175519,917,0,0.40779018,0.0,0.0
509,DIAGONAL_GAUSSIAN,6,22001,509,12.549425,12.159958,0.38946724,509,1,-0.3179083,0.0,0.0
510,DIAGONAL_GAUSSIAN,6,22001,510,13.800042,11.690276,2.109766,510,1,0.27242947,0.0,0.0
511,DIAGONAL_GAUSSIAN,6,22001,511,12.432605,13.004519,-0.5719147,817,0,1.7962294,1.0,0.0
512,DIAGONAL_GAUSSIAN,6,22001,512,15.952525,10.987285,4.9652405,512,1,1.8954029,0.0,0.0
513,DIAGONAL_GAUSSIAN,6,22001,513,14.951314,14.368422,0.5828924,513,1,0.2235775,0.0,0.0
514,DIAGONAL_GAUSSIAN,6,22001,514,21.221571,10.450891,10.77068,514,1,-0.6629772,0.0,0.0
515,DIAGONAL_GAUSSIAN,6,22001,515,7.6328506,8.553257,-0.92040634,906,0,-0.27703142,0.0,0.0
516,DIAGONAL_GAUSSIAN,6,22001,516,6.882567,11.420121,-4.5375543,870,0,1.43537,0.0,0.0
517,DIAGONAL_GAUSSIAN,6,22001,517,14.0433855,11.976831,2.066554,517,1,2.4728098,0.0,0.0
518,DIAGONAL_GAUSSIAN,6,22001,518,19.726902,12.769498,6.957404,518,1,-0.5368576,0.0,0.0
519,DIAGONAL_GAUSSIAN,6,22001,519,9.734293,14.40362,-4.669327,239,0,-0.45346165,0.0,0.0
520,DIAGONAL_GAUSSIAN,6,22001,520,16.01224,13.654846,2.3573933,520,1,1.6126356,0.0,0.0
521,DIAGONAL_GAUSSIAN,6,22001,521,22.254898,16.499743,5.7551556,521,1,-1.1297016,0.0,0.0
522,DIAGONAL_GAUSSIAN,6,22001,522,19.421814,14.593957,4.827857,522,1,4.365485,0.0,0.0
523,DIAGONAL_GAUSSIAN,6,22001,523,13.318294,9.979107,3.3391867,523,1,3.8058777,0.0,0.0
524,DIAGONAL_GAUSSIAN,6,22001,524,20.92061,19.081484,1.8391266,524,1,0.33857918,0.0,0.0
525,DIAGONAL_GAUSSIAN,6,22001,525,18.880356,9.919556,8.9608,525,1,0.44492722,0.0,0.0
526,DIAGONAL_GAUSSIAN,6,22001,526,14.131268,12.294577,1.8366909,526,1,-0.23947716,0.0,0.0
527,DIAGONAL_GAUSSIAN,6,22001,527,11.910528,13.504524,-1.593996,664,0,-0.25736618,0.0,0.0
528,DIAGONAL_GAUSSIAN,6,22001,528,17.2627,13.014422,4.2482767,528,1,0.89677525,0.0,0.0
529,DIAGONAL_GAUSSIAN,6,22001,529,13.414931,12.017502,1.3974295,529,1,-0.5935354,0.0,0.0
530,DIAGONAL_GAUSSIAN,6,22001,530,9.598891,9.613251,-0.014359474,782,0,3.4655066,1.0,0.0
531,DIAGONAL_GAUSSIAN,6,22001,531,15.530031,16.451433,-0.921402,826,0,-1.3829908,0.0,0.0
532,DIAGONAL_GAUSSIAN,6,22001,532,19.36425,12.294115,7.070135,532,1,-0.17997837,0.0,0.0
533,DIAGONAL_GAUSSIAN,6,22001,533,15.695619,10.423186,5.2724323,533,1,1.8027773,0.0,0.0
534,DIAGONAL_GAUSSIAN,6,22001,534,11.792507,14.091999,-2.299492,651,0,0.4567213,0.0,0.0
535,DIAGONAL_GAUSSIAN,6,22001,535,10.842899,13.010183,-2.167284,479,0,-0.07092857,0.0,0.0
536,DIAGONAL_GAUSSIAN,6,22001,536,14.278197,14.151591,0.12660599,536,1,1.5639734,0.0,0.0
537,DIAGONAL_GAUSSIAN,6,22001,537,18.99634,16.108582,2.8877583,537,1,0.20945549,0.0,0.0
538,DIAGONAL_GAUSSIAN,6,22001,538,14.514099,11.77837,2.7357292,538,1,0.1902132,0.0,0.0
539,DIAGONAL_GAUSSIAN,6,22001,539,8.263687,9.248785,-0.9850979,519,0,1.4364872,1.0,0.0
540,DIAGONAL_GAUSSIAN,6,22001,540,18.419271,10.388293,8.030978,540,1,1.402236,0.0,0.0
541,DIAGONAL_GAUSSIAN,6,22001,541,13.724429,12.198413,1.5260162,541,1,-0.28856182,0.0,0.0
542,DIAGONAL_GAUSSIAN,6,22001,542,13.783865,11.384355,2.3995104,542,1,-0.15246773,0.0,0.0
543,DIAGONAL_GAUSSIAN,6,22001,543,17.50452,18.273691,-0.76917076,422,0,0.94485855,1.0,0.0
544,DIAGONAL_GAUSSIAN,6,22001,544,15.750002,14.295916,1.4540863,544,1,-0.44015312,0.0,0.0
545,DIAGONAL_GAUSSIAN,6,22001,545,16.392704,10.613136,5.7795677,545,1,-0.6822977,0.0,0.0
546,DIAGONAL_GAUSSIAN,6,22001,546,14.313468,11.345505,2.9679632,546,1,-1.3182573,0.0,0.0
547,DIAGONAL_GAUSSIAN,6,22001,547,18.925743,14.102508,4.8232355,547,1,-0.5529947,0.0,0.0
548,DIAGONAL_GAUSSIAN,6,22001,548,14.366247,11.397931,2.968316,548,1,-0.7352724,0.0,0.0
549,DIAGONAL_GAUSSIAN,6,22001,549,12.010028,9.043508,2.9665203,549,1,2.2812395,0.0,0.0
550,DIAGONAL_GAUSSIAN,6,22001,550,15.753574,10.529538,5.224036,550,1,1.269537,0.0,0.0
551,DIAGONAL_GAUSSIAN,6,22001,551,18.316435,15.950571,2.3658638,551,1,1.7337646,0.0,0.0
552,DIAGONAL_GAUSSIAN,6,22001,552,4.1063685,8.417152,-4.310784,749,0,0.42979145,0.0,0.0
553,DIAGONAL_GAUSSIAN,6,22001,553,14.68383,11.140488,3.5433426,553,1,0.49130917,0.0,0.0
554,DIAGONAL_GAUSSIAN,6,22001,554,20.19089,12.657441,7.533448,554,1,3.2306442,0.0,0.0
555,DIAGONAL_GAUSSIAN,6,22001,555,12.130972,11.348534,0.7824383,555,1,0.8181591,0.0,0.0
556,DIAGONAL_GAUSSIAN,6,22001,556,15.245793,13.058241,2.1875525,556,1,2.5665102,0.0,0.0
557,DIAGONAL_GAUSSIAN,6,22001,557,7.266484,9.096125,-1.8296409,517,0,2.4586053,1.0,0.0
558,DIAGONAL_GAUSSIAN,6,22001,558,10.749756,12.238446,-1.4886904,413,0,2.8477325,1.0,0.0
559,DIAGONAL_GAUSSIAN,6,22001,559,12.930214,10.59199,2.3382235,559,1,1.0372639,0.0,0.0
560,DIAGONAL_GAUSSIAN,6,22001,560,15.45886,14.431168,1.0276928,560,1,0.017504692,0.0,0.0
561,DIAGONAL_GAUSSIAN,6,22001,561,18.55261,11.9253435,6.627267,561,1,0.68887234,0.0,0.0
562,DIAGONAL_GAUSSIAN,6,22001,562,9.757178,8.921255,0.8359232,562,1,-0.5667515,0.0,0.0
563,DIAGONAL_GAUSSIAN,6,22001,563,15.989787,13.420994,2.5687933,563,1,2.2510843,0.0,0.0
564,DIAGONAL_GAUSSIAN,6,22001,564,16.022621,12.338735,3.6838865,564,1,0.30922508,0.0,0.0
565,DIAGONAL_GAUSSIAN,6,22001,565,21.766336,13.00798,8.758356,565,1,-0.4281807,0.0,0.0
566,DIAGONAL_GAUSSIAN,6,22001,566,20.210905,17.90857,2.3023357,566,1,1.653656,0.0,0.0
567,DIAGONAL_GAUSSIAN,6,22001,567,5.521247,8.619743,-3.0984964,731,0,-0.334898,0.0,0.0
568,DIAGONAL_GAUSSIAN,6,22001,568,14.360648,9.415695,4.944953,568,1,-0.081213,0.0,0.0
569,DIAGONAL_GAUSSIAN,6,22001,569,16.36356,12.975442,3.3881178,569,1,2.1532202,0.0,0.0
570,DIAGONAL_GAUSSIAN,6,22001,570,18.241426,18.3846,-0.14317322,691,0,0.91837883,1.0,0.0
571,DIAGONAL_GAUSSIAN,6,22001,571,12.160171,9.182614,2.9775562,571,1,-0.6205015,0.0,0.0
572,DIAGONAL_GAUSSIAN,6,22001,572,12.697591,14.30489,-1.6072989,966,0,-0.32322025,0.0,0.0
573,DIAGONAL_GAUSSIAN,6,22001,573,18.26027,14.198473,4.061796,573,1,2.5170135,0.0,0.0
574,DIAGONAL_GAUSSIAN,6,22001,574,21.421486,13.08881,8.332676,574,1,-0.21865082,0.0,0.0
575,DIAGONAL_GAUSSIAN,6,22001,575,14.594995,10.191497,4.4034977,575,1,2.0241213,0.0,0.0
576,DIAGONAL_GAUSSIAN,6,22001,576,15.748351,8.658959,7.0893917,576,1,2.875722,0.0,0.0
577,DIAGONAL_GAUSSIAN,6,22001,577,15.704785,12.501992,3.2027931,577,1,-0.49404812,0.0,0.0
578,DIAGONAL_GAUSSIAN,6,22001,578,13.596324,11.998459,1.5978651,578,1,-0.22993374,0.0,0.0
579,DIAGONAL_GAUSSIAN,6,22001,579,16.822145,10.8976,5.9245453,579,1,-1.5337267,0.0,0.0
580,DIAGONAL_GAUSSIAN,6,22001,580,10.599452,9.293254,1.3061981,580,1,1.9088411,0.0,0.0
581,DIAGONAL_GAUSSIAN,6,22001,581,12.87977,11.081992,1.7977781,581,1,0.42007923,0.0,0.0
582,DIAGONAL_GAUSSIAN,6,22001,582,2.9098878,10.199007,-7.2891192,996,0,2.4151616,0.0,0.0
583,DIAGONAL_GAUSSIAN,6,22001,583,14.803455,8.939927,5.8635283,583,1,2.8121471,0.0,0.0
584,DIAGONAL_GAUSSIAN,6,22001,584,3.4027598,10.072287,-6.669527,523,0,0.5293112,0.0,0.0
585,DIAGONAL_GAUSSIAN,6,22001,585,16.9514,15.9394655,1.0119352,585,1,0.57230854,0.0,0.0
586,DIAGONAL_GAUSSIAN,6,22001,586,11.965566,10.732194,1.2333717,586,1,2.177906,0.0,0.0
587,DIAGONAL_GAUSSIAN,6,22001,587,13.933117,15.724117,-1.7910004,740,0,-1.2344141,0.0,0.0
588,DIAGONAL_GAUSSIAN,6,22001,588,12.430584,14.7599745,-2.3293905,415,0,-0.9413576,0.0,0.0
589,DIAGONAL_GAUSSIAN,6,22001,589,19.551126,13.069634,6.481492,589,1,-1.1093473,0.0,0.0
590,DIAGONAL_GAUSSIAN,6,22001,590,11.009638,11.01255,-0.0029125214,487,0,1.0618143,1.0,0.0
591,DIAGONAL_GAUSSIAN,6,22001,591,12.185171,10.949436,1.2357349,591,1,2.879774,0.0,0.0
592,DIAGONAL_GAUSSIAN,6,22001,592,10.434141,8.666501,1.7676401,592,1,4.396757,0.0,0.0
593,DIAGONAL_GAUSSIAN,6,22001,593,16.744633,11.8244295,4.920203,593,1,1.9001083,0.0,0.0
594,DIAGONAL_GAUSSIAN,6,22001,594,19.787947,8.9922695,10.795677,594,1,-0.18652534,0.0,0.0
595,DIAGONAL_GAUSSIAN,6,22001,595,17.023464,13.461209,3.562255,595,1,-0.560092,0.0,0.0
596,DIAGONAL_GAUSSIAN,6,22001,596,10.675785,16.412827,-5.7370415,764,0,-1.9006977,0.0,0.0
597,DIAGONAL_GAUSSIAN,6,22001,597,9.336476,10.954647,-1.6181707,763,0,0.77355576,0.0,0.0
598,DIAGONAL_GAUSSIAN,6,22001,598,13.490137,10.889128,2.6010094,598,1,1.3814383,0.0,0.0
599,DIAGONAL_GAUSSIAN,6,22001,599,14.218105,8.77648,5.4416256,599,1,0.80151844,0.0,0.0
600,DIAGONAL_GAUSSIAN,6,22001,600,9.485486,10.707894,-1.2224083,556,0,1.5963993,1.0,0.0
601,DIAGONAL_GAUSSIAN,6,22001,601,16.616798,17.114273,-0.49747467,689,0,0.9361305,1.0,0.0
602,DIAGONAL_GAUSSIAN,6,22001,602,9.652608,9.273393,0.37921524,602,1,0.50870895,0.0,0.0
603,DIAGONAL_GAUSSIAN,6,22001,603,17.08696,12.721524,4.3654356,603,1,0.17717075,0.0,0.0
604,DIAGONAL_GAUSSIAN,6,22001,604,19.696629,11.576542,8.120087,604,1,1.4712906,0.0,0.0
605,DIAGONAL_GAUSSIAN,6,22001,605,17.875677,10.642094,7.2335835,605,1,2.0331306,0.0,0.0
606,DIAGONAL_GAUSSIAN,6,22001,606,19.958387,11.102048,8.856339,606,1,-0.46059227,0.0,0.0
607,DIAGONAL_GAUSSIAN,6,22001,607,17.888235,10.602642,7.285593,607,1,-0.4738798,0.0,0.0
608,DIAGONAL_GAUSSIAN,6,22001,608,7.158122,8.759934,-1.6018124,539,0,0.66521215,0.0,0.0
609,DIAGONAL_GAUSSIAN,6,22001,609,12.643877,11.659572,0.9843054,609,1,-0.22989559,0.0,0.0
610,DIAGONAL_GAUSSIAN,6,22001,610,10.716469,9.937448,0.77902126,610,1,-0.68352604,0.0,0.0
611,DIAGONAL_GAUSSIAN,6,22001,611,8.459857,8.369191,0.09066582,611,1,-0.23498726,0.0,1.0
612,DIAGONAL_GAUSSIAN,6,22001,612,14.106808,12.642891,1.4639168,612,1,2.8502178,0.0,0.0
613,DIAGONAL_GAUSSIAN,6,22001,613,18.712814,12.851006,5.861809,613,1,0.95868397,0.0,0.0
614,DIAGONAL_GAUSSIAN,6,22001,614,16.864576,11.322361,5.5422153,614,1,-0.96588707,0.0,0.0
615,DIAGONAL_GAUSSIAN,6,22001,615,11.523589,9.393664,2.1299248,615,1,2.9459133,0.0,0.0
616,DIAGONAL_GAUSSIAN,6,22001,616,12.434739,8.985272,3.4494667,616,1,1.5791492,0.0,0.0
617,DIAGONAL_GAUSSIAN,6,22001,617,16.958328,14.397582,2.5607462,617,1,0.1057806,0.0,0.0
618,DIAGONAL_GAUSSIAN,6,22001,618,12.10781,12.875914,-0.7681036,659,0,0.740407,0.0,0.0
619,DIAGONAL_GAUSSIAN,6,22001,619,13.780144,14.390065,-0.60992146,846,0,-0.31968212,0.0,0.0
620,DIAGONAL_GAUSSIAN,6,22001,620,14.23096,14.614754,-0.38379383,681,0,-1.0547848,0.0,0.0
621,DIAGONAL_GAUSSIAN,6,22001,621,19.421167,10.590756,8.830411,621,1,-0.21232319,0.0,0.0
622,DIAGONAL_GAUSSIAN,6,22001,622,3.0305598,11.178821,-8.148261,47,0,-1.0777779,0.0,0.0
623,DIAGONAL_GAUSSIAN,6,22001,623,11.503072,9.463218,2.039854,623,1,0.23978138,0.0,0.0
624,DIAGONAL_GAUSSIAN,6,22001,624,9.714671,13.697765,-3.9830942,865,0,1.2698927,0.0,0.0
625,DIAGONAL_GAUSSIAN,6,22001,625,18.93263,14.08516,4.8474703,625,1,0.9065275,0.0,0.0
626,DIAGONAL_GAUSSIAN,6,22001,626,15.164966,11.0884,4.0765657,626,1,0.5079889,0.0,0.0
627,DIAGONAL_GAUSSIAN,6,22001,627,16.599464,11.223702,5.375762,627,1,-0.8438873,0.0,0.0
628,DIAGONAL_GAUSSIAN,6,22001,628,11.297535,9.934367,1.3631678,628,1,3.2596073,0.0,0.0
629,DIAGONAL_GAUSSIAN,6,22001,629,18.33158,18.994337,-0.6627579,551,0,-1.9681606,0.0,0.0
630,DIAGONAL_GAUSSIAN,6,22001,630,14.731185,10.988385,3.7427998,630,1,-0.53621864,0.0,0.0
631,DIAGONAL_GAUSSIAN,6,22001,631,12.115775,12.995139,-0.879364,804,0,-0.30038357,0.0,0.0
632,DIAGONAL_GAUSSIAN,6,22001,632,10.578684,10.764993,-0.18630886,733,0,0.4515009,1.0,0.0
633,DIAGONAL_GAUSSIAN,6,22001,633,7.5710034,7.0823927,0.48861074,633,1,-1.2374363,0.0,1.0
634,DIAGONAL_GAUSSIAN,6,22001,634,18.326416,11.20816,7.1182556,634,1,0.5176544,0.0,0.0
635,DIAGONAL_GAUSSIAN,6,22001,635,5.820308,11.807708,-5.9873996,922,0,1.9709806,0.0,0.0
636,DIAGONAL_GAUSSIAN,6,22001,636,13.6273,14.995644,-1.3683434,748,0,0.58175373,0.0,0.0
637,DIAGONAL_GAUSSIAN,6,22001,637,16.164373,13.287464,2.8769093,637,1,0.116601944,0.0,0.0
638,DIAGONAL_GAUSSIAN,6,22001,638,14.682557,14.697074,-0.01451683,639,0,-0.77528477,0.0,0.0
639,DIAGONAL_GAUSSIAN,6,22001,639,13.576729,13.104304,0.4724245,639,1,-0.4383316,0.0,0.0
640,DIAGONAL_GAUSSIAN,6,22001,640,10.81035,10.814671,-0.0043201447,787,0,-0.028269768,0.0,0.0
641,DIAGONAL_GAUSSIAN,6,22001,641,16.302149,13.141202,3.1609468,641,1,-0.8363962,0.0,0.0
642,DIAGONAL_GAUSSIAN,6,22001,642,17.63507,11.38615,6.2489204,642,1,-0.10833359,0.0,0.0
643,DIAGONAL_GAUSSIAN,6,22001,643,9.546505,10.053952,-0.50744724,971,0,0.5059767,0.0,0.0
644,DIAGONAL_GAUSSIAN,6,22001,644,9.4611225,11.352226,-1.8911037,692,0,2.5146494,1.0,0.0
645,DIAGONAL_GAUSSIAN,6,22001,645,13.292041,9.296703,3.9953375,645,1,0.57355595,0.0,0.0
646,DIAGONAL_GAUSSIAN,6,22001,646,19.517996,12.317902,7.200094,646,1,0.64352226,0.0,0.0
647,DIAGONAL_GAUSSIAN,6,22001,647,21.458233,16.290737,5.1674957,647,1,-0.41456318,0.0,0.0
648,DIAGONAL_GAUSSIAN,6,22001,648,14.577459,12.396338,2.1811209,648,1,-0.31100082,0.0,0.0
649,DIAGONAL_GAUSSIAN,6,22001,649,11.83447,9.533037,2.3014326,649,1,3.4184294,0.0,0.0
650,DIAGONAL_GAUSSIAN,6,22001,650,15.038221,10.468011,4.5702105,650,1,1.5906229,0.0,0.0
651,DIAGONAL_GAUSSIAN,6,22001,651,13.689306,10.933701,2.7556057,651,1,0.8777895,0.0,0.0
652,DIAGONAL_GAUSSIAN,6,22001,652,13.873806,8.936685,4.9371214,652,1,0.47127056,0.0,0.0
653,DIAGONAL_GAUSSIAN,6,22001,653,11.22422,12.144573,-0.92035294,469,0,2.2665281,1.0,0.0
654,DIAGONAL_GAUSSIAN,6,22001,654,11.638926,16.11654,-4.4776154,627,0,0.30620575,0.0,0.0
655,DIAGONAL_GAUSSIAN,6,22001,655,10.939252,9.236185,1.7030668,655,1,0.37586403,0.0,0.0
656,DIAGONAL_GAUSSIAN,6,22001,656,13.053247,11.55596,1.4972878,656,1,0.534482,0.0,0.0
657,DIAGONAL_GAUSSIAN,6,22001,657,17.623035,16.941559,0.6814766,657,1,-0.10463333,0.0,0.0
658,DIAGONAL_GAUSSIAN,6,22001,658,17.198442,12.387657,4.8107853,658,1,-0.41893196,0.0,0.0
659,DIAGONAL_GAUSSIAN,6,22001,659,8.419946,9.9355545,-1.5156088,599,0,-0.7464571,0.0,0.0
660,DIAGONAL_GAUSSIAN,6,22001,660,11.2381735,13.323319,-2.085146,864,0,-1.264411,0.0,0.0
661,DIAGONAL_GAUSSIAN,6,22001,661,14.98523,10.637916,4.347315,661,1,1.4767752,0.0,0.0
662,DIAGONAL_GAUSSIAN,6,22001,662,7.931964,9.05349,-1.1215258,917,0,-1.7741327,0.0,0.0
663,DIAGONAL_GAUSSIAN,6,22001,663,12.963107,16.037853,-3.0747461,442,0,-0.2317934,0.0,0.0
664,DIAGONAL_GAUSSIAN,6,22001,664,14.755656,16.078316,-1.3226595,526,0,0.22786427,0.0,0.0
665,DIAGONAL_GAUSSIAN,6,22001,665,11.314115,10.904663,0.40945148,665,1,0.71240425,0.0,0.0
666,DIAGONAL_GAUSSIAN,6,22001,666,16.163706,9.223733,6.939973,666,1,0.7165184,0.0,0.0
667,DIAGONAL_GAUSSIAN,6,22001,667,20.412851,20.021135,0.391716,667,1,0.8701668,0.0,0.0
668,DIAGONAL_GAUSSIAN,6,22001,668,17.293383,15.839434,1.453949,668,1,2.530429,0.0,0.0
669,DIAGONAL_GAUSSIAN,6,22001,669,17.31345,12.40755,4.9059,669,1,0.023862839,0.0,0.0
670,DIAGONAL_GAUSSIAN,6,22001,670,17.208166,15.521993,1.6861734,670,1,-0.4827032,0.0,0.0
671,DIAGONAL_GAUSSIAN,6,22001,671,12.978498,10.160227,2.8182716,671,1,0.45248508,0.0,0.0
672,DIAGONAL_GAUSSIAN,6,22001,672,14.80271,13.549397,1.2533121,672,1,0.57985306,0.0,0.0
673,DIAGONAL_GAUSSIAN,6,22001,673,12.305694,9.83142,2.4742737,673,1,1.4469442,0.0,0.0
674,DIAGONAL_GAUSSIAN,6,22001,674,20.472359,9.729831,10.742528,674,1,0.75509834,0.0,0.0
675,DIAGONAL_GAUSSIAN,6,22001,675,7.4018292,10.013482,-2.6116529,407,0,-0.71220493,0.0,0.0
676,DIAGONAL_GAUSSIAN,6,22001,676,12.21017,15.857358,-3.6471882,263,0,-2.3849087,0.0,0.0
677,DIAGONAL_GAUSSIAN,6,22001,677,8.775068,8.5529175,0.2221508,677,1,3.2709856,0.0,0.0
678,DIAGONAL_GAUSSIAN,6,22001,678,6.1885433,14.023508,-7.8349648,178,0,-1.704402,0.0,0.0
679,DIAGONAL_GAUSSIAN,6,22001,679,11.991967,10.973821,1.0181465,679,1,0.48953533,0.0,0.0
680,DIAGONAL_GAUSSIAN,6,22001,680,18.753351,14.552036,4.201315,680,1,0.5456476,0.0,0.0
681,DIAGONAL_GAUSSIAN,6,22001,681,4.8781214,7.176878,-2.2987566,620,0,1.2945333,0.0,0.0
682,DIAGONAL_GAUSSIAN,6,22001,682,6.2789564,10.515695,-4.236738,442,0,2.937049,0.0,0.0
683,DIAGONAL_GAUSSIAN,6,22001,683,15.143353,20.405325,-5.2619715,558,0,0.59390926,0.0,0.0
684,DIAGONAL_GAUSSIAN,6,22001,684,21.966507,10.399529,11.5669775,684,1,-0.7145796,0.0,0.0
685,DIAGONAL_GAUSSIAN,6,22001,685,20.034746,10.291726,9.74302,685,1,1.1432009,0.0,0.0
686,DIAGONAL_GAUSSIAN,6,22001,686,9.693103,9.495449,0.19765377,686,1,-1.7993021,0.0,1.0
687,DIAGONAL_GAUSSIAN,6,22001,687,11.466352,10.948846,0.5175066,687,1,2.9351978,0.0,0.0
688,DIAGONAL_GAUSSIAN,6,22001,688,20.944767,14.171775,6.772992,688,1,1.2308474,0.0,0.0
689,DIAGONAL_GAUSSIAN,6,22001,689,16.095028,15.9114275,0.18360043,689,1,0.026770592,0.0,0.0
690,DIAGONAL_GAUSSIAN,6,22001,690,19.650938,16.119038,3.5319004,690,1,0.6557026,0.0,0.0
691,DIAGONAL_GAUSSIAN,6,22001,691,13.182898,11.533758,1.6491394,691,1,-0.12118626,0.0,0.0
692,DIAGONAL_GAUSSIAN,6,22001,692,13.332665,11.307091,2.0255747,692,1,-0.7678232,0.0,0.0
693,DIAGONAL_GAUSSIAN,6,22001,693,18.951511,16.454002,2.497509,693,1,-0.40077782,0.0,0.0
694,DIAGONAL_GAUSSIAN,6,22001,694,13.184302,14.174088,-0.9897852,525,0,6.481637,1.0,0.0
695,DIAGONAL_GAUSSIAN,6,22001,695,14.752171,12.060679,2.6914911,695,1,-0.76802254,0.0,0.0
696,DIAGONAL_GAUSSIAN,6,22001,696,16.778786,12.197359,4.5814266,696,1,0.755908,0.0,0.0
697,DIAGONAL_GAUSSIAN,6,22001,697,14.746144,9.1448765,5.601268,697,1,0.5363326,0.0,0.0
698,DIAGONAL_GAUSSIAN,6,22001,698,15.519237,11.628838,3.890399,698,1,-1.7960835,0.0,0.0
699,DIAGONAL_GAUSSIAN,6,22001,699,18.278706,15.206388,3.0723171,699,1,-0.08732796,0.0,0.0
700,DIAGONAL_GAUSSIAN,6,22001,700,11.376738,11.911089,-0.53435135,697,0,-0.20773602,0.0,0.0
701,DIAGONAL_GAUSSIAN,6,22001,701,12.557743,11.656813,0.9009304,701,1,6.404378,0.0,0.0
702,DIAGONAL_GAUSSIAN,6,22001,702,9.928471,8.348438,1.5800323,702,1,1.2321501,0.0,0.0
703,DIAGONAL_GAUSSIAN,6,22001,703,8.703216,9.438449,-0.7352333,912,0,0.44057083,0.0,0.0
704,DIAGONAL_GAUSSIAN,6,22001,704,14.228201,10.878609,3.3495922,704,1,0.854929,0.0,0.0
705,DIAGONAL_GAUSSIAN,6,22001,705,12.910856,13.851525,-0.94066906,874,0,0.62443066,0.0,0.0
706,DIAGONAL_GAUSSIAN,6,22001,706,7.893651,10.738644,-2.8449926,698,0,1.153471,0.0,0.0
707,DIAGONAL_GAUSSIAN,6,22001,707,20.29261,13.305428,6.9871826,707,1,-1.0811872,0.0,0.0
708,DIAGONAL_GAUSSIAN,6,22001,708,8.718269,8.832264,-0.1139946,733,0,-0.497756,0.0,0.0
709,DIAGONAL_GAUSSIAN,6,22001,709,9.659178,9.725137,-0.06595898,411,0,2.6747255,1.0,0.0
710,DIAGONAL_GAUSSIAN,6,22001,710,4.262602,10.738666,-6.4760637,741,0,-0.007686615,0.0,0.0
711,DIAGONAL_GAUSSIAN,6,22001,711,18.944187,15.414549,3.5296383,711,1,-0.60630226,0.0,0.0
712,DIAGONAL_GAUSSIAN,6,22001,712,12.014214,7.99956,4.0146537,712,1,-1.5760779,0.0,0.0
713,DIAGONAL_GAUSSIAN,6,22001,713,19.583134,14.57979,5.0033436,713,1,0.26950455,0.0,0.0
714,DIAGONAL_GAUSSIAN,6,22001,714,16.35395,11.897849,4.4561014,714,1,0.79448223,0.0,0.0
715,DIAGONAL_GAUSSIAN,6,22001,715,6.9229174,12.06558,-5.142663,870,0,0.9397607,0.0,0.0
716,DIAGONAL_GAUSSIAN,6,22001,716,14.982458,12.933615,2.0488434,716,1,-0.7258625,0.0,0.0
717,DIAGONAL_GAUSSIAN,6,22001,717,14.485159,10.802079,3.6830797,717,1,0.22162819,0.0,0.0
718,DIAGONAL_GAUSSIAN,6,22001,718,13.034758,16.342054,-3.3072968,821,0,0.15884781,0.0,0.0
719,DIAGONAL_GAUSSIAN,6,22001,719,18.556936,9.568422,8.988514,719,1,-0.61684227,0.0,0.0
720,DIAGONAL_GAUSSIAN,6,22001,720,14.776365,13.223739,1.5526266,720,1,-1.091548,0.0,0.0
721,DIAGONAL_GAUSSIAN,6,22001,721,14.100885,12.36012,1.7407656,721,1,-0.2043314,0.0,0.0
722,DIAGONAL_GAUSSIAN,6,22001,722,2.988478,8.180539,-5.1920614,524,0,1.3673072,0.0,0.0
723,DIAGONAL_GAUSSIAN,6,22001,723,7.356597,9.6605425,-2.3039455,906,0,3.4108725,1.0,0.0
724,DIAGONAL_GAUSSIAN,6,22001,724,13.682619,12.104886,1.577733,724,1,-0.021427155,0.0,0.0
725,DIAGONAL_GAUSSIAN,6,22001,725,12.943788,12.810476,0.13331127,725,1,-1.5979471,0.0,1.0
726,DIAGONAL_GAUSSIAN,6,22001,726,22.002499,13.737646,8.264853,726,1,1.419404,0.0,0.0
727,DIAGONAL_GAUSSIAN,6,22001,727,11.510185,12.246951,-0.73676586,538,0,1.9330797,1.0,0.0
728,DIAGONAL_GAUSSIAN,6,22001,728,17.421316,11.552396,5.8689203,728,1,-0.7413645,0.0,0.0
729,DIAGONAL_GAUSSIAN,6,22001,729,6.2315855,8.261493,-2.0299072,634,0,-0.24755621,0.0,0.0
730,DIAGONAL_GAUSSIAN,6,22001,730,17.218037,16.528025,0.690012,730,1,1.2316666,0.0,0.0
731,DIAGONAL_GAUSSIAN,6,22001,731,9.963766,10.30016,-0.3363943,629,0,-2.0576925,0.0,0.0
732,DIAGONAL_GAUSSIAN,6,22001,732,15.860786,13.70164,2.1591463,732,1,2.1947231,0.0,0.0
733,DIAGONAL_GAUSSIAN,6,22001,733,9.372316,9.425061,-0.052744865,836,0,1.6812057,1.0,0.0
734,DIAGONAL_GAUSSIAN,6,22001,734,13.342682,13.792711,-0.45002937,407,0,2.5470228,1.0,0.0
735,DIAGONAL_GAUSSIAN,6,22001,735,10.349203,13.41967,-3.070467,887,0,-1.8335276,0.0,0.0
736,DIAGONAL_GAUSSIAN,6,22001,736,15.27964,13.457019,1.8226213,736,1,0.05929947,0.0,0.0
737,DIAGONAL_GAUSSIAN,6,22001,737,14.617754,12.207119,2.410635,737,1,1.4553957,0.0,0.0
738,DIAGONAL_GAUSSIAN,6,22001,738,12.703846,15.124662,-2.4208164,580,0,3.0288763,1.0,0.0
739,DIAGONAL_GAUSSIAN,6,22001,739,18.930063,8.351604,10.578459,739,1,-0.7845211,0.0,0.0
740,DIAGONAL_GAUSSIAN,6,22001,740,8.846173,12.644142,-3.7979689,613,0,0.57642174,0.0,0.0
741,DIAGONAL_GAUSSIAN,6,22001,741,11.384182,9.796134,1.588048,741,1,-0.5234251,0.0,0.0
742,DIAGONAL_GAUSSIAN,6,22001,742,9.784712,14.866566,-5.081854,713,0,0.7642393,0.0,0.0
743,DIAGONAL_GAUSSIAN,6,22001,743,9.216381,10.175061,-0.95868015,425,0,0.15822601,0.0,0.0
744,DIAGONAL_GAUSSIAN,6,22001,744,12.977441,12.104762,0.87267876,744,1,-0.0062026978,0.0,0.0
745,DIAGONAL_GAUSSIAN,6,22001,745,16.354218,9.83677,6.5174475,745,1,-0.21237087,0.0,0.0
746,DIAGONAL_GAUSSIAN,6,22001,746,18.121965,10.896557,7.2254086,746,1,0.87703896,0.0,0.0
747,DIAGONAL_GAUSSIAN,6,22001,747,7.0782833,9.480924,-2.4026403,641,0,0.37387943,0.0,0.0
748,DIAGONAL_GAUSSIAN,6,22001,748,15.079491,15.674148,-0.59465694,893,0,0.29284,0.0,0.0
749,DIAGONAL_GAUSSIAN,6,22001,749,16.486948,9.665018,6.82193,749,1,-2.4750633,0.0,0.0
750,DIAGONAL_GAUSSIAN,6,22001,750,12.737955,10.112224,2.6257315,750,1,0.4605856,0.0,0.0
751,DIAGONAL_GAUSSIAN,6,22001,751,15.296496,15.380765,-0.08426857,573,0,0.66991615,1.0,0.0
752,DIAGONAL_GAUSSIAN,6,22001,752,19.880535,15.79054,4.0899954,752,1,0.40572548,0.0,0.0
753,DIAGONAL_GAUSSIAN,6,22001,753,10.688861,10.832846,-0.1439848,811,0,0.85426426,1.0,0.0
754,DIAGONAL_GAUSSIAN,6,22001,754,11.147453,13.832958,-2.685505,761,0,0.5613861,0.0,0.0
755,DIAGONAL_GAUSSIAN,6,22001,755,15.771251,14.232675,1.5385761,755,1,3.5770016,0.0,0.0
756,DIAGONAL_GAUSSIAN,6,22001,756,11.054561,10.906974,0.14758682,756,1,1.2866755,0.0,0.0
757,DIAGONAL_GAUSSIAN,6,22001,757,11.491195,12.013714,-0.5225191,874,0,0.6294966,1.0,0.0
758,DIAGONAL_GAUSSIAN,6,22001,758,11.005139,9.149516,1.8556232,758,1,0.8413534,0.0,0.0
759,DIAGONAL_GAUSSIAN,6,22001,759,13.08508,9.683524,3.401556,759,1,1.7201366,0.0,0.0
760,DIAGONAL_GAUSSIAN,6,22001,760,8.283808,9.038997,-0.75518894,556,0,0.96552277,1.0,0.0
761,DIAGONAL_GAUSSIAN,6,22001,761,5.582119,13.375791,-7.7936716,237,0,-1.168993,0.0,0.0
762,DIAGONAL_GAUSSIAN,6,22001,762,14.46569,9.371835,5.093855,762,1,-0.8685684,0.0,0.0
763,DIAGONAL_GAUSSIAN,6,22001,763,18.521105,13.871756,4.649349,763,1,0.35721493,0.0,0.0
764,DIAGONAL_GAUSSIAN,6,22001,764,9.547068,9.002415,0.54465294,764,1,-1.1046181,0.0,1.0
765,DIAGONAL_GAUSSIAN,6,22001,765,16.158527,10.008559,6.149968,765,1,1.128232,0.0,0.0
766,DIAGONAL_GAUSSIAN,6,22001,766,17.544554,10.35736,7.187194,766,1,-0.7326727,0.0,0.0
767,DIAGONAL_GAUSSIAN,6,22001,767,8.620795,14.633576,-6.012781,542,0,3.893096,0.0,0.0
768,DIAGONAL_GAUSSIAN,6,22001,768,16.124235,17.037321,-0.91308594,805,0,0.3408413,0.0,0.0
769,DIAGONAL_GAUSSIAN,6,22001,769,15.355185,13.848937,1.5062475,769,1,6.720455,0.0,0.0
770,DIAGONAL_GAUSSIAN,6,22001,770,14.563248,10.674357,3.8888903,770,1,2.0807257,0.0,0.0
771,DIAGONAL_GAUSSIAN,6,22001,771,17.395687,12.040052,5.3556347,771,1,1.0817242,0.0,0.0
772,DIAGONAL_GAUSSIAN,6,22001,772,8.671422,11.196328,-2.5249062,608,0,1.0104713,0.0,0.0
773,DIAGONAL_GAUSSIAN,6,22001,773,7.060304,13.241318,-6.1810136,969,0,1.6833668,0.0,0.0
774,DIAGONAL_GAUSSIAN,6,22001,774,9.917905,10.579417,-0.6615124,630,0,0.3143263,0.0,0.0
775,DIAGONAL_GAUSSIAN,6,22001,775,12.904423,10.665618,2.2388048,775,1,1.6184435,0.0,0.0
776,DIAGONAL_GAUSSIAN,6,22001,776,19.82686,16.396254,3.4306068,776,1,0.9690151,0.0,0.0
777,DIAGONAL_GAUSSIAN,6,22001,777,19.655418,13.140749,6.5146694,777,1,0.91833687,0.0,0.0
778,DIAGONAL_GAUSSIAN,6,22001,778,11.02704,11.831968,-0.8049288,861,0,0.1058836,0.0,0.0
779,DIAGONAL_GAUSSIAN,6,22001,779,21.420826,14.514544,6.9062824,779,1,0.34073448,0.0,0.0
780,DIAGONAL_GAUSSIAN,6,22001,780,16.82268,14.27311,2.5495691,780,1,-0.012462616,0.0,0.0
781,DIAGONAL_GAUSSIAN,6,22001,781,21.499893,9.687975,11.811918,781,1,-0.5026884,0.0,0.0
782,DIAGONAL_GAUSSIAN,6,22001,782,14.365611,14.150818,0.2147932,782,1,-0.38014126,0.0,1.0
783,DIAGONAL_GAUSSIAN,6,22001,783,19.068573,14.165689,4.9028835,783,1,0.673296,0.0,0.0
784,DIAGONAL_GAUSSIAN,6,22001,784,5.62548,13.107017,-7.4815364,550,0,-0.37970018,0.0,0.0
785,DIAGONAL_GAUSSIAN,6,22001,785,15.359281,9.399989,5.9592915,785,1,0.5776005,0.0,0.0
786,DIAGONAL_GAUSSIAN,6,22001,786,18.216263,10.700749,7.5155134,786,1,1.0248451,0.0,0.0
787,DIAGONAL_GAUSSIAN,6,22001,787,22.19662,15.029713,7.1669083,787,1,0.31664658,0.0,0.0
788,DIAGONAL_GAUSSIAN,6,22001,788,17.67318,10.434955,7.238225,788,1,1.0682325,0.0,0.0
789,DIAGONAL_GAUSSIAN,6,22001,789,17.75257,13.848494,3.9040756,789,1,-0.3741579,0.0,0.0
790,DIAGONAL_GAUSSIAN,6,22001,790,9.678418,11.519772,-1.8413534,886,0,1.4582739,0.0,0.0
791,DIAGONAL_GAUSSIAN,6,22001,791,10.831489,12.093126,-1.2616377,870,0,-0.7320347,0.0,0.0
792,DIAGONAL_GAUSSIAN,6,22001,792,17.294355,15.188805,2.1055508,792,1,0.84145164,0.0,0.0
793,DIAGONAL_GAUSSIAN,6,22001,793,13.39941,8.962109,4.4373016,793,1,1.4703484,0.0,0.0
794,DIAGONAL_GAUSSIAN,6,22001,794,9.9816675,11.330248,-1.3485804,854,0,-2.4573426,0.0,0.0
795,DIAGONAL_GAUSSIAN,6,22001,795,9.069633,8.22238,0.84725285,795,1,7.1993065,0.0,0.0
796,DIAGONAL_GAUSSIAN,6,22001,796,15.862716,9.02191,6.840806,796,1,-0.35842323,0.0,0.0
797,DIAGONAL_GAUSSIAN,6,22001,797,12.698171,10.450302,2.2478685,797,1,0.95571995,0.0,0.0
798,DIAGONAL_GAUSSIAN,6,22001,798,1.4934311,11.949667,-10.456236,906,0,-0.035095215,0.0,0.0
799,DIAGONAL_GAUSSIAN,6,22001,799,12.324111,11.497262,0.826849,799,1,-0.78413296,0.0,0.0
800,DIAGONAL_GAUSSIAN,6,22001,800,20.51752,13.624548,6.892973,800,1,0.9992809,0.0,0.0
801,DIAGONAL_GAUSSIAN,6,22001,801,12.281183,10.233555,2.0476284,801,1,1.6874151,0.0,0.0
802,DIAGONAL_GAUSSIAN,6,22001,802,20.473291,12.641628,7.831663,802,1,-0.8988476,0.0,0.0
803,DIAGONAL_GAUSSIAN,6,22001,803,20.510803,12.022111,8.488692,803,1,-1.0417604,0.0,0.0
804,DIAGONAL_GAUSSIAN,6,22001,804,11.581886,9.010665,2.5712214,804,1,0.57655907,0.0,0.0
805,DIAGONAL_GAUSSIAN,6,22001,805,18.230785,14.47,3.760785,805,1,1.3459749,0.0,0.0
806,DIAGONAL_GAUSSIAN,6,22001,806,11.166558,11.329326,-0.16276741,615,0,-1.1447172,0.0,0.0
807,DIAGONAL_GAUSSIAN,6,22001,807,20.019314,16.29149,3.7278233,807,1,-0.19281578,0.0,0.0
808,DIAGONAL_GAUSSIAN,6,22001,808,13.362051,11.770099,1.5919523,808,1,1.4227982,0.0,0.0
809,DIAGONAL_GAUSSIAN,6,22001,809,13.495732,12.135316,1.3604164,809,1,0.22083473,0.0,0.0
810,DIAGONAL_GAUSSIAN,6,22001,810,21.671783,19.83155,1.8402328,810,1,0.06685257,0.0,0.0
811,DIAGONAL_GAUSSIAN,6,22001,811,6.3377256,14.821892,-8.484166,760,0,1.4383183,0.0,0.0
812,DIAGONAL_GAUSSIAN,6,22001,812,14.447918,13.47494,0.97297764,812,1,-0.0953722,0.0,0.0
813,DIAGONAL_GAUSSIAN,6,22001,813,17.191437,14.247437,2.9440002,813,1,-0.9189367,0.0,0.0
814,DIAGONAL_GAUSSIAN,6,22001,814,16.171858,13.823093,2.3487644,814,1,1.0842638,0.0,0.0
815,DIAGONAL_GAUSSIAN,6,22001,815,15.1178665,11.360518,3.757348,815,1,1.1121302,0.0,0.0
816,DIAGONAL_GAUSSIAN,6,22001,816,18.162287,15.945271,2.2170162,816,1,-0.48298836,0.0,0.0
817,DIAGONAL_GAUSSIAN,6,22001,817,13.532741,15.516535,-1.9837942,511,0,0.14635372,0.0,0.0
818,DIAGONAL_GAUSSIAN,6,22001,818,10.706082,8.920951,1.7851315,818,1,0.44055653,0.0,0.0
819,DIAGONAL_GAUSSIAN,6,22001,819,14.981882,12.875629,2.1062527,819,1,0.31578255,0.0,0.0
820,DIAGONAL_GAUSSIAN,6,22001,820,17.615051,10.228242,7.3868093,820,1,-0.3530693,0.0,0.0
821,DIAGONAL_GAUSSIAN,6,22001,821,13.763793,11.508843,2.2549496,821,1,1.0334406,0.0,0.0
822,DIAGONAL_GAUSSIAN,6,22001,822,10.930199,9.586041,1.3441572,822,1,3.5216599,0.0,0.0
823,DIAGONAL_GAUSSIAN,6,22001,823,6.326894,11.259533,-4.932639,650,0,1.0460072,0.0,0.0
824,DIAGONAL_GAUSSIAN,6,22001,824,14.646649,12.061014,2.5856352,824,1,0.8021288,0.0,0.0
825,DIAGONAL_GAUSSIAN,6,22001,825,11.044381,8.716027,2.328354,825,1,-0.042235374,0.0,0.0
826,DIAGONAL_GAUSSIAN,6,22001,826,-1.040275,9.724854,-10.765129,584,0,0.23956871,0.0,0.0
827,DIAGONAL_GAUSSIAN,6,22001,827,14.506454,14.569236,-0.062781334,556,0,-0.45444965,0.0,0.0
828,DIAGONAL_GAUSSIAN,6,22001,828,3.76126,8.98223,-5.22097,111,0,3.084774,0.0,0.0
829,DIAGONAL_GAUSSIAN,6,22001,829,17.027185,10.455249,6.5719366,829,1,-0.26848316,0.0,0.0
830,DIAGONAL_GAUSSIAN,6,22001,830,3.7298021,8.6106415,-4.8808393,843,0,-1.2374792,0.0,0.0
831,DIAGONAL_GAUSSIAN,6,22001,831,14.517798,10.771213,3.7465858,831,1,1.2227354,0.0,0.0
832,DIAGONAL_GAUSSIAN,6,22001,832,17.29615,11.345045,5.951105,832,1,-0.6006527,0.0,0.0
833,DIAGONAL_GAUSSIAN,6,22001,833,8.991525,7.330039,1.6614857,833,1,2.0331192,0.0,0.0
834,DIAGONAL_GAUSSIAN,6,22001,834,7.2611456,11.03945,-3.778304,697,0,0.025580883,0.0,0.0
835,DIAGONAL_GAUSSIAN,6,22001,835,14.70812,12.4599,2.2482204,835,1,-0.7918196,0.0,0.0
836,DIAGONAL_GAUSSIAN,6,22001,836,17.370941,16.838152,0.53278923,836,1,-0.18810177,0.0,0.0
837,DIAGONAL_GAUSSIAN,6,22001,837,8.08422,8.898406,-0.8141861,836,0,-0.79569817,0.0,0.0
838,DIAGONAL_GAUSSIAN,6,22001,838,12.08312,11.76071,0.32241058,838,1,-0.07318115,0.0,0.0
839,DIAGONAL_GAUSSIAN,6,22001,839,14.111497,12.135652,1.9758453,839,1,0.65270996,0.0,0.0
840,DIAGONAL_GAUSSIAN,6,22001,840,14.619829,10.445473,4.1743565,840,1,1.71274,0.0,0.0
841,DIAGONAL_GAUSSIAN,6,22001,841,12.40446,11.716926,0.68753433,841,1,2.8551378,0.0,0.0
842,DIAGONAL_GAUSSIAN,6,22001,842,14.627448,9.58853,5.0389185,842,1,0.21578217,0.0,0.0
843,DIAGONAL_GAUSSIAN,6,22001,843,4.5184975,8.859758,-4.341261,562,0,3.8221273,0.0,0.0
844,DIAGONAL_GAUSSIAN,6,22001,844,14.402841,9.963132,4.4397087,844,1,1.2803736,0.0,0.0
845,DIAGONAL_GAUSSIAN,6,22001,845,10.5392,12.910438,-2.3712378,767,0,0.52243805,0.0,0.0
846,DIAGONAL_GAUSSIAN,6,22001,846,14.320242,13.921196,0.39904594,846,1,-0.23683739,0.0,0.0
847,DIAGONAL_GAUSSIAN,6,22001,847,15.667458,15.699646,-0.032188416,586,0,0.61595345,1.0,0.0
848,DIAGONAL_GAUSSIAN,6,22001,848,13.535918,12.873349,0.66256905,848,1,-0.636075,0.0,0.0
849,DIAGONAL_GAUSSIAN,6,22001,849,14.841594,18.503653,-3.6620588,505,0,0.2429266,0.0,0.0
850,DIAGONAL_GAUSSIAN,6,22001,850,11.455191,9.913377,1.5418139,850,1,2.2127314,0.0,0.0
851,DIAGONAL_GAUSSIAN,6,22001,851,15.159513,14.669975,0.4895382,851,1,0.5933294,0.0,0.0
852,DIAGONAL_GAUSSIAN,6,22001,852,15.436384,12.473727,2.962657,852,1,-4.2561636,0.0,1.0
853,DIAGONAL_GAUSSIAN,6,22001,853,17.80956,9.9632435,7.8463173,853,1,1.2317829,0.0,0.0
854,DIAGONAL_GAUSSIAN,6,22001,854,9.742578,11.428138,-1.6855602,858,0,6.976939,1.0,0.0
855,DIAGONAL_GAUSSIAN,6,22001,855,16.975912,12.055094,4.9208183,855,1,1.7405958,0.0,0.0
856,DIAGONAL_GAUSSIAN,6,22001,856,14.917905,12.4055395,2.5123653,856,1,0.18520546,0.0,0.0
857,DIAGONAL_GAUSSIAN,6,22001,857,11.996167,13.004595,-1.0084276,765,0,0.92976665,0.0,0.0
858,DIAGONAL_GAUSSIAN,6,22001,858,18.739082,9.707619,9.031464,858,1,-1.5481834,0.0,0.0
859,DIAGONAL_GAUSSIAN,6,22001,859,18.526321,12.347424,6.178898,859,1,-0.6223068,0.0,0.0
860,DIAGONAL_GAUSSIAN,6,22001,860,7.5851445,11.577653,-3.9925084,919,0,-0.48628044,0.0,0.0
861,DIAGONAL_GAUSSIAN,6,22001,861,16.502296,15.073471,1.4288254,861,1,-0.22335625,0.0,0.0
862,DIAGONAL_GAUSSIAN,6,22001,862,15.050138,9.479623,5.5705156,862,1,2.3481321,0.0,0.0
863,DIAGONAL_GAUSSIAN,6,22001,863,14.005682,11.555308,2.4503736,863,1,0.63572025,0.0,0.0
864,DIAGONAL_GAUSSIAN,6,22001,864,7.0194416,9.753762,-2.7343206,867,0,1.5401278,0.0,0.0
865,DIAGONAL_GAUSSIAN,6,22001,865,12.045111,12.675613,-0.6305027,860,0,0.88956165,1.0,0.0
866,DIAGONAL_GAUSSIAN,6,22001,866,17.06932,17.42305,-0.35372925,856,0,-0.70405006,0.0,0.0
867,DIAGONAL_GAUSSIAN,6,22001,867,15.437771,11.013759,4.424012,867,1,0.5150013,0.0,0.0
868,DIAGONAL_GAUSSIAN,6,22001,868,10.788877,10.672953,0.11592388,868,1,1.7697973,0.0,0.0
869,DIAGONAL_GAUSSIAN,6,22001,869,6.0314746,8.293629,-2.262154,906,0,1.3694115,0.0,0.0
870,DIAGONAL_GAUSSIAN,6,22001,870,9.959505,9.799415,0.16009045,870,1,-0.7764549,0.0,1.0
871,DIAGONAL_GAUSSIAN,6,22001,871,20.753561,14.730916,6.022645,871,1,-2.0576372,0.0,0.0
872,DIAGONAL_GAUSSIAN,6,22001,872,11.845633,11.731431,0.114201546,872,1,1.6404285,0.0,0.0
873,DIAGONAL_GAUSSIAN,6,22001,873,6.228904,12.181434,-5.95253,698,0,-1.4539618,0.0,0.0
874,DIAGONAL_GAUSSIAN,6,22001,874,15.727721,12.088522,3.6391993,874,1,-0.72075176,0.0,0.0
875,DIAGONAL_GAUSSIAN,6,22001,875,11.688778,10.118044,1.570734,875,1,1.9865799,0.0,0.0
876,DIAGONAL_GAUSSIAN,6,22001,876,6.6830955,12.425984,-5.742889,706,0,1.9118981,0.0,0.0
877,DIAGONAL_GAUSSIAN,6,22001,877,9.258486,8.941266,0.31721973,877,1,0.3544464,0.0,0.0
878,DIAGONAL_GAUSSIAN,6,22001,878,17.46831,17.938232,-0.46992302,810,0,-0.14673042,0.0,0.0
879,DIAGONAL_GAUSSIAN,6,22001,879,12.345455,9.84173,2.503725,879,1,-1.7752972,0.0,0.0
880,DIAGONAL_GAUSSIAN,6,22001,880,16.468344,9.086344,7.382,880,1,1.0920305,0.0,0.0
881,DIAGONAL_GAUSSIAN,6,22001,881,14.906268,11.884888,3.0213804,881,1,0.52281666,0.0,0.0
882,DIAGONAL_GAUSSIAN,6,22001,882,8.033496,10.067994,-2.0344982,851,0,-0.64131546,0.0,0.0
883,DIAGONAL_GAUSSIAN,6,22001,883,12.624757,11.411801,1.2129555,883,1,0.13781548,0.0,0.0
884,DIAGONAL_GAUSSIAN,6,22001,884,13.098465,12.854149,0.2443161,884,1,1.5538244,0.0,0.0
885,DIAGONAL_GAUSSIAN,6,22001,885,10.435601,10.010199,0.42540264,885,1,-1.9582939,0.0,1.0
886,DIAGONAL_GAUSSIAN,6,22001,886,16.768568,12.004766,4.7638016,886,1,1.392375,0.0,0.0
887,DIAGONAL_GAUSSIAN,6,22001,887,6.268656,8.200562,-1.9319057,411,0,2.116393,1.0,0.0
888,DIAGONAL_GAUSSIAN,6,22001,888,16.635183,10.309431,6.3257523,888,1,0.46016407,0.0,0.0
889,DIAGONAL_GAUSSIAN,6,22001,889,10.796211,10.563158,0.2330532,889,1,-1.8635187,0.0,1.0
890,DIAGONAL_GAUSSIAN,6,22001,890,15.696485,12.536809,3.1596756,890,1,1.7860756,0.0,0.0
891,DIAGONAL_GAUSSIAN,6,22001,891,17.356905,10.113061,7.243844,891,1,0.11845398,0.0,0.0
892,DIAGONAL_GAUSSIAN,6,22001,892,17.3092,17.390772,-0.08157158,409,0,-0.64455223,0.0,0.0
893,DIAGONAL_GAUSSIAN,6,22001,893,10.150449,13.121902,-2.9714537,549,0,1.8690872,0.0,0.0
894,DIAGONAL_GAUSSIAN,6,22001,894,6.8390684,10.964539,-4.12547,905,0,1.9231405,0.0,0.0
895,DIAGONAL_GAUSSIAN,6,22001,895,18.69693,15.885229,2.8117008,895,1,1.2229605,0.0,0.0
896,DIAGONAL_GAUSSIAN,6,22001,896,15.966328,11.526042,4.4402857,896,1,0.5320091,0.0,0.0
897,DIAGONAL_GAUSSIAN,6,22001,897,18.11814,12.996691,5.1214485,897,1,0.33873177,0.0,0.0
898,DIAGONAL_GAUSSIAN,6,22001,898,14.817288,12.143913,2.6733751,898,1,-0.3582344,0.0,0.0
899,DIAGONAL_GAUSSIAN,6,22001,899,14.25972,15.087538,-0.8278179,505,0,0.8848467,1.0,0.0
900,DIAGONAL_GAUSSIAN,6,22001,900,12.069536,10.694757,1.3747787,900,1,3.1113281,0.0,0.0
901,DIAGONAL_GAUSSIAN,6,22001,901,20.267193,11.769179,8.4980135,901,1,0.9988785,0.0,0.0
902,DIAGONAL_GAUSSIAN,6,22001,902,17.298231,13.489801,3.8084297,902,1,-2.5269613,0.0,0.0
903,DIAGONAL_GAUSSIAN,6,22001,903,16.393759,11.296647,5.0971117,903,1,-0.9376192,0.0,0.0
904,DIAGONAL_GAUSSIAN,6,22001,904,10.209283,6.7637854,3.4454975,904,1,0.684886,0.0,0.0
905,DIAGONAL_GAUSSIAN,6,22001,905,8.361529,9.742164,-1.3806343,741,0,4.7160816,1.0,0.0
906,DIAGONAL_GAUSSIAN,6,22001,906,8.171517,12.662907,-4.4913893,785,0,1.3002291,0.0,0.0
907,DIAGONAL_GAUSSIAN,6,22001,907,9.261728,13.627445,-4.365717,898,0,0.9624071,0.0,0.0
908,DIAGONAL_GAUSSIAN,6,22001,908,12.601916,15.11468,-2.512764,895,0,1.6109238,0.0,0.0
909,DIAGONAL_GAUSSIAN,6,22001,909,14.620523,15.22102,-0.6004963,567,0,1.2041817,1.0,0.0
910,DIAGONAL_GAUSSIAN,6,22001,910,10.477246,10.775505,-0.29825878,813,0,1.6023626,1.0,0.0
911,DIAGONAL_GAUSSIAN,6,22001,911,9.101991,12.362021,-3.2600307,616,0,1.5737457,0.0,0.0
912,DIAGONAL_GAUSSIAN,6,22001,912,15.36108,9.278527,6.082553,912,1,0.69487286,0.0,0.0
913,DIAGONAL_GAUSSIAN,6,22001,913,18.976276,14.483895,4.492381,913,1,3.8315802,0.0,0.0
914,DIAGONAL_GAUSSIAN,6,22001,914,21.559282,15.440299,6.1189833,914,1,-0.1050539,0.0,0.0
915,DIAGONAL_GAUSSIAN,6,22001,915,9.196539,11.480524,-2.2839851,580,0,4.159625,1.0,0.0
916,DIAGONAL_GAUSSIAN,6,22001,916,15.74044,8.105106,7.635334,916,1,0.82292557,0.0,0.0
917,DIAGONAL_GAUSSIAN,6,22001,917,12.818899,9.322631,3.4962683,917,1,-0.96946335,0.0,0.0
918,DIAGONAL_GAUSSIAN,6,22001,918,13.515158,11.668547,1.846611,918,1,2.0569277,0.0,0.0
919,DIAGONAL_GAUSSIAN,6,22001,919,0.8890392,9.969502,-9.080463,630,0,-0.58788776,0.0,0.0
920,DIAGONAL_GAUSSIAN,6,22001,920,11.079383,11.116017,-0.036634445,919,0,-0.8235378,0.0,0.0
921,DIAGONAL_GAUSSIAN,6,22001,921,11.147805,10.107369,1.0404358,921,1,-1.1097412,0.0,1.0
922,DIAGONAL_GAUSSIAN,6,22001,922,13.173322,8.915321,4.2580004,922,1,2.4967422,0.0,0.0
923,DIAGONAL_GAUSSIAN,6,22001,923,14.024962,12.188354,1.8366089,923,1,1.4060669,0.0,0.0
924,DIAGONAL_GAUSSIAN,6,22001,924,19.73615,11.300299,8.435852,924,1,3.3055735,0.0,0.0
925,DIAGONAL_GAUSSIAN,6,22001,925,16.544277,13.114387,3.4298906,925,1,0.6248131,0.0,0.0
926,DIAGONAL_GAUSSIAN,6,22001,926,15.596481,12.365112,3.231369,926,1,-0.3143444,0.0,0.0
927,DIAGONAL_GAUSSIAN,6,22001,927,18.734324,14.928415,3.8059082,927,1,-0.8283863,0.0,0.0
928,DIAGONAL_GAUSSIAN,6,22001,928,12.87222,13.841356,-0.96913624,960,0,-0.15472317,0.0,0.0
929,DIAGONAL_GAUSSIAN,6,22001,929,14.399167,10.546265,3.8529024,929,1,1.058404,0.0,0.0
930,DIAGONAL_GAUSSIAN,6,22001,930,12.486683,11.037145,1.4495382,930,1,1.8451824,0.0,0.0
931,DIAGONAL_GAUSSIAN,6,22001,931,18.060461,14.112686,3.947775,931,1,1.3548851,0.0,0.0
932,DIAGONAL_GAUSSIAN,6,22001,932,13.0921755,11.09898,1.9931955,932,1,1.3154364,0.0,0.0
933,DIAGONAL_GAUSSIAN,6,22001,933,16.46691,11.348989,5.117921,933,1,1.2694511,0.0,0.0
934,DIAGONAL_GAUSSIAN,6,22001,934,20.97793,11.593289,9.384641,934,1,0.0143013,0.0,0.0
935,DIAGONAL_GAUSSIAN,6,22001,935,12.860719,10.617849,2.2428694,935,1,-0.20592976,0.0,0.0
936,DIAGONAL_GAUSSIAN,6,22001,936,14.140363,10.22362,3.9167423,936,1,1.6511135,0.0,0.0
937,DIAGONAL_GAUSSIAN,6,22001,937,13.435421,9.416714,4.0187073,937,1,2.7419624,0.0,0.0
938,DIAGONAL_GAUSSIAN,6,22001,938,19.001562,14.807625,4.1939373,938,1,-0.8529129,0.0,0.0
939,DIAGONAL_GAUSSIAN,6,22001,939,14.126862,12.831436,1.2954254,939,1,0.82207966,0.0,0.0
940,DIAGONAL_GAUSSIAN,6,22001,940,18.190838,13.595962,4.5948763,940,1,0.53904057,0.0,0.0
941,DIAGONAL_GAUSSIAN,6,22001,941,15.54926,11.942816,3.6064444,941,1,0.005098343,0.0,0.0
942,DIAGONAL_GAUSSIAN,6,22001,942,9.545898,10.113329,-0.5674305,659,0,-0.3763399,0.0,0.0
943,DIAGONAL_GAUSSIAN,6,22001,943,18.773586,12.409176,6.3644104,943,1,-0.82039833,0.0,0.0
944,DIAGONAL_GAUSSIAN,6,22001,944,17.397902,12.451813,4.946089,944,1,1.4834042,0.0,0.0
945,DIAGONAL_GAUSSIAN,6,22001,945,15.687615,12.131295,3.5563202,945,1,3.2503414,0.0,0.0
946,DIAGONAL_GAUSSIAN,6,22001,946,15.244079,8.234093,7.009986,946,1,-1.3748989,0.0,0.0
947,DIAGONAL_GAUSSIAN,6,22001,947,15.961132,17.733932,-1.7728004,992,0,0.22154999,0.0,0.0
948,DIAGONAL_GAUSSIAN,6,22001,948,13.829114,9.091954,4.7371597,948,1,0.043631554,0.0,0.0
949,DIAGONAL_GAUSSIAN,6,22001,949,12.023186,11.02177,1.0014162,949,1,1.7197723,0.0,0.0
950,DIAGONAL_GAUSSIAN,6,22001,950,18.305082,11.559385,6.745697,950,1,-0.10894203,0.0,0.0
951,DIAGONAL_GAUSSIAN,6,22001,951,15.173616,13.538711,1.6349058,951,1,1.8274364,0.0,0.0
952,DIAGONAL_GAUSSIAN,6,22001,952,14.289373,13.135936,1.1534376,952,1,1.4819088,0.0,0.0
953,DIAGONAL_GAUSSIAN,6,22001,953,14.672081,11.294242,3.377839,953,1,2.6776037,0.0,0.0
954,DIAGONAL_GAUSSIAN,6,22001,954,17.297426,9.832619,7.4648075,954,1,-0.7788944,0.0,0.0
955,DIAGONAL_GAUSSIAN,6,22001,955,19.753834,10.625365,9.1284685,955,1,-0.5159941,0.0,0.0
956,DIAGONAL_GAUSSIAN,6,22001,956,17.006632,10.76832,6.238312,956,1,1.1954479,0.0,0.0
957,DIAGONAL_GAUSSIAN,6,22001,957,15.032932,9.389845,5.6430874,957,1,0.5548563,0.0,0.0
958,DIAGONAL_GAUSSIAN,6,22001,958,15.217058,13.101595,2.1154633,958,1,0.9090414,0.0,0.0
959,DIAGONAL_GAUSSIAN,6,22001,959,17.084877,12.129923,4.954954,959,1,0.39557076,0.0,0.0
960,DIAGONAL_GAUSSIAN,6,22001,960,13.858057,12.246869,1.6111879,960,1,0.8369446,0.0,0.0
961,DIAGONAL_GAUSSIAN,6,22001,961,10.102531,11.630966,-1.5284348,712,0,3.2301245,1.0,0.0
962,DIAGONAL_GAUSSIAN,6,22001,962,13.411458,10.668094,2.7433643,962,1,0.47835827,0.0,0.0
963,DIAGONAL_GAUSSIAN,6,22001,963,-0.3486646,13.421199,-13.769863,335,0,-0.65257645,0.0,0.0
964,DIAGONAL_GAUSSIAN,6,22001,964,7.9343276,12.608316,-4.673989,455,0,3.3996177,0.0,0.0
965,DIAGONAL_GAUSSIAN,6,22001,965,13.4648695,10.12696,3.3379097,965,1,-1.3939056,0.0,0.0
966,DIAGONAL_GAUSSIAN,6,22001,966,6.7229443,11.373374,-4.6504297,633,0,-1.0984001,0.0,0.0
967,DIAGONAL_GAUSSIAN,6,22001,967,11.345277,12.49811,-1.152833,969,0,-0.018352509,0.0,0.0
968,DIAGONAL_GAUSSIAN,6,22001,968,12.034426,11.713845,0.32058048,968,1,0.76955795,0.0,0.0
969,DIAGONAL_GAUSSIAN,6,22001,969,10.776639,9.520418,1.2562208,969,1,-1.3206911,0.0,1.0
970,DIAGONAL_GAUSSIAN,6,22001,970,13.031678,12.159526,0.8721523,970,1,-1.5463581,0.0,1.0
971,DIAGONAL_GAUSSIAN,6,22001,971,20.056358,10.696279,9.36008,971,1,-1.3120861,0.0,0.0
972,DIAGONAL_GAUSSIAN,6,22001,972,13.034596,10.564777,2.469819,972,1,-1.401434,0.0,0.0
973,DIAGONAL_GAUSSIAN,6,22001,973,16.405268,15.221901,1.1833668,973,1,-0.07389355,0.0,0.0
974,DIAGONAL_GAUSSIAN,6,22001,974,14.731069,14.0702915,0.6607771,974,1,1.0467863,0.0,0.0
975,DIAGONAL_GAUSSIAN,6,22001,975,12.325394,9.726491,2.5989027,975,1,-0.4319849,0.0,0.0
976,DIAGONAL_GAUSSIAN,6,22001,976,13.504956,12.6409235,0.86403275,976,1,2.5545244,0.0,0.0
977,DIAGONAL_GAUSSIAN,6,22001,977,13.056304,9.485735,3.570569,977,1,0.28672695,0.0,0.0
978,DIAGONAL_GAUSSIAN,6,22001,978,13.827993,13.272553,0.55543995,978,1,-0.71475506,0.0,1.0
979,DIAGONAL_GAUSSIAN,6,22001,979,10.806349,11.462693,-0.6563444,975,0,1.9741573,1.0,0.0
980,DIAGONAL_GAUSSIAN,6,22001,980,3.3352535,8.877281,-5.5420275,807,0,-0.59352016,0.0,0.0
981,DIAGONAL_GAUSSIAN,6,22001,981,16.831465,16.261349,0.57011604,981,1,-0.62584686,0.0,1.0
982,DIAGONAL_GAUSSIAN,6,22001,982,12.288267,9.807147,2.48112,982,1,-0.21401882,0.0,0.0
983,DIAGONAL_GAUSSIAN,6,22001,983,16.058977,13.964986,2.0939913,983,1,1.4268436,0.0,0.0
984,DIAGONAL_GAUSSIAN,6,22001,984,18.082323,7.994568,10.087755,984,1,1.1495695,0.0,0.0
985,DIAGONAL_GAUSSIAN,6,22001,985,8.5428705,8.496074,0.0467968,985,1,1.9274216,0.0,0.0
986,DIAGONAL_GAUSSIAN,6,22001,986,20.547592,8.806883,11.740709,986,1,0.006038666,0.0,0.0
987,DIAGONAL_GAUSSIAN,6,22001,987,18.901806,18.755243,0.14656258,987,1,-0.35264587,0.0,1.0
988,DIAGONAL_GAUSSIAN,6,22001,988,17.392149,9.601184,7.790965,988,1,-1.973383,0.0,0.0
989,DIAGONAL_GAUSSIAN,6,22001,989,17.63193,12.614547,5.0173826,989,1,4.5610332,0.0,0.0
990,DIAGONAL_GAUSSIAN,6,22001,990,12.903437,13.506394,-0.6029577,988,0,3.6539278,1.0,0.0
991,DIAGONAL_GAUSSIAN,6,22001,991,17.560461,15.686466,1.8739948,991,1,0.6904144,0.0,0.0
992,DIAGONAL_GAUSSIAN,6,22001,992,12.9090605,13.770879,-0.8618183,947,0,2.9174757,1.0,0.0
993,DIAGONAL_GAUSSIAN,6,22001,993,22.183601,14.918158,7.265444,993,1,0.82558537,0.0,0.0
994,DIAGONAL_GAUSSIAN,6,22001,994,10.942178,8.861316,2.080862,994,1,0.3471403,0.0,0.0
995,DIAGONAL_GAUSSIAN,6,22001,995,17.853662,13.325924,4.5277386,995,1,3.7947483,0.0,0.0
996,DIAGONAL_GAUSSIAN,6,22001,996,16.188972,8.637704,7.5512686,996,1,0.06464481,0.0,0.0
997,DIAGONAL_GAUSSIAN,6,22001,997,17.38714,17.016075,0.37106514,997,1,0.32935715,0.0,0.0
998,DIAGONAL_GAUSSIAN,6,22001,998,17.11908,15.541272,1.5778074,998,1,-0.63714695,0.0,0.0
999,DIAGONAL_GAUSSIAN,6,22001,999,8.287929,8.683916,-0.3959875,861,0,1.6484966,1.0,0.0
0,DIAGONAL_GAUSSIAN,6,22002,0,16.842916,11.162544,5.680372,0,1,2.1736174,0.0,0.0
1,DIAGONAL_GAUSSIAN,6,22002,1,15.454406,12.00349,3.4509153,1,1,0.38370895,0.0,0.0
2,DIAGONAL_GAUSSIAN,6,22002,2,16.86039,13.526873,3.333517,2,1,1.0998554,0.0,0.0
3,DIAGONAL_GAUSSIAN,6,22002,3,13.102792,10.898662,2.2041302,3,1,1.3190947,0.0,0.0
4,DIAGONAL_GAUSSIAN,6,22002,4,18.181149,18.152409,0.02873993,4,1,0.5704441,0.0,0.0
5,DIAGONAL_GAUSSIAN,6,22002,5,16.84926,8.75688,8.092381,5,1,-1.6557903,0.0,0.0
6,DIAGONAL_GAUSSIAN,6,22002,6,12.856178,11.952961,0.9032173,6,1,0.49498558,0.0,0.0
7,DIAGONAL_GAUSSIAN,6,22002,7,17.375914,11.547935,5.827979,7,1,-0.6114712,0.0,0.0
8,DIAGONAL_GAUSSIAN,6,22002,8,10.965226,10.774227,0.19099903,8,1,2.034562,0.0,0.0
9,DIAGONAL_GAUSSIAN,6,22002,9,14.927377,8.470632,6.456745,9,1,0.67318535,0.0,0.0
10,DIAGONAL_GAUSSIAN,6,22002,10,18.440626,12.427961,6.012665,10,1,1.7675104,0.0,0.0
11,DIAGONAL_GAUSSIAN,6,22002,11,18.704584,13.594654,5.10993,11,1,-0.18922329,0.0,0.0
12,DIAGONAL_GAUSSIAN,6,22002,12,14.009848,12.017802,1.9920454,12,1,-0.28975487,0.0,0.0
13,DIAGONAL_GAUSSIAN,6,22002,13,16.569912,11.292621,5.2772913,13,1,-1.681324,0.0,0.0
14,DIAGONAL_GAUSSIAN,6,22002,14,18.815681,13.770416,5.045265,14,1,3.257803,0.0,0.0
15,DIAGONAL_GAUSSIAN,6,22002,15,19.12478,13.4665165,5.658264,15,1,2.2705116,0.0,0.0
16,DIAGONAL_GAUSSIAN,6,22002,16,18.16099,11.068015,7.0929747,16,1,1.8488045,0.0,0.0
17,DIAGONAL_GAUSSIAN,6,22002,17,11.207873,9.814878,1.3929949,17,1,1.0624933,0.0,0.0
18,DIAGONAL_GAUSSIAN,6,22002,18,14.076215,11.798907,2.2773075,18,1,2.0436525,0.0,0.0
19,DIAGONAL_GAUSSIAN,6,22002,19,21.16835,11.255086,9.913264,19,1,-0.70025444,0.0,0.0
20,DIAGONAL_GAUSSIAN,6,22002,20,17.422184,11.595484,5.8267,20,1,1.6151228,0.0,0.0
21,DIAGONAL_GAUSSIAN,6,22002,21,7.7175064,8.957125,-1.2396183,80,0,1.5271454,1.0,0.0
22,DIAGONAL_GAUSSIAN,6,22002,22,13.735101,11.423874,2.3112268,22,1,1.4331894,0.0,0.0
23,DIAGONAL_GAUSSIAN,6,22002,23,13.30328,12.165056,1.1382236,23,1,1.720231,0.0,0.0
24,DIAGONAL_GAUSSIAN,6,22002,24,20.203245,10.954001,9.249244,24,1,1.3443136,0.0,0.0
25,DIAGONAL_GAUSSIAN,6,22002,25,19.385378,16.740372,2.6450062,25,1,0.79951096,0.0,0.0
26,DIAGONAL_GAUSSIAN,6,22002,26,17.037998,20.51056,-3.472561,28,0,-0.2333355,0.0,0.0
27,DIAGONAL_GAUSSIAN,6,22002,27,14.693477,18.224619,-3.5311422,26,0,-0.8262043,0.0,0.0
28,DIAGONAL_GAUSSIAN,6,22002,28,19.137114,14.893092,4.2440214,28,1,-0.56320286,0.0,0.0
29,DIAGONAL_GAUSSIAN,6,22002,29,18.193779,12.495069,5.6987104,29,1,-1.5342836,0.0,0.0
30,DIAGONAL_GAUSSIAN,6,22002,30,17.295115,13.926477,3.368637,30,1,-1.1827908,0.0,0.0
31,DIAGONAL_GAUSSIAN,6,22002,31,16.083252,14.202871,1.8803806,31,1,0.8402004,0.0,0.0
32,DIAGONAL_GAUSSIAN,6,22002,32,10.481781,13.013011,-2.53123,126,0,1.340601,0.0,0.0
33,DIAGONAL_GAUSSIAN,6,22002,33,12.054654,9.657678,2.3969765,33,1,0.15829945,0.0,0.0
34,DIAGONAL_GAUSSIAN,6,22002,34,5.2611847,9.74852,-4.487335,980,0,0.022266388,0.0,0.0
35,DIAGONAL_GAUSSIAN,6,22002,35,18.74454,17.954638,0.78990173,35,1,1.0219383,0.0,0.0
36,DIAGONAL_GAUSSIAN,6,22002,36,18.695509,18.340805,0.3547039,36,1,-1.0466824,0.0,1.0
37,DIAGONAL_GAUSSIAN,6,22002,37,15.319334,14.335563,0.9837713,37,1,3.3518076,0.0,0.0
38,DIAGONAL_GAUSSIAN,6,22002,38,11.676835,12.349007,-0.6721716,28,0,-0.9897928,0.0,0.0
39,DIAGONAL_GAUSSIAN,6,22002,39,18.32611,12.353467,5.972644,39,1,0.31787777,0.0,0.0
40,DIAGONAL_GAUSSIAN,6,22002,40,17.756317,16.358755,1.397562,40,1,0.5912323,0.0,0.0
41,DIAGONAL_GAUSSIAN,6,22002,41,19.278574,14.686366,4.592208,41,1,-1.0983381,0.0,0.0
42,DIAGONAL_GAUSSIAN,6,22002,42,15.027766,13.125212,1.9025545,42,1,2.67879,0.0,0.0
43,DIAGONAL_GAUSSIAN,6,22002,43,18.033329,11.910851,6.1224785,43,1,1.4590998,0.0,0.0
44,DIAGONAL_GAUSSIAN,6,22002,44,20.904406,15.73331,5.171096,44,1,1.2872229,0.0,0.0
45,DIAGONAL_GAUSSIAN,6,22002,45,2.6605046,6.473339,-3.8128345,62,0,4.3150215,1.0,0.0
46,DIAGONAL_GAUSSIAN,6,22002,46,15.15907,14.914436,0.24463367,46,1,-1.8668585,0.0,1.0
47,DIAGONAL_GAUSSIAN,6,22002,47,21.064566,12.095761,8.968804,47,1,-2.6192846,0.0,0.0
48,DIAGONAL_GAUSSIAN,6,22002,48,18.030481,13.405714,4.6247673,48,1,1.9074392,0.0,0.0
49,DIAGONAL_GAUSSIAN,6,22002,49,9.883234,11.300603,-1.4173689,344,0,2.8319454,1.0,0.0
50,DIAGONAL_GAUSSIAN,6,22002,50,12.099222,11.604286,0.494936,50,1,1.3117857,0.0,0.0
51,DIAGONAL_GAUSSIAN,6,22002,51,9.856924,9.597497,0.25942707,51,1,2.393054,0.0,0.0
52,DIAGONAL_GAUSSIAN,6,22002,52,17.910185,15.369016,2.5411692,52,1,0.16143703,0.0,0.0
53,DIAGONAL_GAUSSIAN,6,22002,53,21.301949,16.81802,4.4839287,53,1,-0.58906937,0.0,0.0
54,DIAGONAL_GAUSSIAN,6,22002,54,12.750214,17.257872,-4.507658,58,0,0.5570564,0.0,0.0
55,DIAGONAL_GAUSSIAN,6,22002,55,15.895891,18.770256,-2.8743649,64,0,1.5693369,0.0,0.0
56,DIAGONAL_GAUSSIAN,6,22002,56,16.45037,13.616436,2.8339348,56,1,-0.12224102,0.0,0.0
57,DIAGONAL_GAUSSIAN,6,22002,57,14.089093,15.312432,-1.2233391,58,0,1.3583927,1.0,0.0
58,DIAGONAL_GAUSSIAN,6,22002,58,15.868181,14.517501,1.3506804,58,1,-0.35565853,0.0,0.0
59,DIAGONAL_GAUSSIAN,6,22002,59,19.738894,16.794886,2.9440079,59,1,0.14894867,0.0,0.0
60,DIAGONAL_GAUSSIAN,6,22002,60,15.709183,13.814352,1.8948307,60,1,0.3269043,0.0,0.0
61,DIAGONAL_GAUSSIAN,6,22002,61,18.63084,14.455787,4.1750536,61,1,0.6784458,0.0,0.0
62,DIAGONAL_GAUSSIAN,6,22002,62,12.254275,11.904223,0.35005188,62,1,-0.4668398,0.0,1.0
63,DIAGONAL_GAUSSIAN,6,22002,63,23.666765,16.804647,6.862118,63,1,-0.35180283,0.0,0.0
64,DIAGONAL_GAUSSIAN,6,22002,64,13.488061,12.959997,0.5280638,64,1,1.4936295,0.0,0.0
65,DIAGONAL_GAUSSIAN,6,22002,65,17.690554,12.83781,4.852744,65,1,-0.19312286,0.0,0.0
66,DIAGONAL_GAUSSIAN,6,22002,66,18.324636,16.933949,1.390688,66,1,0.5743904,0.0,0.0
67,DIAGONAL_GAUSSIAN,6,22002,67,14.409223,15.724487,-1.3152647,68,0,1.5071192,1.0,0.0
68,DIAGONAL_GAUSSIAN,6,22002,68,14.664922,16.135738,-1.4708166,66,0,0.2076559,0.0,0.0
69,DIAGONAL_GAUSSIAN,6,22002,69,16.50921,14.845113,1.6640978,69,1,2.306962,0.0,0.0
70,DIAGONAL_GAUSSIAN,6,22002,70,18.891527,12.535011,6.356516,70,1,2.1400995,0.0,0.0
71,DIAGONAL_GAUSSIAN,6,22002,71,21.147345,13.603426,7.5439186,71,1,1.6500616,0.0,0.0
72,DIAGONAL_GAUSSIAN,6,22002,72,19.030184,16.625751,2.4044323,72,1,-1.0999546,0.0,0.0
73,DIAGONAL_GAUSSIAN,6,22002,73,17.966349,12.064329,5.9020195,73,1,-0.78125095,0.0,0.0
74,DIAGONAL_GAUSSIAN,6,22002,74,13.687648,15.893945,-2.206297,73,0,0.3745489,0.0,0.0
75,DIAGONAL_GAUSSIAN,6,22002,75,19.985394,16.286142,3.6992512,75,1,0.3589716,0.0,0.0
76,DIAGONAL_GAUSSIAN,6,22002,76,19.24675,15.16463,4.08212,76,1,0.53767014,0.0,0.0
77,DIAGONAL_GAUSSIAN,6,22002,77,16.198208,17.612873,-1.4146652,73,0,1.1770325,0.0,0.0
78,DIAGONAL_GAUSSIAN,6,22002,78,18.859798,12.773641,6.086158,78,1,0.10280609,0.0,0.0
79,DIAGONAL_GAUSSIAN,6,22002,79,17.57745,14.899535,2.6779146,79,1,0.7314415,0.0,0.0
80,DIAGONAL_GAUSSIAN,6,22002,80,21.43217,11.331711,10.10046,80,1,-0.70283127,0.0,0.0
81,DIAGONAL_GAUSSIAN,6,22002,81,17.780397,9.457166,8.323232,81,1,1.9829893,0.0,0.0
82,DIAGONAL_GAUSSIAN,6,22002,82,18.508898,15.316089,3.192809,82,1,0.22040367,0.0,0.0
83,DIAGONAL_GAUSSIAN,6,22002,83,18.551048,12.913611,5.637437,83,1,1.6404238,0.0,0.0
84,DIAGONAL_GAUSSIAN,6,22002,84,13.444675,9.156888,4.2877874,84,1,-1.069294,0.0,0.0
85,DIAGONAL_GAUSSIAN,6,22002,85,18.08196,13.759013,4.3229475,85,1,0.8597441,0.0,0.0
86,DIAGONAL_GAUSSIAN,6,22002,86,18.753273,17.087238,1.6660347,86,1,0.31371307,0.0,0.0
87,DIAGONAL_GAUSSIAN,6,22002,87,11.496072,8.179528,3.3165436,87,1,2.2097073,0.0,0.0
88,DIAGONAL_GAUSSIAN,6,22002,88,15.947515,8.0674515,7.880063,88,1,-1.0232878,0.0,0.0
89,DIAGONAL_GAUSSIAN,6,22002,89,16.098026,10.668769,5.4292574,89,1,1.57269,0.0,0.0
90,DIAGONAL_GAUSSIAN,6,22002,90,17.96187,10.228687,7.733183,90,1,0.52799416,0.0,0.0
91,DIAGONAL_GAUSSIAN,6,22002,91,20.85883,13.924402,6.9344273,91,1,2.31178,0.0,0.0
92,DIAGONAL_GAUSSIAN,6,22002,92,21.08078,12.453693,8.627087,92,1,-0.29287338,0.0,0.0
93,DIAGONAL_GAUSSIAN,6,22002,93,9.742227,7.8019257,1.940301,93,1,2.558735,0.0,0.0
94,DIAGONAL_GAUSSIAN,6,22002,94,18.61591,16.016771,2.5991383,94,1,-0.23707008,0.0,0.0
95,DIAGONAL_GAUSSIAN,6,22002,95,18.9876,13.619032,5.3685684,95,1,2.5972567,0.0,0.0
96,DIAGONAL_GAUSSIAN,6,22002,96,20.01002,15.499056,4.5109634,96,1,0.21186066,0.0,0.0
97,DIAGONAL_GAUSSIAN,6,22002,97,13.339396,11.821033,1.518364,97,1,0.0710659,0.0,0.0
98,DIAGONAL_GAUSSIAN,6,22002,98,21.50348,8.972206,12.531275,98,1,0.9230442,0.0,0.0
99,DIAGONAL_GAUSSIAN,6,22002,99,11.8567915,11.12477,0.73202133,99,1,0.6952028,0.0,0.0
100,DIAGONAL_GAUSSIAN,6,22002,100,20.704496,14.041185,6.663311,100,1,-0.2820139,0.0,0.0
101,DIAGONAL_GAUSSIAN,6,22002,101,19.388685,18.917257,0.47142792,101,1,-0.445467,0.0,0.0
102,DIAGONAL_GAUSSIAN,6,22002,102,19.528214,12.805216,6.7229977,102,1,-0.021118164,0.0,0.0
103,DIAGONAL_GAUSSIAN,6,22002,103,16.59388,10.510497,6.0833826,103,1,1.1547604,0.0,0.0
104,DIAGONAL_GAUSSIAN,6,22002,104,12.880838,12.378789,0.50204945,104,1,2.7388277,0.0,0.0
105,DIAGONAL_GAUSSIAN,6,22002,105,20.026419,15.683317,4.3431015,105,1,2.8589191,0.0,0.0
106,DIAGONAL_GAUSSIAN,6,22002,106,18.725805,14.779284,3.9465218,106,1,2.2277365,0.0,0.0
107,DIAGONAL_GAUSSIAN,6,22002,107,13.541876,8.973931,4.5679445,107,1,4.2940407,0.0,0.0
108,DIAGONAL_GAUSSIAN,6,22002,108,16.392736,15.623169,0.7695675,108,1,-0.8879585,0.0,1.0
109,DIAGONAL_GAUSSIAN,6,22002,109,10.477742,8.694903,1.7828388,109,1,1.0653934,0.0,0.0
110,DIAGONAL_GAUSSIAN,6,22002,110,23.467846,19.13517,4.332676,110,1,0.33705902,0.0,0.0
111,DIAGONAL_GAUSSIAN,6,22002,111,16.292713,10.684663,5.6080503,111,1,0.116812706,0.0,0.0
112,DIAGONAL_GAUSSIAN,6,22002,112,9.303709,10.146587,-0.84287834,126,0,2.0430346,1.0,0.0
113,DIAGONAL_GAUSSIAN,6,22002,113,21.924953,14.941681,6.9832726,113,1,-0.1736145,0.0,0.0
114,DIAGONAL_GAUSSIAN,6,22002,114,6.1570582,11.349418,-5.1923594,110,0,0.43016386,0.0,0.0
115,DIAGONAL_GAUSSIAN,6,22002,115,14.528057,15.509255,-0.9811983,329,0,3.768777,1.0,0.0
116,DIAGONAL_GAUSSIAN,6,22002,116,20.35553,10.863593,9.491937,116,1,-0.56102943,0.0,0.0
117,DIAGONAL_GAUSSIAN,6,22002,117,19.281227,9.14854,10.132688,117,1,-0.40845394,0.0,0.0
118,DIAGONAL_GAUSSIAN,6,22002,118,18.74036,16.710379,2.0299816,118,1,-0.32990646,0.0,0.0
119,DIAGONAL_GAUSSIAN,6,22002,119,15.578088,14.699311,0.87877655,119,1,2.503954,0.0,0.0
120,DIAGONAL_GAUSSIAN,6,22002,120,15.832074,14.734498,1.0975761,120,1,1.089221,0.0,0.0
121,DIAGONAL_GAUSSIAN,6,22002,121,14.970325,13.147339,1.8229866,121,1,1.6615105,0.0,0.0
122,DIAGONAL_GAUSSIAN,6,22002,122,18.365532,13.891689,4.4738426,122,1,0.776886,0.0,0.0
123,DIAGONAL_GAUSSIAN,6,22002,123,13.797621,12.856209,0.941412,123,1,-0.37755108,0.0,0.0
124,DIAGONAL_GAUSSIAN,6,22002,124,14.787024,13.161821,1.6252022,124,1,0.11968517,0.0,0.0
125,DIAGONAL_GAUSSIAN,6,22002,125,19.621746,14.748717,4.8730288,125,1,0.116690636,0.0,0.0
126,DIAGONAL_GAUSSIAN,6,22002,126,8.625543,10.8697,-2.2441578,125,0,0.06722641,0.0,0.0
127,DIAGONAL_GAUSSIAN,6,22002,127,20.280266,18.954771,1.3254948,127,1,0.10037613,0.0,0.0
128,DIAGONAL_GAUSSIAN,6,22002,128,12.921671,9.811099,3.1105719,128,1,0.032707214,0.0,0.0
129,DIAGONAL_GAUSSIAN,6,22002,129,18.271101,12.815658,5.4554434,129,1,1.1028051,0.0,0.0
130,DIAGONAL_GAUSSIAN,6,22002,130,17.161354,10.150771,7.010583,130,1,0.2532406,0.0,0.0
131,DIAGONAL_GAUSSIAN,6,22002,131,13.844879,14.361276,-0.5163965,134,0,2.4790964,1.0,0.0
132,DIAGONAL_GAUSSIAN,6,22002,132,12.400671,9.222692,3.1779795,132,1,0.06581116,0.0,0.0
133,DIAGONAL_GAUSSIAN,6,22002,133,17.513693,11.482261,6.031432,133,1,1.8834562,0.0,0.0
134,DIAGONAL_GAUSSIAN,6,22002,134,13.881751,11.538572,2.3431787,134,1,0.5666485,0.0,0.0
135,DIAGONAL_GAUSSIAN,6,22002,135,20.929243,12.268932,8.660311,135,1,0.7752361,0.0,0.0
136,DIAGONAL_GAUSSIAN,6,22002,136,20.128002,14.870187,5.2578154,136,1,1.1600142,0.0,0.0
137,DIAGONAL_GAUSSIAN,6,22002,137,15.189979,11.048313,4.1416655,137,1,1.1034489,0.0,0.0
138,DIAGONAL_GAUSSIAN,6,22002,138,10.821729,16.709751,-5.8880224,80,0,4.0631323,0.0,0.0
139,DIAGONAL_GAUSSIAN,6,22002,139,18.250093,12.492615,5.7574787,139,1,-0.41546154,0.0,0.0
140,DIAGONAL_GAUSSIAN,6,22002,140,21.496262,14.552869,6.9433928,140,1,0.7465086,0.0,0.0
141,DIAGONAL_GAUSSIAN,6,22002,141,21.8676,14.974129,6.893471,141,1,-0.52107716,0.0,0.0
142,DIAGONAL_GAUSSIAN,6,22002,142,24.10278,17.074415,7.028364,142,1,-0.2664833,0.0,0.0
143,DIAGONAL_GAUSSIAN,6,22002,143,19.824062,11.118817,8.705245,143,1,2.4152155,0.0,0.0
144,DIAGONAL_GAUSSIAN,6,22002,144,5.9674025,8.700801,-2.7333984,2,0,3.5287924,1.0,0.0
145,DIAGONAL_GAUSSIAN,6,22002,145,9.218114,9.074002,0.14411163,145,1,3.2508163,0.0,0.0
146,DIAGONAL_GAUSSIAN,6,22002,146,16.417412,10.352195,6.065217,146,1,3.404273,0.0,0.0
147,DIAGONAL_GAUSSIAN,6,22002,147,19.386757,14.235257,5.1514997,147,1,2.353858,0.0,0.0
148,DIAGONAL_GAUSSIAN,6,22002,148,17.187637,9.97766,7.209977,148,1,0.86012936,0.0,0.0
149,DIAGONAL_GAUSSIAN,6,22002,149,14.316918,9.793672,4.523247,149,1,-2.426961,0.0,0.0
150,DIAGONAL_GAUSSIAN,6,22002,150,16.810572,12.462024,4.348548,150,1,1.0338993,0.0,0.0
151,DIAGONAL_GAUSSIAN,6,22002,151,7.355878,10.47247,-3.1165924,208,0,0.64651394,0.0,0.0
152,DIAGONAL_GAUSSIAN,6,22002,152,20.455982,17.586645,2.869337,152,1,1.627367,0.0,0.0
153,DIAGONAL_GAUSSIAN,6,22002,153,14.736889,13.12124,1.6156492,153,1,0.57795715,0.0,0.0
154,DIAGONAL_GAUSSIAN,6,22002,154,17.856857,14.230271,3.626586,154,1,0.17473984,0.0,0.0
155,DIAGONAL_GAUSSIAN,6,22002,155,15.343927,14.088143,1.255784,155,1,-0.20932388,0.0,0.0
156,DIAGONAL_GAUSSIAN,6,22002,156,15.05118,10.737513,4.3136673,156,1,0.05201435,0.0,0.0
157,DIAGONAL_GAUSSIAN,6,22002,157,14.952947,11.917603,3.0353441,157,1,0.044672012,0.0,0.0
158,DIAGONAL_GAUSSIAN,6,22002,158,15.207631,15.93722,-0.7295885,237,0,-0.05228901,0.0,0.0
159,DIAGONAL_GAUSSIAN,6,22002,159,14.704305,13.020692,1.6836128,159,1,1.588788,0.0,0.0
160,DIAGONAL_GAUSSIAN,6,22002,160,19.550634,12.29627,7.254364,160,1,-0.3187294,0.0,0.0
161,DIAGONAL_GAUSSIAN,6,22002,161,19.703362,14.918288,4.7850733,161,1,-0.27566433,0.0,0.0
162,DIAGONAL_GAUSSIAN,6,22002,162,16.938326,12.988427,3.9498987,162,1,0.478796,0.0,0.0
163,DIAGONAL_GAUSSIAN,6,22002,163,16.610027,16.636002,-0.025974274,165,0,0.0050697327,0.0,0.0
164,DIAGONAL_GAUSSIAN,6,22002,164,16.330427,15.973425,0.35700226,164,1,0.70051,0.0,0.0
165,DIAGONAL_GAUSSIAN,6,22002,165,17.780611,12.648661,5.1319504,165,1,0.30770302,0.0,0.0
166,DIAGONAL_GAUSSIAN,6,22002,166,12.652921,12.124973,0.5279474,166,1,1.6265717,0.0,0.0
167,DIAGONAL_GAUSSIAN,6,22002,167,17.38923,17.960545,-0.57131386,164,0,-1.4710026,0.0,0.0
168,DIAGONAL_GAUSSIAN,6,22002,168,17.271948,16.15613,1.115818,168,1,0.33001518,0.0,0.0
169,DIAGONAL_GAUSSIAN,6,22002,169,21.24802,14.827067,6.420953,169,1,0.45823288,0.0,0.0
170,DIAGONAL_GAUSSIAN,6,22002,170,17.830696,14.817218,3.0134783,170,1,0.4080267,0.0,0.0
171,DIAGONAL_GAUSSIAN,6,22002,171,18.039371,14.503441,3.5359306,171,1,-1.0296154,0.0,0.0
172,DIAGONAL_GAUSSIAN,6,22002,172,21.582478,16.73755,4.844927,172,1,0.20088768,0.0,0.0
173,DIAGONAL_GAUSSIAN,6,22002,173,15.784023,11.426523,4.3575,173,1,2.2327013,0.0,0.0
174,DIAGONAL_GAUSSIAN,6,22002,174,17.028303,14.599094,2.4292088,174,1,0.02548027,0.0,0.0
175,DIAGONAL_GAUSSIAN,6,22002,175,16.530645,12.570914,3.959731,175,1,-1.5338926,0.0,0.0
176,DIAGONAL_GAUSSIAN,6,22002,176,15.496903,18.235718,-2.7388144,172,0,-0.081059456,0.0,0.0
177,DIAGONAL_GAUSSIAN,6,22002,177,17.818127,15.192936,2.6251907,177,1,-0.40856743,0.0,0.0
178,DIAGONAL_GAUSSIAN,6,22002,178,16.693338,13.671298,3.0220404,178,1,1.7804403,0.0,0.0
179,DIAGONAL_GAUSSIAN,6,22002,179,13.42922,14.081501,-0.6522808,180,0,-0.22673035,0.0,0.0
180,DIAGONAL_GAUSSIAN,6,22002,180,14.231045,14.770169,-0.5391245,246,0,1.0468864,1.0,0.0
181,DIAGONAL_GAUSSIAN,6,22002,181,15.951827,12.338624,3.613203,181,1,-0.05178356,0.0,0.0
182,DIAGONAL_GAUSSIAN,6,22002,182,13.572226,15.332662,-1.760436,262,0,0.14016438,0.0,0.0
183,DIAGONAL_GAUSSIAN,6,22002,183,18.334085,13.967281,4.366804,183,1,-0.31496334,0.0,0.0
184,DIAGONAL_GAUSSIAN,6,22002,184,15.425621,12.220363,3.2052584,184,1,1.476306,0.0,0.0
185,DIAGONAL_GAUSSIAN,6,22002,185,18.045599,15.412191,2.6334076,185,1,1.2516136,0.0,0.0
186,DIAGONAL_GAUSSIAN,6,22002,186,15.453567,14.947671,0.5058956,186,1,-0.3468132,0.0,0.0
187,DIAGONAL_GAUSSIAN,6,22002,187,13.077592,13.32388,-0.2462883,186,0,0.13380241,0.0,0.0
188,DIAGONAL_GAUSSIAN,6,22002,188,19.3556,14.005079,5.350521,188,1,1.3671436,0.0,0.0
189,DIAGONAL_GAUSSIAN,6,22002,189,18.52972,14.74529,3.7844305,189,1,-0.19452381,0.0,0.0
190,DIAGONAL_GAUSSIAN,6,22002,190,16.663332,15.3268795,1.3364525,190,1,0.89192486,0.0,0.0
191,DIAGONAL_GAUSSIAN,6,22002,191,15.774943,15.613746,0.16119766,191,1,0.7874956,0.0,0.0
192,DIAGONAL_GAUSSIAN,6,22002,192,4.604068,9.162511,-4.558443,206,0,4.705718,1.0,0.0
193,DIAGONAL_GAUSSIAN,6,22002,193,17.139194,14.813609,2.3255854,193,1,-0.5279074,0.0,0.0
194,DIAGONAL_GAUSSIAN,6,22002,194,19.440386,12.970236,6.47015,194,1,1.5861988,0.0,0.0
195,DIAGONAL_GAUSSIAN,6,22002,195,13.187208,10.862186,2.3250217,195,1,-0.5029707,0.0,0.0
196,DIAGONAL_GAUSSIAN,6,22002,196,11.609233,19.338259,-7.729026,198,0,1.4379339,0.0,0.0
197,DIAGONAL_GAUSSIAN,6,22002,197,14.133484,12.642134,1.4913502,197,1,0.5313101,0.0,0.0
198,DIAGONAL_GAUSSIAN,6,22002,198,19.151134,14.712192,4.438943,198,1,-0.9384718,0.0,0.0
199,DIAGONAL_GAUSSIAN,6,22002,199,15.049239,12.083333,2.9659061,199,1,-0.6288948,0.0,0.0
200,DIAGONAL_GAUSSIAN,6,22002,200,14.756007,12.458336,2.2976713,200,1,0.48096466,0.0,0.0
201,DIAGONAL_GAUSSIAN,6,22002,201,18.002426,16.872232,1.1301937,201,1,-0.1752758,0.0,0.0
202,DIAGONAL_GAUSSIAN,6,22002,202,14.072846,14.537946,-0.46509933,184,0,1.3161068,1.0,0.0
203,DIAGONAL_GAUSSIAN,6,22002,203,10.667908,9.317664,1.3502436,203,1,-0.08523941,0.0,0.0
204,DIAGONAL_GAUSSIAN,6,22002,204,10.590495,14.795442,-4.2049465,187,0,3.6486979,0.0,0.0
205,DIAGONAL_GAUSSIAN,6,22002,205,15.373245,11.736955,3.6362906,205,1,0.22727299,0.0,0.0
206,DIAGONAL_GAUSSIAN,6,22002,206,16.620035,13.494522,3.125513,206,1,-0.25731754,0.0,0.0
207,DIAGONAL_GAUSSIAN,6,22002,207,12.929031,9.579744,3.349287,207,1,-0.9139471,0.0,0.0
208,DIAGONAL_GAUSSIAN,6,22002,208,8.662023,12.077008,-3.4149857,225,0,0.32218647,0.0,0.0
209,DIAGONAL_GAUSSIAN,6,22002,209,10.725302,11.030597,-0.305295,227,0,0.6793041,1.0,0.0
210,DIAGONAL_GAUSSIAN,6,22002,210,16.005386,10.768368,5.2370186,210,1,-0.34776497,0.0,0.0
211,DIAGONAL_GAUSSIAN,6,22002,211,18.059723,13.574409,4.4853144,211,1,-1.1482105,0.0,0.0
212,DIAGONAL_GAUSSIAN,6,22002,212,15.643801,13.778973,1.8648281,212,1,0.9277544,0.0,0.0
213,DIAGONAL_GAUSSIAN,6,22002,213,11.494904,16.925507,-5.430603,218,0,-0.58429813,0.0,0.0
214,DIAGONAL_GAUSSIAN,6,22002,214,17.95542,12.088041,5.867378,214,1,1.3872013,0.0,0.0
215,DIAGONAL_GAUSSIAN,6,22002,215,18.195969,12.368664,5.827305,215,1,-0.23305702,0.0,0.0
216,DIAGONAL_GAUSSIAN,6,22002,216,17.403458,14.104014,3.2994432,216,1,0.043797493,0.0,0.0
217,DIAGONAL_GAUSSIAN,6,22002,217,14.893541,12.923615,1.9699259,217,1,1.4115114,0.0,0.0
218,DIAGONAL_GAUSSIAN,6,22002,218,20.854206,16.087736,4.76647,218,1,-0.5630684,0.0,0.0
219,DIAGONAL_GAUSSIAN,6,22002,219,14.020645,12.725544,1.2951012,219,1,-0.019104958,0.0,0.0
220,DIAGONAL_GAUSSIAN,6,22002,220,19.118046,14.625663,4.492383,220,1,1.4908857,0.0,0.0
221,DIAGONAL_GAUSSIAN,6,22002,221,15.263642,13.926255,1.3373871,221,1,0.4162302,0.0,0.0
222,DIAGONAL_GAUSSIAN,6,22002,222,16.41008,13.15885,3.2512302,222,1,-2.3082237,0.0,0.0
223,DIAGONAL_GAUSSIAN,6,22002,223,19.032814,11.708459,7.324355,223,1,0.010714531,0.0,0.0
224,DIAGONAL_GAUSSIAN,6,22002,224,15.790134,9.743926,6.0462084,224,1,0.9476242,0.0,0.0
225,DIAGONAL_GAUSSIAN,6,22002,225,13.2214775,12.652203,0.5692749,225,1,3.7088194,0.0,0.0
226,DIAGONAL_GAUSSIAN,6,22002,226,4.2904873,13.517419,-9.226932,205,0,-0.3317623,0.0,0.0
227,DIAGONAL_GAUSSIAN,6,22002,227,13.048423,11.172256,1.8761663,227,1,1.3884974,0.0,0.0
228,DIAGONAL_GAUSSIAN,6,22002,228,18.794603,12.291411,6.503192,228,1,0.53635883,0.0,0.0
229,DIAGONAL_GAUSSIAN,6,22002,229,18.65018,15.765742,2.8844385,229,1,1.3954115,0.0,0.0
230,DIAGONAL_GAUSSIAN,6,22002,230,6.421984,9.772099,-3.3501143,253,0,0.87897587,0.0,0.0
231,DIAGONAL_GAUSSIAN,6,22002,231,15.695321,17.432716,-1.7373953,230,0,-0.60374355,0.0,0.0
232,DIAGONAL_GAUSSIAN,6,22002,232,14.299703,12.110733,2.1889696,232,1,-0.9979391,0.0,0.0
233,DIAGONAL_GAUSSIAN,6,22002,233,17.72836,10.864445,6.8639145,233,1,0.6349983,0.0,0.0
234,DIAGONAL_GAUSSIAN,6,22002,234,16.639223,12.54039,4.098833,234,1,0.42366123,0.0,0.0
235,DIAGONAL_GAUSSIAN,6,22002,235,14.508892,16.019154,-1.5102615,225,0,0.37597656,0.0,0.0
236,DIAGONAL_GAUSSIAN,6,22002,236,16.125883,14.233813,1.8920698,236,1,1.400012,0.0,0.0
237,DIAGONAL_GAUSSIAN,6,22002,237,15.433842,13.514546,1.9192953,237,1,-0.5768089,0.0,0.0
238,DIAGONAL_GAUSSIAN,6,22002,238,12.787587,15.890437,-3.10285,240,0,1.1540279,0.0,0.0
239,DIAGONAL_GAUSSIAN,6,22002,239,13.810734,15.577129,-1.7663956,238,0,0.84046364,0.0,0.0
240,DIAGONAL_GAUSSIAN,6,22002,240,17.59923,16.798834,0.80039597,240,1,-1.4399605,0.0,1.0
241,DIAGONAL_GAUSSIAN,6,22002,241,9.434427,10.44851,-1.0140829,240,0,1.9002304,1.0,0.0
242,DIAGONAL_GAUSSIAN,6,22002,242,18.233696,13.630044,4.603652,242,1,-0.33359718,0.0,0.0
243,DIAGONAL_GAUSSIAN,6,22002,243,17.393663,15.165465,2.228198,243,1,0.26301098,0.0,0.0
244,DIAGONAL_GAUSSIAN,6,22002,244,20.829836,12.394286,8.43555,244,1,0.9182558,0.0,0.0
245,DIAGONAL_GAUSSIAN,6,22002,245,13.367011,12.513087,0.8539238,245,1,2.088255,0.0,0.0
246,DIAGONAL_GAUSSIAN,6,22002,246,12.894554,13.223386,-0.32883167,676,0,0.07270813,0.0,0.0
247,DIAGONAL_GAUSSIAN,6,22002,247,18.472286,12.45403,6.018256,247,1,0.23011017,0.0,0.0
248,DIAGONAL_GAUSSIAN,6,22002,248,17.021366,15.576035,1.4453316,248,1,0.04768467,0.0,0.0
249,DIAGONAL_GAUSSIAN,6,22002,249,17.494564,13.358243,4.136321,249,1,1.2613783,0.0,0.0
250,DIAGONAL_GAUSSIAN,6,22002,250,16.901093,16.918694,-0.017601013,248,0,0.36178017,1.0,0.0
251,DIAGONAL_GAUSSIAN,6,22002,251,16.617327,13.370618,3.2467089,251,1,0.52244663,0.0,0.0
252,DIAGONAL_GAUSSIAN,6,22002,252,18.993729,15.909,3.0847282,252,1,-0.40135574,0.0,0.0
253,DIAGONAL_GAUSSIAN,6,22002,253,19.472118,12.272683,7.199435,253,1,-0.37223148,0.0,0.0
254,DIAGONAL_GAUSSIAN,6,22002,254,17.289013,11.546546,5.742467,254,1,1.4817228,0.0,0.0
255,DIAGONAL_GAUSSIAN,6,22002,255,15.37972,12.016428,3.3632917,255,1,1.1717052,0.0,0.0
256,DIAGONAL_GAUSSIAN,6,22002,256,15.19343,15.007761,0.18566895,256,1,0.81814194,0.0,0.0
257,DIAGONAL_GAUSSIAN,6,22002,257,13.742529,13.251819,0.49071026,257,1,2.5842934,0.0,0.0
258,DIAGONAL_GAUSSIAN,6,22002,258,17.181168,13.869915,3.3112526,258,1,1.4227018,0.0,0.0
259,DIAGONAL_GAUSSIAN,6,22002,259,17.002666,12.622301,4.3803654,259,1,-0.2836218,0.0,0.0
260,DIAGONAL_GAUSSIAN,6,22002,260,15.562094,12.475349,3.0867443,260,1,0.31508732,0.0,0.0
261,DIAGONAL_GAUSSIAN,6,22002,261,14.507502,11.616971,2.8905306,261,1,1.4217329,0.0,0.0
262,DIAGONAL_GAUSSIAN,6,22002,262,17.30619,12.431505,4.8746853,262,1,1.7092285,0.0,0.0
263,DIAGONAL_GAUSSIAN,6,22002,263,16.54584,15.630747,0.91509247,263,1,-1.2165241,0.0,1.0
264,DIAGONAL_GAUSSIAN,6,22002,264,14.158473,11.5147085,2.6437645,264,1,0.26121807,0.0,0.0
265,DIAGONAL_GAUSSIAN,6,22002,265,-1.5655248,8.645945,-10.21147,727,0,1.7184839,0.0,0.0
266,DIAGONAL_GAUSSIAN,6,22002,266,15.979203,15.423141,0.5560627,266,1,0.3395033,0.0,0.0
267,DIAGONAL_GAUSSIAN,6,22002,267,16.28817,12.370877,3.9172926,267,1,0.29098225,0.0,0.0
268,DIAGONAL_GAUSSIAN,6,22002,268,15.427617,10.216278,5.211339,268,1,-2.2996235,0.0,0.0
269,DIAGONAL_GAUSSIAN,6,22002,269,20.212833,17.532661,2.680172,269,1,0.48863602,0.0,0.0
270,DIAGONAL_GAUSSIAN,6,22002,270,21.227997,16.867111,4.3608856,270,1,-0.6426563,0.0,0.0
271,DIAGONAL_GAUSSIAN,6,22002,271,14.332646,18.038433,-3.7057867,274,0,-1.4033146,0.0,0.0
272,DIAGONAL_GAUSSIAN,6,22002,272,13.938041,13.091871,0.8461695,272,1,-0.39171886,0.0,0.0
273,DIAGONAL_GAUSSIAN,6,22002,273,14.602016,14.960586,-0.35856915,271,0,0.524724,1.0,0.0
274,DIAGONAL_GAUSSIAN,6,22002,274,20.239048,15.124744,5.1143036,274,1,1.0663462,0.0,0.0
275,DIAGONAL_GAUSSIAN,6,22002,275,16.138103,10.594409,5.5436945,275,1,-0.09521389,0.0,0.0
276,DIAGONAL_GAUSSIAN,6,22002,276,18.692526,15.016495,3.676031,276,1,1.5538235,0.0,0.0
277,DIAGONAL_GAUSSIAN,6,22002,277,17.103474,18.333294,-1.2298203,280,0,-0.9178333,0.0,0.0
278,DIAGONAL_GAUSSIAN,6,22002,278,15.741765,17.342981,-1.6012163,279,0,0.866622,0.0,0.0
279,DIAGONAL_GAUSSIAN,6,22002,279,22.01935,15.737349,6.2820015,279,1,1.2515602,0.0,0.0
280,DIAGONAL_GAUSSIAN,6,22002,280,20.37542,15.058544,5.3168755,280,1,-0.0034742355,0.0,0.0
281,DIAGONAL_GAUSSIAN,6,22002,281,12.153583,10.818668,1.3349142,281,1,-0.1264286,0.0,0.0
282,DIAGONAL_GAUSSIAN,6,22002,282,11.518823,12.342263,-0.82344055,281,0,-0.40875435,0.0,0.0
283,DIAGONAL_GAUSSIAN,6,22002,283,17.5904,9.9018345,7.688566,283,1,0.20698547,0.0,0.0
284,DIAGONAL_GAUSSIAN,6,22002,284,15.480131,8.707316,6.7728148,284,1,-0.48751354,0.0,0.0
285,DIAGONAL_GAUSSIAN,6,22002,285,12.850879,12.549117,0.30176163,285,1,-0.055719376,0.0,0.0
286,DIAGONAL_GAUSSIAN,6,22002,286,19.297512,12.035179,7.262333,286,1,1.3369503,0.0,0.0
287,DIAGONAL_GAUSSIAN,6,22002,287,20.50617,11.414465,9.091705,287,1,0.5382385,0.0,0.0
288,DIAGONAL_GAUSSIAN,6,22002,288,20.516396,18.97036,1.5460358,288,1,0.56523705,0.0,0.0
289,DIAGONAL_GAUSSIAN,6,22002,289,16.04672,13.7947235,2.251997,289,1,0.9971075,0.0,0.0
290,DIAGONAL_GAUSSIAN,6,22002,290,18.756914,17.023676,1.7332382,290,1,-0.16663551,0.0,0.0
291,DIAGONAL_GAUSSIAN,6,22002,291,10.73797,10.701931,0.036039352,291,1,1.2208452,0.0,0.0
292,DIAGONAL_GAUSSIAN,6,22002,292,18.864817,15.774686,3.0901308,292,1,-0.8840399,0.0,0.0
293,DIAGONAL_GAUSSIAN,6,22002,293,23.215916,15.232913,7.9830027,293,1,-0.23211956,0.0,0.0
294,DIAGONAL_GAUSSIAN,6,22002,294,19.340473,13.768723,5.5717506,294,1,0.14411736,0.0,0.0
295,DIAGONAL_GAUSSIAN,6,22002,295,15.5690775,18.792345,-3.2232676,297,0,3.2331953,1.0,0.0
296,DIAGONAL_GAUSSIAN,6,22002,296,16.11945,10.932981,5.186469,296,1,1.1822739,0.0,0.0
297,DIAGONAL_GAUSSIAN,6,22002,297,22.862823,15.273491,7.5893326,297,1,1.5720453,0.0,0.0
298,DIAGONAL_GAUSSIAN,6,22002,298,15.312338,13.524864,1.7874737,298,1,1.1779585,0.0,0.0
299,DIAGONAL_GAUSSIAN,6,22002,299,19.83298,16.286623,3.5463562,299,1,0.319479,0.0,0.0
300,DIAGONAL_GAUSSIAN,6,22002,300,20.67147,14.637919,6.033551,300,1,0.13507843,0.0,0.0
301,DIAGONAL_GAUSSIAN,6,22002,301,16.389088,11.381547,5.0075407,301,1,0.08671951,0.0,0.0
302,DIAGONAL_GAUSSIAN,6,22002,302,12.946423,12.636214,0.31020832,302,1,-2.0791216,0.0,1.0
303,DIAGONAL_GAUSSIAN,6,22002,303,12.62232,13.540132,-0.9178114,314,0,3.6050253,1.0,0.0
304,DIAGONAL_GAUSSIAN,6,22002,304,16.042606,13.840894,2.2017126,304,1,2.3537188,0.0,0.0
305,DIAGONAL_GAUSSIAN,6,22002,305,14.13104,10.755418,3.3756218,305,1,2.0502567,0.0,0.0
306,DIAGONAL_GAUSSIAN,6,22002,306,15.86103,8.526098,7.3349314,306,1,0.7698517,0.0,0.0
307,DIAGONAL_GAUSSIAN,6,22002,307,19.129725,12.470202,6.659522,307,1,1.8679218,0.0,0.0
308,DIAGONAL_GAUSSIAN,6,22002,308,14.476935,13.560874,0.9160614,308,1,0.027233124,0.0,0.0
309,DIAGONAL_GAUSSIAN,6,22002,309,14.334118,11.961057,2.3730612,309,1,1.4105072,0.0,0.0
310,DIAGONAL_GAUSSIAN,6,22002,310,11.031908,12.817167,-1.7852592,309,0,2.3370485,1.0,0.0
311,DIAGONAL_GAUSSIAN,6,22002,311,20.800787,18.323744,2.4770432,311,1,-0.08833885,0.0,0.0
312,DIAGONAL_GAUSSIAN,6,22002,312,10.988997,9.995899,0.99309826,312,1,-0.61604404,0.0,0.0
313,DIAGONAL_GAUSSIAN,6,22002,313,18.222904,12.781732,5.4411726,313,1,-0.39747143,0.0,0.0
314,DIAGONAL_GAUSSIAN,6,22002,314,13.388104,9.169234,4.21887,314,1,-0.6191616,0.0,0.0
315,DIAGONAL_GAUSSIAN,6,22002,315,17.28634,13.5899935,3.6963472,315,1,-0.16106606,0.0,0.0
316,DIAGONAL_GAUSSIAN,6,22002,316,17.810312,10.797041,7.0132713,316,1,-0.065423965,0.0,0.0
317,DIAGONAL_GAUSSIAN,6,22002,317,9.052741,17.871798,-8.8190565,318,0,-0.7240324,0.0,0.0
318,DIAGONAL_GAUSSIAN,6,22002,318,20.596132,12.259325,8.336807,318,1,2.930708,0.0,0.0
319,DIAGONAL_GAUSSIAN,6,22002,319,18.255823,15.026266,3.229557,319,1,-0.5925522,0.0,0.0
320,DIAGONAL_GAUSSIAN,6,22002,320,18.902407,18.929825,-0.027418137,319,0,2.1830082,1.0,0.0
321,DIAGONAL_GAUSSIAN,6,22002,321,15.750281,10.502276,5.248005,321,1,1.7349148,0.0,0.0
322,DIAGONAL_GAUSSIAN,6,22002,322,17.53021,13.065908,4.464302,322,1,1.084939,0.0,0.0
323,DIAGONAL_GAUSSIAN,6,22002,323,17.015219,11.42558,5.5896387,323,1,0.25196552,0.0,0.0
324,DIAGONAL_GAUSSIAN,6,22002,324,19.930367,14.643843,5.286524,324,1,0.8034191,0.0,0.0
325,DIAGONAL_GAUSSIAN,6,22002,325,21.090357,14.41853,6.6718264,325,1,0.85133076,0.0,0.0
326,DIAGONAL_GAUSSIAN,6,22002,326,18.235418,13.547122,4.6882963,326,1,-1.2445517,0.0,0.0
327,DIAGONAL_GAUSSIAN,6,22002,327,17.87383,10.477104,7.3967266,327,1,-0.102191925,0.0,0.0
328,DIAGONAL_GAUSSIAN,6,22002,328,14.844445,9.872335,4.97211,328,1,-0.01293087,0.0,0.0
329,DIAGONAL_GAUSSIAN,6,22002,329,15.740147,8.735566,7.0045805,329,1,-0.47977352,0.0,0.0
330,DIAGONAL_GAUSSIAN,6,22002,330,18.357979,17.99782,0.36015892,330,1,1.8409748,0.0,0.0
331,DIAGONAL_GAUSSIAN,6,22002,331,22.45224,16.94182,5.51042,331,1,-0.688179,0.0,0.0
332,DIAGONAL_GAUSSIAN,6,22002,332,16.697336,10.469082,6.2282543,332,1,-0.31184292,0.0,0.0
333,DIAGONAL_GAUSSIAN,6,22002,333,16.331184,10.810808,5.520376,333,1,-0.6969576,0.0,0.0
334,DIAGONAL_GAUSSIAN,6,22002,334,14.703304,20.337772,-5.634468,102,0,0.72273445,0.0,0.0
335,DIAGONAL_GAUSSIAN,6,22002,335,15.949355,10.317073,5.6322823,335,1,-1.0463896,0.0,0.0
336,DIAGONAL_GAUSSIAN,6,22002,336,6.979847,13.068958,-6.0891113,80,0,6.7148027,1.0,0.0
337,DIAGONAL_GAUSSIAN,6,22002,337,12.747157,16.979137,-4.2319803,334,0,-1.1062756,0.0,0.0
338,DIAGONAL_GAUSSIAN,6,22002,338,6.91394,11.20251,-4.28857,268,0,3.1909852,0.0,0.0
339,DIAGONAL_GAUSSIAN,6,22002,339,14.735721,11.34386,3.391861,339,1,2.4561014,0.0,0.0
340,DIAGONAL_GAUSSIAN,6,22002,340,17.965126,10.415732,7.5493937,340,1,0.47970963,0.0,0.0
341,DIAGONAL_GAUSSIAN,6,22002,341,8.504631,12.6638,-4.159169,201,0,0.5780525,0.0,0.0
342,DIAGONAL_GAUSSIAN,6,22002,342,18.81228,17.679945,1.1323357,342,1,0.08382988,0.0,0.0
343,DIAGONAL_GAUSSIAN,6,22002,343,16.628744,15.8102255,0.81851864,343,1,1.3980532,0.0,0.0
344,DIAGONAL_GAUSSIAN,6,22002,344,13.885216,9.392486,4.49273,344,1,2.2111444,0.0,0.0
345,DIAGONAL_GAUSSIAN,6,22002,345,18.758625,20.941921,-2.1832962,690,0,-0.30900002,0.0,0.0
346,DIAGONAL_GAUSSIAN,6,22002,346,15.808016,13.254911,2.5531044,346,1,2.803791,0.0,0.0
347,DIAGONAL_GAUSSIAN,6,22002,347,16.823599,15.454278,1.3693209,347,1,0.22954464,0.0,0.0
348,DIAGONAL_GAUSSIAN,6,22002,348,7.8611083,11.049238,-3.18813,825,0,1.1546397,0.0,0.0
349,DIAGONAL_GAUSSIAN,6,22002,349,18.598389,16.635695,1.9626942,349,1,-0.52604294,0.0,0.0
350,DIAGONAL_GAUSSIAN,6,22002,350,13.465097,10.750266,2.7148314,350,1,1.2273989,0.0,0.0
351,DIAGONAL_GAUSSIAN,6,22002,351,18.540781,15.572242,2.9685392,351,1,2.3092842,0.0,0.0
352,DIAGONAL_GAUSSIAN,6,22002,352,20.110666,17.042826,3.0678406,352,1,-0.34614372,0.0,0.0
353,DIAGONAL_GAUSSIAN,6,22002,353,12.163131,12.029459,0.13367176,353,1,0.3284912,0.0,0.0
354,DIAGONAL_GAUSSIAN,6,22002,354,18.092703,10.585956,7.5067472,354,1,1.4359913,0.0,0.0
355,DIAGONAL_GAUSSIAN,6,22002,355,17.63151,12.724598,4.906912,355,1,1.7434092,0.0,0.0
356,DIAGONAL_GAUSSIAN,6,22002,356,17.92913,16.836102,1.093029,356,1,0.43827248,0.0,0.0
357,DIAGONAL_GAUSSIAN,6,22002,357,7.8380284,9.228985,-1.3909564,208,0,0.34641695,0.0,0.0
358,DIAGONAL_GAUSSIAN,6,22002,358,10.773174,14.370143,-3.5969687,356,0,-1.1724968,0.0,0.0
359,DIAGONAL_GAUSSIAN,6,22002,359,12.080818,13.792405,-1.711587,358,0,1.1228447,0.0,0.0
360,DIAGONAL_GAUSSIAN,6,22002,360,12.213515,11.4767275,0.7367878,360,1,0.9552059,0.0,0.0
361,DIAGONAL_GAUSSIAN,6,22002,361,7.8634796,9.362705,-1.4992256,589,0,3.5967264,1.0,0.0
362,DIAGONAL_GAUSSIAN,6,22002,362,19.762136,16.923635,2.838501,362,1,0.7315922,0.0,0.0
363,DIAGONAL_GAUSSIAN,6,22002,363,18.173458,9.797594,8.375864,363,1,2.5932455,0.0,0.0
364,DIAGONAL_GAUSSIAN,6,22002,364,20.682547,12.073797,8.608749,364,1,2.945403,0.0,0.0
365,DIAGONAL_GAUSSIAN,6,22002,365,13.696904,10.691838,3.005066,365,1,0.6923704,0.0,0.0
366,DIAGONAL_GAUSSIAN,6,22002,366,21.862411,17.26591,4.5965023,366,1,0.19571304,0.0,0.0
367,DIAGONAL_GAUSSIAN,6,22002,367,13.974101,13.291565,0.6825361,367,1,-0.046648026,0.0,0.0
368,DIAGONAL_GAUSSIAN,6,22002,368,22.69785,18.303267,4.3945827,368,1,0.3308792,0.0,0.0
369,DIAGONAL_GAUSSIAN,6,22002,369,20.706528,15.900673,4.805855,369,1,-1.154686,0.0,0.0
370,DIAGONAL_GAUSSIAN,6,22002,370,17.309023,14.777007,2.5320158,370,1,0.37322712,0.0,0.0
371,DIAGONAL_GAUSSIAN,6,22002,371,16.536898,20.510944,-3.9740467,370,0,-0.8707409,0.0,0.0
372,DIAGONAL_GAUSSIAN,6,22002,372,14.507759,12.925725,1.5820341,372,1,-1.1887636,0.0,0.0
373,DIAGONAL_GAUSSIAN,6,22002,373,19.185677,17.599579,1.5860977,373,1,1.2975864,0.0,0.0
374,DIAGONAL_GAUSSIAN,6,22002,374,20.264967,16.12557,4.1393967,374,1,-0.93795395,0.0,0.0
375,DIAGONAL_GAUSSIAN,6,22002,375,21.478369,15.986759,5.4916096,375,1,-0.46231842,0.0,0.0
376,DIAGONAL_GAUSSIAN,6,22002,376,19.852188,16.69503,3.157158,376,1,1.7734642,0.0,0.0
377,DIAGONAL_GAUSSIAN,6,22002,377,15.304092,14.7702055,0.5338869,377,1,0.7917118,0.0,0.0
378,DIAGONAL_GAUSSIAN,6,22002,378,20.67283,17.308022,3.364809,378,1,-0.09724808,0.0,0.0
379,DIAGONAL_GAUSSIAN,6,22002,379,20.63694,19.248009,1.3889313,379,1,0.7263279,0.0,0.0
380,DIAGONAL_GAUSSIAN,6,22002,380,19.422915,15.143628,4.2792864,380,1,-0.9576788,0.0,0.0
381,DIAGONAL_GAUSSIAN,6,22002,381,20.006163,19.7671,0.23906326,381,1,0.619854,0.0,0.0
382,DIAGONAL_GAUSSIAN,6,22002,382,13.527954,13.875975,-0.34802055,380,0,-0.21755886,0.0,0.0
383,DIAGONAL_GAUSSIAN,6,22002,383,18.538803,15.899131,2.6396723,383,1,-0.52512836,0.0,0.0
384,DIAGONAL_GAUSSIAN,6,22002,384,21.080097,15.550962,5.5291348,384,1,0.90076256,0.0,0.0
385,DIAGONAL_GAUSSIAN,6,22002,385,15.360834,14.006466,1.3543682,385,1,-0.4606037,0.0,0.0
386,DIAGONAL_GAUSSIAN,6,22002,386,20.43863,20.43617,0.0024585724,386,1,-0.3012905,0.0,1.0
387,DIAGONAL_GAUSSIAN,6,22002,387,22.67365,13.272959,9.400692,387,1,0.84473515,0.0,0.0
388,DIAGONAL_GAUSSIAN,6,22002,388,18.093122,14.954271,3.1388512,388,1,0.6110916,0.0,0.0
389,DIAGONAL_GAUSSIAN,6,22002,389,16.9632,14.550746,2.4124537,389,1,-0.45752144,0.0,0.0
390,DIAGONAL_GAUSSIAN,6,22002,390,19.98076,13.8573885,6.123372,390,1,4.189539,0.0,0.0
391,DIAGONAL_GAUSSIAN,6,22002,391,15.899712,13.854037,2.0456743,391,1,0.8772774,0.0,0.0
392,DIAGONAL_GAUSSIAN,6,22002,392,21.560246,12.104856,9.45539,392,1,0.21640301,0.0,0.0
393,DIAGONAL_GAUSSIAN,6,22002,393,17.899948,15.463373,2.436575,393,1,0.42744827,0.0,0.0
394,DIAGONAL_GAUSSIAN,6,22002,394,6.6659665,10.301593,-3.6356263,103,0,5.8576283,1.0,0.0
395,DIAGONAL_GAUSSIAN,6,22002,395,16.486576,13.096137,3.390439,395,1,-0.78178596,0.0,0.0
396,DIAGONAL_GAUSSIAN,6,22002,396,18.669401,10.992414,7.6769867,396,1,0.18985653,0.0,0.0
397,DIAGONAL_GAUSSIAN,6,22002,397,4.852244,19.095125,-14.242882,396,0,-0.46631145,0.0,0.0
398,DIAGONAL_GAUSSIAN,6,22002,398,22.091581,11.740113,10.351468,398,1,-1.3487215,0.0,0.0
399,DIAGONAL_GAUSSIAN,6,22002,399,20.351664,14.096182,6.2554817,399,1,-0.50741863,0.0,0.0
400,DIAGONAL_GAUSSIAN,6,22002,400,19.161953,17.294107,1.8678455,400,1,-0.5256233,0.0,0.0
401,DIAGONAL_GAUSSIAN,6,22002,401,16.862583,11.892383,4.9702005,401,1,1.7388687,0.0,0.0
402,DIAGONAL_GAUSSIAN,6,22002,402,16.635565,15.175218,1.4603472,402,1,1.3120117,0.0,0.0
403,DIAGONAL_GAUSSIAN,6,22002,403,13.942727,14.177851,-0.23512363,895,0,1.4665289,1.0,0.0
404,DIAGONAL_GAUSSIAN,6,22002,404,17.010443,12.321872,4.688571,404,1,0.44970226,0.0,0.0
405,DIAGONAL_GAUSSIAN,6,22002,405,18.929333,14.503783,4.4255495,405,1,4.457636,0.0,0.0
406,DIAGONAL_GAUSSIAN,6,22002,406,14.079672,16.022327,-1.9426556,497,0,0.5265503,0.0,0.0
407,DIAGONAL_GAUSSIAN,6,22002,407,16.222858,13.404564,2.8182945,407,1,-1.1664238,0.0,0.0
408,DIAGONAL_GAUSSIAN,6,22002,408,12.689845,15.419052,-2.729207,847,0,-1.4915075,0.0,0.0
409,DIAGONAL_GAUSSIAN,6,22002,409,13.014945,11.907514,1.1074314,409,1,0.8416853,0.0,0.0
410,DIAGONAL_GAUSSIAN,6,22002,410,17.965614,16.668404,1.2972107,410,1,1.1685658,0.0,0.0
411,DIAGONAL_GAUSSIAN,6,22002,411,16.026665,13.323697,2.7029676,411,1,1.2811327,0.0,0.0
412,DIAGONAL_GAUSSIAN,6,22002,412,12.85535,11.115871,1.7394781,412,1,0.98198795,0.0,0.0
413,DIAGONAL_GAUSSIAN,6,22002,413,16.141203,16.042501,0.09870148,413,1,0.04202652,0.0,0.0
414,DIAGONAL_GAUSSIAN,6,22002,414,17.656124,12.756838,4.8992863,414,1,0.43862438,0.0,0.0
415,DIAGONAL_GAUSSIAN,6,22002,415,6.5205774,9.064341,-2.5437632,454,0,-0.6787548,0.0,0.0
416,DIAGONAL_GAUSSIAN,6,22002,416,15.362409,13.014699,2.3477097,416,1,1.4771919,0.0,0.0
417,DIAGONAL_GAUSSIAN,6,22002,417,13.151281,14.254493,-1.1032114,794,0,-0.74962807,0.0,0.0
418,DIAGONAL_GAUSSIAN,6,22002,418,14.2673025,12.853681,1.4136219,418,1,3.132907,0.0,0.0
419,DIAGONAL_GAUSSIAN,6,22002,419,16.129757,10.753571,5.3761864,419,1,2.0869484,0.0,0.0
420,DIAGONAL_GAUSSIAN,6,22002,420,17.997065,13.244689,4.7523756,420,1,0.7820091,0.0,0.0
421,DIAGONAL_GAUSSIAN,6,22002,421,11.795038,11.204317,0.59072113,421,1,1.6288853,0.0,0.0
422,DIAGONAL_GAUSSIAN,6,22002,422,16.619478,14.521656,2.0978222,422,1,1.7288437,0.0,0.0
423,DIAGONAL_GAUSSIAN,6,22002,423,9.916148,8.99378,0.92236805,423,1,0.09020519,0.0,0.0
424,DIAGONAL_GAUSSIAN,6,22002,424,9.284545,9.602406,-0.3178606,919,0,0.17828655,0.0,0.0
425,DIAGONAL_GAUSSIAN,6,22002,425,20.331453,12.166406,8.165048,425,1,0.83318996,0.0,0.0
426,DIAGONAL_GAUSSIAN,6,22002,426,18.47837,15.367975,3.1103954,426,1,1.5424423,0.0,0.0
427,DIAGONAL_GAUSSIAN,6,22002,427,14.558932,13.091901,1.4670315,427,1,0.4873228,0.0,0.0
428,DIAGONAL_GAUSSIAN,6,22002,428,16.770391,10.067589,6.7028027,428,1,0.5749712,0.0,0.0
429,DIAGONAL_GAUSSIAN,6,22002,429,23.236311,13.980469,9.255842,429,1,0.7760391,0.0,0.0
430,DIAGONAL_GAUSSIAN,6,22002,430,18.044317,13.342376,4.7019415,430,1,0.15699863,0.0,0.0
431,DIAGONAL_GAUSSIAN,6,22002,431,16.43443,16.19872,0.23570824,431,1,1.642561,0.0,0.0
432,DIAGONAL_GAUSSIAN,6,22002,432,13.6348505,16.807705,-3.1728544,776,0,3.1224108,0.0,0.0
433,DIAGONAL_GAUSSIAN,6,22002,433,10.808753,11.353155,-0.5444021,638,0,0.991724,1.0,0.0
434,DIAGONAL_GAUSSIAN,6,22002,434,5.978048,11.391887,-5.413839,808,0,-0.57649136,0.0,0.0
435,DIAGONAL_GAUSSIAN,6,22002,435,14.630237,13.806412,0.8238249,435,1,-0.16336727,0.0,0.0
436,DIAGONAL_GAUSSIAN,6,22002,436,11.864054,10.243235,1.6208191,436,1,1.2797651,0.0,0.0
437,DIAGONAL_GAUSSIAN,6,22002,437,13.133239,13.063321,0.06991768,437,1,-0.50801086,0.0,1.0
438,DIAGONAL_GAUSSIAN,6,22002,438,11.870617,10.378304,1.4923134,438,1,-1.6834612,0.0,1.0
439,DIAGONAL_GAUSSIAN,6,22002,439,21.325554,13.863904,7.46165,439,1,0.33285522,0.0,0.0
440,DIAGONAL_GAUSSIAN,6,22002,440,13.874791,12.54874,1.3260508,440,1,0.42269897,0.0,0.0
441,DIAGONAL_GAUSSIAN,6,22002,441,17.976446,12.01306,5.9633865,441,1,-0.25914955,0.0,0.0
442,DIAGONAL_GAUSSIAN,6,22002,442,12.833637,10.563346,2.2702913,442,1,0.53285503,0.0,0.0
443,DIAGONAL_GAUSSIAN,6,22002,443,17.822775,11.078588,6.7441874,443,1,2.6803598,0.0,0.0
444,DIAGONAL_GAUSSIAN,6,22002,444,8.167794,11.49527,-3.3274755,870,0,-0.0020856857,0.0,0.0
445,DIAGONAL_GAUSSIAN,6,22002,445,13.730111,12.796364,0.9337473,445,1,0.88808537,0.0,0.0
446,DIAGONAL_GAUSSIAN,6,22002,446,13.626138,12.97032,0.655818,446,1,1.177105,0.0,0.0
447,DIAGONAL_GAUSSIAN,6,22002,447,8.633942,7.550654,1.0832877,447,1,-0.8669143,0.0,0.0
448,DIAGONAL_GAUSSIAN,6,22002,448,9.948362,9.081199,0.86716366,448,1,0.8724966,0.0,0.0
449,DIAGONAL_GAUSSIAN,6,22002,449,16.273344,11.414272,4.8590717,449,1,-0.40572548,0.0,0.0
450,DIAGONAL_GAUSSIAN,6,22002,450,18.776415,13.458624,5.317791,450,1,1.7893057,0.0,0.0
451,DIAGONAL_GAUSSIAN,6,22002,451,15.019039,9.350992,5.668047,451,1,-0.023721695,0.0,0.0
452,DIAGONAL_GAUSSIAN,6,22002,452,11.191679,10.163854,1.0278254,452,1,1.6294441,0.0,0.0
453,DIAGONAL_GAUSSIAN,6,22002,453,16.678308,13.6077795,3.070529,453,1,0.43112564,0.0,0.0
454,DIAGONAL_GAUSSIAN,6,22002,454,4.6628113,11.265772,-6.6029606,498,0,-0.17671156,0.0,0.0
455,DIAGONAL_GAUSSIAN,6,22002,455,19.928942,10.383347,9.545595,455,1,0.80188656,0.0,0.0
456,DIAGONAL_GAUSSIAN,6,22002,456,20.421764,9.136378,11.285386,456,1,2.5817595,0.0,0.0
457,DIAGONAL_GAUSSIAN,6,22002,457,20.617592,15.287843,5.329749,457,1,-0.09424782,0.0,0.0
458,DIAGONAL_GAUSSIAN,6,22002,458,12.462231,10.469497,1.992734,458,1,2.5313559,0.0,0.0
459,DIAGONAL_GAUSSIAN,6,22002,459,7.3353496,9.586571,-2.2512212,499,0,-0.2728014,0.0,0.0
460,DIAGONAL_GAUSSIAN,6,22002,460,14.945376,12.999112,1.9462643,460,1,0.5532274,0.0,0.0
461,DIAGONAL_GAUSSIAN,6,22002,461,11.026055,13.618413,-2.5923576,917,0,-0.07194042,0.0,0.0
462,DIAGONAL_GAUSSIAN,6,22002,462,15.457274,13.290017,2.1672573,462,1,-1.6819124,0.0,0.0
463,DIAGONAL_GAUSSIAN,6,22002,463,6.66396,12.246001,-5.5820413,435,0,-0.54591084,0.0,0.0
464,DIAGONAL_GAUSSIAN,6,22002,464,4.841009,8.511695,-3.6706858,917,0,1.7437544,0.0,0.0
465,DIAGONAL_GAUSSIAN,6,22002,465,9.327588,9.65145,-0.32386208,408,0,2.945239,1.0,0.0
466,DIAGONAL_GAUSSIAN,6,22002,466,9.643572,10.661264,-1.0176926,705,0,0.11362553,0.0,0.0
467,DIAGONAL_GAUSSIAN,6,22002,467,16.924042,13.391839,3.5322027,467,1,1.117527,0.0,0.0
468,DIAGONAL_GAUSSIAN,6,22002,468,5.8957424,9.689305,-3.793563,654,0,-0.6773157,0.0,0.0
469,DIAGONAL_GAUSSIAN,6,22002,469,18.406563,13.232803,5.1737595,469,1,-0.5304823,0.0,0.0
470,DIAGONAL_GAUSSIAN,6,22002,470,9.886668,10.180644,-0.29397583,884,0,0.70166206,1.0,0.0
471,DIAGONAL_GAUSSIAN,6,22002,471,10.047724,12.65428,-2.606556,856,0,0.21017265,0.0,0.0
472,DIAGONAL_GAUSSIAN,6,22002,472,17.746613,14.072567,3.6740456,472,1,1.3185081,0.0,0.0
473,DIAGONAL_GAUSSIAN,6,22002,473,16.301537,11.144997,5.15654,473,1,0.46350956,0.0,0.0
474,DIAGONAL_GAUSSIAN,6,22002,474,17.023165,11.587603,5.435562,474,1,-0.3450489,0.0,0.0
475,DIAGONAL_GAUSSIAN,6,22002,475,15.012619,9.568933,5.4436865,475,1,1.6382465,0.0,0.0
476,DIAGONAL_GAUSSIAN,6,22002,476,20.056324,9.580175,10.476149,476,1,-1.4229012,0.0,0.0
477,DIAGONAL_GAUSSIAN,6,22002,477,12.121958,12.692072,-0.57011414,777,0,1.4704752,1.0,0.0
478,DIAGONAL_GAUSSIAN,6,22002,478,7.525292,10.331662,-2.8063703,796,0,-0.3367672,0.0,0.0
479,DIAGONAL_GAUSSIAN,6,22002,479,13.771368,12.786689,0.9846792,479,1,-1.9735041,0.0,1.0
480,DIAGONAL_GAUSSIAN,6,22002,480,13.320264,9.925858,3.3944063,480,1,1.3046589,0.0,0.0
481,DIAGONAL_GAUSSIAN,6,22002,481,14.078532,16.041739,-1.9632063,482,0,0.50801563,0.0,0.0
482,DIAGONAL_GAUSSIAN,6,22002,482,12.687887,13.527194,-0.83930683,848,0,-1.2159977,0.0,0.0
483,DIAGONAL_GAUSSIAN,6,22002,483,14.246228,11.695355,2.5508728,483,1,1.3569298,0.0,0.0
484,DIAGONAL_GAUSSIAN,6,22002,484,17.570038,18.855633,-1.2855949,871,0,1.2187309,0.0,0.0
485,DIAGONAL_GAUSSIAN,6,22002,485,6.898115,7.8487463,-0.95063114,620,0,1.8170071,1.0,0.0
486,DIAGONAL_GAUSSIAN,6,22002,486,16.162771,16.45391,-0.2911396,889,0,1.9562759,1.0,0.0
487,DIAGONAL_GAUSSIAN,6,22002,487,15.52532,12.763493,2.7618275,487,1,-0.8269777,0.0,0.0
488,DIAGONAL_GAUSSIAN,6,22002,488,11.290388,9.06866,2.2217283,488,1,-1.1212616,0.0,0.0
489,DIAGONAL_GAUSSIAN,6,22002,489,10.8117,7.799894,3.011806,489,1,-1.7272286,0.0,0.0
490,DIAGONAL_GAUSSIAN,6,22002,490,5.907786,12.356316,-6.4485297,327,0,-2.4431653,0.0,0.0
491,DIAGONAL_GAUSSIAN,6,22002,491,15.010382,10.351508,4.6588736,491,1,0.33932114,0.0,0.0
492,DIAGONAL_GAUSSIAN,6,22002,492,10.157934,9.832222,0.3257122,492,1,1.8813925,0.0,0.0
493,DIAGONAL_GAUSSIAN,6,22002,493,8.419137,10.18084,-1.7617025,553,0,1.3824148,0.0,0.0
494,DIAGONAL_GAUSSIAN,6,22002,494,17.547083,13.366404,4.1806793,494,1,-1.0570259,0.0,0.0
495,DIAGONAL_GAUSSIAN,6,22002,495,7.747475,11.776123,-4.028648,894,0,2.190086,0.0,0.0
496,DIAGONAL_GAUSSIAN,6,22002,496,15.00123,9.187967,5.813263,496,1,1.7795296,0.0,0.0
497,DIAGONAL_GAUSSIAN,6,22002,497,12.778319,12.682304,0.09601498,497,1,0.2601595,0.0,0.0
498,DIAGONAL_GAUSSIAN,6,22002,498,14.320975,10.854282,3.466693,498,1,0.98595715,0.0,0.0
499,DIAGONAL_GAUSSIAN,6,22002,499,8.908653,10.754839,-1.8461857,477,0,-0.38900995,0.0,0.0
500,DIAGONAL_GAUSSIAN,6,22002,500,17.665628,13.383665,4.2819633,500,1,0.5162878,0.0,0.0
501,DIAGONAL_GAUSSIAN,6,22002,501,13.066951,11.422553,1.6443977,501,1,0.016931534,0.0,0.0
502,DIAGONAL_GAUSSIAN,6,22002,502,17.62295,17.759167,-0.13621712,774,0,0.32232475,1.0,0.0
503,DIAGONAL_GAUSSIAN,6,22002,503,15.535626,10.918535,4.617091,503,1,0.43800163,0.0,0.0
504,DIAGONAL_GAUSSIAN,6,22002,504,15.809123,12.171977,3.637146,504,1,-0.56232834,0.0,0.0
505,DIAGONAL_GAUSSIAN,6,22002,505,18.809832,17.259916,1.5499153,505,1,-0.6884451,0.0,0.0
506,DIAGONAL_GAUSSIAN,6,22002,506,14.192001,11.455618,2.7363834,506,1,0.64512444,0.0,0.0
507,DIAGONAL_GAUSSIAN,6,22002,507,11.36114,13.301423,-1.9402828,414,0,2.5900393,1.0,0.0
508,DIAGONAL_GAUSSIAN,6,22002,508,5.2850986,9.410175,-4.125077,593,0,1.357348,0.0,0.0
509,DIAGONAL_GAUSSIAN,6,22002,509,12.005457,11.552576,0.45288086,509,1,-0.3813219,0.0,0.0
510,DIAGONAL_GAUSSIAN,6,22002,510,13.914933,12.232895,1.6820383,510,1,0.70015717,0.0,0.0
511,DIAGONAL_GAUSSIAN,6,22002,511,12.974239,13.815239,-0.8409996,817,0,2.0653143,1.0,0.0
512,DIAGONAL_GAUSSIAN,6,22002,512,13.684655,9.8980665,3.7865887,512,1,3.0740547,0.0,0.0
513,DIAGONAL_GAUSSIAN,6,22002,513,14.242315,13.813959,0.42835617,513,1,0.37811375,0.0,0.0
514,DIAGONAL_GAUSSIAN,6,22002,514,21.489376,10.684928,10.804448,514,1,-0.6967449,0.0,0.0
515,DIAGONAL_GAUSSIAN,6,22002,515,6.8698983,8.086554,-1.2166553,906,0,0.019217491,0.0,0.0
516,DIAGONAL_GAUSSIAN,6,22002,516,7.0431857,11.246135,-4.202949,870,0,1.1007648,0.0,0.0
517,DIAGONAL_GAUSSIAN,6,22002,517,15.328738,11.833308,3.49543,517,1,1.0439339,0.0,0.0
518,DIAGONAL_GAUSSIAN,6,22002,518,20.36945,14.4857645,5.883685,518,1,0.5368614,0.0,0.0
519,DIAGONAL_GAUSSIAN,6,22002,519,9.774366,15.167978,-5.393612,239,0,0.27082348,0.0,0.0
520,DIAGONAL_GAUSSIAN,6,22002,520,15.755299,13.850962,1.9043369,520,1,2.065692,0.0,0.0
521,DIAGONAL_GAUSSIAN,6,22002,521,22.813643,16.443804,6.3698387,521,1,-1.7443848,0.0,0.0
522,DIAGONAL_GAUSSIAN,6,22002,522,20.900398,14.468394,6.432004,522,1,2.7613382,0.0,0.0
523,DIAGONAL_GAUSSIAN,6,22002,523,14.139404,9.8514385,4.287966,523,1,2.8570986,0.0,0.0
524,DIAGONAL_GAUSSIAN,6,22002,524,21.258984,19.373219,1.8857651,524,1,0.2919407,0.0,0.0
525,DIAGONAL_GAUSSIAN,6,22002,525,18.806847,9.955626,8.851221,525,1,0.5545063,0.0,0.0
526,DIAGONAL_GAUSSIAN,6,22002,526,13.189662,11.578106,1.611556,526,1,-0.014342308,0.0,0.0
527,DIAGONAL_GAUSSIAN,6,22002,527,13.051092,13.786959,-0.73586655,664,0,-1.1154957,0.0,0.0
528,DIAGONAL_GAUSSIAN,6,22002,528,17.364256,12.743672,4.6205835,528,1,0.5244684,0.0,0.0
529,DIAGONAL_GAUSSIAN,6,22002,529,12.326677,12.752836,-0.4261589,697,0,1.230053,1.0,0.0
530,DIAGONAL_GAUSSIAN,6,22002,530,8.31836,8.370791,-0.052431107,782,0,3.5035782,1.0,0.0
531,DIAGONAL_GAUSSIAN,6,22002,531,14.991926,15.139046,-0.14711952,826,0,-2.1572733,0.0,0.0
532,DIAGONAL_GAUSSIAN,6,22002,532,19.314808,12.792748,6.5220594,532,1,0.3680973,0.0,0.0
533,DIAGONAL_GAUSSIAN,6,22002,533,17.012579,11.327065,5.6855135,533,1,1.3896961,0.0,0.0
534,DIAGONAL_GAUSSIAN,6,22002,534,11.553789,14.065398,-2.511609,651,0,0.6688385,0.0,0.0
535,DIAGONAL_GAUSSIAN,6,22002,535,10.827868,13.475265,-2.647396,479,0,0.4091835,0.0,0.0
536,DIAGONAL_GAUSSIAN,6,22002,536,13.702267,14.778661,-1.0763941,780,0,2.7669735,1.0,0.0
537,DIAGONAL_GAUSSIAN,6,22002,537,19.383347,15.878999,3.5043478,537,1,-0.40713406,0.0,0.0
538,DIAGONAL_GAUSSIAN,6,22002,538,14.848787,11.49586,3.3529272,538,1,-0.4269848,0.0,0.0
539,DIAGONAL_GAUSSIAN,6,22002,539,7.4237647,8.347347,-0.92358255,519,0,1.3749719,1.0,0.0
540,DIAGONAL_GAUSSIAN,6,22002,540,18.1614,10.612113,7.549287,540,1,1.8839273,0.0,0.0
541,DIAGONAL_GAUSSIAN,6,22002,541,12.814145,11.882368,0.931777,541,1,0.3056774,0.0,0.0
542,DIAGONAL_GAUSSIAN,6,22002,542,14.040706,11.663288,2.3774176,542,1,-0.13037491,0.0,0.0
543,DIAGONAL_GAUSSIAN,6,22002,543,16.049654,17.129187,-1.0795326,422,0,1.2552204,1.0,0.0
544,DIAGONAL_GAUSSIAN,6,22002,544,15.466901,14.93631,0.530591,544,1,0.48334217,0.0,0.0
545,DIAGONAL_GAUSSIAN,6,22002,545,16.092634,9.732222,6.3604126,545,1,-1.2631426,0.0,0.0
546,DIAGONAL_GAUSSIAN,6,22002,546,14.497502,10.606382,3.89112,546,1,-2.241414,0.0,0.0
547,DIAGONAL_GAUSSIAN,6,22002,547,18.748144,13.565924,5.1822205,547,1,-0.9119797,0.0,0.0
548,DIAGONAL_GAUSSIAN,6,22002,548,13.940494,10.610148,3.3303452,548,1,-1.0973015,0.0,0.0
549,DIAGONAL_GAUSSIAN,6,22002,549,11.742924,9.238774,2.5041494,549,1,2.7436104,0.0,0.0
550,DIAGONAL_GAUSSIAN,6,22002,550,13.573067,9.475779,4.097288,550,1,2.396285,0.0,0.0
551,DIAGONAL_GAUSSIAN,6,22002,551,18.950924,16.642576,2.3083477,551,1,1.7912807,0.0,0.0
552,DIAGONAL_GAUSSIAN,6,22002,552,3.9034662,9.037103,-5.1336365,885,0,1.2526441,0.0,0.0
553,DIAGONAL_GAUSSIAN,6,22002,553,15.118946,11.154059,3.9648867,553,1,0.06976509,0.0,0.0
554,DIAGONAL_GAUSSIAN,6,22002,554,19.305428,11.112507,8.192921,554,1,2.5711718,0.0,0.0
555,DIAGONAL_GAUSSIAN,6,22002,555,12.1279335,10.947878,1.1800556,555,1,0.42054176,0.0,0.0
556,DIAGONAL_GAUSSIAN,6,22002,556,17.197035,12.505756,4.6912785,556,1,0.062784195,0.0,0.0
557,DIAGONAL_GAUSSIAN,6,22002,557,6.937699,9.003443,-2.065744,517,0,2.6947083,1.0,0.0
558,DIAGONAL_GAUSSIAN,6,22002,558,10.691524,12.859415,-2.1678915,413,0,3.5269337,1.0,0.0
559,DIAGONAL_GAUSSIAN,6,22002,559,12.950633,9.651849,3.2987843,559,1,0.07670307,0.0,0.0
560,DIAGONAL_GAUSSIAN,6,22002,560,14.692605,14.823477,-0.13087177,518,0,1.1760693,1.0,0.0
561,DIAGONAL_GAUSSIAN,6,22002,561,18.180733,12.266622,5.914111,561,1,1.4020281,0.0,0.0
562,DIAGONAL_GAUSSIAN,6,22002,562,9.869955,9.563094,0.30686092,562,1,-0.03768921,0.0,0.0
563,DIAGONAL_GAUSSIAN,6,22002,563,14.687627,12.261005,2.4266214,563,1,2.3932562,0.0,0.0
564,DIAGONAL_GAUSSIAN,6,22002,564,16.459698,12.297175,4.1625223,564,1,-0.1694107,0.0,0.0
565,DIAGONAL_GAUSSIAN,6,22002,565,21.128315,12.364658,8.763657,565,1,-0.43348122,0.0,0.0
566,DIAGONAL_GAUSSIAN,6,22002,566,20.678587,17.89461,2.7839775,566,1,1.1720142,0.0,0.0
567,DIAGONAL_GAUSSIAN,6,22002,567,5.2468543,8.474427,-3.227573,731,0,-0.20582151,0.0,0.0
568,DIAGONAL_GAUSSIAN,6,22002,568,14.354017,9.311341,5.042676,568,1,-0.178936,0.0,0.0
569,DIAGONAL_GAUSSIAN,6,22002,569,15.762017,12.379451,3.3825665,569,1,2.1587715,0.0,0.0
570,DIAGONAL_GAUSSIAN,6,22002,570,18.216928,18.820919,-0.60399055,691,0,1.3791962,1.0,0.0
571,DIAGONAL_GAUSSIAN,6,22002,571,12.211573,9.556782,2.6547909,571,1,-0.29773617,0.0,0.0
572,DIAGONAL_GAUSSIAN,6,22002,572,13.241721,14.684904,-1.443183,966,0,-0.48733616,0.0,0.0
573,DIAGONAL_GAUSSIAN,6,22002,573,18.299982,13.950142,4.34984,573,1,2.2289696,0.0,0.0
574,DIAGONAL_GAUSSIAN,6,22002,574,20.911127,13.322677,7.5884504,574,1,0.5255747,0.0,0.0
575,DIAGONAL_GAUSSIAN,6,22002,575,14.503228,9.765255,4.737973,575,1,1.6896458,0.0,0.0
576,DIAGONAL_GAUSSIAN,6,22002,576,16.125109,8.623761,7.5013475,576,1,2.463766,0.0,0.0
577,DIAGONAL_GAUSSIAN,6,22002,577,16.153702,12.126714,4.026988,577,1,-1.318243,0.0,0.0
578,DIAGONAL_GAUSSIAN,6,22002,578,13.976241,12.353718,1.6225233,578,1,-0.25459194,0.0,0.0
579,DIAGONAL_GAUSSIAN,6,22002,579,16.790459,12.339893,4.4505653,579,1,-0.059746742,0.0,0.0
580,DIAGONAL_GAUSSIAN,6,22002,580,10.400932,9.159959,1.2409735,580,1,1.9740658,0.0,0.0
581,DIAGONAL_GAUSSIAN,6,22002,581,13.418235,11.880299,1.5379362,581,1,0.67992115,0.0,0.0
582,DIAGONAL_GAUSSIAN,6,22002,582,3.0372214,9.816006,-6.7787843,996,0,1.9048266,0.0,0.0
583,DIAGONAL_GAUSSIAN,6,22002,583,15.028295,9.346437,5.681857,583,1,2.9938183,0.0,0.0
584,DIAGONAL_GAUSSIAN,6,22002,584,3.8910944,9.876723,-5.985629,523,0,-0.15458679,0.0,0.0
585,DIAGONAL_GAUSSIAN,6,22002,585,17.5122,16.620802,0.8913975,585,1,0.6928463,0.0,0.0
586,DIAGONAL_GAUSSIAN,6,22002,586,12.591392,10.815029,1.7763624,586,1,1.6349154,0.0,0.0
587,DIAGONAL_GAUSSIAN,6,22002,587,13.5262575,15.81819,-2.291932,740,0,-0.73348236,0.0,0.0
588,DIAGONAL_GAUSSIAN,6,22002,588,11.80765,14.699731,-2.8920813,415,0,-0.37866688,0.0,0.0
589,DIAGONAL_GAUSSIAN,6,22002,589,18.920416,14.443469,4.476947,589,1,0.89519787,0.0,0.0
590,DIAGONAL_GAUSSIAN,6,22002,590,10.6560135,11.1912365,-0.535223,487,0,1.5941248,1.0,0.0
591,DIAGONAL_GAUSSIAN,6,22002,591,13.304881,11.624063,1.6808186,591,1,2.4346905,0.0,0.0
592,DIAGONAL_GAUSSIAN,6,22002,592,11.345675,8.527843,2.817832,592,1,3.3465652,0.0,0.0
593,DIAGONAL_GAUSSIAN,6,22002,593,17.8937,10.185687,7.7080126,593,1,-0.88770103,0.0,0.0
594,DIAGONAL_GAUSSIAN,6,22002,594,19.639343,9.21799,10.421353,594,1,0.1877985,0.0,0.0
595,DIAGONAL_GAUSSIAN,6,22002,595,16.313137,11.708724,4.604413,595,1,-1.6022501,0.0,0.0
596,DIAGONAL_GAUSSIAN,6,22002,596,10.17132,16.770348,-6.5990276,764,0,-1.0387115,0.0,0.0
597,DIAGONAL_GAUSSIAN,6,22002,597,9.21989,10.953822,-1.7339325,763,0,0.8893175,0.0,0.0
598,DIAGONAL_GAUSSIAN,6,22002,598,14.084287,11.151555,2.9327316,598,1,1.049716,0.0,0.0
599,DIAGONAL_GAUSSIAN,6,22002,599,14.693881,8.631696,6.0621853,599,1,0.18095875,0.0,0.0
600,DIAGONAL_GAUSSIAN,6,22002,600,9.565378,10.069108,-0.5037298,556,0,0.87772083,1.0,0.0
601,DIAGONAL_GAUSSIAN,6,22002,601,16.326332,15.995647,0.33068466,601,1,0.10797119,0.0,0.0
602,DIAGONAL_GAUSSIAN,6,22002,602,9.073228,7.541538,1.5316901,602,1,-0.6437659,0.0,0.0
603,DIAGONAL_GAUSSIAN,6,22002,603,17.04599,12.528567,4.5174227,603,1,0.025183678,0.0,0.0
604,DIAGONAL_GAUSSIAN,6,22002,604,19.857418,10.496866,9.360552,604,1,0.23082542,0.0,0.0
605,DIAGONAL_GAUSSIAN,6,22002,605,17.35305,10.005911,7.3471394,605,1,1.9195747,0.0,0.0
606,DIAGONAL_GAUSSIAN,6,22002,606,19.995256,11.981994,8.013263,606,1,0.38248444,0.0,0.0
607,DIAGONAL_GAUSSIAN,6,22002,607,17.9039,10.995665,6.9082355,607,1,-0.09652233,0.0,0.0
608,DIAGONAL_GAUSSIAN,6,22002,608,6.289117,7.987409,-1.6982923,860,0,0.76169205,0.0,0.0
609,DIAGONAL_GAUSSIAN,6,22002,609,12.628967,11.821577,0.8073902,609,1,-0.052980423,0.0,0.0
610,DIAGONAL_GAUSSIAN,6,22002,610,11.463195,9.467593,1.9956017,610,1,-1.9001064,0.0,0.0
611,DIAGONAL_GAUSSIAN,6,22002,611,7.6161084,8.346301,-0.73019266,917,0,0.5858712,0.0,0.0
612,DIAGONAL_GAUSSIAN,6,22002,612,13.079968,12.083749,0.99621964,612,1,3.317915,0.0,0.0
613,DIAGONAL_GAUSSIAN,6,22002,613,19.699247,13.49332,6.205927,613,1,0.61456585,0.0,0.0
614,DIAGONAL_GAUSSIAN,6,22002,614,17.04039,11.906264,5.1341257,614,1,-0.55779743,0.0,0.0
615,DIAGONAL_GAUSSIAN,6,22002,615,13.180246,8.583844,4.596402,615,1,0.47943592,0.0,0.0
616,DIAGONAL_GAUSSIAN,6,22002,616,12.490438,8.655302,3.8351364,616,1,1.1934795,0.0,0.0
617,DIAGONAL_GAUSSIAN,6,22002,617,17.086403,15.276025,1.8103781,617,1,0.8561487,0.0,0.0
618,DIAGONAL_GAUSSIAN,6,22002,618,12.549427,13.548892,-0.999465,659,0,0.9717684,0.0,0.0
619,DIAGONAL_GAUSSIAN,6,22002,619,13.620112,14.551723,-0.9316101,846,0,0.0020065308,0.0,0.0
620,DIAGONAL_GAUSSIAN,6,22002,620,14.294104,14.484256,-0.19015217,681,0,-1.2484264,0.0,0.0
621,DIAGONAL_GAUSSIAN,6,22002,621,18.81096,10.118395,8.692566,621,1,-0.07447815,0.0,0.0
622,DIAGONAL_GAUSSIAN,6,22002,622,3.711117,10.820627,-7.1095104,47,0,-2.1165285,0.0,0.0
623,DIAGONAL_GAUSSIAN,6,22002,623,9.545594,8.231004,1.3145905,623,1,0.965045,0.0,0.0
624,DIAGONAL_GAUSSIAN,6,22002,624,10.500444,14.303852,-3.8034077,865,0,1.0902061,0.0,0.0
625,DIAGONAL_GAUSSIAN,6,22002,625,17.855356,13.004233,4.851123,625,1,0.90287495,0.0,0.0
626,DIAGONAL_GAUSSIAN,6,22002,626,14.487207,10.91214,3.5750675,626,1,1.0094872,0.0,0.0
627,DIAGONAL_GAUSSIAN,6,22002,627,15.866237,10.772704,5.0935326,627,1,-0.5616579,0.0,0.0
628,DIAGONAL_GAUSSIAN,6,22002,628,11.027721,8.30915,2.7185717,628,1,1.9042034,0.0,0.0
629,DIAGONAL_GAUSSIAN,6,22002,629,18.014269,19.00654,-0.9922714,551,0,-1.6386471,0.0,0.0
630,DIAGONAL_GAUSSIAN,6,22002,630,14.429595,10.939643,3.489952,630,1,-0.28337097,0.0,0.0
631,DIAGONAL_GAUSSIAN,6,22002,631,12.071622,12.759257,-0.6876354,804,0,-0.49211216,0.0,0.0
632,DIAGONAL_GAUSSIAN,6,22002,632,11.201957,10.526442,0.6755152,632,1,-0.41032314,0.0,0.0
633,DIAGONAL_GAUSSIAN,6,22002,633,7.38434,7.151444,0.23289585,633,1,-0.9817214,0.0,1.0
634,DIAGONAL_GAUSSIAN,6,22002,634,17.971004,11.127181,6.8438234,634,1,0.7920866,0.0,0.0
635,DIAGONAL_GAUSSIAN,6,22002,635,6.1218553,10.446547,-4.3246913,922,0,0.30827236,0.0,0.0
636,DIAGONAL_GAUSSIAN,6,22002,636,12.642839,12.370665,0.27217484,636,1,-1.0587645,0.0,1.0
637,DIAGONAL_GAUSSIAN,6,22002,637,15.79787,12.812855,2.985015,637,1,0.0084962845,0.0,0.0
638,DIAGONAL_GAUSSIAN,6,22002,638,15.126624,15.492314,-0.36569023,639,0,-0.42411137,0.0,0.0
639,DIAGONAL_GAUSSIAN,6,22002,639,14.015108,13.745515,0.26959324,639,1,-0.23550034,0.0,0.0
640,DIAGONAL_GAUSSIAN,6,22002,640,11.530137,11.0160475,0.5140896,640,1,-0.5466795,0.0,1.0
641,DIAGONAL_GAUSSIAN,6,22002,641,16.581495,12.425372,4.156123,641,1,-1.8315725,0.0,0.0
642,DIAGONAL_GAUSSIAN,6,22002,642,17.557076,11.478597,6.078479,642,1,0.06210804,0.0,0.0
643,DIAGONAL_GAUSSIAN,6,22002,643,9.794785,9.678703,0.11608124,643,1,-0.1175518,0.0,1.0
644,DIAGONAL_GAUSSIAN,6,22002,644,11.126722,11.120713,0.006009102,644,1,0.61753654,0.0,0.0
645,DIAGONAL_GAUSSIAN,6,22002,645,13.766034,10.035944,3.7300901,645,1,0.8388033,0.0,0.0
646,DIAGONAL_GAUSSIAN,6,22002,646,19.421564,12.51731,6.904254,646,1,0.9393625,0.0,0.0
647,DIAGONAL_GAUSSIAN,6,22002,647,21.460386,16.190987,5.2693996,647,1,-0.5164671,0.0,0.0
648,DIAGONAL_GAUSSIAN,6,22002,648,14.014605,12.91303,1.1015749,648,1,0.76854515,0.0,0.0
649,DIAGONAL_GAUSSIAN,6,22002,649,11.926232,8.976886,2.9493465,649,1,2.7705154,0.0,0.0
650,DIAGONAL_GAUSSIAN,6,22002,650,14.54013,10.456103,4.0840263,650,1,2.076807,0.0,0.0
651,DIAGONAL_GAUSSIAN,6,22002,651,13.756502,11.310244,2.4462585,651,1,1.1871367,0.0,0.0
652,DIAGONAL_GAUSSIAN,6,22002,652,13.288363,8.938827,4.349537,652,1,1.058855,0.0,0.0
653,DIAGONAL_GAUSSIAN,6,22002,653,10.662187,11.201406,-0.5392189,469,0,1.8853941,1.0,0.0
654,DIAGONAL_GAUSSIAN,6,22002,654,10.200335,15.957116,-5.7567816,627,0,1.585372,0.0,0.0
655,DIAGONAL_GAUSSIAN,6,22002,655,11.300679,8.857673,2.4430065,655,1,-0.36407566,0.0,0.0
656,DIAGONAL_GAUSSIAN,6,22002,656,12.464319,10.559443,1.9048758,656,1,0.126894,0.0,0.0
657,DIAGONAL_GAUSSIAN,6,22002,657,16.9427,16.635695,0.30700493,657,1,0.26983833,0.0,0.0
658,DIAGONAL_GAUSSIAN,6,22002,658,16.330692,11.747789,4.582903,658,1,-0.19104958,0.0,0.0
659,DIAGONAL_GAUSSIAN,6,22002,659,7.862472,9.946017,-2.0835452,599,0,-0.17852068,0.0,0.0
660,DIAGONAL_GAUSSIAN,6,22002,660,11.410459,13.915041,-2.5045824,864,0,-0.8449745,0.0,0.0
661,DIAGONAL_GAUSSIAN,6,22002,661,15.416743,10.538989,4.877754,661,1,0.9463358,0.0,0.0
662,DIAGONAL_GAUSSIAN,6,22002,662,6.9252977,9.595487,-2.670189,571,0,-0.22546959,0.0,0.0
663,DIAGONAL_GAUSSIAN,6,22002,663,13.218921,15.572496,-2.3535757,442,0,-0.9529638,0.0,0.0
664,DIAGONAL_GAUSSIAN,6,22002,664,13.7740135,15.0335655,-1.259552,526,0,0.16475677,0.0,0.0
665,DIAGONAL_GAUSSIAN,6,22002,665,10.807827,11.151956,-0.3441286,671,0,1.4659843,1.0,0.0
666,DIAGONAL_GAUSSIAN,6,22002,666,15.125967,9.027593,6.0983744,666,1,1.5581169,0.0,0.0
667,DIAGONAL_GAUSSIAN,6,22002,667,18.6975,18.393448,0.30405235,667,1,0.9578304,0.0,0.0
668,DIAGONAL_GAUSSIAN,6,22002,668,17.53216,15.497776,2.0343838,668,1,1.9499941,0.0,0.0
669,DIAGONAL_GAUSSIAN,6,22002,669,17.96337,12.955153,5.008216,669,1,-0.078453064,0.0,0.0
670,DIAGONAL_GAUSSIAN,6,22002,670,16.770424,15.197587,1.5728369,670,1,-0.36936665,0.0,0.0
671,DIAGONAL_GAUSSIAN,6,22002,671,13.118533,10.036032,3.0825014,671,1,0.18825531,0.0,0.0
672,DIAGONAL_GAUSSIAN,6,22002,672,15.264176,13.65243,1.6117468,672,1,0.22141838,0.0,0.0
673,DIAGONAL_GAUSSIAN,6,22002,673,12.464732,9.9282465,2.5364857,673,1,1.3847322,0.0,0.0
674,DIAGONAL_GAUSSIAN,6,22002,674,20.604252,10.128081,10.476171,674,1,1.0214558,0.0,0.0
675,DIAGONAL_GAUSSIAN,6,22002,675,7.8831735,10.1082535,-2.22508,407,0,-1.0987778,0.0,0.0
676,DIAGONAL_GAUSSIAN,6,22002,676,11.59219,15.716951,-4.1247616,263,0,-1.9073353,0.0,0.0
677,DIAGONAL_GAUSSIAN,6,22002,677,9.050537,9.133058,-0.082520485,772,0,3.575657,1.0,0.0
678,DIAGONAL_GAUSSIAN,6,22002,678,5.650089,13.327649,-7.6775603,178,0,-1.8618064,0.0,0.0
679,DIAGONAL_GAUSSIAN,6,22002,679,12.466066,11.257583,1.2084837,679,1,0.29919815,0.0,0.0
680,DIAGONAL_GAUSSIAN,6,22002,680,18.526978,15.395029,3.1319485,680,1,1.6150141,0.0,0.0
681,DIAGONAL_GAUSSIAN,6,22002,681,5.010312,7.3070474,-2.2967353,620,0,1.2925119,0.0,0.0
682,DIAGONAL_GAUSSIAN,6,22002,682,5.9579597,11.351329,-5.393369,442,0,4.09368,0.0,0.0
683,DIAGONAL_GAUSSIAN,6,22002,683,15.443168,20.540504,-5.097337,558,0,0.42927456,0.0,0.0
684,DIAGONAL_GAUSSIAN,6,22002,684,21.548172,10.580498,10.967674,684,1,-0.11527634,0.0,0.0
685,DIAGONAL_GAUSSIAN,6,22002,685,20.04441,10.732819,9.311592,685,1,1.5746288,0.0,0.0
686,DIAGONAL_GAUSSIAN,6,22002,686,8.691515,9.652747,-0.9612322,691,0,-0.64041615,0.0,0.0
687,DIAGONAL_GAUSSIAN,6,22002,687,11.901283,11.39263,0.50865364,687,1,2.9440508,0.0,0.0
688,DIAGONAL_GAUSSIAN,6,22002,688,21.681112,13.795536,7.8855762,688,1,0.118263245,0.0,0.0
689,DIAGONAL_GAUSSIAN,6,22002,689,16.84318,15.868868,0.9743118,689,1,-0.7639408,0.0,0.0
690,DIAGONAL_GAUSSIAN,6,22002,690,19.039677,15.088391,3.9512854,690,1,0.23631763,0.0,0.0
691,DIAGONAL_GAUSSIAN,6,22002,691,12.594087,11.278073,1.3160133,691,1,0.21193981,0.0,0.0
692,DIAGONAL_GAUSSIAN,6,22002,692,13.333147,10.389979,2.9431677,692,1,-1.6854162,0.0,0.0
693,DIAGONAL_GAUSSIAN,6,22002,693,19.003803,16.537792,2.466011,693,1,-0.36927986,0.0,0.0
694,DIAGONAL_GAUSSIAN,6,22002,694,13.449396,15.305002,-1.8556061,525,0,7.347458,1.0,0.0
695,DIAGONAL_GAUSSIAN,6,22002,695,14.911371,12.694025,2.2173462,695,1,-0.2938776,0.0,0.0
696,DIAGONAL_GAUSSIAN,6,22002,696,16.918047,12.063231,4.8548155,696,1,0.48251915,0.0,0.0
697,DIAGONAL_GAUSSIAN,6,22002,697,15.017815,9.194659,5.8231554,697,1,0.31444502,0.0,0.0
698,DIAGONAL_GAUSSIAN,6,22002,698,15.152588,12.068386,3.0842018,698,1,-0.9898863,0.0,0.0
699,DIAGONAL_GAUSSIAN,6,22002,699,18.853605,15.841827,3.0117779,699,1,-0.026788712,0.0,0.0
700,DIAGONAL_GAUSSIAN,6,22002,700,10.249114,11.512214,-1.2630997,697,0,0.5210123,0.0,0.0
701,DIAGONAL_GAUSSIAN,6,22002,701,11.450744,10.698181,0.7525625,701,1,6.552746,0.0,0.0
702,DIAGONAL_GAUSSIAN,6,22002,702,10.366228,8.550952,1.8152761,702,1,0.9969063,0.0,0.0
703,DIAGONAL_GAUSSIAN,6,22002,703,8.5875225,10.111862,-1.5243397,912,0,1.2296772,0.0,0.0
704,DIAGONAL_GAUSSIAN,6,22002,704,14.622435,10.697491,3.924944,704,1,0.27957726,0.0,0.0
705,DIAGONAL_GAUSSIAN,6,22002,705,13.100372,13.252134,-0.15176201,874,0,-0.1644764,0.0,0.0
706,DIAGONAL_GAUSSIAN,6,22002,706,8.290991,10.884654,-2.5936632,698,0,0.9021416,0.0,0.0
707,DIAGONAL_GAUSSIAN,6,22002,707,20.67413,13.807518,6.8666115,707,1,-0.9606161,0.0,0.0
708,DIAGONAL_GAUSSIAN,6,22002,708,7.2790337,9.058312,-1.7792788,595,0,1.1675282,0.0,0.0
709,DIAGONAL_GAUSSIAN,6,22002,709,10.120355,10.587425,-0.46707058,411,0,3.0758371,1.0,0.0
710,DIAGONAL_GAUSSIAN,6,22002,710,4.5770764,10.855252,-6.278176,446,0,-0.20557451,0.0,0.0
711,DIAGONAL_GAUSSIAN,6,22002,711,19.51418,16.549347,2.9648323,711,1,-0.041496277,0.0,0.0
712,DIAGONAL_GAUSSIAN,6,22002,712,12.431146,8.417791,4.0133543,712,1,-1.5747786,0.0,0.0
713,DIAGONAL_GAUSSIAN,6,22002,713,20.385471,15.054827,5.3306446,713,1,-0.05779648,0.0,0.0
714,DIAGONAL_GAUSSIAN,6,22002,714,16.76895,11.484284,5.284665,714,1,-0.03408146,0.0,0.0
715,DIAGONAL_GAUSSIAN,6,22002,715,6.4985175,11.888608,-5.3900905,870,0,1.1871881,0.0,0.0
716,DIAGONAL_GAUSSIAN,6,22002,716,15.190589,13.284981,1.9056082,716,1,-0.5826273,0.0,0.0
717,DIAGONAL_GAUSSIAN,6,22002,717,14.728111,11.267925,3.460186,717,1,0.4445219,0.0,0.0
718,DIAGONAL_GAUSSIAN,6,22002,718,12.914658,16.656012,-3.741354,821,0,0.59290504,0.0,0.0
719,DIAGONAL_GAUSSIAN,6,22002,719,18.71197,9.616374,9.095595,719,1,-0.7239237,0.0,0.0
720,DIAGONAL_GAUSSIAN,6,22002,720,14.861353,13.445809,1.4155436,720,1,-0.9544649,0.0,0.0
721,DIAGONAL_GAUSSIAN,6,22002,721,14.677942,12.225716,2.4522266,721,1,-0.91579247,0.0,0.0
722,DIAGONAL_GAUSSIAN,6,22002,722,2.3820448,8.4007435,-6.0186987,524,0,2.1939445,0.0,0.0
723,DIAGONAL_GAUSSIAN,6,22002,723,7.7834787,9.453743,-1.6702642,906,0,2.7771912,1.0,0.0
724,DIAGONAL_GAUSSIAN,6,22002,724,13.957775,11.916673,2.0411024,724,1,-0.48479652,0.0,0.0
725,DIAGONAL_GAUSSIAN,6,22002,725,11.735407,12.516445,-0.7810383,899,0,-0.68359756,0.0,0.0
726,DIAGONAL_GAUSSIAN,6,22002,726,20.655201,13.471357,7.1838436,726,1,2.500413,0.0,0.0
727,DIAGONAL_GAUSSIAN,6,22002,727,12.754959,12.649202,0.10575676,727,1,1.0905571,0.0,0.0
728,DIAGONAL_GAUSSIAN,6,22002,728,17.65195,11.052892,6.599059,728,1,-1.4715033,0.0,0.0
729,DIAGONAL_GAUSSIAN,6,22002,729,7.830867,8.104826,-0.27395916,854,0,-2.0035043,0.0,0.0
730,DIAGONAL_GAUSSIAN,6,22002,730,17.405977,16.601118,0.80485916,730,1,1.1168194,0.0,0.0
731,DIAGONAL_GAUSSIAN,6,22002,731,10.49116,9.391613,1.0995474,731,1,-3.4936342,0.0,1.0
732,DIAGONAL_GAUSSIAN,6,22002,732,16.048834,12.973619,3.0752144,732,1,1.278655,0.0,0.0
733,DIAGONAL_GAUSSIAN,6,22002,733,8.877112,10.041092,-1.1639795,456,0,2.7924404,1.0,0.0
734,DIAGONAL_GAUSSIAN,6,22002,734,12.53732,12.670921,-0.13360119,407,0,2.2305946,1.0,0.0
735,DIAGONAL_GAUSSIAN,6,22002,735,10.299424,14.004032,-3.704608,887,0,-1.1993866,0.0,0.0
736,DIAGONAL_GAUSSIAN,6,22002,736,13.771752,13.529955,0.24179745,736,1,1.6401234,0.0,0.0
737,DIAGONAL_GAUSSIAN,6,22002,737,14.851666,11.816768,3.0348988,737,1,0.83113194,0.0,0.0
738,DIAGONAL_GAUSSIAN,6,22002,738,11.930388,14.340123,-2.4097347,580,0,3.0177946,1.0,0.0
739,DIAGONAL_GAUSSIAN,6,22002,739,19.184937,8.868311,10.316626,739,1,-0.5226879,0.0,0.0
740,DIAGONAL_GAUSSIAN,6,22002,740,7.9278636,12.381436,-4.4535728,613,0,1.2320256,0.0,0.0
741,DIAGONAL_GAUSSIAN,6,22002,741,13.351713,10.740613,2.6111002,741,1,-1.5464773,0.0,0.0
742,DIAGONAL_GAUSSIAN,6,22002,742,9.597378,14.080165,-4.482787,713,0,0.16517258,0.0,0.0
743,DIAGONAL_GAUSSIAN,6,22002,743,9.596523,10.726425,-1.1299019,425,0,0.32944775,0.0,0.0
744,DIAGONAL_GAUSSIAN,6,22002,744,11.468549,10.101553,1.3669958,744,1,-0.50051975,0.0,0.0
745,DIAGONAL_GAUSSIAN,6,22002,745,16.697323,10.13598,6.561343,745,1,-0.2562666,0.0,0.0
746,DIAGONAL_GAUSSIAN,6,22002,746,18.005827,10.644051,7.3617764,746,1,0.74067116,0.0,0.0
747,DIAGONAL_GAUSSIAN,6,22002,747,7.367832,9.802559,-2.4347267,641,0,0.4059658,0.0,0.0
748,DIAGONAL_GAUSSIAN,6,22002,748,15.299798,15.823309,-0.52351093,893,0,0.221694,0.0,0.0
749,DIAGONAL_GAUSSIAN,6,22002,749,17.258226,9.330792,7.927434,749,1,-3.5805674,0.0,0.0
750,DIAGONAL_GAUSSIAN,6,22002,750,12.442247,9.812942,2.6293058,750,1,0.45701122,0.0,0.0
751,DIAGONAL_GAUSSIAN,6,22002,751,15.060171,14.479977,0.5801945,751,1,0.0054531097,0.0,0.0
752,DIAGONAL_GAUSSIAN,6,22002,752,20.103657,15.735019,4.368638,752,1,0.12708282,0.0,0.0
753,DIAGONAL_GAUSSIAN,6,22002,753,12.111474,12.241776,-0.13030243,811,0,0.8405819,1.0,0.0
754,DIAGONAL_GAUSSIAN,6,22002,754,10.800098,13.862957,-3.0628586,761,0,0.9387398,0.0,0.0
755,DIAGONAL_GAUSSIAN,6,22002,755,15.716935,14.43248,1.2844553,755,1,3.8311224,0.0,0.0
756,DIAGONAL_GAUSSIAN,6,22002,756,12.029271,10.451562,1.5777092,756,1,-0.14344692,0.0,0.0
757,DIAGONAL_GAUSSIAN,6,22002,757,12.239735,12.261911,-0.022176743,874,0,0.1291542,1.0,0.0
758,DIAGONAL_GAUSSIAN,6,22002,758,11.417091,8.892561,2.5245304,758,1,0.17244625,0.0,0.0
759,DIAGONAL_GAUSSIAN,6,22002,759,13.229639,9.438022,3.7916174,759,1,1.3300753,0.0,0.0
760,DIAGONAL_GAUSSIAN,6,22002,760,7.551784,8.108136,-0.55635214,851,0,0.76668596,1.0,0.0
761,DIAGONAL_GAUSSIAN,6,22002,761,6.0240326,13.953558,-7.9295254,227,0,-1.0331392,0.0,0.0
762,DIAGONAL_GAUSSIAN,6,22002,762,15.267645,10.050806,5.216839,762,1,-0.99155235,0.0,0.0
763,DIAGONAL_GAUSSIAN,6,22002,763,18.408836,14.254203,4.1546335,763,1,0.8519306,0.0,0.0
764,DIAGONAL_GAUSSIAN,6,22002,764,9.48077,8.854978,0.6257925,764,1,-1.1857576,0.0,1.0
765,DIAGONAL_GAUSSIAN,6,22002,765,15.781294,10.095661,5.6856327,765,1,1.5925674,0.0,0.0
766,DIAGONAL_GAUSSIAN,6,22002,766,17.812803,10.641642,7.1711617,766,1,-0.7166405,0.0,0.0
767,DIAGONAL_GAUSSIAN,6,22002,767,7.635152,12.44734,-4.812188,542,0,2.692503,0.0,0.0
768,DIAGONAL_GAUSSIAN,6,22002,768,16.11159,16.066729,0.04486084,768,1,-0.6171055,0.0,1.0
769,DIAGONAL_GAUSSIAN,6,22002,769,14.49498,15.596078,-1.1010981,611,0,9.327801,1.0,0.0
770,DIAGONAL_GAUSSIAN,6,22002,770,14.654481,9.080518,5.573963,770,1,0.39565277,0.0,0.0
771,DIAGONAL_GAUSSIAN,6,22002,771,17.917246,12.245789,5.6714573,771,1,0.76590157,0.0,0.0
772,DIAGONAL_GAUSSIAN,6,22002,772,8.46186,11.310409,-2.848549,608,0,1.3341141,0.0,0.0
773,DIAGONAL_GAUSSIAN,6,22002,773,6.738962,12.933861,-6.1948986,969,0,1.6972518,0.0,0.0
774,DIAGONAL_GAUSSIAN,6,22002,774,10.037819,11.050939,-1.0131197,630,0,0.6659336,0.0,0.0
775,DIAGONAL_GAUSSIAN,6,22002,775,13.200647,10.288668,2.9119797,775,1,0.94526863,0.0,0.0
776,DIAGONAL_GAUSSIAN,6,22002,776,19.345785,15.518135,3.82765,776,1,0.5719719,0.0,0.0
777,DIAGONAL_GAUSSIAN,6,22002,777,18.90105,12.627032,6.2740183,777,1,1.158988,0.0,0.0
778,DIAGONAL_GAUSSIAN,6,22002,778,10.002855,12.051399,-2.048544,861,0,1.3494987,0.0,0.0
779,DIAGONAL_GAUSSIAN,6,22002,779,20.776167,14.493364,6.2828026,779,1,0.9642143,0.0,0.0
780,DIAGONAL_GAUSSIAN,6,22002,780,16.992067,14.826356,2.1657114,780,1,0.3713951,0.0,0.0
781,DIAGONAL_GAUSSIAN,6,22002,781,21.384497,9.745202,11.639295,781,1,-0.33006477,0.0,0.0
782,DIAGONAL_GAUSSIAN,6,22002,782,14.154799,14.081558,0.073241234,782,1,-0.23858929,0.0,1.0
783,DIAGONAL_GAUSSIAN,6,22002,783,19.07776,13.741078,5.3366823,783,1,0.23949718,0.0,0.0
784,DIAGONAL_GAUSSIAN,6,22002,784,4.6587477,12.134349,-7.475601,550,0,-0.38563538,0.0,0.0
785,DIAGONAL_GAUSSIAN,6,22002,785,14.915716,8.809583,6.1061335,785,1,0.43075848,0.0,0.0
786,DIAGONAL_GAUSSIAN,6,22002,786,18.425594,10.143113,8.282481,786,1,0.25787735,0.0,0.0
787,DIAGONAL_GAUSSIAN,6,22002,787,22.6786,15.537381,7.141219,787,1,0.3423357,0.0,0.0
788,DIAGONAL_GAUSSIAN,6,22002,788,17.626554,10.50949,7.1170645,788,1,1.189393,0.0,0.0
789,DIAGONAL_GAUSSIAN,6,22002,789,17.300617,12.958097,4.3425198,789,1,-0.81260204,0.0,0.0
790,DIAGONAL_GAUSSIAN,6,22002,790,10.897453,11.382016,-0.48456287,886,0,0.101483345,0.0,0.0
791,DIAGONAL_GAUSSIAN,6,22002,791,11.175727,11.750451,-0.5747242,870,0,-1.4189482,0.0,0.0
792,DIAGONAL_GAUSSIAN,6,22002,792,15.840539,14.196637,1.6439018,792,1,1.3031006,0.0,0.0
793,DIAGONAL_GAUSSIAN,6,22002,793,13.164107,8.3981495,4.765958,793,1,1.1416922,0.0,0.0
794,DIAGONAL_GAUSSIAN,6,22002,794,11.081878,10.834135,0.24774265,794,1,-4.0536656,0.0,1.0
795,DIAGONAL_GAUSSIAN,6,22002,795,8.984634,8.882405,0.10222912,795,1,7.94433,0.0,0.0
796,DIAGONAL_GAUSSIAN,6,22002,796,14.883163,9.203649,5.679515,796,1,0.8028679,0.0,0.0
797,DIAGONAL_GAUSSIAN,6,22002,797,11.112172,10.091851,1.0203209,797,1,2.1832676,0.0,0.0
798,DIAGONAL_GAUSSIAN,6,22002,798,1.555924,11.379093,-9.823169,906,0,-0.66816235,0.0,0.0
799,DIAGONAL_GAUSSIAN,6,22002,799,11.655412,11.360469,0.29494286,799,1,-0.25222683,0.0,0.0
800,DIAGONAL_GAUSSIAN,6,22002,800,19.707428,13.947887,5.7595406,800,1,2.1327133,0.0,0.0
801,DIAGONAL_GAUSSIAN,6,22002,801,11.530808,9.960333,1.5704756,801,1,2.164568,0.0,0.0
802,DIAGONAL_GAUSSIAN,6,22002,802,19.271763,12.926161,6.345602,802,1,0.5872135,0.0,0.0
803,DIAGONAL_GAUSSIAN,6,22002,803,19.849054,12.097839,7.751215,803,1,-0.30428314,0.0,0.0
804,DIAGONAL_GAUSSIAN,6,22002,804,12.283286,9.673398,2.609888,804,1,0.53789234,0.0,0.0
805,DIAGONAL_GAUSSIAN,6,22002,805,18.97539,14.102051,4.8733387,805,1,0.23342133,0.0,0.0
806,DIAGONAL_GAUSSIAN,6,22002,806,12.496766,11.843916,0.65285015,806,1,-1.9603348,0.0,1.0
807,DIAGONAL_GAUSSIAN,6,22002,807,20.332085,15.933763,4.398322,807,1,-0.8633146,0.0,0.0
808,DIAGONAL_GAUSSIAN,6,22002,808,14.4408245,12.255664,2.1851606,808,1,0.82958984,0.0,0.0
809,DIAGONAL_GAUSSIAN,6,22002,809,13.242137,11.892012,1.3501253,809,1,0.23112583,0.0,0.0
810,DIAGONAL_GAUSSIAN,6,22002,810,21.81963,20.2089,1.6107292,810,1,0.2963562,0.0,0.0
811,DIAGONAL_GAUSSIAN,6,22002,811,6.8725543,14.588875,-7.7163205,760,0,0.6704726,0.0,0.0
812,DIAGONAL_GAUSSIAN,6,22002,812,13.640414,13.095717,0.5446968,812,1,0.33290863,0.0,0.0
813,DIAGONAL_GAUSSIAN,6,22002,813,16.626574,14.098889,2.5276842,813,1,-0.5026207,0.0,0.0
814,DIAGONAL_GAUSSIAN,6,22002,814,16.710253,13.561185,3.1490679,814,1,0.28396034,0.0,0.0
815,DIAGONAL_GAUSSIAN,6,22002,815,13.83407,10.0550585,3.7790117,815,1,1.0904665,0.0,0.0
816,DIAGONAL_GAUSSIAN,6,22002,816,17.845522,16.253387,1.5921345,816,1,0.14189339,0.0,0.0
817,DIAGONAL_GAUSSIAN,6,22002,817,12.974853,15.661547,-2.6866941,511,0,0.84925365,0.0,0.0
818,DIAGONAL_GAUSSIAN,6,22002,818,8.978816,7.2955995,1.6832166,818,1,0.5424714,0.0,0.0
819,DIAGONAL_GAUSSIAN,6,22002,819,14.918405,12.521988,2.3964167,819,1,0.025618553,0.0,0.0
820,DIAGONAL_GAUSSIAN,6,22002,820,18.121841,10.480589,7.6412525,820,1,-0.6075125,0.0,0.0
821,DIAGONAL_GAUSSIAN,6,22002,821,14.874249,12.583381,2.2908688,821,1,0.9975214,0.0,0.0
822,DIAGONAL_GAUSSIAN,6,22002,822,11.313194,9.568626,1.7445679,822,1,3.1212492,0.0,0.0
823,DIAGONAL_GAUSSIAN,6,22002,823,5.72601,10.669307,-4.943297,650,0,1.056665,0.0,0.0
824,DIAGONAL_GAUSSIAN,6,22002,824,14.566719,12.60622,1.9604988,824,1,1.4272652,0.0,0.0
825,DIAGONAL_GAUSSIAN,6,22002,825,9.528894,7.904526,1.6243682,825,1,0.6617503,0.0,0.0
826,DIAGONAL_GAUSSIAN,6,22002,826,-1.9746774,9.036204,-11.010881,496,0,0.48532104,0.0,0.0
827,DIAGONAL_GAUSSIAN,6,22002,827,14.086747,14.835603,-0.7488556,556,0,0.2316246,0.0,0.0
828,DIAGONAL_GAUSSIAN,6,22002,828,4.169367,8.922854,-4.7534876,479,0,2.6172915,0.0,0.0
829,DIAGONAL_GAUSSIAN,6,22002,829,17.036396,10.791485,6.244911,829,1,0.05854225,0.0,0.0
830,DIAGONAL_GAUSSIAN,6,22002,830,3.5216322,8.586689,-5.065057,461,0,-1.0532618,0.0,0.0
831,DIAGONAL_GAUSSIAN,6,22002,831,14.728678,10.9306965,3.7979813,831,1,1.17134,0.0,0.0
832,DIAGONAL_GAUSSIAN,6,22002,832,17.337143,11.376001,5.9611416,832,1,-0.61068916,0.0,0.0
833,DIAGONAL_GAUSSIAN,6,22002,833,9.380961,7.847151,1.5338106,833,1,2.1607943,0.0,0.0
834,DIAGONAL_GAUSSIAN,6,22002,834,8.167126,11.174932,-3.0078058,655,0,-0.7449174,0.0,0.0
835,DIAGONAL_GAUSSIAN,6,22002,835,14.537332,13.842256,0.695076,835,1,0.7613249,0.0,0.0
836,DIAGONAL_GAUSSIAN,6,22002,836,18.077208,17.16351,0.9136982,836,1,-0.56901073,0.0,0.0
837,DIAGONAL_GAUSSIAN,6,22002,837,8.020161,10.385644,-2.3654833,877,0,0.755599,0.0,0.0
838,DIAGONAL_GAUSSIAN,6,22002,838,13.104788,12.504931,0.5998564,838,1,-0.35062695,0.0,0.0
839,DIAGONAL_GAUSSIAN,6,22002,839,14.155237,12.202039,1.9531984,839,1,0.67535686,0.0,0.0
840,DIAGONAL_GAUSSIAN,6,22002,840,15.768317,10.610609,5.157708,840,1,0.72938824,0.0,0.0
841,DIAGONAL_GAUSSIAN,6,22002,841,13.094532,11.254752,1.8397799,841,1,1.7028923,0.0,0.0
842,DIAGONAL_GAUSSIAN,6,22002,842,14.528701,9.8238945,4.7048063,842,1,0.54989433,0.0,0.0
843,DIAGONAL_GAUSSIAN,6,22002,843,5.1278396,8.775662,-3.6478229,904,0,3.1286893,0.0,0.0
844,DIAGONAL_GAUSSIAN,6,22002,844,15.034312,10.063079,4.9712334,844,1,0.7488489,0.0,0.0
845,DIAGONAL_GAUSSIAN,6,22002,845,10.229493,12.856675,-2.627182,767,0,0.7783823,0.0,0.0
846,DIAGONAL_GAUSSIAN,6,22002,846,14.680534,13.891874,0.78866005,846,1,-0.6264515,0.0,0.0
847,DIAGONAL_GAUSSIAN,6,22002,847,15.837139,15.802021,0.035118103,847,1,0.5486469,0.0,0.0
848,DIAGONAL_GAUSSIAN,6,22002,848,13.737283,13.159953,0.57732964,848,1,-0.5508356,0.0,0.0
849,DIAGONAL_GAUSSIAN,6,22002,849,15.592447,18.866705,-3.2742577,505,0,-0.14487457,0.0,0.0
850,DIAGONAL_GAUSSIAN,6,22002,850,11.346143,10.544185,0.8019581,850,1,2.9525871,0.0,0.0
851,DIAGONAL_GAUSSIAN,6,22002,851,14.707332,14.331806,0.37552547,851,1,0.70734215,0.0,0.0
852,DIAGONAL_GAUSSIAN,6,22002,852,13.993927,12.249168,1.7447586,852,1,-3.0382652,0.0,1.0
853,DIAGONAL_GAUSSIAN,6,22002,853,18.328516,10.146073,8.182443,853,1,0.89565754,0.0,0.0
854,DIAGONAL_GAUSSIAN,6,22002,854,12.927046,10.878954,2.048092,854,1,3.243287,0.0,0.0
855,DIAGONAL_GAUSSIAN,6,22002,855,15.714797,11.555866,4.158931,855,1,2.5024834,0.0,0.0
856,DIAGONAL_GAUSSIAN,6,22002,856,14.523955,12.527034,1.9969215,856,1,0.70064926,0.0,0.0
857,DIAGONAL_GAUSSIAN,6,22002,857,12.932854,12.953396,-0.020542145,765,0,-0.05811882,0.0,0.0
858,DIAGONAL_GAUSSIAN,6,22002,858,18.389803,10.767634,7.6221685,858,1,-0.13888836,0.0,0.0
859,DIAGONAL_GAUSSIAN,6,22002,859,18.558086,12.718032,5.8400545,859,1,-0.28346348,0.0,0.0
860,DIAGONAL_GAUSSIAN,6,22002,860,8.6132555,13.205091,-4.591836,919,0,0.11304712,0.0,0.0
861,DIAGONAL_GAUSSIAN,6,22002,861,16.372355,14.757088,1.6152668,861,1,-0.40979767,0.0,0.0
862,DIAGONAL_GAUSSIAN,6,22002,862,15.823632,9.732446,6.0911865,862,1,1.8274612,0.0,0.0
863,DIAGONAL_GAUSSIAN,6,22002,863,14.156166,11.529989,2.6261768,863,1,0.45991707,0.0,0.0
864,DIAGONAL_GAUSSIAN,6,22002,864,8.090468,9.600275,-1.5098066,867,0,0.31561375,0.0,0.0
865,DIAGONAL_GAUSSIAN,6,22002,865,11.234388,11.942353,-0.7079649,860,0,0.96702385,1.0,0.0
866,DIAGONAL_GAUSSIAN,6,22002,866,16.905943,17.024113,-0.118169785,856,0,-0.9396095,0.0,0.0
867,DIAGONAL_GAUSSIAN,6,22002,867,14.187143,10.260147,3.9269962,867,1,1.0120173,0.0,0.0
868,DIAGONAL_GAUSSIAN,6,22002,868,11.028246,9.94934,1.078906,868,1,0.80681515,0.0,0.0
869,DIAGONAL_GAUSSIAN,6,22002,869,6.741798,8.458242,-1.7164445,906,0,0.82370186,0.0,0.0
870,DIAGONAL_GAUSSIAN,6,22002,870,10.32714,10.065819,0.26132107,870,1,-0.87768555,0.0,1.0
871,DIAGONAL_GAUSSIAN,6,22002,871,21.20369,15.397443,5.8062468,871,1,-1.841239,0.0,0.0
872,DIAGONAL_GAUSSIAN,6,22002,872,11.168181,11.132936,0.035245895,872,1,1.7193842,0.0,0.0
873,DIAGONAL_GAUSSIAN,6,22002,873,6.3653684,12.195708,-5.83034,698,0,-1.5761518,0.0,0.0
874,DIAGONAL_GAUSSIAN,6,22002,874,15.656936,11.918207,3.7387285,874,1,-0.820281,0.0,0.0
875,DIAGONAL_GAUSSIAN,6,22002,875,12.553379,9.524185,3.0291939,875,1,0.52812004,0.0,0.0
876,DIAGONAL_GAUSSIAN,6,22002,876,7.375521,12.275991,-4.9004703,706,0,1.0694795,0.0,0.0
877,DIAGONAL_GAUSSIAN,6,22002,877,10.939574,12.150928,-1.2113533,421,0,1.8830194,1.0,0.0
878,DIAGONAL_GAUSSIAN,6,22002,878,16.929888,17.334295,-0.4044075,810,0,-0.21224594,0.0,0.0
879,DIAGONAL_GAUSSIAN,6,22002,879,12.985615,10.269652,2.7159624,879,1,-1.9875345,0.0,0.0
880,DIAGONAL_GAUSSIAN,6,22002,880,16.93084,8.859797,8.071043,880,1,0.40298748,0.0,0.0
881,DIAGONAL_GAUSSIAN,6,22002,881,14.485985,11.726214,2.7597704,881,1,0.7844267,0.0,0.0
882,DIAGONAL_GAUSSIAN,6,22002,882,8.014714,10.268,-2.2532854,851,0,-0.42252827,0.0,0.0
883,DIAGONAL_GAUSSIAN,6,22002,883,12.868016,11.448265,1.4197512,883,1,-0.06898022,0.0,0.0
884,DIAGONAL_GAUSSIAN,6,22002,884,13.604409,13.107065,0.49734402,884,1,1.3007965,0.0,0.0
885,DIAGONAL_GAUSSIAN,6,22002,885,9.626977,10.150024,-0.52304745,911,0,-1.0098438,0.0,0.0
886,DIAGONAL_GAUSSIAN,6,22002,886,16.939852,12.282101,4.657751,886,1,1.4984255,0.0,0.0
887,DIAGONAL_GAUSSIAN,6,22002,887,7.4199796,8.686311,-1.2663312,411,0,1.4508185,1.0,0.0
888,DIAGONAL_GAUSSIAN,6,22002,888,16.099695,9.477325,6.62237,888,1,0.16354656,0.0,0.0
889,DIAGONAL_GAUSSIAN,6,22002,889,10.36688,10.857965,-0.49108505,699,0,-1.1393805,0.0,0.0
890,DIAGONAL_GAUSSIAN,6,22002,890,15.502539,12.561455,2.941084,890,1,2.0046673,0.0,0.0
891,DIAGONAL_GAUSSIAN,6,22002,891,17.534307,10.205301,7.329006,891,1,0.033291817,0.0,0.0
892,DIAGONAL_GAUSSIAN,6,22002,892,16.883911,17.125425,-0.2415142,409,0,-0.4846096,0.0,0.0
893,DIAGONAL_GAUSSIAN,6,22002,893,10.0884495,12.760952,-2.6725025,549,0,1.5701361,0.0,0.0
894,DIAGONAL_GAUSSIAN,6,22002,894,6.844865,10.479683,-3.634818,799,0,1.4324884,0.0,0.0
895,DIAGONAL_GAUSSIAN,6,22002,895,17.495779,14.548893,2.946886,895,1,1.0877752,0.0,0.0
896,DIAGONAL_GAUSSIAN,6,22002,896,15.578855,11.570207,4.008648,896,1,0.9636469,0.0,0.0
897,DIAGONAL_GAUSSIAN,6,22002,897,17.930986,13.157989,4.772998,897,1,0.6871824,0.0,0.0
898,DIAGONAL_GAUSSIAN,6,22002,898,15.471786,12.642854,2.8289318,898,1,-0.5137911,0.0,0.0
899,DIAGONAL_GAUSSIAN,6,22002,899,14.639316,15.631696,-0.99238014,505,0,1.0494089,1.0,0.0
900,DIAGONAL_GAUSSIAN,6,22002,900,11.663748,10.260582,1.4031658,900,1,3.082941,0.0,0.0
901,DIAGONAL_GAUSSIAN,6,22002,901,20.235617,11.747791,8.487825,901,1,1.0090666,0.0,0.0
902,DIAGONAL_GAUSSIAN,6,22002,902,15.522618,12.237033,3.2855854,902,1,-2.004117,0.0,0.0
903,DIAGONAL_GAUSSIAN,6,22002,903,16.377827,11.644836,4.7329903,903,1,-0.5734978,0.0,0.0
904,DIAGONAL_GAUSSIAN,6,22002,904,10.70967,7.4002957,3.3093743,904,1,0.82100916,0.0,0.0
905,DIAGONAL_GAUSSIAN,6,22002,905,8.005113,8.520769,-0.5156565,904,0,3.8511038,1.0,0.0
906,DIAGONAL_GAUSSIAN,6,22002,906,8.624363,12.871266,-4.2469034,785,0,1.0557432,0.0,0.0
907,DIAGONAL_GAUSSIAN,6,22002,907,8.84558,13.973223,-5.1276426,898,0,1.7243328,0.0,0.0
908,DIAGONAL_GAUSSIAN,6,22002,908,14.583773,16.143574,-1.5598011,895,0,0.6579609,0.0,0.0
909,DIAGONAL_GAUSSIAN,6,22002,909,14.631369,14.884005,-0.25263596,567,0,0.85632133,1.0,0.0
910,DIAGONAL_GAUSSIAN,6,22002,910,7.8285217,10.457468,-2.6289463,726,0,3.9330502,1.0,0.0
911,DIAGONAL_GAUSSIAN,6,22002,911,9.855773,11.736649,-1.8808756,616,0,0.19459057,0.0,0.0
912,DIAGONAL_GAUSSIAN,6,22002,912,15.613367,8.869975,6.743392,912,1,0.034033775,0.0,0.0
913,DIAGONAL_GAUSSIAN,6,22002,913,19.668388,14.849952,4.8184366,913,1,3.5055246,0.0,0.0
914,DIAGONAL_GAUSSIAN,6,22002,914,20.701109,14.645765,6.0553436,914,1,-0.04141426,0.0,0.0
915,DIAGONAL_GAUSSIAN,6,22002,915,8.771563,11.61618,-2.8446178,580,0,4.7202578,1.0,0.0
916,DIAGONAL_GAUSSIAN,6,22002,916,15.442728,8.738571,6.704157,916,1,1.7541027,0.0,0.0
917,DIAGONAL_GAUSSIAN,6,22002,917,12.91077,8.887799,4.022971,917,1,-1.4961662,0.0,0.0
918,DIAGONAL_GAUSSIAN,6,22002,918,12.552343,12.046796,0.5055475,918,1,3.3979912,0.0,0.0
919,DIAGONAL_GAUSSIAN,6,22002,919,1.3752941,10.451467,-9.076173,502,0,-0.59217834,0.0,0.0
920,DIAGONAL_GAUSSIAN,6,22002,920,11.225963,11.093131,0.13283157,920,1,-0.99300385,0.0,1.0
921,DIAGONAL_GAUSSIAN,6,22002,921,11.564385,12.679786,-1.1154003,631,0,1.0460949,0.0,0.0
922,DIAGONAL_GAUSSIAN,6,22002,922,11.22978,8.996657,2.2331228,922,1,4.52162,0.0,0.0
923,DIAGONAL_GAUSSIAN,6,22002,923,13.916493,11.970171,1.9463224,923,1,1.2963533,0.0,0.0
924,DIAGONAL_GAUSSIAN,6,22002,924,21.884798,12.075217,9.809581,924,1,1.9318447,0.0,0.0
925,DIAGONAL_GAUSSIAN,6,22002,925,16.141148,12.572918,3.5682297,925,1,0.48647404,0.0,0.0
926,DIAGONAL_GAUSSIAN,6,22002,926,15.348868,12.304342,3.044526,926,1,-0.12750149,0.0,0.0
927,DIAGONAL_GAUSSIAN,6,22002,927,18.701418,14.402548,4.29887,927,1,-1.3213482,0.0,0.0
928,DIAGONAL_GAUSSIAN,6,22002,928,11.960879,12.509451,-0.5485716,969,0,-0.5752878,0.0,0.0
929,DIAGONAL_GAUSSIAN,6,22002,929,14.848184,10.3034315,4.544752,929,1,0.36655426,0.0,0.0
930,DIAGONAL_GAUSSIAN,6,22002,930,12.106168,10.697549,1.4086189,930,1,1.8861017,0.0,0.0
931,DIAGONAL_GAUSSIAN,6,22002,931,18.048273,13.953647,4.0946264,931,1,1.2080336,0.0,0.0
932,DIAGONAL_GAUSSIAN,6,22002,932,13.316337,11.1904,2.1259365,932,1,1.1826954,0.0,0.0
933,DIAGONAL_GAUSSIAN,6,22002,933,17.086517,11.094967,5.9915504,933,1,0.39582157,0.0,0.0
934,DIAGONAL_GAUSSIAN,6,22002,934,20.996893,12.091275,8.905618,934,1,0.49332428,0.0,0.0
935,DIAGONAL_GAUSSIAN,6,22002,935,13.647929,11.387135,2.2607946,935,1,-0.22385502,0.0,0.0
936,DIAGONAL_GAUSSIAN,6,22002,936,13.184915,8.72281,4.462105,936,1,1.105751,0.0,0.0
937,DIAGONAL_GAUSSIAN,6,22002,937,13.726458,9.1436825,4.582775,937,1,2.1778946,0.0,0.0
938,DIAGONAL_GAUSSIAN,6,22002,938,18.927036,15.482511,3.4445257,938,1,-0.10350132,0.0,0.0
939,DIAGONAL_GAUSSIAN,6,22002,939,14.677119,13.3089695,1.3681498,939,1,0.7493553,0.0,0.0
940,DIAGONAL_GAUSSIAN,6,22002,940,18.209476,13.703329,4.5061474,940,1,0.6277695,0.0,0.0
941,DIAGONAL_GAUSSIAN,6,22002,941,15.284936,11.937325,3.3476114,941,1,0.26393127,0.0,0.0
942,DIAGONAL_GAUSSIAN,6,22002,942,9.607867,9.546285,0.061582565,942,1,-1.005353,0.0,1.0
943,DIAGONAL_GAUSSIAN,6,22002,943,19.907547,13.554131,6.3534164,943,1,-0.8094044,0.0,0.0
944,DIAGONAL_GAUSSIAN,6,22002,944,18.167456,12.683426,5.48403,944,1,0.9454632,0.0,0.0
945,DIAGONAL_GAUSSIAN,6,22002,945,15.079263,11.41441,3.664853,945,1,3.1418085,0.0,0.0
946,DIAGONAL_GAUSSIAN,6,22002,946,14.949378,7.672516,7.276862,946,1,-1.6417751,0.0,0.0
947,DIAGONAL_GAUSSIAN,6,22002,947,16.36077,17.420534,-1.0597649,992,0,-0.4914856,0.0,0.0
948,DIAGONAL_GAUSSIAN,6,22002,948,14.090485,9.493508,4.5969763,948,1,0.183815,0.0,0.0
949,DIAGONAL_GAUSSIAN,6,22002,949,11.468935,10.988679,0.48025608,949,1,2.2409325,0.0,0.0
950,DIAGONAL_GAUSSIAN,6,22002,950,17.254229,12.266962,4.9872665,950,1,1.6494884,0.0,0.0
951,DIAGONAL_GAUSSIAN,6,22002,951,15.510992,14.258754,1.2522383,951,1,2.210104,0.0,0.0
952,DIAGONAL_GAUSSIAN,6,22002,952,14.054993,12.385804,1.6691885,952,1,0.9661579,0.0,0.0
953,DIAGONAL_GAUSSIAN,6,22002,953,15.497162,11.597325,3.8998365,953,1,2.1556063,0.0,0.0
954,DIAGONAL_GAUSSIAN,6,22002,954,17.37851,10.709845,6.668665,954,1,0.017248154,0.0,0.0
955,DIAGONAL_GAUSSIAN,6,22002,955,19.858757,10.487165,9.371592,955,1,-0.7591171,0.0,0.0
956,DIAGONAL_GAUSSIAN,6,22002,956,16.746212,11.488943,5.257269,956,1,2.1764908,0.0,0.0
957,DIAGONAL_GAUSSIAN,6,22002,957,14.998459,9.56338,5.4350786,957,1,0.76286507,0.0,0.0
958,DIAGONAL_GAUSSIAN,6,22002,958,13.767827,12.577283,1.1905441,958,1,1.8339605,0.0,0.0
959,DIAGONAL_GAUSSIAN,6,22002,959,16.77321,12.040377,4.732834,959,1,0.61769104,0.0,0.0
960,DIAGONAL_GAUSSIAN,6,22002,960,13.141783,12.121293,1.0204897,960,1,1.4276428,0.0,0.0
961,DIAGONAL_GAUSSIAN,6,22002,961,11.17659,9.929391,1.247199,961,1,0.45449066,0.0,0.0
962,DIAGONAL_GAUSSIAN,6,22002,962,13.31411,10.880231,2.433879,962,1,0.7878437,0.0,0.0
963,DIAGONAL_GAUSSIAN,6,22002,963,-0.24609022,13.547416,-13.793506,335,0,-0.6289339,0.0,0.0
964,DIAGONAL_GAUSSIAN,6,22002,964,7.679322,12.047604,-4.368282,455,0,3.0939107,0.0,0.0
965,DIAGONAL_GAUSSIAN,6,22002,965,13.694841,10.858924,2.8359175,965,1,-0.8919134,0.0,0.0
966,DIAGONAL_GAUSSIAN,6,22002,966,8.298168,11.282262,-2.9840937,512,0,-2.7647362,0.0,0.0
967,DIAGONAL_GAUSSIAN,6,22002,967,11.816506,12.392505,-0.5759983,969,0,-0.5951872,0.0,0.0
968,DIAGONAL_GAUSSIAN,6,22002,968,12.123743,11.572843,0.55090046,968,1,0.539238,0.0,0.0
969,DIAGONAL_GAUSSIAN,6,22002,969,10.763188,9.375347,1.3878412,969,1,-1.4523115,0.0,1.0
970,DIAGONAL_GAUSSIAN,6,22002,970,12.554809,11.754364,0.8004446,970,1,-1.4746504,0.0,1.0
971,DIAGONAL_GAUSSIAN,6,22002,971,19.701647,10.951701,8.749946,971,1,-0.701952,0.0,0.0
972,DIAGONAL_GAUSSIAN,6,22002,972,12.777138,11.201435,1.5757027,972,1,-0.50731754,0.0,0.0
973,DIAGONAL_GAUSSIAN,6,22002,973,15.505006,14.49895,1.0060558,973,1,0.1034174,0.0,0.0
974,DIAGONAL_GAUSSIAN,6,22002,974,15.813583,13.719296,2.094287,974,1,-0.38672352,0.0,0.0
975,DIAGONAL_GAUSSIAN,6,22002,975,11.47246,8.596491,2.875969,975,1,-0.70905113,0.0,0.0
976,DIAGONAL_GAUSSIAN,6,22002,976,12.916513,11.360405,1.5561085,976,1,1.8624487,0.0,0.0
977,DIAGONAL_GAUSSIAN,6,22002,977,14.7322645,11.886728,2.8455362,977,1,1.0117598,0.0,0.0
978,DIAGONAL_GAUSSIAN,6,22002,978,12.829774,12.40539,0.42438412,978,1,-0.5836992,0.0,1.0
979,DIAGONAL_GAUSSIAN,6,22002,979,8.834793,10.538411,-1.703618,611,0,3.021431,1.0,0.0
980,DIAGONAL_GAUSSIAN,6,22002,980,6.447896,8.420099,-1.9722033,755,0,-4.1633444,0.0,0.0
981,DIAGONAL_GAUSSIAN,6,22002,981,17.348242,16.496387,0.8518543,981,1,-0.90758514,0.0,1.0
982,DIAGONAL_GAUSSIAN,6,22002,982,13.155824,10.7966385,2.3591852,982,1,-0.09208393,0.0,0.0
983,DIAGONAL_GAUSSIAN,6,22002,983,14.957174,13.572257,1.3849173,983,1,2.1359177,0.0,0.0
984,DIAGONAL_GAUSSIAN,6,22002,984,17.856396,7.3832664,10.473129,984,1,0.76419544,0.0,0.0
985,DIAGONAL_GAUSSIAN,6,22002,985,8.291736,8.660151,-0.36841488,126,0,2.3426332,1.0,0.0
986,DIAGONAL_GAUSSIAN,6,22002,986,18.982483,8.8964205,10.086062,986,1,1.6606855,0.0,0.0
987,DIAGONAL_GAUSSIAN,6,22002,987,18.036995,18.002584,0.034410477,987,1,-0.24049377,0.0,1.0
988,DIAGONAL_GAUSSIAN,6,22002,988,17.321308,10.110637,7.2106714,988,1,-1.3930893,0.0,0.0
989,DIAGONAL_GAUSSIAN,6,22002,989,17.263597,11.08494,6.1786575,989,1,3.3997583,0.0,0.0
990,DIAGONAL_GAUSSIAN,6,22002,990,13.533938,12.925524,0.60841465,990,1,2.4425554,0.0,0.0
991,DIAGONAL_GAUSSIAN,6,22002,991,16.472898,14.994659,1.478239,991,1,1.0861702,0.0,0.0
992,DIAGONAL_GAUSSIAN,6,22002,992,14.334751,13.9939995,0.34075165,992,1,1.7149057,0.0,0.0
993,DIAGONAL_GAUSSIAN,6,22002,993,21.699833,14.193383,7.5064497,993,1,0.58457947,0.0,0.0
994,DIAGONAL_GAUSSIAN,6,22002,994,12.75504,9.966616,2.7884245,994,1,-0.36042213,0.0,0.0
995,DIAGONAL_GAUSSIAN,6,22002,995,19.008266,13.48149,5.5267763,995,1,2.7957106,0.0,0.0
996,DIAGONAL_GAUSSIAN,6,22002,996,16.190243,8.487204,7.703039,996,1,-0.08712578,0.0,0.0
997,DIAGONAL_GAUSSIAN,6,22002,997,18.449533,17.103294,1.3462391,997,1,-0.6458168,0.0,0.0
998,DIAGONAL_GAUSSIAN,6,22002,998,16.40796,14.615931,1.7920303,998,1,-0.85136986,0.0,0.0
999,DIAGONAL_GAUSSIAN,6,22002,999,8.253584,9.740984,-1.4874,700,0,2.7399092,1.0,0.0
0,DIAGONAL_GAUSSIAN,6,22003,0,17.245697,11.993939,5.2517576,0,1,2.602232,0.0,0.0
1,DIAGONAL_GAUSSIAN,6,22003,1,15.89713,10.391046,5.5060844,1,1,-1.6714602,0.0,0.0
2,DIAGONAL_GAUSSIAN,6,22003,2,15.026776,13.106828,1.9199486,2,1,2.513424,0.0,0.0
3,DIAGONAL_GAUSSIAN,6,22003,3,14.525775,11.385123,3.1406517,3,1,0.38257313,0.0,0.0
4,DIAGONAL_GAUSSIAN,6,22003,4,17.09419,18.092464,-0.99827385,3,0,1.5974579,1.0,0.0
5,DIAGONAL_GAUSSIAN,6,22003,5,14.933789,7.291632,7.642157,5,1,-1.2055669,0.0,0.0
6,DIAGONAL_GAUSSIAN,6,22003,6,11.833558,11.035769,0.7977886,6,1,0.6004143,0.0,0.0
7,DIAGONAL_GAUSSIAN,6,22003,7,17.796837,11.960539,5.836298,7,1,-0.6197901,0.0,0.0
8,DIAGONAL_GAUSSIAN,6,22003,8,11.581719,10.856329,0.72539043,8,1,1.5001707,0.0,0.0
9,DIAGONAL_GAUSSIAN,6,22003,9,15.0369625,8.592342,6.44462,9,1,0.68531036,0.0,0.0
10,DIAGONAL_GAUSSIAN,6,22003,10,19.128338,12.534187,6.5941505,10,1,1.1860247,0.0,0.0
11,DIAGONAL_GAUSSIAN,6,22003,11,18.258055,13.521676,4.7363787,11,1,0.18432808,0.0,0.0
12,DIAGONAL_GAUSSIAN,6,22003,12,14.9340725,11.672601,3.2614717,12,1,-1.5591812,0.0,0.0
13,DIAGONAL_GAUSSIAN,6,22003,13,16.161213,11.722479,4.438734,13,1,-0.84276676,0.0,0.0
14,DIAGONAL_GAUSSIAN,6,22003,14,18.81759,14.073816,4.7437744,14,1,3.5592937,0.0,0.0
15,DIAGONAL_GAUSSIAN,6,22003,15,20.255184,13.526123,6.729061,15,1,1.1997147,0.0,0.0
16,DIAGONAL_GAUSSIAN,6,22003,16,19.102064,11.413371,7.688693,16,1,1.2530861,0.0,0.0
17,DIAGONAL_GAUSSIAN,6,22003,17,11.935778,9.5692005,2.3665771,17,1,0.08891106,0.0,0.0
18,DIAGONAL_GAUSSIAN,6,22003,18,14.682339,11.663379,3.01896,18,1,1.302,0.0,0.0
19,DIAGONAL_GAUSSIAN,6,22003,19,21.231579,11.632255,9.599324,19,1,-0.3863144,0.0,0.0
20,DIAGONAL_GAUSSIAN,6,22003,20,17.779083,11.641376,6.1377077,20,1,1.3041153,0.0,0.0
21,DIAGONAL_GAUSSIAN,6,22003,21,8.985546,10.515389,-1.5298433,83,0,1.8173704,1.0,0.0
22,DIAGONAL_GAUSSIAN,6,22003,22,12.880407,10.4987,2.3817072,22,1,1.362709,0.0,0.0
23,DIAGONAL_GAUSSIAN,6,22003,23,13.4541,11.646084,1.8080158,23,1,1.0504389,0.0,0.0
24,DIAGONAL_GAUSSIAN,6,22003,24,20.095955,10.157123,9.938832,24,1,0.6547251,0.0,0.0
25,DIAGONAL_GAUSSIAN,6,22003,25,18.98689,16.841087,2.1458035,25,1,1.2987137,0.0,0.0
26,DIAGONAL_GAUSSIAN,6,22003,26,16.783491,20.728092,-3.944601,28,0,0.23870468,0.0,0.0
27,DIAGONAL_GAUSSIAN,6,22003,27,14.743451,17.822592,-3.0791407,26,0,-1.2782059,0.0,0.0
28,DIAGONAL_GAUSSIAN,6,22003,28,19.055279,14.913276,4.142003,28,1,-0.4611845,0.0,0.0
29,DIAGONAL_GAUSSIAN,6,22003,29,18.062809,14.100803,3.9620056,29,1,0.20242119,0.0,0.0
30,DIAGONAL_GAUSSIAN,6,22003,30,17.32963,14.010077,3.3195524,30,1,-1.1337061,0.0,0.0
31,DIAGONAL_GAUSSIAN,6,22003,31,16.802244,14.736655,2.065589,31,1,0.6549921,0.0,0.0
32,DIAGONAL_GAUSSIAN,6,22003,32,10.118485,11.870394,-1.7519083,329,0,0.5612793,0.0,0.0
33,DIAGONAL_GAUSSIAN,6,22003,33,12.698947,10.258415,2.4405317,33,1,0.11474419,0.0,0.0
34,DIAGONAL_GAUSSIAN,6,22003,34,7.5106936,9.020638,-1.5099449,980,0,-2.955124,0.0,0.0
35,DIAGONAL_GAUSSIAN,6,22003,35,19.130934,18.058851,1.0720825,35,1,0.73975754,0.0,0.0
36,DIAGONAL_GAUSSIAN,6,22003,36,18.12667,18.204285,-0.07761383,35,0,-0.6143646,0.0,0.0
37,DIAGONAL_GAUSSIAN,6,22003,37,15.574598,13.417257,2.157341,37,1,2.178238,0.0,0.0
38,DIAGONAL_GAUSSIAN,6,22003,38,10.459022,11.382486,-0.9234648,28,0,-0.73849964,0.0,0.0
39,DIAGONAL_GAUSSIAN,6,22003,39,18.595621,12.484946,6.110675,39,1,0.17984676,0.0,0.0
40,DIAGONAL_GAUSSIAN,6,22003,40,18.778168,17.415333,1.3628349,40,1,0.6259594,0.0,0.0
41,DIAGONAL_GAUSSIAN,6,22003,41,18.488102,13.665231,4.822871,41,1,-1.3290014,0.0,0.0
42,DIAGONAL_GAUSSIAN,6,22003,42,17.319136,13.640325,3.678811,42,1,0.90253353,0.0,0.0
43,DIAGONAL_GAUSSIAN,6,22003,43,17.034605,10.9980955,6.0365095,43,1,1.5450687,0.0,0.0
44,DIAGONAL_GAUSSIAN,6,22003,44,21.567402,14.816927,6.750475,44,1,-0.29215622,0.0,0.0
45,DIAGONAL_GAUSSIAN,6,22003,45,4.879609,7.4739285,-2.5943193,41,0,3.096506,1.0,0.0
46,DIAGONAL_GAUSSIAN,6,22003,46,15.010724,15.191199,-0.18047523,47,0,-1.4417496,0.0,0.0
47,DIAGONAL_GAUSSIAN,6,22003,47,21.179216,13.596233,7.582983,47,1,-1.2334633,0.0,0.0
48,DIAGONAL_GAUSSIAN,6,22003,48,18.928629,13.732455,5.1961737,48,1,1.3360329,0.0,0.0
49,DIAGONAL_GAUSSIAN,6,22003,49,9.178361,11.275775,-2.097414,693,0,3.5119905,1.0,0.0
50,DIAGONAL_GAUSSIAN,6,22003,50,13.124608,11.917969,1.2066393,50,1,0.6000824,0.0,0.0
51,DIAGONAL_GAUSSIAN,6,22003,51,9.661648,10.082493,-0.42084503,562,0,3.073326,1.0,0.0
52,DIAGONAL_GAUSSIAN,6,22003,52,17.236088,15.42184,1.8142481,52,1,0.8883581,0.0,0.0
53,DIAGONAL_GAUSSIAN,6,22003,53,21.483707,17.725908,3.7577991,53,1,0.13706017,0.0,0.0
54,DIAGONAL_GAUSSIAN,6,22003,54,12.33865,18.076666,-5.738016,58,0,1.7874146,0.0,0.0
55,DIAGONAL_GAUSSIAN,6,22003,55,15.466632,18.55719,-3.090558,64,0,1.7855301,0.0,0.0
56,DIAGONAL_GAUSSIAN,6,22003,56,16.260437,13.388656,2.8717813,56,1,-0.16008759,0.0,0.0
57,DIAGONAL_GAUSSIAN,6,22003,57,14.476983,14.609283,-0.13230038,58,0,0.267354,1.0,0.0
58,DIAGONAL_GAUSSIAN,6,22003,58,17.052017,14.962671,2.089346,58,1,-1.0943241,0.0,0.0
59,DIAGONAL_GAUSSIAN,6,22003,59,19.761375,16.281675,3.4797,59,1,-0.38674355,0.0,0.0
60,DIAGONAL_GAUSSIAN,6,22003,60,14.719568,13.756174,0.96339417,60,1,1.2583408,0.0,0.0
61,DIAGONAL_GAUSSIAN,6,22003,61,18.262175,13.752657,4.5095177,61,1,0.34398174,0.0,0.0
62,DIAGONAL_GAUSSIAN,6,22003,62,11.725503,11.45127,0.27423286,62,1,-0.39102077,0.0,1.0
63,DIAGONAL_GAUSSIAN,6,22003,63,23.677374,16.694027,6.983347,63,1,-0.473032,0.0,0.0
64,DIAGONAL_GAUSSIAN,6,22003,64,9.717849,10.058674,-0.34082508,59,0,2.3625183,1.0,0.0
65,DIAGONAL_GAUSSIAN,6,22003,65,16.709448,12.291196,4.418252,65,1,0.24136925,0.0,0.0
66,DIAGONAL_GAUSSIAN,6,22003,66,18.72682,17.140196,1.5866241,66,1,0.3784542,0.0,0.0
67,DIAGONAL_GAUSSIAN,6,22003,67,16.300888,15.938836,0.36205196,67,1,-0.17019749,0.0,0.0
68,DIAGONAL_GAUSSIAN,6,22003,68,14.623121,15.38472,-0.7615986,66,0,-0.5015621,0.0,0.0
69,DIAGONAL_GAUSSIAN,6,22003,69,14.110415,14.285503,-0.17508793,126,0,4.1461477,1.0,0.0
70,DIAGONAL_GAUSSIAN,6,22003,70,19.294369,12.796264,6.498105,70,1,1.9985104,0.0,0.0
71,DIAGONAL_GAUSSIAN,6,22003,71,20.25646,14.1139765,6.1424837,71,1,3.0514965,0.0,0.0
72,DIAGONAL_GAUSSIAN,6,22003,72,19.569485,17.402407,2.167078,72,1,-0.8626003,0.0,0.0
73,DIAGONAL_GAUSSIAN,6,22003,73,18.950838,12.175764,6.775074,73,1,-1.6543055,0.0,0.0
74,DIAGONAL_GAUSSIAN,6,22003,74,13.755346,15.3865595,-1.6312132,73,0,-0.20053482,0.0,0.0
75,DIAGONAL_GAUSSIAN,6,22003,75,20.17454,16.136969,4.037571,75,1,0.020651817,0.0,0.0
76,DIAGONAL_GAUSSIAN,6,22003,76,18.329594,14.59202,3.7375736,76,1,0.88221645,0.0,0.0
77,DIAGONAL_GAUSSIAN,6,22003,77,15.529066,16.199514,-0.6704483,73,0,0.43281555,0.0,0.0
78,DIAGONAL_GAUSSIAN,6,22003,78,18.768038,12.704568,6.06347,78,1,0.125494,0.0,0.0
79,DIAGONAL_GAUSSIAN,6,22003,79,17.735527,15.039614,2.6959133,79,1,0.7134428,0.0,0.0
80,DIAGONAL_GAUSSIAN,6,22003,80,21.977728,11.741089,10.236639,80,1,-0.83901024,0.0,0.0
81,DIAGONAL_GAUSSIAN,6,22003,81,18.455008,10.30885,8.146157,81,1,2.1600637,0.0,0.0
82,DIAGONAL_GAUSSIAN,6,22003,82,19.050425,15.513851,3.5365734,82,1,-0.123360634,0.0,0.0
83,DIAGONAL_GAUSSIAN,6,22003,83,19.77498,13.543297,6.2316837,83,1,1.0461769,0.0,0.0
84,DIAGONAL_GAUSSIAN,6,22003,84,12.401005,8.941956,3.4590492,84,1,-0.24055576,0.0,0.0
85,DIAGONAL_GAUSSIAN,6,22003,85,18.756582,14.765949,3.990633,85,1,1.1920586,0.0,0.0
86,DIAGONAL_GAUSSIAN,6,22003,86,18.813736,17.104925,1.7088108,86,1,0.27093697,0.0,0.0
87,DIAGONAL_GAUSSIAN,6,22003,87,10.43871,8.138019,2.3006916,87,1,3.2255592,0.0,0.0
88,DIAGONAL_GAUSSIAN,6,22003,88,15.209889,7.861042,7.3488474,88,1,-0.4920721,0.0,0.0
89,DIAGONAL_GAUSSIAN,6,22003,89,16.028444,9.8571,6.1713448,89,1,0.83060265,0.0,0.0
90,DIAGONAL_GAUSSIAN,6,22003,90,17.572697,9.407105,8.165591,90,1,0.09558582,0.0,0.0
91,DIAGONAL_GAUSSIAN,6,22003,91,21.714716,13.969183,7.745533,91,1,1.5006742,0.0,0.0
92,DIAGONAL_GAUSSIAN,6,22003,92,20.541864,12.117084,8.424781,92,1,-0.09056759,0.0,0.0
93,DIAGONAL_GAUSSIAN,6,22003,93,9.825881,7.4528165,2.3730645,93,1,2.1259713,0.0,0.0
94,DIAGONAL_GAUSSIAN,6,22003,94,18.198442,15.453934,2.7445087,94,1,-0.38244057,0.0,0.0
95,DIAGONAL_GAUSSIAN,6,22003,95,20.174133,14.180291,5.993842,95,1,1.971983,0.0,0.0
96,DIAGONAL_GAUSSIAN,6,22003,96,19.776184,15.811897,3.9642868,96,1,0.7585373,0.0,0.0
97,DIAGONAL_GAUSSIAN,6,22003,97,13.371852,10.707819,2.664033,97,1,-1.0746031,0.0,0.0
98,DIAGONAL_GAUSSIAN,6,22003,98,21.613728,8.967747,12.645981,98,1,0.80833817,0.0,0.0
99,DIAGONAL_GAUSSIAN,6,22003,99,12.522202,12.386528,0.13567352,99,1,1.2915506,0.0,0.0
100,DIAGONAL_GAUSSIAN,6,22003,100,20.763931,14.379428,6.3845034,100,1,-0.003206253,0.0,0.0
101,DIAGONAL_GAUSSIAN,6,22003,101,18.794815,18.313065,0.4817505,101,1,-0.45578957,0.0,0.0
102,DIAGONAL_GAUSSIAN,6,22003,102,19.741571,13.109775,6.631797,102,1,0.070082664,0.0,0.0
103,DIAGONAL_GAUSSIAN,6,22003,103,16.561268,10.391561,6.1697073,103,1,1.0684357,0.0,0.0
104,DIAGONAL_GAUSSIAN,6,22003,104,13.735755,12.780885,0.9548702,104,1,2.286007,0.0,0.0
105,DIAGONAL_GAUSSIAN,6,22003,105,20.563416,14.706467,5.856949,105,1,1.3450718,0.0,0.0
106,DIAGONAL_GAUSSIAN,6,22003,106,19.636063,14.810216,4.8258467,106,1,1.3484116,0.0,0.0
107,DIAGONAL_GAUSSIAN,6,22003,107,13.246834,9.871618,3.3752155,107,1,5.4867697,0.0,0.0
108,DIAGONAL_GAUSSIAN,6,22003,108,16.371937,16.248793,0.12314415,108,1,-0.24153519,0.0,1.0
109,DIAGONAL_GAUSSIAN,6,22003,109,10.828695,9.463796,1.3648996,109,1,1.4833326,0.0,0.0
110,DIAGONAL_GAUSSIAN,6,22003,110,25.488995,19.067013,6.421982,110,1,-1.7522469,0.0,0.0
111,DIAGONAL_GAUSSIAN,6,22003,111,15.956302,9.786191,6.1701107,111,1,-0.44524765,0.0,0.0
112,DIAGONAL_GAUSSIAN,6,22003,112,10.770281,10.484003,0.28627777,112,1,0.91387844,0.0,0.0
113,DIAGONAL_GAUSSIAN,6,22003,113,21.146502,14.779027,6.3674746,113,1,0.4421835,0.0,0.0
114,DIAGONAL_GAUSSIAN,6,22003,114,8.100673,13.542809,-5.442136,110,0,0.6799402,0.0,0.0
115,DIAGONAL_GAUSSIAN,6,22003,115,14.254229,14.735569,-0.4813404,329,0,3.268919,1.0,0.0
116,DIAGONAL_GAUSSIAN,6,22003,116,20.418592,11.899159,8.519433,116,1,0.41147423,0.0,0.0
117,DIAGONAL_GAUSSIAN,6,22003,117,19.629389,9.678417,9.950972,117,1,-0.22673798,0.0,0.0
118,DIAGONAL_GAUSSIAN,6,22003,118,17.899298,16.727442,1.1718559,118,1,0.5282192,0.0,0.0
119,DIAGONAL_GAUSSIAN,6,22003,119,16.850002,15.404,1.446002,119,1,1.9367285,0.0,0.0
120,DIAGONAL_GAUSSIAN,6,22003,120,15.211662,14.479123,0.7325392,120,1,1.454258,0.0,0.0
121,DIAGONAL_GAUSSIAN,6,22003,121,15.7723875,12.937821,2.834566,121,1,0.64993095,0.0,0.0
122,DIAGONAL_GAUSSIAN,6,22003,122,18.488268,13.178058,5.31021,122,1,-0.05948162,0.0,0.0
123,DIAGONAL_GAUSSIAN,6,22003,123,13.985628,12.933583,1.0520449,123,1,-0.48818398,0.0,0.0
124,DIAGONAL_GAUSSIAN,6,22003,124,15.172496,13.250588,1.9219074,124,1,-0.17702007,0.0,0.0
125,DIAGONAL_GAUSSIAN,6,22003,125,19.678259,14.76087,4.917389,125,1,0.072330475,0.0,0.0
126,DIAGONAL_GAUSSIAN,6,22003,126,9.078035,11.470641,-2.3926058,125,0,0.2156744,0.0,0.0
127,DIAGONAL_GAUSSIAN,6,22003,127,20.71458,18.847233,1.8673477,127,1,-0.44147682,0.0,0.0
128,DIAGONAL_GAUSSIAN,6,22003,128,12.06592,9.984403,2.0815172,128,1,1.0617619,0.0,0.0
129,DIAGONAL_GAUSSIAN,6,22003,129,19.04327,13.48867,5.5546,129,1,1.0036488,0.0,0.0
130,DIAGONAL_GAUSSIAN,6,22003,130,16.525925,10.341378,6.1845465,130,1,1.079277,0.0,0.0
131,DIAGONAL_GAUSSIAN,6,22003,131,15.851224,15.237276,0.61394787,131,1,1.348752,0.0,0.0
132,DIAGONAL_GAUSSIAN,6,22003,132,13.86117,10.117718,3.743452,132,1,-0.49966145,0.0,0.0
133,DIAGONAL_GAUSSIAN,6,22003,133,17.281626,11.452011,5.8296146,133,1,2.0852737,0.0,0.0
134,DIAGONAL_GAUSSIAN,6,22003,134,14.427237,11.434441,2.992796,134,1,-0.08296871,0.0,0.0
135,DIAGONAL_GAUSSIAN,6,22003,135,21.095352,13.153642,7.9417105,135,1,1.4938364,0.0,0.0
136,DIAGONAL_GAUSSIAN,6,22003,136,19.117966,14.352041,4.7659245,136,1,1.6519051,0.0,0.0
137,DIAGONAL_GAUSSIAN,6,22003,137,15.471945,10.865126,4.606819,137,1,0.6382952,0.0,0.0
138,DIAGONAL_GAUSSIAN,6,22003,138,11.951054,16.325216,-4.3741627,80,0,2.5492725,0.0,0.0
139,DIAGONAL_GAUSSIAN,6,22003,139,18.083128,12.516978,5.5661497,139,1,-0.22413254,0.0,0.0
140,DIAGONAL_GAUSSIAN,6,22003,140,20.221779,14.2898655,5.9319134,140,1,1.757988,0.0,0.0
141,DIAGONAL_GAUSSIAN,6,22003,141,22.034025,14.601031,7.432994,141,1,-1.0606003,0.0,0.0
142,DIAGONAL_GAUSSIAN,6,22003,142,23.78003,16.704176,7.0758533,142,1,-0.31397247,0.0,0.0
143,DIAGONAL_GAUSSIAN,6,22003,143,20.774084,10.122868,10.6512165,143,1,0.469244,0.0,0.0
144,DIAGONAL_GAUSSIAN,6,22003,144,7.334288,9.162502,-1.8282142,2,0,2.623608,1.0,0.0
145,DIAGONAL_GAUSSIAN,6,22003,145,9.909057,9.752314,0.15674305,145,1,3.238185,0.0,0.0
146,DIAGONAL_GAUSSIAN,6,22003,146,17.07889,10.887925,6.1909647,146,1,3.2785254,0.0,0.0
147,DIAGONAL_GAUSSIAN,6,22003,147,19.714235,15.982194,3.7320414,147,1,3.7733164,0.0,0.0
148,DIAGONAL_GAUSSIAN,6,22003,148,17.849806,11.153214,6.6965914,148,1,1.3735151,0.0,0.0
149,DIAGONAL_GAUSSIAN,6,22003,149,13.981517,11.069762,2.9117546,149,1,-0.8154688,0.0,0.0
150,DIAGONAL_GAUSSIAN,6,22003,150,16.719543,12.171767,4.547776,150,1,0.834671,0.0,0.0
151,DIAGONAL_GAUSSIAN,6,22003,151,7.1649895,10.042061,-2.8770714,179,0,0.4069929,0.0,0.0
152,DIAGONAL_GAUSSIAN,6,22003,152,20.831526,17.118843,3.7126827,152,1,0.7840214,0.0,0.0
153,DIAGONAL_GAUSSIAN,6,22003,153,14.22189,13.313053,0.9088373,153,1,1.284769,0.0,0.0
154,DIAGONAL_GAUSSIAN,6,22003,154,17.743473,13.710899,4.0325737,154,1,-0.2312479,0.0,0.0
155,DIAGONAL_GAUSSIAN,6,22003,155,15.655105,14.582318,1.0727863,155,1,-0.02632618,0.0,0.0
156,DIAGONAL_GAUSSIAN,6,22003,156,14.545518,10.049948,4.49557,156,1,-0.12988853,0.0,0.0
157,DIAGONAL_GAUSSIAN,6,22003,157,15.524335,11.911992,3.6123428,157,1,-0.5323267,0.0,0.0
158,DIAGONAL_GAUSSIAN,6,22003,158,15.721834,17.02408,-1.3022461,237,0,0.5203686,0.0,0.0
159,DIAGONAL_GAUSSIAN,6,22003,159,15.841905,13.5982685,2.2436361,159,1,1.0287647,0.0,0.0
160,DIAGONAL_GAUSSIAN,6,22003,160,20.047821,12.917523,7.1302977,160,1,-0.19466305,0.0,0.0
161,DIAGONAL_GAUSSIAN,6,22003,161,19.667786,14.853737,4.814049,161,1,-0.30463982,0.0,0.0
162,DIAGONAL_GAUSSIAN,6,22003,162,17.223742,13.091435,4.132306,162,1,0.29638863,0.0,0.0
163,DIAGONAL_GAUSSIAN,6,22003,163,16.79371,16.235222,0.55848885,163,1,-0.5793934,0.0,1.0
164,DIAGONAL_GAUSSIAN,6,22003,164,16.265596,15.733889,0.53170776,164,1,0.5258045,0.0,0.0
165,DIAGONAL_GAUSSIAN,6,22003,165,17.761803,12.020734,5.741069,165,1,-0.30141544,0.0,0.0
166,DIAGONAL_GAUSSIAN,6,22003,166,12.638812,12.059258,0.5795536,166,1,1.5749655,0.0,0.0
167,DIAGONAL_GAUSSIAN,6,22003,167,17.295153,17.918922,-0.62376976,164,0,-1.4185467,0.0,0.0
168,DIAGONAL_GAUSSIAN,6,22003,168,17.20168,16.242043,0.9596367,168,1,0.48619652,0.0,0.0
169,DIAGONAL_GAUSSIAN,6,22003,169,21.259615,15.285025,5.9745903,169,1,0.9045954,0.0,0.0
170,DIAGONAL_GAUSSIAN,6,22003,170,17.80043,14.115726,3.6847038,170,1,-0.26319885,0.0,0.0
171,DIAGONAL_GAUSSIAN,6,22003,171,17.821188,14.884282,2.9369059,171,1,-0.43059063,0.0,0.0
172,DIAGONAL_GAUSSIAN,6,22003,172,21.3661,16.647,4.719101,172,1,0.32671356,0.0,0.0
173,DIAGONAL_GAUSSIAN,6,22003,173,16.375309,12.420241,3.9550676,173,1,2.6351337,0.0,0.0
174,DIAGONAL_GAUSSIAN,6,22003,174,16.531195,14.460871,2.070324,174,1,0.38436508,0.0,0.0
175,DIAGONAL_GAUSSIAN,6,22003,175,14.975994,12.688687,2.2873068,175,1,0.13853168,0.0,0.0
176,DIAGONAL_GAUSSIAN,6,22003,176,15.699383,18.431519,-2.7321358,172,0,-0.08773804,0.0,0.0
177,DIAGONAL_GAUSSIAN,6,22003,177,17.686745,15.511596,2.175149,177,1,0.041474342,0.0,0.0
178,DIAGONAL_GAUSSIAN,6,22003,178,16.777424,13.163925,3.6134987,178,1,1.188982,0.0,0.0
179,DIAGONAL_GAUSSIAN,6,22003,179,13.428194,14.544611,-1.1164169,180,0,0.23740578,0.0,0.0
180,DIAGONAL_GAUSSIAN,6,22003,180,13.60505,13.831862,-0.22681236,246,0,0.7345743,1.0,0.0
181,DIAGONAL_GAUSSIAN,6,22003,181,15.737392,12.816398,2.9209948,181,1,0.6404247,0.0,0.0
182,DIAGONAL_GAUSSIAN,6,22003,182,13.458126,15.822948,-2.3648224,262,0,0.7445507,0.0,0.0
183,DIAGONAL_GAUSSIAN,6,22003,183,18.038864,13.923784,4.11508,183,1,-0.0632391,0.0,0.0
184,DIAGONAL_GAUSSIAN,6,22003,184,15.728774,12.618864,3.10991,184,1,1.5716543,0.0,0.0
185,DIAGONAL_GAUSSIAN,6,22003,185,18.42663,14.761265,3.6653652,185,1,0.21965599,0.0,0.0
186,DIAGONAL_GAUSSIAN,6,22003,186,15.651021,15.227803,0.42321777,186,1,-0.26413536,0.0,0.0
187,DIAGONAL_GAUSSIAN,6,22003,187,13.486938,13.611465,-0.12452698,186,0,0.012041092,0.0,0.0
188,DIAGONAL_GAUSSIAN,6,22003,188,19.42973,13.358367,6.0713625,188,1,0.6463022,0.0,0.0
189,DIAGONAL_GAUSSIAN,6,22003,189,18.48658,15.062923,3.4236565,189,1,0.16625023,0.0,0.0
190,DIAGONAL_GAUSSIAN,6,22003,190,17.702927,15.756796,1.9461308,190,1,0.2822466,0.0,0.0
191,DIAGONAL_GAUSSIAN,6,22003,191,15.733236,15.564982,0.1682539,191,1,0.7804394,0.0,0.0
192,DIAGONAL_GAUSSIAN,6,22003,192,4.2552595,8.864394,-4.6091347,240,0,4.7564096,1.0,0.0
193,DIAGONAL_GAUSSIAN,6,22003,193,17.045631,15.067215,1.9784164,193,1,-0.18073845,0.0,0.0
194,DIAGONAL_GAUSSIAN,6,22003,194,19.882296,13.725532,6.156764,194,1,1.8995848,0.0,0.0
195,DIAGONAL_GAUSSIAN,6,22003,195,13.7449465,11.712403,2.0325432,195,1,-0.21049213,0.0,0.0
196,DIAGONAL_GAUSSIAN,6,22003,196,11.815647,19.739206,-7.923559,198,0,1.6324673,0.0,0.0
197,DIAGONAL_GAUSSIAN,6,22003,197,13.960254,12.619977,1.3402767,197,1,0.68238354,0.0,0.0
198,DIAGONAL_GAUSSIAN,6,22003,198,18.978504,14.36906,4.6094446,198,1,-1.1089735,0.0,0.0
199,DIAGONAL_GAUSSIAN,6,22003,199,14.95492,12.275284,2.679636,199,1,-0.34262466,0.0,0.0
200,DIAGONAL_GAUSSIAN,6,22003,200,15.28218,12.72428,2.5578995,200,1,0.2207365,0.0,0.0
201,DIAGONAL_GAUSSIAN,6,22003,201,17.853271,16.83424,1.0190315,201,1,-0.06411362,0.0,0.0
202,DIAGONAL_GAUSSIAN,6,22003,202,14.151508,14.016458,0.13505077,202,1,0.7159567,0.0,0.0
203,DIAGONAL_GAUSSIAN,6,22003,203,10.146262,8.712172,1.4340906,203,1,-0.16908646,0.0,0.0
204,DIAGONAL_GAUSSIAN,6,22003,204,10.357658,14.053328,-3.6956692,187,0,3.1394205,0.0,0.0
205,DIAGONAL_GAUSSIAN,6,22003,205,16.05568,12.1295185,3.9261608,205,1,-0.062597275,0.0,0.0
206,DIAGONAL_GAUSSIAN,6,22003,206,16.622952,13.676955,2.9459963,206,1,-0.07780075,0.0,0.0
207,DIAGONAL_GAUSSIAN,6,22003,207,14.021993,10.665469,3.3565235,207,1,-0.9211836,0.0,0.0
208,DIAGONAL_GAUSSIAN,6,22003,208,8.114418,12.019268,-3.90485,225,0,0.8120508,0.0,0.0
209,DIAGONAL_GAUSSIAN,6,22003,209,10.987971,10.783625,0.20434666,209,1,0.16966248,0.0,0.0
210,DIAGONAL_GAUSSIAN,6,22003,210,16.52954,10.368041,6.161498,210,1,-1.2722445,0.0,0.0
211,DIAGONAL_GAUSSIAN,6,22003,211,18.087746,14.040312,4.047434,211,1,-0.71033,0.0,0.0
212,DIAGONAL_GAUSSIAN,6,22003,212,15.569264,12.879346,2.6899185,212,1,0.102663994,0.0,0.0
213,DIAGONAL_GAUSSIAN,6,22003,213,10.674061,16.791433,-6.1173725,218,0,0.10247135,0.0,0.0
214,DIAGONAL_GAUSSIAN,6,22003,214,17.953646,11.65292,6.300726,214,1,0.9538536,0.0,0.0
215,DIAGONAL_GAUSSIAN,6,22003,215,18.795382,12.905747,5.889634,215,1,-0.2953863,0.0,0.0
216,DIAGONAL_GAUSSIAN,6,22003,216,17.649984,13.412582,4.237402,216,1,-0.8941612,0.0,0.0
217,DIAGONAL_GAUSSIAN,6,22003,217,15.270358,12.472115,2.7982435,217,1,0.5831938,0.0,0.0
218,DIAGONAL_GAUSSIAN,6,22003,218,20.600996,15.444628,5.1563683,218,1,-0.9529667,0.0,0.0
219,DIAGONAL_GAUSSIAN,6,22003,219,14.350349,12.82526,1.5250893,219,1,-0.24909306,0.0,0.0
220,DIAGONAL_GAUSSIAN,6,22003,220,19.28841,14.4186535,4.8697567,220,1,1.113512,0.0,0.0
221,DIAGONAL_GAUSSIAN,6,22003,221,15.42658,14.636642,0.789938,221,1,0.9636793,0.0,0.0
222,DIAGONAL_GAUSSIAN,6,22003,222,16.082935,13.032138,3.0507975,222,1,-2.107791,0.0,0.0
223,DIAGONAL_GAUSSIAN,6,22003,223,19.96798,12.382896,7.585083,223,1,-0.25001335,0.0,0.0
224,DIAGONAL_GAUSSIAN,6,22003,224,16.481936,10.414464,6.0674715,224,1,0.9263611,0.0,0.0
225,DIAGONAL_GAUSSIAN,6,22003,225,12.016338,11.895596,0.1207428,225,1,4.1573515,0.0,0.0
226,DIAGONAL_GAUSSIAN,6,22003,226,4.2353325,13.560185,-9.324853,168,0,-0.23384094,0.0,0.0
227,DIAGONAL_GAUSSIAN,6,22003,227,13.128338,11.3632,1.7651377,227,1,1.499526,0.0,0.0
228,DIAGONAL_GAUSSIAN,6,22003,228,18.603241,12.743533,5.859708,228,1,1.179843,0.0,0.0
229,DIAGONAL_GAUSSIAN,6,22003,229,18.599838,15.949501,2.6503372,229,1,1.6295128,0.0,0.0
230,DIAGONAL_GAUSSIAN,6,22003,230,5.93903,9.345903,-3.4068732,253,0,0.93573475,0.0,0.0
231,DIAGONAL_GAUSSIAN,6,22003,231,15.27599,16.624249,-1.348259,230,0,-0.99287987,0.0,0.0
232,DIAGONAL_GAUSSIAN,6,22003,232,14.491307,12.756186,1.7351217,232,1,-0.5440912,0.0,0.0
233,DIAGONAL_GAUSSIAN,6,22003,233,17.751478,11.609988,6.14149,233,1,1.3574228,0.0,0.0
234,DIAGONAL_GAUSSIAN,6,22003,234,16.339533,12.426693,3.91284,234,1,0.6096544,0.0,0.0
235,DIAGONAL_GAUSSIAN,6,22003,235,14.600146,16.096338,-1.496192,225,0,0.361907,0.0,0.0
236,DIAGONAL_GAUSSIAN,6,22003,236,15.869115,14.216285,1.6528301,236,1,1.6392517,0.0,0.0
237,DIAGONAL_GAUSSIAN,6,22003,237,15.476519,13.711799,1.76472,237,1,-0.42223358,0.0,0.0
238,DIAGONAL_GAUSSIAN,6,22003,238,12.934969,15.726619,-2.7916498,240,0,0.8428278,0.0,0.0
239,DIAGONAL_GAUSSIAN,6,22003,239,13.761423,15.04993,-1.2885065,238,0,0.36257458,0.0,0.0
240,DIAGONAL_GAUSSIAN,6,22003,240,16.9737,16.892895,0.080804825,240,1,-0.72036934,0.0,1.0
241,DIAGONAL_GAUSSIAN,6,22003,241,10.446575,10.86863,-0.42205524,240,0,1.3082027,1.0,0.0
242,DIAGONAL_GAUSSIAN,6,22003,242,17.913986,14.284935,3.6290512,242,1,0.6410036,0.0,0.0
243,DIAGONAL_GAUSSIAN,6,22003,243,17.422823,15.935627,1.487196,243,1,1.0040131,0.0,0.0
244,DIAGONAL_GAUSSIAN,6,22003,244,20.56186,12.160369,8.40149,244,1,0.95231533,0.0,0.0
245,DIAGONAL_GAUSSIAN,6,22003,245,14.001176,12.944471,1.0567045,245,1,1.8854742,0.0,0.0
246,DIAGONAL_GAUSSIAN,6,22003,246,13.626004,13.345285,0.2807188,246,1,-0.53684235,0.0,1.0
247,DIAGONAL_GAUSSIAN,6,22003,247,17.909714,11.814052,6.095662,247,1,0.15270424,0.0,0.0
248,DIAGONAL_GAUSSIAN,6,22003,248,16.754189,15.193449,1.5607395,248,1,-0.067723274,0.0,0.0
249,DIAGONAL_GAUSSIAN,6,22003,249,17.248917,12.944366,4.30455,249,1,1.0931492,0.0,0.0
250,DIAGONAL_GAUSSIAN,6,22003,250,17.26389,17.045996,0.2178936,250,1,0.12628555,0.0,0.0
251,DIAGONAL_GAUSSIAN,6,22003,251,16.699886,13.224408,3.4754782,251,1,0.29367733,0.0,0.0
252,DIAGONAL_GAUSSIAN,6,22003,252,18.966679,16.10677,2.859909,252,1,-0.17653656,0.0,0.0
253,DIAGONAL_GAUSSIAN,6,22003,253,19.850983,12.552721,7.2982616,253,1,-0.4710579,0.0,0.0
254,DIAGONAL_GAUSSIAN,6,22003,254,17.146414,12.196134,4.95028,254,1,2.2739096,0.0,0.0
255,DIAGONAL_GAUSSIAN,6,22003,255,15.787984,12.09693,3.6910543,255,1,0.84394264,0.0,0.0
256,DIAGONAL_GAUSSIAN,6,22003,256,14.934003,15.501671,-0.56766796,224,0,1.5714788,1.0,0.0
257,DIAGONAL_GAUSSIAN,6,22003,257,13.203655,12.99599,0.20766544,257,1,2.8673382,0.0,0.0
258,DIAGONAL_GAUSSIAN,6,22003,258,17.538582,13.93629,3.602292,258,1,1.1316624,0.0,0.0
259,DIAGONAL_GAUSSIAN,6,22003,259,17.042202,12.295407,4.7467947,259,1,-0.6500511,0.0,0.0
260,DIAGONAL_GAUSSIAN,6,22003,260,15.292694,13.125666,2.1670284,260,1,1.2348032,0.0,0.0
261,DIAGONAL_GAUSSIAN,6,22003,261,14.31712,10.705196,3.6119232,261,1,0.7003403,0.0,0.0
262,DIAGONAL_GAUSSIAN,6,22003,262,17.948662,12.848582,5.1000795,262,1,1.4838343,0.0,0.0
263,DIAGONAL_GAUSSIAN,6,22003,263,16.257454,15.38948,0.8679743,263,1,-1.1694059,0.0,1.0
264,DIAGONAL_GAUSSIAN,6,22003,264,14.339622,11.887859,2.4517622,264,1,0.45322037,0.0,0.0
265,DIAGONAL_GAUSSIAN,6,22003,265,-0.6324695,8.845453,-9.477922,678,0,0.9849367,0.0,0.0
266,DIAGONAL_GAUSSIAN,6,22003,266,16.047281,15.092603,0.95467854,266,1,-0.05911255,0.0,0.0
267,DIAGONAL_GAUSSIAN,6,22003,267,16.174726,12.307273,3.8674536,267,1,0.34082127,0.0,0.0
268,DIAGONAL_GAUSSIAN,6,22003,268,14.6243925,10.581021,4.043371,268,1,-1.1316557,0.0,0.0
269,DIAGONAL_GAUSSIAN,6,22003,269,19.932985,17.831255,2.1017303,269,1,1.0670776,0.0,0.0
270,DIAGONAL_GAUSSIAN,6,22003,270,21.4939,16.657488,4.8364124,270,1,-1.1181831,0.0,0.0
271,DIAGONAL_GAUSSIAN,6,22003,271,15.193852,18.735939,-3.5420866,274,0,-1.5670147,0.0,0.0
272,DIAGONAL_GAUSSIAN,6,22003,272,14.012296,13.123752,0.8885441,272,1,-0.43409348,0.0,0.0
273,DIAGONAL_GAUSSIAN,6,22003,273,14.773349,15.317981,-0.54463196,271,0,0.7107868,1.0,0.0
274,DIAGONAL_GAUSSIAN,6,22003,274,20.323315,15.282718,5.040597,274,1,1.1400528,0.0,0.0
275,DIAGONAL_GAUSSIAN,6,22003,275,16.42005,10.596993,5.823056,275,1,-0.37457561,0.0,0.0
276,DIAGONAL_GAUSSIAN,6,22003,276,18.618128,15.340935,3.277193,276,1,1.9526615,0.0,0.0
277,DIAGONAL_GAUSSIAN,6,22003,277,17.19426,18.823973,-1.629713,280,0,-0.5179405,0.0,0.0
278,DIAGONAL_GAUSSIAN,6,22003,278,16.612057,17.407211,-0.7951546,279,0,0.060560226,0.0,0.0
279,DIAGONAL_GAUSSIAN,6,22003,279,21.641075,15.150929,6.4901457,279,1,1.043416,0.0,0.0
280,DIAGONAL_GAUSSIAN,6,22003,280,19.755875,14.725627,5.0302477,280,1,0.28315353,0.0,0.0
281,DIAGONAL_GAUSSIAN,6,22003,281,12.283586,10.356015,1.9275703,281,1,-0.71908474,0.0,0.0
282,DIAGONAL_GAUSSIAN,6,22003,282,10.878933,12.278956,-1.4000235,281,0,0.16782856,0.0,0.0
283,DIAGONAL_GAUSSIAN,6,22003,283,17.724962,11.06503,6.659932,283,1,1.2356195,0.0,0.0
284,DIAGONAL_GAUSSIAN,6,22003,284,15.228095,9.790637,5.437458,284,1,0.84784317,0.0,0.0
285,DIAGONAL_GAUSSIAN,6,22003,285,13.402688,12.44619,0.95649815,285,1,-0.7104559,0.0,0.0
286,DIAGONAL_GAUSSIAN,6,22003,286,20.244059,12.306904,7.937155,286,1,0.66212845,0.0,0.0
287,DIAGONAL_GAUSSIAN,6,22003,287,20.327938,11.190539,9.137399,287,1,0.49254513,0.0,0.0
288,DIAGONAL_GAUSSIAN,6,22003,288,20.253273,19.748682,0.504591,288,1,1.6066818,0.0,0.0
289,DIAGONAL_GAUSSIAN,6,22003,289,16.682371,14.361614,2.320757,289,1,0.9283476,0.0,0.0
290,DIAGONAL_GAUSSIAN,6,22003,290,18.95892,16.943016,2.0159035,290,1,-0.44930077,0.0,0.0
291,DIAGONAL_GAUSSIAN,6,22003,291,11.938337,11.538243,0.40009403,291,1,0.85679054,0.0,0.0
292,DIAGONAL_GAUSSIAN,6,22003,292,18.770283,15.569813,3.20047,292,1,-0.99437904,0.0,0.0
293,DIAGONAL_GAUSSIAN,6,22003,293,22.579178,15.183819,7.395359,293,1,0.35552406,0.0,0.0
294,DIAGONAL_GAUSSIAN,6,22003,294,19.118856,13.580397,5.53846,294,1,0.17740822,0.0,0.0
295,DIAGONAL_GAUSSIAN,6,22003,295,15.651587,18.935139,-3.2835522,297,0,3.29348,1.0,0.0
296,DIAGONAL_GAUSSIAN,6,22003,296,16.627115,10.5265665,6.1005487,296,1,0.2681942,0.0,0.0
297,DIAGONAL_GAUSSIAN,6,22003,297,22.1942,15.130245,7.0639553,297,1,2.0974226,0.0,0.0
298,DIAGONAL_GAUSSIAN,6,22003,298,15.488371,13.820774,1.6675968,298,1,1.2978354,0.0,0.0
299,DIAGONAL_GAUSSIAN,6,22003,299,19.964767,16.51135,3.4534168,299,1,0.41241837,0.0,0.0
300,DIAGONAL_GAUSSIAN,6,22003,300,20.130024,14.605361,5.524663,300,1,0.6439667,0.0,0.0
301,DIAGONAL_GAUSSIAN,6,22003,301,15.595965,11.953834,3.6421318,301,1,1.4521284,0.0,0.0
302,DIAGONAL_GAUSSIAN,6,22003,302,13.898915,14.564321,-0.6654053,306,0,-1.103508,0.0,0.0
303,DIAGONAL_GAUSSIAN,6,22003,303,11.729825,12.437906,-0.70808125,314,0,3.3952951,1.0,0.0
304,DIAGONAL_GAUSSIAN,6,22003,304,15.472424,13.8008795,1.6715441,304,1,2.8838873,0.0,0.0
305,DIAGONAL_GAUSSIAN,6,22003,305,15.159818,10.79723,4.362588,305,1,1.0632906,0.0,0.0
306,DIAGONAL_GAUSSIAN,6,22003,306,16.321537,8.204383,8.117154,306,1,-0.012371063,0.0,0.0
307,DIAGONAL_GAUSSIAN,6,22003,307,19.033157,12.003245,7.029912,307,1,1.4975319,0.0,0.0
308,DIAGONAL_GAUSSIAN,6,22003,308,15.689151,14.568754,1.1203966,308,1,-0.17710209,0.0,0.0
309,DIAGONAL_GAUSSIAN,6,22003,309,13.441946,12.597575,0.84437084,309,1,2.9391975,0.0,0.0
310,DIAGONAL_GAUSSIAN,6,22003,310,11.640412,13.690023,-2.049611,309,0,2.6014004,1.0,0.0
311,DIAGONAL_GAUSSIAN,6,22003,311,20.348251,17.836002,2.512249,311,1,-0.12354469,0.0,0.0
312,DIAGONAL_GAUSSIAN,6,22003,312,10.242953,9.257929,0.98502445,312,1,-0.60797024,0.0,0.0
313,DIAGONAL_GAUSSIAN,6,22003,313,18.036833,11.958162,6.0786705,313,1,-1.0349693,0.0,0.0
314,DIAGONAL_GAUSSIAN,6,22003,314,12.6585,10.247702,2.410798,314,1,1.1889105,0.0,0.0
315,DIAGONAL_GAUSSIAN,6,22003,315,18.345873,14.531237,3.8146362,315,1,-0.27935505,0.0,0.0
316,DIAGONAL_GAUSSIAN,6,22003,316,17.768972,10.92434,6.844632,316,1,0.10321522,0.0,0.0
317,DIAGONAL_GAUSSIAN,6,22003,317,9.316537,18.437803,-9.121266,318,0,-0.42182255,0.0,0.0
318,DIAGONAL_GAUSSIAN,6,22003,318,19.967844,11.290075,8.677769,318,1,2.5897465,0.0,0.0
319,DIAGONAL_GAUSSIAN,6,22003,319,18.308836,14.737587,3.571249,319,1,-0.93424416,0.0,0.0
320,DIAGONAL_GAUSSIAN,6,22003,320,19.295439,18.305403,0.990036,320,1,1.165554,0.0,0.0
321,DIAGONAL_GAUSSIAN,6,22003,321,16.857077,11.079201,5.777876,321,1,1.2050438,0.0,0.0
322,DIAGONAL_GAUSSIAN,6,22003,322,16.539068,12.204281,4.3347874,322,1,1.2144537,0.0,0.0
323,DIAGONAL_GAUSSIAN,6,22003,323,16.878132,11.519597,5.358535,323,1,0.48306942,0.0,0.0
324,DIAGONAL_GAUSSIAN,6,22003,324,19.555378,13.653734,5.9016438,324,1,0.18829918,0.0,0.0
325,DIAGONAL_GAUSSIAN,6,22003,325,21.621801,14.166637,7.455164,325,1,0.067993164,0.0,0.0
326,DIAGONAL_GAUSSIAN,6,22003,326,17.977459,14.167023,3.8104362,326,1,-0.3666916,0.0,0.0
327,DIAGONAL_GAUSSIAN,6,22003,327,18.162775,10.659919,7.5028563,327,1,-0.20832157,0.0,0.0
328,DIAGONAL_GAUSSIAN,6,22003,328,13.650207,8.735781,4.914426,328,1,0.044753075,0.0,0.0
329,DIAGONAL_GAUSSIAN,6,22003,329,15.625543,8.9179125,6.70763,329,1,-0.18282318,0.0,0.0
330,DIAGONAL_GAUSSIAN,6,22003,330,19.403269,18.602674,0.80059433,330,1,1.4005394,0.0,0.0
331,DIAGONAL_GAUSSIAN,6,22003,331,22.200048,16.621275,5.5787735,331,1,-0.75653267,0.0,0.0
332,DIAGONAL_GAUSSIAN,6,22003,332,17.051575,11.99194,5.059635,332,1,0.85677624,0.0,0.0
333,DIAGONAL_GAUSSIAN,6,22003,333,15.530453,10.909353,4.6210995,333,1,0.20231915,0.0,0.0
334,DIAGONAL_GAUSSIAN,6,22003,334,14.725594,20.381773,-5.6561794,102,0,0.7444458,0.0,0.0
335,DIAGONAL_GAUSSIAN,6,22003,335,15.835761,10.674584,5.1611767,335,1,-0.575284,0.0,0.0
336,DIAGONAL_GAUSSIAN,6,22003,336,8.586714,12.383792,-3.7970781,80,0,4.4227695,1.0,0.0
337,DIAGONAL_GAUSSIAN,6,22003,337,13.10571,16.735641,-3.6299314,334,0,-1.7083244,0.0,0.0
338,DIAGONAL_GAUSSIAN,6,22003,338,7.6749024,10.714205,-3.0393023,29,0,1.9417176,0.0,0.0
339,DIAGONAL_GAUSSIAN,6,22003,339,14.750392,9.829753,4.920639,339,1,0.92732334,0.0,0.0
340,DIAGONAL_GAUSSIAN,6,22003,340,17.906132,10.518356,7.3877754,340,1,0.64132786,0.0,0.0
341,DIAGONAL_GAUSSIAN,6,22003,341,8.1551075,12.172915,-4.017808,201,0,0.43669128,0.0,0.0
342,DIAGONAL_GAUSSIAN,6,22003,342,17.858397,16.69352,1.1648769,342,1,0.051288605,0.0,0.0
343,DIAGONAL_GAUSSIAN,6,22003,343,15.456942,15.50654,-0.049598694,342,0,2.2661705,1.0,0.0
344,DIAGONAL_GAUSSIAN,6,22003,344,14.2961445,9.408188,4.8879566,344,1,1.815918,0.0,0.0
345,DIAGONAL_GAUSSIAN,6,22003,345,18.837791,20.925095,-2.0873032,690,0,-0.40499306,0.0,0.0
346,DIAGONAL_GAUSSIAN,6,22003,346,15.531884,12.79348,2.7384043,346,1,2.6184912,0.0,0.0
347,DIAGONAL_GAUSSIAN,6,22003,347,17.642109,15.770578,1.8715305,347,1,-0.27266502,0.0,0.0
348,DIAGONAL_GAUSSIAN,6,22003,348,8.636889,10.93503,-2.2981405,825,0,0.26465034,0.0,0.0
349,DIAGONAL_GAUSSIAN,6,22003,349,18.719395,15.753894,2.9655008,349,1,-1.5288496,0.0,0.0
350,DIAGONAL_GAUSSIAN,6,22003,350,15.255902,10.88307,4.3728323,350,1,-0.43060207,0.0,0.0
351,DIAGONAL_GAUSSIAN,6,22003,351,17.333727,14.553258,2.780469,351,1,2.4973545,0.0,0.0
352,DIAGONAL_GAUSSIAN,6,22003,352,20.870846,18.054708,2.8161373,352,1,-0.09444046,0.0,0.0
353,DIAGONAL_GAUSSIAN,6,22003,353,13.376235,13.04058,0.3356552,353,1,0.12650776,0.0,0.0
354,DIAGONAL_GAUSSIAN,6,22003,354,18.288641,10.102275,8.186366,354,1,0.75637245,0.0,0.0
355,DIAGONAL_GAUSSIAN,6,22003,355,18.75975,13.603401,5.156349,355,1,1.4939718,0.0,0.0
356,DIAGONAL_GAUSSIAN,6,22003,356,17.74637,16.583645,1.1627254,356,1,0.36857605,0.0,0.0
357,DIAGONAL_GAUSSIAN,6,22003,357,8.153607,8.612756,-0.4591484,208,0,-0.58539104,0.0,0.0
358,DIAGONAL_GAUSSIAN,6,22003,358,10.057145,13.718174,-3.6610289,356,0,-1.1084366,0.0,0.0
359,DIAGONAL_GAUSSIAN,6,22003,359,13.033191,13.583112,-0.54992104,358,0,-0.03882122,0.0,0.0
360,DIAGONAL_GAUSSIAN,6,22003,360,12.663586,11.880636,0.78294945,360,1,0.90904427,0.0,0.0
361,DIAGONAL_GAUSSIAN,6,22003,361,6.7214193,10.072208,-3.350789,589,0,5.44829,1.0,0.0
362,DIAGONAL_GAUSSIAN,6,22003,362,19.489977,16.399261,3.0907154,362,1,0.47937775,0.0,0.0
363,DIAGONAL_GAUSSIAN,6,22003,363,19.21131,9.6292095,9.5821,363,1,1.3870096,0.0,0.0
364,DIAGONAL_GAUSSIAN,6,22003,364,20.979538,11.450204,9.529334,364,1,2.0248184,0.0,0.0
365,DIAGONAL_GAUSSIAN,6,22003,365,13.390339,9.503372,3.8869667,365,1,-0.18953037,0.0,0.0
366,DIAGONAL_GAUSSIAN,6,22003,366,22.09244,16.999746,5.0926933,366,1,-0.30047798,0.0,0.0
367,DIAGONAL_GAUSSIAN,6,22003,367,15.434399,14.800638,0.63376045,367,1,0.0021276474,0.0,0.0
368,DIAGONAL_GAUSSIAN,6,22003,368,23.01183,18.749878,4.2619514,368,1,0.4635105,0.0,0.0
369,DIAGONAL_GAUSSIAN,6,22003,369,20.612324,15.674173,4.9381504,369,1,-1.2869816,0.0,0.0
370,DIAGONAL_GAUSSIAN,6,22003,370,18.236961,15.25327,2.9836912,370,1,-0.078448296,0.0,0.0
371,DIAGONAL_GAUSSIAN,6,22003,371,16.655788,20.996382,-4.3405933,370,0,-0.50419426,0.0,0.0
372,DIAGONAL_GAUSSIAN,6,22003,372,13.627476,12.366913,1.2605629,372,1,-0.8672924,0.0,0.0
373,DIAGONAL_GAUSSIAN,6,22003,373,19.083967,17.329363,1.7546043,373,1,1.1290798,0.0,0.0
374,DIAGONAL_GAUSSIAN,6,22003,374,19.587702,15.974024,3.613678,374,1,-0.41223526,0.0,0.0
375,DIAGONAL_GAUSSIAN,6,22003,375,20.802193,15.480032,5.3221607,375,1,-0.29286957,0.0,0.0
376,DIAGONAL_GAUSSIAN,6,22003,376,20.104166,16.343046,3.7611198,376,1,1.1695023,0.0,0.0
377,DIAGONAL_GAUSSIAN,6,22003,377,15.818757,15.298247,0.5205097,377,1,0.805089,0.0,0.0
378,DIAGONAL_GAUSSIAN,6,22003,378,20.4057,16.865799,3.5399017,378,1,-0.27234077,0.0,0.0
379,DIAGONAL_GAUSSIAN,6,22003,379,20.874031,19.656952,1.2170792,379,1,0.89818,0.0,0.0
380,DIAGONAL_GAUSSIAN,6,22003,380,19.39284,14.884723,4.5081167,380,1,-1.1865091,0.0,0.0
381,DIAGONAL_GAUSSIAN,6,22003,381,20.330036,20.262716,0.06731987,381,1,0.79159737,0.0,0.0
382,DIAGONAL_GAUSSIAN,6,22003,382,13.355486,13.89466,-0.5391741,380,0,-0.026405334,0.0,0.0
383,DIAGONAL_GAUSSIAN,6,22003,383,18.627375,15.759176,2.8681984,383,1,-0.7536545,0.0,0.0
384,DIAGONAL_GAUSSIAN,6,22003,384,20.943674,15.724892,5.2187824,384,1,1.2111149,0.0,0.0
385,DIAGONAL_GAUSSIAN,6,22003,385,15.132652,13.62081,1.5118427,385,1,-0.61807823,0.0,0.0
386,DIAGONAL_GAUSSIAN,6,22003,386,20.415438,20.623331,-0.20789337,101,0,-0.09093857,0.0,0.0
387,DIAGONAL_GAUSSIAN,6,22003,387,23.509104,13.545282,9.963821,387,1,0.28160572,0.0,0.0
388,DIAGONAL_GAUSSIAN,6,22003,388,18.201984,14.730052,3.4719324,388,1,0.27801037,0.0,0.0
389,DIAGONAL_GAUSSIAN,6,22003,389,17.400871,14.955962,2.444909,389,1,-0.48997688,0.0,0.0
390,DIAGONAL_GAUSSIAN,6,22003,390,19.220161,12.140326,7.079836,390,1,3.2330751,0.0,0.0
391,DIAGONAL_GAUSSIAN,6,22003,391,16.422503,13.714831,2.7076712,391,1,0.21528053,0.0,0.0
392,DIAGONAL_GAUSSIAN,6,22003,392,21.659811,12.493141,9.16667,392,1,0.50512314,0.0,0.0
393,DIAGONAL_GAUSSIAN,6,22003,393,17.688614,14.973303,2.715311,393,1,0.14871216,0.0,0.0
394,DIAGONAL_GAUSSIAN,6,22003,394,10.107162,12.305859,-2.1986961,103,0,4.420698,1.0,0.0
395,DIAGONAL_GAUSSIAN,6,22003,395,16.86602,14.005864,2.860156,395,1,-0.251503,0.0,0.0
396,DIAGONAL_GAUSSIAN,6,22003,396,18.299051,11.509378,6.789673,396,1,1.0771704,0.0,0.0
397,DIAGONAL_GAUSSIAN,6,22003,397,4.649765,19.117596,-14.467831,396,0,-0.24136257,0.0,0.0
398,DIAGONAL_GAUSSIAN,6,22003,398,22.057941,12.614303,9.443639,398,1,-0.44089222,0.0,0.0
399,DIAGONAL_GAUSSIAN,6,22003,399,21.095053,13.4577055,7.637347,399,1,-1.8892841,0.0,0.0
400,DIAGONAL_GAUSSIAN,6,22003,400,19.849348,17.960888,1.8884602,400,1,-0.54623795,0.0,0.0
401,DIAGONAL_GAUSSIAN,6,22003,401,17.10309,12.623916,4.4791746,401,1,2.2298946,0.0,0.0
402,DIAGONAL_GAUSSIAN,6,22003,402,16.668575,15.464642,1.2039337,402,1,1.5684252,0.0,0.0
403,DIAGONAL_GAUSSIAN,6,22003,403,13.934771,13.577247,0.35752392,403,1,0.87388134,0.0,0.0
404,DIAGONAL_GAUSSIAN,6,22003,404,17.367367,13.153794,4.2135725,404,1,0.92470074,0.0,0.0
405,DIAGONAL_GAUSSIAN,6,22003,405,18.887295,14.146249,4.741046,405,1,4.1421394,0.0,0.0
406,DIAGONAL_GAUSSIAN,6,22003,406,14.015085,16.503012,-2.4879265,497,0,1.0718212,0.0,0.0
407,DIAGONAL_GAUSSIAN,6,22003,407,16.075846,13.139642,2.936204,407,1,-1.2843332,0.0,0.0
408,DIAGONAL_GAUSSIAN,6,22003,408,12.537567,15.582162,-3.0445948,847,0,-1.1761198,0.0,0.0
409,DIAGONAL_GAUSSIAN,6,22003,409,13.592452,12.405427,1.1870251,409,1,0.76209164,0.0,0.0
410,DIAGONAL_GAUSSIAN,6,22003,410,18.499554,16.91975,1.5798035,410,1,0.885973,0.0,0.0
411,DIAGONAL_GAUSSIAN,6,22003,411,17.15749,12.862075,4.295415,411,1,-0.31131458,0.0,0.0
412,DIAGONAL_GAUSSIAN,6,22003,412,12.5995455,10.864139,1.7354069,412,1,0.9860592,0.0,0.0
413,DIAGONAL_GAUSSIAN,6,22003,413,15.944966,15.760409,0.18455696,413,1,-0.043828964,0.0,0.0
414,DIAGONAL_GAUSSIAN,6,22003,414,17.572935,12.221368,5.3515673,414,1,-0.013656616,0.0,0.0
415,DIAGONAL_GAUSSIAN,6,22003,415,6.2540107,9.097441,-2.84343,860,0,-0.37908792,0.0,0.0
416,DIAGONAL_GAUSSIAN,6,22003,416,14.92434,12.957008,1.9673319,416,1,1.8575697,0.0,0.0
417,DIAGONAL_GAUSSIAN,6,22003,417,12.758112,13.1718235,-0.41371155,794,0,-1.4391279,0.0,0.0
418,DIAGONAL_GAUSSIAN,6,22003,418,14.205013,12.667406,1.5376072,418,1,3.0089216,0.0,0.0
419,DIAGONAL_GAUSSIAN,6,22003,419,16.361664,10.368296,5.993368,419,1,1.4697666,0.0,0.0
420,DIAGONAL_GAUSSIAN,6,22003,420,17.276112,13.091412,4.1847,420,1,1.3496847,0.0,0.0
421,DIAGONAL_GAUSSIAN,6,22003,421,11.787842,10.028138,1.7597036,421,1,0.45990276,0.0,0.0
422,DIAGONAL_GAUSSIAN,6,22003,422,15.458637,13.013419,2.445218,422,1,1.3814478,0.0,0.0
423,DIAGONAL_GAUSSIAN,6,22003,423,9.624598,8.238525,1.3860722,423,1,-0.37349892,0.0,0.0
424,DIAGONAL_GAUSSIAN,6,22003,424,10.446481,9.009463,1.4370174,424,1,-1.5765915,0.0,1.0
425,DIAGONAL_GAUSSIAN,6,22003,425,20.27644,12.19194,8.084499,425,1,0.91373825,0.0,0.0
426,DIAGONAL_GAUSSIAN,6,22003,426,19.368504,15.872753,3.4957504,426,1,1.1570873,0.0,0.0
427,DIAGONAL_GAUSSIAN,6,22003,427,14.190799,13.410089,0.7807102,427,1,1.1736441,0.0,0.0
428,DIAGONAL_GAUSSIAN,6,22003,428,16.853971,9.294945,7.5590267,428,1,-0.28125286,0.0,0.0
429,DIAGONAL_GAUSSIAN,6,22003,429,22.547276,13.8605175,8.686758,429,1,1.3451233,0.0,0.0
430,DIAGONAL_GAUSSIAN,6,22003,430,17.954142,13.002619,4.951523,430,1,-0.0925827,0.0,0.0
431,DIAGONAL_GAUSSIAN,6,22003,431,17.448544,16.421316,1.0272274,431,1,0.8510418,0.0,0.0
432,DIAGONAL_GAUSSIAN,6,22003,432,15.17231,17.72948,-2.5571709,776,0,2.5067272,0.0,0.0
433,DIAGONAL_GAUSSIAN,6,22003,433,11.707898,11.016281,0.691617,433,1,-0.24429512,0.0,0.0
434,DIAGONAL_GAUSSIAN,6,22003,434,6.2988267,11.153294,-4.854467,808,0,-1.1358633,0.0,0.0
435,DIAGONAL_GAUSSIAN,6,22003,435,14.295246,13.773607,0.5216389,435,1,0.13881874,0.0,0.0
436,DIAGONAL_GAUSSIAN,6,22003,436,11.433363,10.618198,0.81516457,436,1,2.0854197,0.0,0.0
437,DIAGONAL_GAUSSIAN,6,22003,437,13.647845,13.4598875,0.18795776,437,1,-0.62605095,0.0,1.0
438,DIAGONAL_GAUSSIAN,6,22003,438,11.012217,9.979943,1.0322733,438,1,-1.2234211,0.0,1.0
439,DIAGONAL_GAUSSIAN,6,22003,439,21.5951,14.08858,7.5065203,439,1,0.28798485,0.0,0.0
440,DIAGONAL_GAUSSIAN,6,22003,440,14.019673,12.463854,1.5558195,440,1,0.19293022,0.0,0.0
441,DIAGONAL_GAUSSIAN,6,22003,441,17.414299,11.466219,5.94808,441,1,-0.24384308,0.0,0.0
442,DIAGONAL_GAUSSIAN,6,22003,442,12.838323,11.007815,1.8305073,442,1,0.9726391,0.0,0.0
443,DIAGONAL_GAUSSIAN,6,22003,443,16.549088,9.847069,6.7020187,443,1,2.7225285,0.0,0.0
444,DIAGONAL_GAUSSIAN,6,22003,444,8.040495,12.134196,-4.0937014,870,0,0.7641401,0.0,0.0
445,DIAGONAL_GAUSSIAN,6,22003,445,14.322324,13.023635,1.2986889,445,1,0.52314377,0.0,0.0
446,DIAGONAL_GAUSSIAN,6,22003,446,13.061885,13.372928,-0.3110428,771,0,2.1439657,1.0,0.0
447,DIAGONAL_GAUSSIAN,6,22003,447,8.705392,7.1342897,1.5711021,447,1,-1.3547287,0.0,0.0
448,DIAGONAL_GAUSSIAN,6,22003,448,10.595551,9.084849,1.5107012,448,1,0.22895908,0.0,0.0
449,DIAGONAL_GAUSSIAN,6,22003,449,15.410217,11.1933975,4.21682,449,1,0.23652649,0.0,0.0
450,DIAGONAL_GAUSSIAN,6,22003,450,19.115599,13.526963,5.5886354,450,1,1.5184612,0.0,0.0
451,DIAGONAL_GAUSSIAN,6,22003,451,13.733078,8.206256,5.526822,451,1,0.117503166,0.0,0.0
452,DIAGONAL_GAUSSIAN,6,22003,452,11.008369,9.29474,1.7136297,452,1,0.94363976,0.0,0.0
453,DIAGONAL_GAUSSIAN,6,22003,453,16.960867,13.708982,3.2518845,453,1,0.24977016,0.0,0.0
454,DIAGONAL_GAUSSIAN,6,22003,454,4.329462,11.397908,-7.068446,498,0,0.288774,0.0,0.0
455,DIAGONAL_GAUSSIAN,6,22003,455,20.301294,10.837792,9.463502,455,1,0.8839798,0.0,0.0
456,DIAGONAL_GAUSSIAN,6,22003,456,18.970316,10.141511,8.828805,456,1,5.0383406,0.0,0.0
457,DIAGONAL_GAUSSIAN,6,22003,457,20.237837,13.773879,6.463958,457,1,-1.2284565,0.0,0.0
458,DIAGONAL_GAUSSIAN,6,22003,458,12.659248,10.672429,1.9868193,458,1,2.5372705,0.0,0.0
459,DIAGONAL_GAUSSIAN,6,22003,459,7.729175,9.218748,-1.489573,731,0,-1.0344496,0.0,0.0
460,DIAGONAL_GAUSSIAN,6,22003,460,15.624125,13.461542,2.1625824,460,1,0.3369093,0.0,0.0
461,DIAGONAL_GAUSSIAN,6,22003,461,12.058915,14.600949,-2.5420341,917,0,-0.12226391,0.0,0.0
462,DIAGONAL_GAUSSIAN,6,22003,462,16.158422,14.709783,1.4486399,462,1,-0.963295,0.0,0.0
463,DIAGONAL_GAUSSIAN,6,22003,463,6.370581,12.182874,-5.8122926,971,0,-0.31565952,0.0,0.0
464,DIAGONAL_GAUSSIAN,6,22003,464,3.270544,7.0513186,-3.7807746,424,0,1.8538432,0.0,0.0
465,DIAGONAL_GAUSSIAN,6,22003,465,9.65897,9.113207,0.545763,465,1,2.075614,0.0,0.0
466,DIAGONAL_GAUSSIAN,6,22003,466,10.455285,11.002886,-0.54760075,705,0,-0.3564663,0.0,0.0
467,DIAGONAL_GAUSSIAN,6,22003,467,17.178778,13.354888,3.8238897,467,1,0.82584,0.0,0.0
468,DIAGONAL_GAUSSIAN,6,22003,468,6.0118484,9.732187,-3.7203388,654,0,-0.7505398,0.0,0.0
469,DIAGONAL_GAUSSIAN,6,22003,469,17.262478,12.874712,4.387766,469,1,0.25551128,0.0,0.0
470,DIAGONAL_GAUSSIAN,6,22003,470,8.519778,9.587857,-1.068079,884,0,1.4757652,1.0,0.0
471,DIAGONAL_GAUSSIAN,6,22003,471,9.99247,11.9000635,-1.9075937,856,0,-0.48878956,0.0,0.0
472,DIAGONAL_GAUSSIAN,6,22003,472,17.35687,13.284812,4.0720587,472,1,0.92049503,0.0,0.0
473,DIAGONAL_GAUSSIAN,6,22003,473,15.1721115,10.570794,4.6013174,473,1,1.0187321,0.0,0.0
474,DIAGONAL_GAUSSIAN,6,22003,474,16.589388,11.2449045,5.3444834,474,1,-0.25397015,0.0,0.0
475,DIAGONAL_GAUSSIAN,6,22003,475,15.126309,8.958191,6.1681185,475,1,0.91381454,0.0,0.0
476,DIAGONAL_GAUSSIAN,6,22003,476,19.716928,9.481853,10.235076,476,1,-1.1818285,0.0,0.0
477,DIAGONAL_GAUSSIAN,6,22003,477,12.226548,13.43568,-1.2091322,777,0,2.1094933,1.0,0.0
478,DIAGONAL_GAUSSIAN,6,22003,478,7.072129,10.544278,-3.4721494,796,0,0.32901192,0.0,0.0
479,DIAGONAL_GAUSSIAN,6,22003,479,13.614671,12.173842,1.4408283,479,1,-2.4296532,0.0,1.0
480,DIAGONAL_GAUSSIAN,6,22003,480,13.946417,9.673323,4.273094,480,1,0.42597103,0.0,0.0
481,DIAGONAL_GAUSSIAN,6,22003,481,13.788216,15.975073,-2.1868572,482,0,0.73166656,0.0,0.0
482,DIAGONAL_GAUSSIAN,6,22003,482,13.151673,14.736893,-1.5852194,848,0,-0.47008514,0.0,0.0
483,DIAGONAL_GAUSSIAN,6,22003,483,13.537621,10.7844,2.7532206,483,1,1.154582,0.0,0.0
484,DIAGONAL_GAUSSIAN,6,22003,484,18.020971,19.50911,-1.4881382,871,0,1.4212742,0.0,0.0
485,DIAGONAL_GAUSSIAN,6,22003,485,6.2373357,7.856308,-1.6189723,620,0,2.4853482,1.0,0.0
486,DIAGONAL_GAUSSIAN,6,22003,486,16.730574,15.87073,0.85984325,486,1,0.8052931,0.0,0.0
487,DIAGONAL_GAUSSIAN,6,22003,487,15.057198,12.355579,2.7016182,487,1,-0.76676846,0.0,0.0
488,DIAGONAL_GAUSSIAN,6,22003,488,10.755041,8.525286,2.2297554,488,1,-1.1292887,0.0,0.0
489,DIAGONAL_GAUSSIAN,6,22003,489,10.889529,8.129011,2.760518,489,1,-1.4759407,0.0,0.0
490,DIAGONAL_GAUSSIAN,6,22003,490,5.9764752,12.697444,-6.7209687,327,0,-2.1707263,0.0,0.0
491,DIAGONAL_GAUSSIAN,6,22003,491,13.882865,10.210838,3.6720266,491,1,1.3261681,0.0,0.0
492,DIAGONAL_GAUSSIAN,6,22003,492,10.008611,8.809541,1.19907,492,1,1.0080347,0.0,0.0
493,DIAGONAL_GAUSSIAN,6,22003,493,8.663316,11.091369,-2.428053,553,0,2.0487652,0.0,0.0
494,DIAGONAL_GAUSSIAN,6,22003,494,17.438871,13.698631,3.74024,494,1,-0.6165867,0.0,0.0
495,DIAGONAL_GAUSSIAN,6,22003,495,6.859748,12.13586,-5.2761126,905,0,3.4375505,0.0,0.0
496,DIAGONAL_GAUSSIAN,6,22003,496,15.856597,9.363168,6.493429,496,1,1.0993633,0.0,0.0
497,DIAGONAL_GAUSSIAN,6,22003,497,13.301111,12.957004,0.34410763,497,1,0.012066841,0.0,0.0
498,DIAGONAL_GAUSSIAN,6,22003,498,14.171376,11.259087,2.9122896,498,1,1.5403605,0.0,0.0
499,DIAGONAL_GAUSSIAN,6,22003,499,8.47845,10.397539,-1.9190893,477,0,-0.31610632,0.0,0.0
500,DIAGONAL_GAUSSIAN,6,22003,500,17.849377,13.58446,4.2649164,500,1,0.53333473,0.0,0.0
501,DIAGONAL_GAUSSIAN,6,22003,501,12.939924,11.809301,1.1306229,501,1,0.5307064,0.0,0.0
502,DIAGONAL_GAUSSIAN,6,22003,502,16.200298,16.795052,-0.59475327,774,0,0.7808609,1.0,0.0
503,DIAGONAL_GAUSSIAN,6,22003,503,13.251539,9.9440155,3.3075237,503,1,1.7475691,0.0,0.0
504,DIAGONAL_GAUSSIAN,6,22003,504,15.463926,12.726468,2.7374582,504,1,0.33735943,0.0,0.0
505,DIAGONAL_GAUSSIAN,6,22003,505,18.284088,16.815231,1.4688568,505,1,-0.6073866,0.0,0.0
506,DIAGONAL_GAUSSIAN,6,22003,506,16.471407,12.9027195,3.5686874,506,1,-0.18717957,0.0,0.0
507,DIAGONAL_GAUSSIAN,6,22003,507,11.6907835,12.979675,-1.2888918,414,0,1.9386482,1.0,0.0
508,DIAGONAL_GAUSSIAN,6,22003,508,5.744054,8.234363,-2.4903088,917,0,-0.27742004,0.0,0.0
509,DIAGONAL_GAUSSIAN,6,22003,509,12.439091,11.978137,0.4609537,509,1,-0.38939476,0.0,0.0
510,DIAGONAL_GAUSSIAN,6,22003,510,14.232331,12.162667,2.069664,510,1,0.31253147,0.0,0.0
511,DIAGONAL_GAUSSIAN,6,22003,511,12.797777,13.08205,-0.28427315,817,0,1.5085878,1.0,0.0
512,DIAGONAL_GAUSSIAN,6,22003,512,16.696842,10.776675,5.920167,512,1,0.9404764,0.0,0.0
513,DIAGONAL_GAUSSIAN,6,22003,513,14.40998,14.42698,-0.017000198,875,0,0.8234701,1.0,0.0
514,DIAGONAL_GAUSSIAN,6,22003,514,21.173046,11.656949,9.516097,514,1,0.59160614,0.0,0.0
515,DIAGONAL_GAUSSIAN,6,22003,515,6.940048,8.107338,-1.1672897,834,0,-0.03014803,0.0,0.0
516,DIAGONAL_GAUSSIAN,6,22003,516,7.633873,10.958593,-3.3247204,870,0,0.22253609,0.0,0.0
517,DIAGONAL_GAUSSIAN,6,22003,517,12.82495,10.736742,2.0882082,517,1,2.4511557,0.0,0.0
518,DIAGONAL_GAUSSIAN,6,22003,518,19.523088,13.244727,6.2783613,518,1,0.14218521,0.0,0.0
519,DIAGONAL_GAUSSIAN,6,22003,519,9.932502,15.184162,-5.2516603,239,0,0.12887192,0.0,0.0
520,DIAGONAL_GAUSSIAN,6,22003,520,16.905624,14.036434,2.8691902,520,1,1.1008387,0.0,0.0
521,DIAGONAL_GAUSSIAN,6,22003,521,22.051775,15.698203,6.353572,521,1,-1.728118,0.0,0.0
522,DIAGONAL_GAUSSIAN,6,22003,522,20.317942,14.048417,6.2695246,522,1,2.9238176,0.0,0.0
523,DIAGONAL_GAUSSIAN,6,22003,523,13.982777,10.564978,3.417799,523,1,3.7272654,0.0,0.0
524,DIAGONAL_GAUSSIAN,6,22003,524,20.803246,18.897959,1.9052868,524,1,0.27241898,0.0,0.0
525,DIAGONAL_GAUSSIAN,6,22003,525,19.17904,9.767571,9.411469,525,1,-0.005742073,0.0,0.0
526,DIAGONAL_GAUSSIAN,6,22003,526,14.142595,11.94841,2.1941853,526,1,-0.5969715,0.0,0.0
527,DIAGONAL_GAUSSIAN,6,22003,527,12.25912,13.451579,-1.1924591,664,0,-0.6589031,0.0,0.0
528,DIAGONAL_GAUSSIAN,6,22003,528,17.123533,13.031776,4.091757,528,1,1.0532951,0.0,0.0
529,DIAGONAL_GAUSSIAN,6,22003,529,13.40861,13.161296,0.24731445,529,1,0.5565796,0.0,0.0
530,DIAGONAL_GAUSSIAN,6,22003,530,9.047616,8.266775,0.7808409,530,1,2.6703062,0.0,0.0
531,DIAGONAL_GAUSSIAN,6,22003,531,14.783592,15.947263,-1.1636705,826,0,-1.1407223,0.0,0.0
532,DIAGONAL_GAUSSIAN,6,22003,532,18.95926,12.608194,6.3510666,532,1,0.53909016,0.0,0.0
533,DIAGONAL_GAUSSIAN,6,22003,533,15.698931,10.738026,4.960905,533,1,2.1143045,0.0,0.0
534,DIAGONAL_GAUSSIAN,6,22003,534,10.903049,13.206843,-2.303794,651,0,0.46102333,0.0,0.0
535,DIAGONAL_GAUSSIAN,6,22003,535,11.279917,13.666542,-2.3866253,479,0,0.1484127,0.0,0.0
536,DIAGONAL_GAUSSIAN,6,22003,536,14.534913,14.473253,0.061659813,536,1,1.6289196,0.0,0.0
537,DIAGONAL_GAUSSIAN,6,22003,537,18.992619,16.215916,2.776703,537,1,0.32051086,0.0,0.0
538,DIAGONAL_GAUSSIAN,6,22003,538,14.31983,12.305216,2.014614,538,1,0.9113283,0.0,0.0
539,DIAGONAL_GAUSSIAN,6,22003,539,8.609466,9.14543,-0.535964,519,0,0.9873533,1.0,0.0
540,DIAGONAL_GAUSSIAN,6,22003,540,18.80238,10.358354,8.444026,540,1,0.9891882,0.0,0.0
541,DIAGONAL_GAUSSIAN,6,22003,541,13.277169,12.069786,1.2073832,541,1,0.030071259,0.0,0.0
542,DIAGONAL_GAUSSIAN,6,22003,542,14.45924,12.234416,2.224824,542,1,0.022218704,0.0,0.0
543,DIAGONAL_GAUSSIAN,6,22003,543,16.33837,17.327639,-0.98926926,422,0,1.164957,1.0,0.0
544,DIAGONAL_GAUSSIAN,6,22003,544,15.119414,14.945311,0.17410374,544,1,0.83982944,0.0,0.0
545,DIAGONAL_GAUSSIAN,6,22003,545,16.084858,10.419246,5.665612,545,1,-0.5683422,0.0,0.0
546,DIAGONAL_GAUSSIAN,6,22003,546,14.881536,11.541176,3.3403597,546,1,-1.6906538,0.0,0.0
547,DIAGONAL_GAUSSIAN,6,22003,547,18.65186,13.52859,5.123269,547,1,-0.8530283,0.0,0.0
548,DIAGONAL_GAUSSIAN,6,22003,548,15.01711,11.7444,3.2727098,548,1,-1.0396662,0.0,0.0
549,DIAGONAL_GAUSSIAN,6,22003,549,11.49053,9.8109865,1.6795435,549,1,3.5682163,0.0,0.0
550,DIAGONAL_GAUSSIAN,6,22003,550,16.549301,11.723758,4.8255434,550,1,1.6680298,0.0,0.0
551,DIAGONAL_GAUSSIAN,6,22003,551,18.101437,16.543987,1.5574493,551,1,2.542179,0.0,0.0
552,DIAGONAL_GAUSSIAN,6,22003,552,4.566892,8.251413,-3.6845212,749,0,-0.19647121,0.0,0.0
553,DIAGONAL_GAUSSIAN,6,22003,553,15.424197,10.821634,4.602563,553,1,-0.56791115,0.0,0.0
554,DIAGONAL_GAUSSIAN,6,22003,554,20.212664,11.300529,8.912135,554,1,1.8519573,0.0,0.0
555,DIAGONAL_GAUSSIAN,6,22003,555,11.670605,11.100299,0.5703058,555,1,1.0302916,0.0,0.0
556,DIAGONAL_GAUSSIAN,6,22003,556,15.557738,13.059788,2.4979506,556,1,2.256112,0.0,0.0
557,DIAGONAL_GAUSSIAN,6,22003,557,7.0734625,9.775329,-2.7018661,517,0,3.3308306,1.0,0.0
558,DIAGONAL_GAUSSIAN,6,22003,558,10.946493,12.228289,-1.2817955,413,0,2.6408377,1.0,0.0
559,DIAGONAL_GAUSSIAN,6,22003,559,13.047678,10.237476,2.8102016,559,1,0.5652857,0.0,0.0
560,DIAGONAL_GAUSSIAN,6,22003,560,14.464117,14.617749,-0.15363216,518,0,1.1988297,1.0,0.0
561,DIAGONAL_GAUSSIAN,6,22003,561,18.356636,12.37566,5.980976,561,1,1.3351631,0.0,0.0
562,DIAGONAL_GAUSSIAN,6,22003,562,9.5540905,9.614513,-0.060422897,842,0,0.3295946,1.0,0.0
563,DIAGONAL_GAUSSIAN,6,22003,563,17.199987,13.602718,3.597269,563,1,1.2226086,0.0,0.0
564,DIAGONAL_GAUSSIAN,6,22003,564,15.410618,11.762756,3.6478615,564,1,0.34525013,0.0,0.0
565,DIAGONAL_GAUSSIAN,6,22003,565,21.142645,12.400196,8.742449,565,1,-0.4122734,0.0,0.0
566,DIAGONAL_GAUSSIAN,6,22003,566,20.546017,18.178442,2.3675747,566,1,1.588417,0.0,0.0
567,DIAGONAL_GAUSSIAN,6,22003,567,5.649691,9.164313,-3.5146222,731,0,0.08122778,0.0,0.0
568,DIAGONAL_GAUSSIAN,6,22003,568,14.8748665,9.938974,4.935892,568,1,-0.07215214,0.0,0.0
569,DIAGONAL_GAUSSIAN,6,22003,569,16.76378,12.642324,4.121456,569,1,1.4198818,0.0,0.0
570,DIAGONAL_GAUSSIAN,6,22003,570,17.939959,18.860228,-0.920269,691,0,1.6954746,1.0,0.0
571,DIAGONAL_GAUSSIAN,6,22003,571,11.600614,9.709942,1.8906717,571,1,0.46638298,0.0,0.0
572,DIAGONAL_GAUSSIAN,6,22003,572,13.523114,14.3025,-0.77938557,966,0,-1.1511335,0.0,0.0
573,DIAGONAL_GAUSSIAN,6,22003,573,18.647345,14.341225,4.30612,573,1,2.2726898,0.0,0.0
574,DIAGONAL_GAUSSIAN,6,22003,574,22.07833,14.092896,7.9854326,574,1,0.12859249,0.0,0.0
575,DIAGONAL_GAUSSIAN,6,22003,575,14.683905,9.716289,4.967616,575,1,1.4600029,0.0,0.0
576,DIAGONAL_GAUSSIAN,6,22003,576,16.323498,9.588879,6.734619,576,1,3.2304945,0.0,0.0
577,DIAGONAL_GAUSSIAN,6,22003,577,16.031542,12.216517,3.8150244,577,1,-1.1062794,0.0,0.0
578,DIAGONAL_GAUSSIAN,6,22003,578,12.981928,11.926481,1.0554466,578,1,0.31248474,0.0,0.0
579,DIAGONAL_GAUSSIAN,6,22003,579,16.904171,12.5631,4.341071,579,1,0.049747467,0.0,0.0
580,DIAGONAL_GAUSSIAN,6,22003,580,11.118676,8.473695,2.6449814,580,1,0.57005787,0.0,0.0
581,DIAGONAL_GAUSSIAN,6,22003,581,13.824543,10.98634,2.8382034,581,1,-0.62034607,0.0,0.0
582,DIAGONAL_GAUSSIAN,6,22003,582,3.5995045,10.712621,-7.1131163,996,0,2.2391586,0.0,0.0
583,DIAGONAL_GAUSSIAN,6,22003,583,15.222733,9.231625,5.991108,583,1,2.6845675,0.0,0.0
584,DIAGONAL_GAUSSIAN,6,22003,584,3.8380466,10.035842,-6.1977954,523,0,0.057579517,0.0,0.0
585,DIAGONAL_GAUSSIAN,6,22003,585,17.16004,16.042343,1.1176968,585,1,0.466547,0.0,0.0
586,DIAGONAL_GAUSSIAN,6,22003,586,11.62313,10.625487,0.9976425,586,1,2.4136353,0.0,0.0
587,DIAGONAL_GAUSSIAN,6,22003,587,13.397511,15.673101,-2.275591,740,0,-0.7498236,0.0,0.0
588,DIAGONAL_GAUSSIAN,6,22003,588,12.099227,14.945512,-2.8462849,415,0,-0.42446327,0.0,0.0
589,DIAGONAL_GAUSSIAN,6,22003,589,18.694036,13.198607,5.495429,589,1,-0.12328434,0.0,0.0
590,DIAGONAL_GAUSSIAN,6,22003,590,10.812798,10.632846,0.17995167,590,1,0.8789501,0.0,0.0
591,DIAGONAL_GAUSSIAN,6,22003,591,12.120851,11.728301,0.3925495,591,1,3.7229595,0.0,0.0
592,DIAGONAL_GAUSSIAN,6,22003,592,11.468396,8.788098,2.6802979,592,1,3.4840994,0.0,0.0
593,DIAGONAL_GAUSSIAN,6,22003,593,18.858177,9.994677,8.863501,593,1,-2.043189,0.0,0.0
594,DIAGONAL_GAUSSIAN,6,22003,594,19.645882,8.961612,10.68427,594,1,-0.075118065,0.0,0.0
595,DIAGONAL_GAUSSIAN,6,22003,595,16.473495,12.112482,4.3610134,595,1,-1.3588505,0.0,0.0
596,DIAGONAL_GAUSSIAN,6,22003,596,10.244807,16.986834,-6.7420263,764,0,-0.89571285,0.0,0.0
597,DIAGONAL_GAUSSIAN,6,22003,597,8.88465,10.332424,-1.4477739,763,0,0.60315895,0.0,0.0
598,DIAGONAL_GAUSSIAN,6,22003,598,13.096659,10.693649,2.4030094,598,1,1.5794382,0.0,0.0
599,DIAGONAL_GAUSSIAN,6,22003,599,14.440298,7.901984,6.538314,599,1,-0.29516983,0.0,0.0
600,DIAGONAL_GAUSSIAN,6,22003,600,9.102959,10.417927,-1.3149681,556,0,1.6889591,1.0,0.0
601,DIAGONAL_GAUSSIAN,6,22003,601,16.346571,16.966106,-0.61953545,689,0,1.0581913,1.0,0.0
602,DIAGONAL_GAUSSIAN,6,22003,602,8.622379,8.170486,0.45189285,602,1,0.43603134,0.0,0.0
603,DIAGONAL_GAUSSIAN,6,22003,603,17.067991,12.5259,4.5420914,603,1,0.00051498413,0.0,0.0
604,DIAGONAL_GAUSSIAN,6,22003,604,21.049803,10.994097,10.055706,604,1,-0.46432877,0.0,0.0
605,DIAGONAL_GAUSSIAN,6,22003,605,17.964685,10.902637,7.062049,605,1,2.2046652,0.0,0.0
606,DIAGONAL_GAUSSIAN,6,22003,606,19.947865,11.482349,8.465515,606,1,-0.06976795,0.0,0.0
607,DIAGONAL_GAUSSIAN,6,22003,607,18.526379,10.57746,7.9489183,607,1,-1.1372051,0.0,0.0
608,DIAGONAL_GAUSSIAN,6,22003,608,7.0619907,8.095634,-1.0336437,514,0,0.097043514,0.0,0.0
609,DIAGONAL_GAUSSIAN,6,22003,609,11.870461,10.913463,0.9569988,609,1,-0.20258904,0.0,0.0
610,DIAGONAL_GAUSSIAN,6,22003,610,10.69459,9.55972,1.1348696,610,1,-1.0393744,0.0,0.0
611,DIAGONAL_GAUSSIAN,6,22003,611,8.078928,8.576818,-0.49789047,917,0,0.35356903,0.0,0.0
612,DIAGONAL_GAUSSIAN,6,22003,612,13.189834,12.781663,0.4081707,612,1,3.905964,0.0,0.0
613,DIAGONAL_GAUSSIAN,6,22003,613,19.397638,13.026605,6.3710337,613,1,0.44945908,0.0,0.0
614,DIAGONAL_GAUSSIAN,6,22003,614,16.14829,10.564905,5.5833855,614,1,-1.0070572,0.0,0.0
615,DIAGONAL_GAUSSIAN,6,22003,615,11.817712,8.445899,3.3718128,615,1,1.7040253,0.0,0.0
616,DIAGONAL_GAUSSIAN,6,22003,616,12.6663265,8.410544,4.255782,616,1,0.7728338,0.0,0.0
617,DIAGONAL_GAUSSIAN,6,22003,617,16.952482,14.905617,2.0468655,617,1,0.61966133,0.0,0.0
618,DIAGONAL_GAUSSIAN,6,22003,618,12.908656,12.520233,0.38842297,618,1,-0.41611958,0.0,1.0
619,DIAGONAL_GAUSSIAN,6,22003,619,12.0288315,12.609012,-0.58018017,846,0,-0.3494234,0.0,0.0
620,DIAGONAL_GAUSSIAN,6,22003,620,13.326319,14.794795,-1.4684763,681,0,0.02989769,0.0,0.0
621,DIAGONAL_GAUSSIAN,6,22003,621,19.117088,10.377004,8.740085,621,1,-0.12199688,0.0,0.0
622,DIAGONAL_GAUSSIAN,6,22003,622,3.05069,10.900786,-7.8500967,47,0,-1.3759422,0.0,0.0
623,DIAGONAL_GAUSSIAN,6,22003,623,13.197181,11.012429,2.1847515,623,1,0.09488392,0.0,0.0
624,DIAGONAL_GAUSSIAN,6,22003,624,10.616707,14.309149,-3.692442,865,0,0.9792404,0.0,0.0
625,DIAGONAL_GAUSSIAN,6,22003,625,18.399776,13.272461,5.1273155,625,1,0.6266823,0.0,0.0
626,DIAGONAL_GAUSSIAN,6,22003,626,14.922752,11.593652,3.3291006,626,1,1.2554541,0.0,0.0
627,DIAGONAL_GAUSSIAN,6,22003,627,15.695515,11.082324,4.6131907,627,1,-0.081315994,0.0,0.0
628,DIAGONAL_GAUSSIAN,6,22003,628,10.367336,8.157131,2.210205,628,1,2.41257,0.0,0.0
629,DIAGONAL_GAUSSIAN,6,22003,629,17.683403,18.415901,-0.73249817,551,0,-1.8984203,0.0,0.0
630,DIAGONAL_GAUSSIAN,6,22003,630,14.403022,10.931942,3.4710798,630,1,-0.2644987,0.0,0.0
631,DIAGONAL_GAUSSIAN,6,22003,631,12.334145,13.191254,-0.85710907,804,0,-0.3226385,0.0,0.0
632,DIAGONAL_GAUSSIAN,6,22003,632,10.937236,9.856401,1.0808344,632,1,-0.81564236,0.0,0.0
633,DIAGONAL_GAUSSIAN,6,22003,633,6.5703077,6.9275618,-0.35725403,982,0,-0.39157152,0.0,0.0
634,DIAGONAL_GAUSSIAN,6,22003,634,18.578718,10.847668,7.7310505,634,1,-0.09514046,0.0,0.0
635,DIAGONAL_GAUSSIAN,6,22003,635,6.4836493,11.03912,-4.5554705,922,0,0.53905153,0.0,0.0
636,DIAGONAL_GAUSSIAN,6,22003,636,14.1480465,15.021017,-0.8729706,748,0,0.08638096,0.0,0.0
637,DIAGONAL_GAUSSIAN,6,22003,637,16.185825,13.222843,2.9629822,637,1,0.030529022,0.0,0.0
638,DIAGONAL_GAUSSIAN,6,22003,638,14.865139,15.075509,-0.21037006,639,0,-0.57943153,0.0,0.0
639,DIAGONAL_GAUSSIAN,6,22003,639,14.100051,13.970994,0.12905693,639,1,-0.09496403,0.0,0.0
640,DIAGONAL_GAUSSIAN,6,22003,640,9.193375,10.174896,-0.9815216,787,0,0.9489317,0.0,0.0
641,DIAGONAL_GAUSSIAN,6,22003,641,16.233263,12.356863,3.8764,641,1,-1.5518494,0.0,0.0
642,DIAGONAL_GAUSSIAN,6,22003,642,17.92867,12.005465,5.9232063,642,1,0.21738052,0.0,0.0
643,DIAGONAL_GAUSSIAN,6,22003,643,9.894804,11.010831,-1.1160269,971,0,1.1145563,0.0,0.0
644,DIAGONAL_GAUSSIAN,6,22003,644,10.824567,11.682064,-0.8574972,692,0,1.4810429,1.0,0.0
645,DIAGONAL_GAUSSIAN,6,22003,645,12.535804,10.401343,2.1344604,645,1,2.434433,0.0,0.0
646,DIAGONAL_GAUSSIAN,6,22003,646,19.300438,11.752845,7.547593,646,1,0.29602337,0.0,0.0
647,DIAGONAL_GAUSSIAN,6,22003,647,21.431814,15.96725,5.4645643,647,1,-0.7116318,0.0,0.0
648,DIAGONAL_GAUSSIAN,6,22003,648,14.288127,12.176348,2.1117792,648,1,-0.24165916,0.0,0.0
649,DIAGONAL_GAUSSIAN,6,22003,649,11.494351,9.735813,1.7585382,649,1,3.9613237,0.0,0.0
650,DIAGONAL_GAUSSIAN,6,22003,650,15.520745,9.786189,5.734556,650,1,0.42627716,0.0,0.0
651,DIAGONAL_GAUSSIAN,6,22003,651,14.094357,11.301338,2.7930183,651,1,0.84037685,0.0,0.0
652,DIAGONAL_GAUSSIAN,6,22003,652,13.133531,8.703895,4.429636,652,1,0.97875595,0.0,0.0
653,DIAGONAL_GAUSSIAN,6,22003,653,11.079792,11.807357,-0.7275648,469,0,2.07374,1.0,0.0
654,DIAGONAL_GAUSSIAN,6,22003,654,11.112218,16.35897,-5.2467527,627,0,1.0753431,0.0,0.0
655,DIAGONAL_GAUSSIAN,6,22003,655,11.315886,9.168254,2.1476316,655,1,-0.06870079,0.0,0.0
656,DIAGONAL_GAUSSIAN,6,22003,656,12.979208,11.227003,1.7522049,656,1,0.27956486,0.0,0.0
657,DIAGONAL_GAUSSIAN,6,22003,657,17.29166,16.839642,0.45201874,657,1,0.124824524,0.0,0.0
658,DIAGONAL_GAUSSIAN,6,22003,658,16.233828,11.548256,4.6855717,658,1,-0.29371834,0.0,0.0
659,DIAGONAL_GAUSSIAN,6,22003,659,8.677436,10.429745,-1.7523088,896,0,-0.50975704,0.0,0.0
660,DIAGONAL_GAUSSIAN,6,22003,660,11.613693,13.62686,-2.0131664,864,0,-1.3363905,0.0,0.0
661,DIAGONAL_GAUSSIAN,6,22003,661,15.062889,10.383149,4.67974,661,1,1.14435,0.0,0.0
662,DIAGONAL_GAUSSIAN,6,22003,662,7.736488,8.953554,-1.2170663,589,0,-1.6785922,0.0,0.0
663,DIAGONAL_GAUSSIAN,6,22003,663,13.282317,15.869552,-2.5872345,442,0,-0.71930504,0.0,0.0
664,DIAGONAL_GAUSSIAN,6,22003,664,13.559963,15.339879,-1.7799158,526,0,0.6851206,0.0,0.0
665,DIAGONAL_GAUSSIAN,6,22003,665,11.222974,12.237786,-1.0148125,671,0,2.1366682,1.0,0.0
666,DIAGONAL_GAUSSIAN,6,22003,666,14.186631,8.770212,5.416419,666,1,2.2400723,0.0,0.0
667,DIAGONAL_GAUSSIAN,6,22003,667,19.601284,18.643505,0.95777893,667,1,0.30410385,0.0,0.0
668,DIAGONAL_GAUSSIAN,6,22003,668,17.533907,14.947715,2.5861921,668,1,1.3981857,0.0,0.0
669,DIAGONAL_GAUSSIAN,6,22003,669,16.632833,12.38484,4.2479935,669,1,0.6817694,0.0,0.0
670,DIAGONAL_GAUSSIAN,6,22003,670,17.23217,15.23657,1.9955997,670,1,-0.7921295,0.0,0.0
671,DIAGONAL_GAUSSIAN,6,22003,671,13.056481,11.1409855,1.9154959,671,1,1.3552608,0.0,0.0
672,DIAGONAL_GAUSSIAN,6,22003,672,15.724761,14.469173,1.2555876,672,1,0.5775776,0.0,0.0
673,DIAGONAL_GAUSSIAN,6,22003,673,13.033113,10.828893,2.2042198,673,1,1.7169981,0.0,0.0
674,DIAGONAL_GAUSSIAN,6,22003,674,20.70276,8.61932,12.083441,674,1,-0.5858145,0.0,0.0
675,DIAGONAL_GAUSSIAN,6,22003,675,8.168556,10.443272,-2.2747154,407,0,-1.0491424,0.0,0.0
676,DIAGONAL_GAUSSIAN,6,22003,676,12.044765,15.269442,-3.2246761,263,0,-2.8074207,0.0,0.0
677,DIAGONAL_GAUSSIAN,6,22003,677,7.6007347,8.09567,-0.49493504,421,0,3.9880714,1.0,0.0
678,DIAGONAL_GAUSSIAN,6,22003,678,6.104052,13.391147,-7.2870946,178,0,-2.2522721,0.0,0.0
679,DIAGONAL_GAUSSIAN,6,22003,679,12.48189,11.592666,0.88922405,679,1,0.6184578,0.0,0.0
680,DIAGONAL_GAUSSIAN,6,22003,680,19.160835,14.50936,4.651475,680,1,0.095487595,0.0,0.0
681,DIAGONAL_GAUSSIAN,6,22003,681,4.387265,6.8471947,-2.4599295,620,0,1.4557061,0.0,0.0
682,DIAGONAL_GAUSSIAN,6,22003,682,5.986058,10.022008,-4.0359497,442,0,2.7362604,0.0,0.0
683,DIAGONAL_GAUSSIAN,6,22003,683,15.122689,21.004301,-5.881612,558,0,1.2135496,0.0,0.0
684,DIAGONAL_GAUSSIAN,6,22003,684,21.863535,10.530402,11.333133,684,1,-0.48073483,0.0,0.0
685,DIAGONAL_GAUSSIAN,6,22003,685,20.455254,10.5855,9.869754,685,1,1.0164671,0.0,0.0
686,DIAGONAL_GAUSSIAN,6,22003,686,10.967345,9.58685,1.3804951,686,1,-2.9821434,0.0,1.0
687,DIAGONAL_GAUSSIAN,6,22003,687,12.313168,11.331841,0.9813261,687,1,2.4713783,0.0,0.0
688,DIAGONAL_GAUSSIAN,6,22003,688,21.24108,14.062563,7.1785164,688,1,0.8253231,0.0,0.0
689,DIAGONAL_GAUSSIAN,6,22003,689,17.088114,16.311785,0.77632904,689,1,-0.565958,0.0,0.0
690,DIAGONAL_GAUSSIAN,6,22003,690,19.81684,16.471272,3.3455677,690,1,0.8420353,0.0,0.0
691,DIAGONAL_GAUSSIAN,6,22003,691,13.404513,11.17908,2.2254333,691,1,-0.6974802,0.0,0.0
692,DIAGONAL_GAUSSIAN,6,22003,692,13.120931,10.943604,2.1773262,692,1,-0.91957474,0.0,0.0
693,DIAGONAL_GAUSSIAN,6,22003,693,19.06538,16.766472,2.2989082,693,1,-0.20217705,0.0,0.0
694,DIAGONAL_GAUSSIAN,6,22003,694,12.032407,14.027226,-1.9948196,525,0,7.4866714,1.0,0.0
695,DIAGONAL_GAUSSIAN,6,22003,695,13.135763,11.526669,1.6090946,695,1,0.31437397,0.0,0.0
696,DIAGONAL_GAUSSIAN,6,22003,696,16.943756,12.011807,4.9319487,696,1,0.40538597,0.0,0.0
697,DIAGONAL_GAUSSIAN,6,22003,697,14.440263,9.236056,5.2042065,697,1,0.93339396,0.0,0.0
698,DIAGONAL_GAUSSIAN,6,22003,698,14.88079,12.190328,2.690462,698,1,-0.5961466,0.0,0.0
699,DIAGONAL_GAUSSIAN,6,22003,699,18.24877,15.7897,2.4590702,699,1,0.52591896,0.0,0.0
700,DIAGONAL_GAUSSIAN,6,22003,700,10.264671,11.413046,-1.1483746,697,0,0.4062872,0.0,0.0
701,DIAGONAL_GAUSSIAN,6,22003,701,11.023844,11.463392,-0.4395485,978,0,7.744857,1.0,0.0
702,DIAGONAL_GAUSSIAN,6,22003,702,10.476355,8.749872,1.7264824,702,1,1.0857,0.0,0.0
703,DIAGONAL_GAUSSIAN,6,22003,703,8.992067,9.684105,-0.6920376,912,0,0.3973751,0.0,0.0
704,DIAGONAL_GAUSSIAN,6,22003,704,14.057075,10.551571,3.5055037,704,1,0.6990175,0.0,0.0
705,DIAGONAL_GAUSSIAN,6,22003,705,12.918986,12.907388,0.011598587,705,1,-0.327837,0.0,1.0
706,DIAGONAL_GAUSSIAN,6,22003,706,7.7370768,10.891174,-3.1540976,698,0,1.4625759,0.0,0.0
707,DIAGONAL_GAUSSIAN,6,22003,707,21.486214,14.424021,7.062193,707,1,-1.1561975,0.0,0.0
708,DIAGONAL_GAUSSIAN,6,22003,708,7.9001083,9.804298,-1.9041901,733,0,1.2924395,0.0,0.0
709,DIAGONAL_GAUSSIAN,6,22003,709,8.594762,8.16117,0.43359184,709,1,2.1751747,0.0,0.0
710,DIAGONAL_GAUSSIAN,6,22003,710,3.5960858,10.365431,-6.7693453,741,0,0.28559494,0.0,0.0
711,DIAGONAL_GAUSSIAN,6,22003,711,19.196302,14.941367,4.2549353,711,1,-1.3315992,0.0,0.0
712,DIAGONAL_GAUSSIAN,6,22003,712,11.755075,7.723674,4.0314016,712,1,-1.5928259,0.0,0.0
713,DIAGONAL_GAUSSIAN,6,22003,713,19.679998,15.333702,4.3462963,713,1,0.9265518,0.0,0.0
714,DIAGONAL_GAUSSIAN,6,22003,714,16.55077,12.5657215,3.9850483,714,1,1.2655354,0.0,0.0
715,DIAGONAL_GAUSSIAN,6,22003,715,6.52737,11.800566,-5.2731957,870,0,1.0702934,0.0,0.0
716,DIAGONAL_GAUSSIAN,6,22003,716,14.959476,13.072757,1.8867197,716,1,-0.5637388,0.0,0.0
717,DIAGONAL_GAUSSIAN,6,22003,717,14.560657,10.919445,3.6412115,717,1,0.2634964,0.0,0.0
718,DIAGONAL_GAUSSIAN,6,22003,718,12.997311,17.229746,-4.232435,821,0,1.0839863,0.0,0.0
719,DIAGONAL_GAUSSIAN,6,22003,719,19.894922,10.115797,9.779125,719,1,-1.4074535,0.0,0.0
720,DIAGONAL_GAUSSIAN,6,22003,720,15.0693,13.289755,1.7795448,720,1,-1.3184662,0.0,0.0
721,DIAGONAL_GAUSSIAN,6,22003,721,15.0334215,11.953209,3.0802126,721,1,-1.5437784,0.0,0.0
722,DIAGONAL_GAUSSIAN,6,22003,722,1.8798264,9.41424,-7.5344133,524,0,3.709659,0.0,0.0
723,DIAGONAL_GAUSSIAN,6,22003,723,6.128229,9.117653,-2.9894238,906,0,4.0963507,1.0,0.0
724,DIAGONAL_GAUSSIAN,6,22003,724,14.455258,11.838674,2.6165848,724,1,-1.0602789,0.0,0.0
725,DIAGONAL_GAUSSIAN,6,22003,725,12.724108,12.948243,-0.2241354,899,0,-1.2405005,0.0,0.0
726,DIAGONAL_GAUSSIAN,6,22003,726,21.744514,13.659293,8.085221,726,1,1.5990353,0.0,0.0
727,DIAGONAL_GAUSSIAN,6,22003,727,10.210287,11.606069,-1.3957815,538,0,2.5920954,1.0,0.0
728,DIAGONAL_GAUSSIAN,6,22003,728,15.941443,11.630228,4.3112154,728,1,0.81634045,0.0,0.0
729,DIAGONAL_GAUSSIAN,6,22003,729,6.3081303,8.585074,-2.2769442,634,0,-0.00051927567,0.0,0.0
730,DIAGONAL_GAUSSIAN,6,22003,730,17.414349,16.222383,1.1919651,730,1,0.72971344,0.0,0.0
731,DIAGONAL_GAUSSIAN,6,22003,731,10.401752,10.342781,0.058971405,731,1,-2.4530582,0.0,1.0
732,DIAGONAL_GAUSSIAN,6,22003,732,16.732117,12.531304,4.2008123,732,1,0.1530571,0.0,0.0
733,DIAGONAL_GAUSSIAN,6,22003,733,8.428032,9.533294,-1.1052618,456,0,2.7337227,1.0,0.0
734,DIAGONAL_GAUSSIAN,6,22003,734,13.776989,13.809026,-0.03203678,407,0,2.1290302,1.0,0.0
735,DIAGONAL_GAUSSIAN,6,22003,735,10.876132,14.06128,-3.1851482,887,0,-1.7188463,0.0,0.0
736,DIAGONAL_GAUSSIAN,6,22003,736,14.548039,12.236098,2.3119411,736,1,-0.43002033,0.0,0.0
737,DIAGONAL_GAUSSIAN,6,22003,737,14.83608,11.476652,3.3594275,737,1,0.50660324,0.0,0.0
738,DIAGONAL_GAUSSIAN,6,22003,738,11.815038,14.332517,-2.517479,580,0,3.1255388,1.0,0.0
739,DIAGONAL_GAUSSIAN,6,22003,739,18.712719,8.7968,9.915919,739,1,-0.12198162,0.0,0.0
740,DIAGONAL_GAUSSIAN,6,22003,740,9.536735,12.797901,-3.2611666,613,0,0.039619446,0.0,0.0
741,DIAGONAL_GAUSSIAN,6,22003,741,12.081838,8.636815,3.4450226,741,1,-2.3803997,0.0,0.0
742,DIAGONAL_GAUSSIAN,6,22003,742,9.813032,14.562311,-4.749279,713,0,0.43166447,0.0,0.0
743,DIAGONAL_GAUSSIAN,6,22003,743,9.579383,11.043427,-1.4640446,425,0,0.66359043,0.0,0.0
744,DIAGONAL_GAUSSIAN,6,22003,744,12.944044,11.66095,1.2830944,744,1,-0.41661835,0.0,0.0
745,DIAGONAL_GAUSSIAN,6,22003,745,16.242525,9.356955,6.8855705,745,1,-0.5804939,0.0,0.0
746,DIAGONAL_GAUSSIAN,6,22003,746,18.787575,10.9526205,7.8349543,746,1,0.26749325,0.0,0.0
747,DIAGONAL_GAUSSIAN,6,22003,747,7.1363783,8.746257,-1.6098785,641,0,-0.41888237,0.0,0.0
748,DIAGONAL_GAUSSIAN,6,22003,748,15.410131,15.969137,-0.55900574,893,0,0.2571888,0.0,0.0
749,DIAGONAL_GAUSSIAN,6,22003,749,15.193213,9.458072,5.7351418,749,1,-1.3882751,0.0,0.0
750,DIAGONAL_GAUSSIAN,6,22003,750,12.403849,9.863607,2.5402412,750,1,0.5460758,0.0,0.0
751,DIAGONAL_GAUSSIAN,6,22003,751,16.21074,15.693286,0.5174532,751,1,0.06819439,0.0,0.0
752,DIAGONAL_GAUSSIAN,6,22003,752,19.963863,14.957346,5.0065174,752,1,-0.51079655,0.0,0.0
753,DIAGONAL_GAUSSIAN,6,22003,753,11.097557,11.342631,-0.24507427,811,0,0.95535374,1.0,0.0
754,DIAGONAL_GAUSSIAN,6,22003,754,11.07578,13.961127,-2.8853474,761,0,0.76122856,0.0,0.0
755,DIAGONAL_GAUSSIAN,6,22003,755,14.320915,13.128667,1.1922483,755,1,3.9233294,0.0,0.0
756,DIAGONAL_GAUSSIAN,6,22003,756,12.679907,11.826042,0.85386467,756,1,0.5803976,0.0,0.0
757,DIAGONAL_GAUSSIAN,6,22003,757,11.466875,10.902646,0.564229,757,1,-0.45725155,0.0,0.0
758,DIAGONAL_GAUSSIAN,6,22003,758,10.466774,8.335063,2.131711,758,1,0.56526566,0.0,0.0
759,DIAGONAL_GAUSSIAN,6,22003,759,13.570561,9.07457,4.4959917,759,1,0.62570095,0.0,0.0
760,DIAGONAL_GAUSSIAN,6,22003,760,7.57176,8.283652,-0.7118921,851,0,0.92222595,1.0,0.0
761,DIAGONAL_GAUSSIAN,6,22003,761,5.8835,14.415287,-8.531787,227,0,-0.4308777,0.0,0.0
762,DIAGONAL_GAUSSIAN,6,22003,762,14.087427,9.50464,4.5827875,762,1,-0.35750103,0.0,0.0
763,DIAGONAL_GAUSSIAN,6,22003,763,18.964188,14.094654,4.8695335,763,1,0.1370306,0.0,0.0
764,DIAGONAL_GAUSSIAN,6,22003,764,7.981579,7.9827614,-0.0011825562,763,0,-0.5587826,0.0,0.0
765,DIAGONAL_GAUSSIAN,6,22003,765,15.24088,10.242036,4.998844,765,1,2.279356,0.0,0.0
766,DIAGONAL_GAUSSIAN,6,22003,766,16.892647,10.152604,6.7400427,766,1,-0.2855215,0.0,0.0
767,DIAGONAL_GAUSSIAN,6,22003,767,9.861018,13.349044,-3.4880257,542,0,1.3683405,0.0,0.0
768,DIAGONAL_GAUSSIAN,6,22003,768,15.788027,15.820988,-0.03296089,805,0,-0.53928375,0.0,0.0
769,DIAGONAL_GAUSSIAN,6,22003,769,14.570513,14.541033,0.02947998,769,1,8.197223,0.0,0.0
770,DIAGONAL_GAUSSIAN,6,22003,770,15.090833,9.352865,5.7379675,770,1,0.23164845,0.0,0.0
771,DIAGONAL_GAUSSIAN,6,22003,771,17.88359,12.364777,5.518814,771,1,0.91854477,0.0,0.0
772,DIAGONAL_GAUSSIAN,6,22003,772,7.9703846,11.81596,-3.8455753,608,0,2.3311405,0.0,0.0
773,DIAGONAL_GAUSSIAN,6,22003,773,6.8437414,13.221849,-6.378108,969,0,1.8804612,0.0,0.0
774,DIAGONAL_GAUSSIAN,6,22003,774,9.448249,11.020581,-1.5723324,630,0,1.2251463,0.0,0.0
775,DIAGONAL_GAUSSIAN,6,22003,775,12.349942,10.316513,2.0334291,775,1,1.8238192,0.0,0.0
776,DIAGONAL_GAUSSIAN,6,22003,776,19.460138,15.664752,3.7953863,776,1,0.60423565,0.0,0.0
777,DIAGONAL_GAUSSIAN,6,22003,777,19.240393,13.139096,6.1012964,777,1,1.3317099,0.0,0.0
778,DIAGONAL_GAUSSIAN,6,22003,778,11.426005,12.137266,-0.7112608,861,0,0.012215614,0.0,0.0
779,DIAGONAL_GAUSSIAN,6,22003,779,21.729855,14.648535,7.08132,779,1,0.1656971,0.0,0.0
780,DIAGONAL_GAUSSIAN,6,22003,780,16.492254,14.474651,2.017603,780,1,0.5195036,0.0,0.0
781,DIAGONAL_GAUSSIAN,6,22003,781,21.354048,9.086475,12.267572,781,1,-0.95834255,0.0,0.0
782,DIAGONAL_GAUSSIAN,6,22003,782,14.193481,14.170805,0.022676468,782,1,-0.18802452,0.0,1.0
783,DIAGONAL_GAUSSIAN,6,22003,783,19.511738,13.913785,5.597953,783,1,-0.021773338,0.0,0.0
784,DIAGONAL_GAUSSIAN,6,22003,784,5.9675407,13.053639,-7.0860987,473,0,-0.7751379,0.0,0.0
785,DIAGONAL_GAUSSIAN,6,22003,785,15.074864,8.641382,6.433482,785,1,0.10340977,0.0,0.0
786,DIAGONAL_GAUSSIAN,6,22003,786,17.1277,10.960591,6.1671095,786,1,2.373249,0.0,0.0
787,DIAGONAL_GAUSSIAN,6,22003,787,22.566303,16.077562,6.488741,787,1,0.9948139,0.0,0.0
788,DIAGONAL_GAUSSIAN,6,22003,788,17.474543,10.3125105,7.162032,788,1,1.1444254,0.0,0.0
789,DIAGONAL_GAUSSIAN,6,22003,789,17.795815,13.047132,4.748683,789,1,-1.2187653,0.0,0.0
790,DIAGONAL_GAUSSIAN,6,22003,790,9.7598,11.796754,-2.036954,886,0,1.6538744,0.0,0.0
791,DIAGONAL_GAUSSIAN,6,22003,791,10.83903,12.048742,-1.209712,870,0,-0.78396034,0.0,0.0
792,DIAGONAL_GAUSSIAN,6,22003,792,16.17133,14.25298,1.9183493,792,1,1.0286531,0.0,0.0
793,DIAGONAL_GAUSSIAN,6,22003,793,12.901988,8.492237,4.409751,793,1,1.497899,0.0,0.0
794,DIAGONAL_GAUSSIAN,6,22003,794,10.675846,11.304502,-0.62865543,854,0,-3.1772676,0.0,0.0
795,DIAGONAL_GAUSSIAN,6,22003,795,9.159454,8.766528,0.39292622,795,1,7.653633,0.0,0.0
796,DIAGONAL_GAUSSIAN,6,22003,796,15.365502,8.968325,6.3971777,796,1,0.08520508,0.0,0.0
797,DIAGONAL_GAUSSIAN,6,22003,797,12.764048,10.532361,2.2316866,797,1,0.9719019,0.0,0.0
798,DIAGONAL_GAUSSIAN,6,22003,798,1.4070594,11.453156,-10.046097,906,0,-0.4452343,0.0,0.0
799,DIAGONAL_GAUSSIAN,6,22003,799,12.828044,11.577503,1.2505407,799,1,-1.2078247,0.0,0.0
800,DIAGONAL_GAUSSIAN,6,22003,800,20.42666,14.08502,6.3416405,800,1,1.5506134,0.0,0.0
801,DIAGONAL_GAUSSIAN,6,22003,801,11.970118,10.193988,1.7761297,801,1,1.9589138,0.0,0.0
802,DIAGONAL_GAUSSIAN,6,22003,802,21.057766,12.885998,8.171768,802,1,-1.2389526,0.0,0.0
803,DIAGONAL_GAUSSIAN,6,22003,803,20.460775,12.244934,8.215841,803,1,-0.76890945,0.0,0.0
804,DIAGONAL_GAUSSIAN,6,22003,804,12.417477,9.958915,2.458562,804,1,0.6892185,0.0,0.0
805,DIAGONAL_GAUSSIAN,6,22003,805,17.447823,14.318423,3.1293993,805,1,1.9773607,0.0,0.0
806,DIAGONAL_GAUSSIAN,6,22003,806,9.846105,11.015544,-1.1694393,615,0,-0.13804531,0.0,0.0
807,DIAGONAL_GAUSSIAN,6,22003,807,19.412048,14.375174,5.036875,807,1,-1.5018673,0.0,0.0
808,DIAGONAL_GAUSSIAN,6,22003,808,13.71095,11.797966,1.9129839,808,1,1.1017666,0.0,0.0
809,DIAGONAL_GAUSSIAN,6,22003,809,13.064107,11.573401,1.4907055,809,1,0.090545654,0.0,0.0
810,DIAGONAL_GAUSSIAN,6,22003,810,21.736269,19.76506,1.9712086,810,1,-0.06412315,0.0,0.0
811,DIAGONAL_GAUSSIAN,6,22003,811,6.4648223,14.543223,-8.078402,760,0,1.0325537,0.0,0.0
812,DIAGONAL_GAUSSIAN,6,22003,812,15.032953,13.1547575,1.8781958,812,1,-1.0005903,0.0,0.0
813,DIAGONAL_GAUSSIAN,6,22003,813,15.602022,13.920375,1.6816473,813,1,0.3434162,0.0,0.0
814,DIAGONAL_GAUSSIAN,6,22003,814,16.85672,13.375592,3.4811277,814,1,-0.048099518,0.0,0.0
815,DIAGONAL_GAUSSIAN,6,22003,815,15.230606,11.201986,4.02862,815,1,0.84085846,0.0,0.0
816,DIAGONAL_GAUSSIAN,6,22003,816,18.24685,15.167506,3.0793428,816,1,-1.345315,0.0,0.0
817,DIAGONAL_GAUSSIAN,6,22003,817,13.736368,15.91687,-2.180502,511,0,0.34306145,0.0,0.0
818,DIAGONAL_GAUSSIAN,6,22003,818,9.978383,7.323648,2.654735,818,1,-0.4290471,0.0,0.0
819,DIAGONAL_GAUSSIAN,6,22003,819,14.430648,12.3039,2.126748,819,1,0.29528713,0.0,0.0
820,DIAGONAL_GAUSSIAN,6,22003,820,18.10415,10.146319,7.9578314,820,1,-0.92409134,0.0,0.0
821,DIAGONAL_GAUSSIAN,6,22003,821,14.665591,12.344055,2.321536,821,1,0.9668541,0.0,0.0
822,DIAGONAL_GAUSSIAN,6,22003,822,10.796223,8.471103,2.32512,822,1,2.540697,0.0,0.0
823,DIAGONAL_GAUSSIAN,6,22003,823,6.608188,10.811527,-4.203339,650,0,0.31670713,0.0,0.0
824,DIAGONAL_GAUSSIAN,6,22003,824,13.881999,12.600873,1.281126,824,1,2.106638,0.0,0.0
825,DIAGONAL_GAUSSIAN,6,22003,825,10.703306,8.220794,2.4825125,825,1,-0.19639397,0.0,0.0
826,DIAGONAL_GAUSSIAN,6,22003,826,-2.0240996,8.7634115,-10.787511,584,0,0.2619505,0.0,0.0
827,DIAGONAL_GAUSSIAN,6,22003,827,14.301754,14.933386,-0.63163185,556,0,0.11440086,0.0,0.0
828,DIAGONAL_GAUSSIAN,6,22003,828,5.4018993,8.063198,-2.6612988,712,0,0.5251026,0.0,0.0
829,DIAGONAL_GAUSSIAN,6,22003,829,16.843668,10.715362,6.1283064,829,1,0.17514706,0.0,0.0
830,DIAGONAL_GAUSSIAN,6,22003,830,3.898993,9.104571,-5.2055783,461,0,-0.91274023,0.0,0.0
831,DIAGONAL_GAUSSIAN,6,22003,831,15.101979,11.66685,3.4351292,831,1,1.5341921,0.0,0.0
832,DIAGONAL_GAUSSIAN,6,22003,832,17.87271,12.096908,5.7758017,832,1,-0.42534924,0.0,0.0
833,DIAGONAL_GAUSSIAN,6,22003,833,9.558574,7.524444,2.0341296,833,1,1.6604753,0.0,0.0
834,DIAGONAL_GAUSSIAN,6,22003,834,7.418807,10.749751,-3.330944,655,0,-0.42177916,0.0,0.0
835,DIAGONAL_GAUSSIAN,6,22003,835,15.140873,13.258843,1.8820295,835,1,-0.42562866,0.0,0.0
836,DIAGONAL_GAUSSIAN,6,22003,836,18.27249,17.247248,1.0252419,836,1,-0.6805544,0.0,0.0
837,DIAGONAL_GAUSSIAN,6,22003,837,8.289713,10.360412,-2.0706987,877,0,0.46081448,0.0,0.0
838,DIAGONAL_GAUSSIAN,6,22003,838,11.734414,11.331958,0.40245628,838,1,-0.15322685,0.0,0.0
839,DIAGONAL_GAUSSIAN,6,22003,839,13.946642,11.41197,2.5346718,839,1,0.093883514,0.0,0.0
840,DIAGONAL_GAUSSIAN,6,22003,840,15.361794,11.34644,4.015354,840,1,1.8717422,0.0,0.0
841,DIAGONAL_GAUSSIAN,6,22003,841,13.64775,11.766095,1.8816547,841,1,1.6610174,0.0,0.0
842,DIAGONAL_GAUSSIAN,6,22003,842,14.8492,9.258906,5.590294,842,1,-0.33559322,0.0,0.0
843,DIAGONAL_GAUSSIAN,6,22003,843,6.9235783,8.954897,-2.0313187,904,0,1.5121851,0.0,0.0
844,DIAGONAL_GAUSSIAN,6,22003,844,13.98808,10.064496,3.923584,844,1,1.7964983,0.0,0.0
845,DIAGONAL_GAUSSIAN,6,22003,845,10.40422,12.716104,-2.311884,767,0,0.46308422,0.0,0.0
846,DIAGONAL_GAUSSIAN,6,22003,846,14.516619,14.084133,0.43248558,846,1,-0.27027702,0.0,0.0
847,DIAGONAL_GAUSSIAN,6,22003,847,16.50606,15.6447115,0.86134815,847,1,-0.27758312,0.0,0.0
848,DIAGONAL_GAUSSIAN,6,22003,848,13.9685135,13.329522,0.63899136,848,1,-0.6124973,0.0,0.0
849,DIAGONAL_GAUSSIAN,6,22003,849,15.05989,19.03254,-3.9726496,505,0,0.55351734,0.0,0.0
850,DIAGONAL_GAUSSIAN,6,22003,850,11.7436905,9.6367035,2.106987,850,1,1.6475582,0.0,0.0
851,DIAGONAL_GAUSSIAN,6,22003,851,15.125751,13.8706665,1.255084,851,1,-0.17221642,0.0,0.0
852,DIAGONAL_GAUSSIAN,6,22003,852,15.273678,11.619577,3.6541004,852,1,-4.947607,0.0,1.0
853,DIAGONAL_GAUSSIAN,6,22003,853,18.643246,10.3707,8.272546,853,1,0.8055544,0.0,0.0
854,DIAGONAL_GAUSSIAN,6,22003,854,9.911195,11.121515,-1.2103205,858,0,6.5016994,1.0,0.0
855,DIAGONAL_GAUSSIAN,6,22003,855,14.511162,11.965815,2.5453472,855,1,4.116067,0.0,0.0
856,DIAGONAL_GAUSSIAN,6,22003,856,13.694627,12.607137,1.0874901,856,1,1.6100807,0.0,0.0
857,DIAGONAL_GAUSSIAN,6,22003,857,12.626669,12.938491,-0.31182194,765,0,0.23316097,0.0,0.0
858,DIAGONAL_GAUSSIAN,6,22003,858,19.2909,9.646492,9.644407,858,1,-2.161127,0.0,0.0
859,DIAGONAL_GAUSSIAN,6,22003,859,19.846565,13.168009,6.6785564,859,1,-1.1219654,0.0,0.0
860,DIAGONAL_GAUSSIAN,6,22003,860,8.983365,12.9578285,-3.9744635,919,0,-0.5043254,0.0,0.0
861,DIAGONAL_GAUSSIAN,6,22003,861,16.609081,15.53368,1.0754013,861,1,0.13006783,0.0,0.0
862,DIAGONAL_GAUSSIAN,6,22003,862,16.297806,10.20848,6.089326,862,1,1.8293219,0.0,0.0
863,DIAGONAL_GAUSSIAN,6,22003,863,14.389297,11.826093,2.5632038,863,1,0.5228901,0.0,0.0
864,DIAGONAL_GAUSSIAN,6,22003,864,6.8313017,9.190401,-2.3590994,867,0,1.1649065,0.0,0.0
865,DIAGONAL_GAUSSIAN,6,22003,865,11.490588,12.077138,-0.58654976,860,0,0.8456087,1.0,0.0
866,DIAGONAL_GAUSSIAN,6,22003,866,16.960724,16.495518,0.46520615,866,1,-1.5229855,0.0,1.0
867,DIAGONAL_GAUSSIAN,6,22003,867,14.591095,11.496025,3.09507,867,1,1.8439436,0.0,0.0
868,DIAGONAL_GAUSSIAN,6,22003,868,10.66432,9.736917,0.92740345,868,1,0.95831776,0.0,0.0
869,DIAGONAL_GAUSSIAN,6,22003,869,6.925847,8.828396,-1.9025488,906,0,1.0098062,0.0,0.0
870,DIAGONAL_GAUSSIAN,6,22003,870,9.781602,9.596563,0.18503857,870,1,-0.80140305,0.0,1.0
871,DIAGONAL_GAUSSIAN,6,22003,871,20.360706,14.580337,5.7803698,871,1,-1.815362,0.0,0.0
872,DIAGONAL_GAUSSIAN,6,22003,872,12.255487,11.569919,0.6855688,872,1,1.0690613,0.0,0.0
873,DIAGONAL_GAUSSIAN,6,22003,873,6.4618483,12.699165,-6.237317,698,0,-1.1691747,0.0,0.0
874,DIAGONAL_GAUSSIAN,6,22003,874,16.001915,12.113382,3.8885326,874,1,-0.97008514,0.0,0.0
875,DIAGONAL_GAUSSIAN,6,22003,875,11.558536,10.361865,1.1966705,875,1,2.3606434,0.0,0.0
876,DIAGONAL_GAUSSIAN,6,22003,876,7.366901,11.767305,-4.4004045,706,0,0.56941366,0.0,0.0
877,DIAGONAL_GAUSSIAN,6,22003,877,7.8459215,8.513196,-0.6672745,556,0,1.3389406,1.0,0.0
878,DIAGONAL_GAUSSIAN,6,22003,878,17.29639,17.906725,-0.6103344,810,0,-0.006319046,0.0,0.0
879,DIAGONAL_GAUSSIAN,6,22003,879,13.1519375,10.63449,2.5174475,879,1,-1.7890196,0.0,0.0
880,DIAGONAL_GAUSSIAN,6,22003,880,16.65871,8.972304,7.686406,880,1,0.78762436,0.0,0.0
881,DIAGONAL_GAUSSIAN,6,22003,881,14.721177,12.577023,2.1441545,881,1,1.4000425,0.0,0.0
882,DIAGONAL_GAUSSIAN,6,22003,882,7.0964503,10.135822,-3.039372,851,0,0.3635583,0.0,0.0
883,DIAGONAL_GAUSSIAN,6,22003,883,12.49516,11.608805,0.8863554,883,1,0.46441555,0.0,0.0
884,DIAGONAL_GAUSSIAN,6,22003,884,12.929696,12.642518,0.28717804,884,1,1.5109625,0.0,0.0
885,DIAGONAL_GAUSSIAN,6,22003,885,10.014871,9.481103,0.5337677,885,1,-2.066659,0.0,1.0
886,DIAGONAL_GAUSSIAN,6,22003,886,16.693295,12.207042,4.486253,886,1,1.6699238,0.0,0.0
887,DIAGONAL_GAUSSIAN,6,22003,887,6.8508654,8.790416,-1.9395504,411,0,2.1240377,1.0,0.0
888,DIAGONAL_GAUSSIAN,6,22003,888,16.94385,10.028624,6.915226,888,1,-0.12930965,0.0,0.0
889,DIAGONAL_GAUSSIAN,6,22003,889,10.162205,10.62682,-0.46461487,699,0,-1.1658506,0.0,0.0
890,DIAGONAL_GAUSSIAN,6,22003,890,15.594696,12.271577,3.3231192,890,1,1.622632,0.0,0.0
891,DIAGONAL_GAUSSIAN,6,22003,891,17.369009,9.539336,7.829673,891,1,-0.4673748,0.0,0.0
892,DIAGONAL_GAUSSIAN,6,22003,892,17.921888,17.612143,0.3097458,892,1,-1.0358696,0.0,1.0
893,DIAGONAL_GAUSSIAN,6,22003,893,11.054386,13.322023,-2.2676373,549,0,1.1652708,0.0,0.0
894,DIAGONAL_GAUSSIAN,6,22003,894,6.412136,11.355604,-4.943468,905,0,2.7411385,0.0,0.0
895,DIAGONAL_GAUSSIAN,6,22003,895,18.35545,15.463184,2.8922653,895,1,1.142396,0.0,0.0
896,DIAGONAL_GAUSSIAN,6,22003,896,17.087713,11.737266,5.3504477,896,1,-0.37815285,0.0,0.0
897,DIAGONAL_GAUSSIAN,6,22003,897,18.023865,13.013287,5.010578,897,1,0.44960213,0.0,0.0
898,DIAGONAL_GAUSSIAN,6,22003,898,15.485381,12.268372,3.2170095,898,1,-0.9018688,0.0,0.0
899,DIAGONAL_GAUSSIAN,6,22003,899,14.832684,15.749785,-0.91710186,505,0,0.97413063,1.0,0.0
900,DIAGONAL_GAUSSIAN,6,22003,900,13.12896,11.144916,1.9840441,900,1,2.5020628,0.0,0.0
901,DIAGONAL_GAUSSIAN,6,22003,901,20.411825,11.905661,8.506165,901,1,0.9907274,0.0,0.0
902,DIAGONAL_GAUSSIAN,6,22003,902,16.248268,13.3501835,2.8980846,902,1,-1.6166162,0.0,0.0
903,DIAGONAL_GAUSSIAN,6,22003,903,17.307062,12.0645685,5.2424936,903,1,-1.0830011,0.0,0.0
904,DIAGONAL_GAUSSIAN,6,22003,904,11.8648205,8.006156,3.8586645,904,1,0.27171898,0.0,0.0
905,DIAGONAL_GAUSSIAN,6,22003,905,8.098205,8.628545,-0.5303402,741,0,3.8657875,1.0,0.0
906,DIAGONAL_GAUSSIAN,6,22003,906,8.146379,12.791168,-4.6447887,785,0,1.4536285,0.0,0.0
907,DIAGONAL_GAUSSIAN,6,22003,907,9.512076,13.328409,-3.8163328,898,0,0.413023,0.0,0.0
908,DIAGONAL_GAUSSIAN,6,22003,908,10.47148,12.526568,-2.055088,895,0,1.1532478,0.0,0.0
909,DIAGONAL_GAUSSIAN,6,22003,909,14.656686,14.750338,-0.09365177,567,0,0.69733715,1.0,0.0
910,DIAGONAL_GAUSSIAN,6,22003,910,11.585743,11.302611,0.2831316,910,1,1.0209723,0.0,0.0
911,DIAGONAL_GAUSSIAN,6,22003,911,9.6932535,13.014604,-3.32135,616,0,1.6350651,0.0,0.0
912,DIAGONAL_GAUSSIAN,6,22003,912,15.022562,9.595262,5.4273005,912,1,1.3501253,0.0,0.0
913,DIAGONAL_GAUSSIAN,6,22003,913,18.580997,13.657988,4.92301,913,1,3.4009514,0.0,0.0
914,DIAGONAL_GAUSSIAN,6,22003,914,21.046095,14.25367,6.792425,914,1,-0.7784958,0.0,0.0
915,DIAGONAL_GAUSSIAN,6,22003,915,8.558836,10.287714,-1.728878,580,0,3.604518,1.0,0.0
916,DIAGONAL_GAUSSIAN,6,22003,916,15.500427,8.712915,6.787512,916,1,1.6707478,0.0,0.0
917,DIAGONAL_GAUSSIAN,6,22003,917,12.014187,9.513921,2.500266,917,1,0.026538849,0.0,0.0
918,DIAGONAL_GAUSSIAN,6,22003,918,13.50813,11.06658,2.4415503,918,1,1.4619884,0.0,0.0
919,DIAGONAL_GAUSSIAN,6,22003,919,1.3165368,10.008993,-8.692456,630,0,-0.9758949,0.0,0.0
920,DIAGONAL_GAUSSIAN,6,22003,920,10.4471245,10.522389,-0.07526493,919,0,-0.78490734,0.0,0.0
921,DIAGONAL_GAUSSIAN,6,22003,921,10.091874,10.86455,-0.7726755,631,0,0.7033701,0.0,0.0
922,DIAGONAL_GAUSSIAN,6,22003,922,12.750419,8.5698595,4.180559,922,1,2.5741835,0.0,0.0
923,DIAGONAL_GAUSSIAN,6,22003,923,14.152802,11.769471,2.3833313,923,1,0.8593445,0.0,0.0
924,DIAGONAL_GAUSSIAN,6,22003,924,22.229328,11.584455,10.644874,924,1,1.0965519,0.0,0.0
925,DIAGONAL_GAUSSIAN,6,22003,925,15.7598,12.385173,3.374627,925,1,0.6800766,0.0,0.0
926,DIAGONAL_GAUSSIAN,6,22003,926,16.036886,12.921412,3.1154737,926,1,-0.19844913,0.0,0.0
927,DIAGONAL_GAUSSIAN,6,22003,927,18.52552,15.0517845,3.4737358,927,1,-0.4962139,0.0,0.0
928,DIAGONAL_GAUSSIAN,6,22003,928,13.525481,15.056539,-1.5310574,960,0,0.40719795,0.0,0.0
929,DIAGONAL_GAUSSIAN,6,22003,929,14.619919,10.727678,3.8922405,929,1,1.0190659,0.0,0.0
930,DIAGONAL_GAUSSIAN,6,22003,930,11.73379,11.007946,0.7258444,930,1,2.5688763,0.0,0.0
931,DIAGONAL_GAUSSIAN,6,22003,931,18.040174,13.509976,4.530198,931,1,0.7724619,0.0,0.0
932,DIAGONAL_GAUSSIAN,6,22003,932,13.315937,11.260855,2.0550823,932,1,1.2535496,0.0,0.0
933,DIAGONAL_GAUSSIAN,6,22003,933,16.023586,10.84844,5.175146,933,1,1.2122259,0.0,0.0
934,DIAGONAL_GAUSSIAN,6,22003,934,20.779352,11.299956,9.479396,934,1,-0.08045387,0.0,0.0
935,DIAGONAL_GAUSSIAN,6,22003,935,12.762492,10.542618,2.2198744,935,1,-0.18293476,0.0,0.0
936,DIAGONAL_GAUSSIAN,6,22003,936,15.127281,9.47849,5.6487913,936,1,-0.08093548,0.0,0.0
937,DIAGONAL_GAUSSIAN,6,22003,937,14.254449,9.116845,5.1376038,937,1,1.623066,0.0,0.0
938,DIAGONAL_GAUSSIAN,6,22003,938,19.204252,14.993912,4.2103405,938,1,-0.8693161,0.0,0.0
939,DIAGONAL_GAUSSIAN,6,22003,939,14.634389,13.321698,1.3126907,939,1,0.80481434,0.0,0.0
940,DIAGONAL_GAUSSIAN,6,22003,940,18.067076,14.081689,3.9853868,940,1,1.14853,0.0,0.0
941,DIAGONAL_GAUSSIAN,6,22003,941,14.913675,12.052632,2.861043,941,1,0.7504997,0.0,0.0
942,DIAGONAL_GAUSSIAN,6,22003,942,9.889516,9.95585,-0.06633377,659,0,-0.87743664,0.0,0.0
943,DIAGONAL_GAUSSIAN,6,22003,943,19.609268,11.998439,7.6108294,943,1,-2.0668173,0.0,0.0
944,DIAGONAL_GAUSSIAN,6,22003,944,18.111368,12.608065,5.5033035,944,1,0.9261894,0.0,0.0
945,DIAGONAL_GAUSSIAN,6,22003,945,15.9003105,11.172717,4.7275934,945,1,2.0790682,0.0,0.0
946,DIAGONAL_GAUSSIAN,6,22003,946,15.454407,8.690296,6.7641106,946,1,-1.1290236,0.0,0.0
947,DIAGONAL_GAUSSIAN,6,22003,947,16.109116,17.69568,-1.586565,992,0,0.03531456,0.0,0.0
948,DIAGONAL_GAUSSIAN,6,22003,948,14.722332,8.913779,5.8085527,948,1,-1.0277615,0.0,0.0
949,DIAGONAL_GAUSSIAN,6,22003,949,12.118186,11.847704,0.27048206,949,1,2.4507065,0.0,0.0
950,DIAGONAL_GAUSSIAN,6,22003,950,16.733736,11.16472,5.5690165,950,1,1.0677385,0.0,0.0
951,DIAGONAL_GAUSSIAN,6,22003,951,14.440408,13.346149,1.0942583,951,1,2.368084,0.0,0.0
952,DIAGONAL_GAUSSIAN,6,22003,952,14.261062,12.743138,1.5179234,952,1,1.117423,0.0,0.0
953,DIAGONAL_GAUSSIAN,6,22003,953,15.056564,11.6795635,3.3770008,953,1,2.678442,0.0,0.0
954,DIAGONAL_GAUSSIAN,6,22003,954,17.93363,10.805581,7.128049,954,1,-0.4421358,0.0,0.0
955,DIAGONAL_GAUSSIAN,6,22003,955,19.948061,11.116783,8.831278,955,1,-0.2188034,0.0,0.0
956,DIAGONAL_GAUSSIAN,6,22003,956,17.227533,10.68919,6.5383434,956,1,0.89541626,0.0,0.0
957,DIAGONAL_GAUSSIAN,6,22003,957,15.172457,9.789486,5.382971,957,1,0.8149729,0.0,0.0
958,DIAGONAL_GAUSSIAN,6,22003,958,14.52316,12.501296,2.021864,958,1,1.0026407,0.0,0.0
959,DIAGONAL_GAUSSIAN,6,22003,959,16.500229,11.9021015,4.5981274,959,1,0.75239754,0.0,0.0
960,DIAGONAL_GAUSSIAN,6,22003,960,14.014782,12.72758,1.2872019,960,1,1.1609306,0.0,0.0
961,DIAGONAL_GAUSSIAN,6,22003,961,10.453256,10.794321,-0.3410654,712,0,2.0427551,1.0,0.0
962,DIAGONAL_GAUSSIAN,6,22003,962,13.269448,10.613936,2.6555119,962,1,0.56621075,0.0,0.0
963,DIAGONAL_GAUSSIAN,6,22003,963,-0.333544,13.501847,-13.835391,335,0,-0.58704853,0.0,0.0
964,DIAGONAL_GAUSSIAN,6,22003,964,8.606449,12.280547,-3.674098,455,0,2.3997269,0.0,0.0
965,DIAGONAL_GAUSSIAN,6,22003,965,13.479456,10.401027,3.0784292,965,1,-1.1344252,0.0,0.0
966,DIAGONAL_GAUSSIAN,6,22003,966,8.797421,11.167399,-2.369978,512,0,-3.378852,0.0,0.0
967,DIAGONAL_GAUSSIAN,6,22003,967,11.9865675,12.047767,-0.06119919,969,0,-1.1099863,0.0,0.0
968,DIAGONAL_GAUSSIAN,6,22003,968,11.679424,11.283187,0.39623737,968,1,0.69390106,0.0,0.0
969,DIAGONAL_GAUSSIAN,6,22003,969,12.12933,11.058366,1.0709639,969,1,-1.1354342,0.0,1.0
970,DIAGONAL_GAUSSIAN,6,22003,970,12.070557,10.697461,1.3730955,970,1,-2.0473013,0.0,1.0
971,DIAGONAL_GAUSSIAN,6,22003,971,20.10111,10.59513,9.5059805,971,1,-1.4579868,0.0,0.0
972,DIAGONAL_GAUSSIAN,6,22003,972,11.08529,9.727905,1.3573847,972,1,-0.28899956,0.0,0.0
973,DIAGONAL_GAUSSIAN,6,22003,973,14.975759,12.92722,2.0485382,973,1,-0.939065,0.0,0.0
974,DIAGONAL_GAUSSIAN,6,22003,974,14.324518,13.979467,0.3450508,974,1,1.3625126,0.0,0.0
975,DIAGONAL_GAUSSIAN,6,22003,975,11.953595,9.519335,2.4342604,975,1,-0.26734257,0.0,0.0
976,DIAGONAL_GAUSSIAN,6,22003,976,12.858446,12.224718,0.633728,976,1,2.7848291,0.0,0.0
977,DIAGONAL_GAUSSIAN,6,22003,977,14.568326,12.056003,2.5123234,977,1,1.3449726,0.0,0.0
978,DIAGONAL_GAUSSIAN,6,22003,978,13.993051,12.83278,1.1602707,978,1,-1.3195858,0.0,1.0
979,DIAGONAL_GAUSSIAN,6,22003,979,11.55171,11.648228,-0.09651756,970,0,1.4143305,1.0,0.0
980,DIAGONAL_GAUSSIAN,6,22003,980,4.313218,9.355808,-5.04259,807,0,-1.0929575,0.0,0.0
981,DIAGONAL_GAUSSIAN,6,22003,981,16.885548,16.533445,0.35210228,981,1,-0.4078331,0.0,1.0
982,DIAGONAL_GAUSSIAN,6,22003,982,11.664366,9.940933,1.7234325,982,1,0.54366875,0.0,0.0
983,DIAGONAL_GAUSSIAN,6,22003,983,15.531561,12.670043,2.861518,983,1,0.659317,0.0,0.0
984,DIAGONAL_GAUSSIAN,6,22003,984,16.75776,7.139033,9.618727,984,1,1.618598,0.0,0.0
985,DIAGONAL_GAUSSIAN,6,22003,985,9.623867,8.064851,1.5590162,985,1,0.41520214,0.0,0.0
986,DIAGONAL_GAUSSIAN,6,22003,986,20.086658,9.043073,11.043586,986,1,0.7031622,0.0,0.0
987,DIAGONAL_GAUSSIAN,6,22003,987,19.11179,19.605198,-0.4934082,998,0,0.2873249,0.0,0.0
988,DIAGONAL_GAUSSIAN,6,22003,988,17.124674,10.105047,7.0196266,988,1,-1.2020445,0.0,0.0
989,DIAGONAL_GAUSSIAN,6,22003,989,17.605598,13.10595,4.499648,989,1,5.078768,0.0,0.0
990,DIAGONAL_GAUSSIAN,6,22003,990,13.498928,13.438461,0.060466766,990,1,2.9905033,0.0,0.0
991,DIAGONAL_GAUSSIAN,6,22003,991,17.42166,15.167505,2.2541542,991,1,0.31025505,0.0,0.0
992,DIAGONAL_GAUSSIAN,6,22003,992,13.113694,13.228869,-0.11517525,947,0,2.1708326,1.0,0.0
993,DIAGONAL_GAUSSIAN,6,22003,993,21.474436,14.186017,7.288419,993,1,0.8026104,0.0,0.0
994,DIAGONAL_GAUSSIAN,6,22003,994,11.24296,9.001518,2.2414417,994,1,0.18656063,0.0,0.0
995,DIAGONAL_GAUSSIAN,6,22003,995,19.711493,13.658802,6.0526905,995,1,2.2697964,0.0,0.0
996,DIAGONAL_GAUSSIAN,6,22003,996,16.444862,9.23513,7.209732,996,1,0.40618134,0.0,0.0
997,DIAGONAL_GAUSSIAN,6,22003,997,18.161325,16.620485,1.5408401,997,1,-0.84041786,0.0,0.0
998,DIAGONAL_GAUSSIAN,6,22003,998,17.716736,15.846448,1.8702879,998,1,-0.9296274,0.0,0.0
999,DIAGONAL_GAUSSIAN,6,22003,999,8.467108,8.541773,-0.07466507,700,0,1.3271742,1.0,0.0
