sample_id,condition,depth,seed,label,true_class_logit,strongest_incorrect_logit,true_class_margin,top1_prediction,correctness,margin_damage_vs_clean,flip_corr_to_incorr,flip_incorr_to_corr
0,CLEAN,6,,0,13.815113,5.699953,8.11516,0,1,,,
1,CLEAN,6,,1,12.437589,5.903678,6.5339108,1,1,,,
2,CLEAN,6,,2,14.375452,9.892355,4.483097,2,1,,,
3,CLEAN,6,,3,13.492357,9.910424,3.581933,3,1,,,
4,CLEAN,6,,4,13.915566,9.433231,4.482335,4,1,,,
5,CLEAN,6,,5,14.29464,6.236576,8.0580635,5,1,,,
6,CLEAN,6,,6,9.061404,10.884646,-1.8232422,5,0,,,
7,CLEAN,6,,7,13.631773,8.094785,5.5369883,7,1,,,
8,CLEAN,6,,8,13.29001,10.280468,3.0095425,8,1,,,
9,CLEAN,6,,9,12.234421,6.990645,5.243776,9,1,,,
10,CLEAN,6,,10,14.49137,6.100539,8.390831,10,1,,,
11,CLEAN,6,,11,10.694971,9.944616,0.75035477,11,1,,,
12,CLEAN,6,,12,3.9209087,7.196889,-3.2759802,912,0,,,
13,CLEAN,6,,13,6.323083,4.0475307,2.2755523,13,1,,,
14,CLEAN,6,,14,13.727835,7.0540895,6.673745,14,1,,,
15,CLEAN,6,,15,13.894104,7.449771,6.444333,15,1,,,
16,CLEAN,6,,16,13.567695,6.665414,6.902281,16,1,,,
17,CLEAN,6,,17,9.535053,7.7702303,1.764823,17,1,,,
18,CLEAN,6,,18,11.128073,8.023588,3.1044846,18,1,,,
19,CLEAN,6,,19,13.878287,5.475298,8.402989,19,1,,,
20,CLEAN,6,,20,13.2985935,5.011854,8.286739,20,1,,,
21,CLEAN,6,,21,3.3963907,7.503005,-4.106614,138,0,,,
22,CLEAN,6,,22,13.48136,7.8431644,5.638196,22,1,,,
23,CLEAN,6,,23,11.069316,9.750597,1.3187189,23,1,,,
24,CLEAN,6,,24,14.820135,3.8890655,10.931069,24,1,,,
25,CLEAN,6,,25,13.693844,8.516862,5.176982,25,1,,,
26,CLEAN,6,,26,9.755339,14.142074,-4.386735,28,0,,,
27,CLEAN,6,,27,9.2456455,14.04645,-4.800804,26,0,,,
28,CLEAN,6,,28,12.863412,10.2738905,2.5895214,28,1,,,
29,CLEAN,6,,29,15.119632,6.940336,8.179296,29,1,,,
30,CLEAN,6,,30,12.768352,8.855631,3.9127207,30,1,,,
31,CLEAN,6,,31,10.922906,13.30126,-2.378354,32,0,,,
32,CLEAN,6,,32,8.081447,8.39435,-0.3129034,302,0,,,
33,CLEAN,6,,33,9.461684,6.672691,2.7889934,33,1,,,
34,CLEAN,6,,34,3.5996046,12.022742,-8.423138,980,0,,,
35,CLEAN,6,,35,13.718085,11.473039,2.2450466,35,1,,,
36,CLEAN,6,,36,13.844704,11.940815,1.9038887,36,1,,,
37,CLEAN,6,,37,11.665679,11.229044,0.43663502,37,1,,,
38,CLEAN,6,,38,11.2346945,6.69459,4.5401044,38,1,,,
39,CLEAN,6,,39,13.901342,7.2988987,6.6024437,39,1,,,
40,CLEAN,6,,40,14.236172,12.377255,1.8589163,40,1,,,
41,CLEAN,6,,41,12.157318,8.529864,3.6274538,41,1,,,
42,CLEAN,6,,42,14.491545,7.775033,6.7165117,42,1,,,
43,CLEAN,6,,43,14.750688,4.4458504,10.304837,43,1,,,
44,CLEAN,6,,44,14.106036,6.8295655,7.2764707,44,1,,,
45,CLEAN,6,,45,6.5017443,7.011972,-0.5102277,363,0,,,
46,CLEAN,6,,46,6.8480086,12.288092,-5.440083,47,0,,,
47,CLEAN,6,,47,14.7535305,5.0866637,9.666866,47,1,,,
48,CLEAN,6,,48,14.163845,5.820621,8.343224,48,1,,,
49,CLEAN,6,,49,7.9112196,9.772957,-1.8617373,975,0,,,
50,CLEAN,6,,50,5.1474204,10.387915,-5.2404943,62,0,,,
51,CLEAN,6,,51,7.3617535,6.583791,0.7779627,51,1,,,
52,CLEAN,6,,52,14.747617,7.692217,7.0554,52,1,,,
53,CLEAN,6,,53,14.583375,8.990884,5.592491,53,1,,,
54,CLEAN,6,,54,8.59636,14.212807,-5.6164465,66,0,,,
55,CLEAN,6,,55,7.809149,10.64271,-2.833561,59,0,,,
56,CLEAN,6,,56,13.5878315,8.356672,5.231159,56,1,,,
57,CLEAN,6,,57,5.6376934,7.716087,-2.0783935,65,0,,,
58,CLEAN,6,,58,13.690017,10.114364,3.575653,58,1,,,
59,CLEAN,6,,59,13.188056,9.897291,3.2907648,59,1,,,
60,CLEAN,6,,60,12.1143,9.679854,2.4344454,60,1,,,
61,CLEAN,6,,61,13.734566,8.119025,5.6155405,61,1,,,
62,CLEAN,6,,62,10.818141,9.68922,1.1289206,62,1,,,
63,CLEAN,6,,63,14.961988,8.160654,6.8013344,63,1,,,
64,CLEAN,6,,64,6.4594483,7.4047613,-0.945313,59,0,,,
65,CLEAN,6,,65,14.917498,7.745619,7.171879,65,1,,,
66,CLEAN,6,,66,13.820953,12.755921,1.065032,66,1,,,
67,CLEAN,6,,67,14.270564,10.663915,3.6066494,67,1,,,
68,CLEAN,6,,68,12.661647,13.109455,-0.44780827,66,0,,,
69,CLEAN,6,,69,13.535795,5.6353726,7.9004226,69,1,,,
70,CLEAN,6,,70,14.844068,5.5622416,9.281826,70,1,,,
71,CLEAN,6,,71,14.250791,5.269568,8.981222,71,1,,,
72,CLEAN,6,,72,12.681121,11.457578,1.2235432,72,1,,,
73,CLEAN,6,,73,14.223936,9.956226,4.2677097,73,1,,,
74,CLEAN,6,,74,11.423617,13.637549,-2.213932,73,0,,,
75,CLEAN,6,,75,13.123179,9.192647,3.9305325,75,1,,,
76,CLEAN,6,,76,12.984098,10.074656,2.909443,76,1,,,
77,CLEAN,6,,77,11.594383,10.845763,0.74862003,77,1,,,
78,CLEAN,6,,78,15.281123,6.319215,8.961908,78,1,,,
79,CLEAN,6,,79,13.972017,6.011807,7.9602103,79,1,,,
80,CLEAN,6,,80,15.326207,7.6298747,7.6963325,80,1,,,
81,CLEAN,6,,81,13.706995,5.2605824,8.446413,81,1,,,
82,CLEAN,6,,82,13.8358,11.053914,2.781886,82,1,,,
83,CLEAN,6,,83,15.004761,7.5540833,7.4506774,83,1,,,
84,CLEAN,6,,84,13.803178,4.131149,9.6720295,84,1,,,
85,CLEAN,6,,85,10.26315,8.8143835,1.4487667,85,1,,,
86,CLEAN,6,,86,13.326185,11.024012,2.3021736,86,1,,,
87,CLEAN,6,,87,6.410744,4.667127,1.743617,87,1,,,
88,CLEAN,6,,88,13.514168,5.012713,8.501455,88,1,,,
89,CLEAN,6,,89,13.832795,4.463905,9.368891,89,1,,,
90,CLEAN,6,,90,14.487301,5.0339313,9.453369,90,1,,,
91,CLEAN,6,,91,14.709627,5.2976556,9.411972,91,1,,,
92,CLEAN,6,,92,14.549666,8.655583,5.894083,92,1,,,
93,CLEAN,6,,93,7.7926116,5.3115373,2.4810743,93,1,,,
94,CLEAN,6,,94,9.846504,11.72715,-1.8806458,95,0,,,
95,CLEAN,6,,95,13.290662,5.370895,7.919767,95,1,,,
96,CLEAN,6,,96,13.79844,6.7120686,7.0863714,96,1,,,
97,CLEAN,6,,97,7.8585167,8.900412,-1.0418949,99,0,,,
98,CLEAN,6,,98,14.326937,4.997422,9.3295145,98,1,,,
99,CLEAN,6,,99,10.470432,7.128664,3.3417683,99,1,,,
100,CLEAN,6,,100,14.436482,5.3470564,9.089426,100,1,,,
101,CLEAN,6,,101,13.741938,12.241254,1.5006838,101,1,,,
102,CLEAN,6,,102,13.452415,6.8718724,6.580543,102,1,,,
103,CLEAN,6,,103,14.402775,8.050416,6.352359,103,1,,,
104,CLEAN,6,,104,10.0957365,10.26598,-0.17024326,379,0,,,
105,CLEAN,6,,105,14.024722,8.002054,6.022668,105,1,,,
106,CLEAN,6,,106,15.015783,5.3478575,9.667926,106,1,,,
107,CLEAN,6,,107,14.128396,4.502238,9.626158,107,1,,,
108,CLEAN,6,,108,12.02851,10.947174,1.081336,108,1,,,
109,CLEAN,6,,109,4.8774076,4.847369,0.030038357,109,1,,,
110,CLEAN,6,,110,14.558191,5.8101497,8.748041,110,1,,,
111,CLEAN,6,,111,15.132829,5.854706,9.278123,111,1,,,
112,CLEAN,6,,112,4.3981466,5.4751744,-1.0770278,363,0,,,
113,CLEAN,6,,113,14.05536,6.959726,7.095634,113,1,,,
114,CLEAN,6,,114,6.0225863,8.8921585,-2.8695722,110,0,,,
115,CLEAN,6,,115,11.260972,8.850231,2.4107409,115,1,,,
116,CLEAN,6,,116,11.907614,5.818804,6.08881,116,1,,,
117,CLEAN,6,,117,13.9607525,5.7530007,8.207752,117,1,,,
118,CLEAN,6,,118,12.793489,8.857188,3.9363012,118,1,,,
119,CLEAN,6,,119,11.265783,7.4008727,3.8649106,119,1,,,
120,CLEAN,6,,120,14.073432,8.921769,5.151663,120,1,,,
121,CLEAN,6,,121,11.184022,6.7758093,4.4082127,121,1,,,
122,CLEAN,6,,122,10.973906,6.121887,4.8520184,122,1,,,
123,CLEAN,6,,123,11.165273,11.932194,-0.76692104,122,0,,,
124,CLEAN,6,,124,10.55278,11.201626,-0.6488457,121,0,,,
125,CLEAN,6,,125,13.884122,6.888183,6.995939,125,1,,,
126,CLEAN,6,,126,2.2563245,6.026158,-3.7698333,451,0,,,
127,CLEAN,6,,127,13.462222,10.777334,2.684888,127,1,,,
128,CLEAN,6,,128,12.826899,8.881052,3.9458466,128,1,,,
129,CLEAN,6,,129,14.212057,5.4858103,8.726247,129,1,,,
130,CLEAN,6,,130,13.488902,5.5848308,7.9040713,130,1,,,
131,CLEAN,6,,131,12.140179,9.874712,2.2654667,131,1,,,
132,CLEAN,6,,132,12.679499,9.237388,3.442111,132,1,,,
133,CLEAN,6,,133,14.624684,5.317709,9.306975,133,1,,,
134,CLEAN,6,,134,11.460961,8.6030855,2.8578758,134,1,,,
135,CLEAN,6,,135,14.869477,5.50408,9.365397,135,1,,,
136,CLEAN,6,,136,14.566115,7.5978975,6.968218,136,1,,,
137,CLEAN,6,,137,13.715511,7.36315,6.352361,137,1,,,
138,CLEAN,6,,138,13.175876,11.559611,1.6162643,138,1,,,
139,CLEAN,6,,139,13.055166,6.8237286,6.2314377,139,1,,,
140,CLEAN,6,,140,13.565332,8.930388,4.634944,140,1,,,
141,CLEAN,6,,141,13.777275,6.537288,7.239987,141,1,,,
142,CLEAN,6,,142,13.707257,7.0941753,6.613082,142,1,,,
143,CLEAN,6,,143,14.250805,5.84364,8.407166,143,1,,,
144,CLEAN,6,,144,7.55544,11.204265,-3.6488247,146,0,,,
145,CLEAN,6,,145,6.0479937,5.1212544,0.9267392,145,1,,,
146,CLEAN,6,,146,13.238689,4.2369566,9.001733,146,1,,,
147,CLEAN,6,,147,13.521775,4.7283144,8.793461,147,1,,,
148,CLEAN,6,,148,13.424213,5.84007,7.5841436,148,1,,,
149,CLEAN,6,,149,14.363219,5.6948175,8.668402,149,1,,,
150,CLEAN,6,,150,13.70953,6.9065814,6.8029485,150,1,,,
151,CLEAN,6,,151,8.2620735,10.440373,-2.1783,162,0,,,
152,CLEAN,6,,152,13.882915,8.3221855,5.560729,152,1,,,
153,CLEAN,6,,153,11.71933,10.69482,1.0245094,153,1,,,
154,CLEAN,6,,154,14.235127,6.1844935,8.050634,154,1,,,
155,CLEAN,6,,155,9.764466,11.296363,-1.5318966,154,0,,,
156,CLEAN,6,,156,10.888647,9.603079,1.2855682,156,1,,,
157,CLEAN,6,,157,12.240245,8.106307,4.133938,157,1,,,
158,CLEAN,6,,158,10.449814,10.429385,0.020428658,158,1,,,
159,CLEAN,6,,159,13.810769,8.2503805,5.5603886,159,1,,,
160,CLEAN,6,,160,14.039218,5.7824407,8.256777,160,1,,,
161,CLEAN,6,,161,14.100913,8.164667,5.936246,161,1,,,
162,CLEAN,6,,162,13.657823,10.290196,3.3676262,162,1,,,
163,CLEAN,6,,163,10.325717,8.657461,1.6682558,163,1,,,
164,CLEAN,6,,164,12.184658,9.658605,2.5260534,164,1,,,
165,CLEAN,6,,165,14.431021,7.3988376,7.032183,165,1,,,
166,CLEAN,6,,166,5.739516,7.7208366,-1.9813209,180,0,,,
167,CLEAN,6,,167,9.717768,12.989121,-3.2713537,164,0,,,
168,CLEAN,6,,168,11.816339,11.218719,0.59762,168,1,,,
169,CLEAN,6,,169,14.262562,7.0682282,7.1943336,169,1,,,
170,CLEAN,6,,170,12.041125,10.479552,1.561573,170,1,,,
171,CLEAN,6,,171,14.344133,9.007714,5.336419,171,1,,,
172,CLEAN,6,,172,14.264537,8.473737,5.7908,172,1,,,
173,CLEAN,6,,173,15.1737995,6.2063065,8.967493,173,1,,,
174,CLEAN,6,,174,10.000676,8.506245,1.4944315,174,1,,,
175,CLEAN,6,,175,11.278835,11.002285,0.2765503,175,1,,,
176,CLEAN,6,,176,9.585712,13.935651,-4.3499384,172,0,,,
177,CLEAN,6,,177,12.447951,12.729999,-0.28204727,170,0,,,
178,CLEAN,6,,178,13.839413,8.6765175,5.162895,178,1,,,
179,CLEAN,6,,179,10.737021,10.575384,0.1616373,179,1,,,
180,CLEAN,6,,180,11.958692,10.159377,1.7993145,180,1,,,
181,CLEAN,6,,181,13.313027,6.936647,6.3763804,181,1,,,
182,CLEAN,6,,182,12.969068,6.3289747,6.640093,182,1,,,
183,CLEAN,6,,183,14.006577,6.679417,7.3271594,183,1,,,
184,CLEAN,6,,184,14.5499325,6.047784,8.502149,184,1,,,
185,CLEAN,6,,185,13.491885,9.184626,4.3072596,185,1,,,
186,CLEAN,6,,186,14.294454,11.715052,2.579402,186,1,,,
187,CLEAN,6,,187,10.119172,8.522147,1.5970249,187,1,,,
188,CLEAN,6,,188,14.657739,11.521034,3.1367044,188,1,,,
189,CLEAN,6,,189,13.203646,11.981695,1.2219505,189,1,,,
190,CLEAN,6,,190,11.7573805,8.849872,2.9075089,190,1,,,
191,CLEAN,6,,191,11.497452,9.512855,1.9845972,191,1,,,
192,CLEAN,6,,192,4.7880044,8.448254,-3.6602492,179,0,,,
193,CLEAN,6,,193,14.889733,8.655516,6.2342176,193,1,,,
194,CLEAN,6,,194,14.479167,7.5446143,6.9345527,194,1,,,
195,CLEAN,6,,195,12.739502,7.5674453,5.1720567,195,1,,,
196,CLEAN,6,,196,8.269884,14.783601,-6.5137167,198,0,,,
197,CLEAN,6,,197,9.6227,7.964159,1.6585407,197,1,,,
198,CLEAN,6,,198,13.2009535,10.926887,2.274067,198,1,,,
199,CLEAN,6,,199,8.410599,9.555508,-1.1449089,198,0,,,
200,CLEAN,6,,200,11.358958,8.85645,2.5025082,200,1,,,
201,CLEAN,6,,201,10.909735,11.449982,-0.54024696,193,0,,,
202,CLEAN,6,,202,11.383694,9.485508,1.8981857,202,1,,,
203,CLEAN,6,,203,7.1687045,8.657276,-1.4885716,222,0,,,
204,CLEAN,6,,204,9.029124,10.52463,-1.4955053,200,0,,,
205,CLEAN,6,,205,11.90391,7.556328,4.347582,205,1,,,
206,CLEAN,6,,206,12.500002,8.506363,3.993639,206,1,,,
207,CLEAN,6,,207,12.250968,6.93728,5.313688,207,1,,,
208,CLEAN,6,,208,2.9902904,10.180871,-7.1905804,260,0,,,
209,CLEAN,6,,209,13.062256,7.732547,5.329709,209,1,,,
210,CLEAN,6,,210,12.90881,5.340598,7.5682116,210,1,,,
211,CLEAN,6,,211,12.81031,5.750889,7.0594215,211,1,,,
212,CLEAN,6,,212,12.986905,4.0808153,8.90609,212,1,,,
213,CLEAN,6,,213,7.423526,10.371188,-2.9476624,218,0,,,
214,CLEAN,6,,214,13.595189,5.724584,7.870605,214,1,,,
215,CLEAN,6,,215,14.857896,9.620517,5.237379,215,1,,,
216,CLEAN,6,,216,14.797197,7.4928994,7.304298,216,1,,,
217,CLEAN,6,,217,11.778999,6.699307,5.0796924,217,1,,,
218,CLEAN,6,,218,14.202739,8.544978,5.6577606,218,1,,,
219,CLEAN,6,,219,12.837012,7.556793,5.280219,219,1,,,
220,CLEAN,6,,220,14.975911,9.239773,5.7361383,220,1,,,
221,CLEAN,6,,221,11.87485,8.1256075,3.7492428,221,1,,,
222,CLEAN,6,,222,14.036533,7.810927,6.2256064,222,1,,,
223,CLEAN,6,,223,13.939969,6.428151,7.511818,223,1,,,
224,CLEAN,6,,224,14.115255,5.3430552,8.7722,224,1,,,
225,CLEAN,6,,225,13.017431,6.4515967,6.5658345,225,1,,,
226,CLEAN,6,,226,3.9274533,8.468719,-4.5412655,213,0,,,
227,CLEAN,6,,227,8.993918,6.2428255,2.751093,227,1,,,
228,CLEAN,6,,228,13.895064,5.3594055,8.535659,228,1,,,
229,CLEAN,6,,229,14.075918,7.604033,6.471885,229,1,,,
230,CLEAN,6,,230,3.7997239,8.120365,-4.3206415,253,0,,,
231,CLEAN,6,,231,9.475551,13.978107,-4.502557,230,0,,,
232,CLEAN,6,,232,10.79322,8.752346,2.0408735,232,1,,,
233,CLEAN,6,,233,14.955891,7.4906387,7.465252,233,1,,,
234,CLEAN,6,,234,8.468137,7.7987423,0.6693945,234,1,,,
235,CLEAN,6,,235,10.912741,10.621644,0.2910967,235,1,,,
236,CLEAN,6,,236,11.055955,10.319505,0.7364502,236,1,,,
237,CLEAN,6,,237,13.831043,10.210319,3.6207247,237,1,,,
238,CLEAN,6,,238,12.880353,11.094676,1.785677,238,1,,,
239,CLEAN,6,,239,12.391984,11.038116,1.3538675,239,1,,,
240,CLEAN,6,,240,10.908638,13.841131,-2.9324932,238,0,,,
241,CLEAN,6,,241,12.241181,10.769679,1.4715023,241,1,,,
242,CLEAN,6,,242,12.438592,7.5986166,4.8399754,242,1,,,
243,CLEAN,6,,243,14.121156,9.980465,4.140691,243,1,,,
244,CLEAN,6,,244,13.897721,10.251155,3.6465664,244,1,,,
245,CLEAN,6,,245,12.970295,8.616664,4.353631,245,1,,,
246,CLEAN,6,,246,8.986717,9.650609,-0.6638918,251,0,,,
247,CLEAN,6,,247,14.282502,5.4815545,8.800947,247,1,,,
248,CLEAN,6,,248,12.159494,11.364209,0.7952852,248,1,,,
249,CLEAN,6,,249,14.700608,8.037971,6.6626377,249,1,,,
250,CLEAN,6,,250,12.761551,13.10178,-0.34022903,249,0,,,
251,CLEAN,6,,251,12.381441,5.8391666,6.5422745,251,1,,,
252,CLEAN,6,,252,13.316969,7.6335583,5.6834106,252,1,,,
253,CLEAN,6,,253,15.093268,5.3210373,9.772231,253,1,,,
254,CLEAN,6,,254,12.71874,6.7023396,6.016401,254,1,,,
255,CLEAN,6,,255,13.923089,5.1914344,8.731655,255,1,,,
256,CLEAN,6,,256,10.695058,10.299363,0.39569473,256,1,,,
257,CLEAN,6,,257,12.395379,8.766658,3.6287212,257,1,,,
258,CLEAN,6,,258,13.544123,8.157623,5.3864994,258,1,,,
259,CLEAN,6,,259,12.304221,8.575025,3.7291965,259,1,,,
260,CLEAN,6,,260,11.7959585,7.89521,3.9007487,260,1,,,
261,CLEAN,6,,261,13.919903,8.38577,5.534133,261,1,,,
262,CLEAN,6,,262,13.996667,7.325201,6.671466,262,1,,,
263,CLEAN,6,,263,12.027942,11.143029,0.8849125,263,1,,,
264,CLEAN,6,,264,14.717935,7.105894,7.6120405,264,1,,,
265,CLEAN,6,,265,-0.25490168,7.287009,-7.5419106,727,0,,,
266,CLEAN,6,,266,11.2501745,11.783958,-0.5337839,265,0,,,
267,CLEAN,6,,267,14.1687565,6.60836,7.5603967,267,1,,,
268,CLEAN,6,,268,13.521684,6.2385964,7.2830873,268,1,,,
269,CLEAN,6,,269,12.655548,11.386473,1.2690754,269,1,,,
270,CLEAN,6,,270,14.390301,11.131582,3.2587185,270,1,,,
271,CLEAN,6,,271,6.1012735,15.428058,-9.326784,274,0,,,
272,CLEAN,6,,272,12.430611,11.134753,1.2958574,272,1,,,
273,CLEAN,6,,273,14.218278,9.677754,4.5405235,273,1,,,
274,CLEAN,6,,274,15.369174,6.7173476,8.651827,274,1,,,
275,CLEAN,6,,275,13.774376,8.457235,5.3171406,275,1,,,
276,CLEAN,6,,276,12.839783,8.981448,3.8583345,276,1,,,
277,CLEAN,6,,277,10.382092,12.580755,-2.1986628,278,0,,,
278,CLEAN,6,,278,10.812914,12.485509,-1.672595,279,0,,,
279,CLEAN,6,,279,14.246349,7.5112057,6.7351437,279,1,,,
280,CLEAN,6,,280,13.987927,7.850678,6.1372495,280,1,,,
281,CLEAN,6,,281,8.699775,8.046677,0.6530981,281,1,,,
282,CLEAN,6,,282,9.312581,12.11359,-2.8010092,285,0,,,
283,CLEAN,6,,283,13.678599,7.7793107,5.8992887,283,1,,,
284,CLEAN,6,,284,11.961219,6.382619,5.5786,284,1,,,
285,CLEAN,6,,285,10.169856,8.493648,1.6762085,285,1,,,
286,CLEAN,6,,286,14.396471,7.125276,7.271195,286,1,,,
287,CLEAN,6,,287,15.003976,4.1607556,10.84322,287,1,,,
288,CLEAN,6,,288,14.289883,9.963711,4.326172,288,1,,,
289,CLEAN,6,,289,12.4462185,9.620229,2.8259897,289,1,,,
290,CLEAN,6,,290,13.804591,11.77749,2.0271015,290,1,,,
291,CLEAN,6,,291,12.792244,6.6179614,6.1742826,291,1,,,
292,CLEAN,6,,292,12.421105,10.049278,2.3718271,292,1,,,
293,CLEAN,6,,293,13.46287,5.764382,7.6984878,293,1,,,
294,CLEAN,6,,294,14.7354355,5.9504066,8.785028,294,1,,,
295,CLEAN,6,,295,13.339379,9.738346,3.6010332,295,1,,,
296,CLEAN,6,,296,12.653661,6.290429,6.3632317,296,1,,,
297,CLEAN,6,,297,15.05776,5.2073245,9.850435,297,1,,,
298,CLEAN,6,,298,7.300688,9.332101,-2.031413,274,0,,,
299,CLEAN,6,,299,7.87034,10.739055,-2.8687148,359,0,,,
300,CLEAN,6,,300,13.04476,8.532666,4.5120935,300,1,,,
301,CLEAN,6,,301,13.141665,8.208889,4.9327765,301,1,,,
302,CLEAN,6,,302,7.9811068,11.39085,-3.4097433,303,0,,,
303,CLEAN,6,,303,12.201422,7.7917314,4.4096904,303,1,,,
304,CLEAN,6,,304,11.79702,9.883586,1.913434,304,1,,,
305,CLEAN,6,,305,13.448931,9.206111,4.24282,305,1,,,
306,CLEAN,6,,306,14.834951,5.264388,9.570563,306,1,,,
307,CLEAN,6,,307,13.524004,7.081282,6.442722,307,1,,,
308,CLEAN,6,,308,10.322632,9.5206375,0.8019943,308,1,,,
309,CLEAN,6,,309,12.450258,5.9699683,6.48029,309,1,,,
310,CLEAN,6,,310,12.067711,9.320717,2.746994,310,1,,,
311,CLEAN,6,,311,13.615853,10.364735,3.2511187,311,1,,,
312,CLEAN,6,,312,13.247874,7.585985,5.661889,312,1,,,
313,CLEAN,6,,313,13.57512,10.722321,2.8527994,313,1,,,
314,CLEAN,6,,314,12.679408,8.118791,4.5606174,314,1,,,
315,CLEAN,6,,315,9.10754,7.9161158,1.1914244,315,1,,,
316,CLEAN,6,,316,13.791773,5.222859,8.568914,316,1,,,
317,CLEAN,6,,317,3.9513478,14.212703,-10.261354,318,0,,,
318,CLEAN,6,,318,14.136067,5.2682896,8.867778,318,1,,,
319,CLEAN,6,,319,13.649706,8.528099,5.121607,319,1,,,
320,CLEAN,6,,320,13.644565,11.103894,2.5406704,320,1,,,
321,CLEAN,6,,321,13.78724,6.5675554,7.2196846,321,1,,,
322,CLEAN,6,,322,14.414081,6.7601204,7.65396,322,1,,,
323,CLEAN,6,,323,13.890264,6.333793,7.5564704,323,1,,,
324,CLEAN,6,,324,13.24996,6.6227226,6.6272373,324,1,,,
325,CLEAN,6,,325,13.133392,6.7688055,6.364587,325,1,,,
326,CLEAN,6,,326,12.810939,7.6841,5.1268387,326,1,,,
327,CLEAN,6,,327,13.73123,6.7004375,7.030792,327,1,,,
328,CLEAN,6,,328,13.259316,7.326155,5.9331613,328,1,,,
329,CLEAN,6,,329,10.057231,5.555962,4.501269,329,1,,,
330,CLEAN,6,,330,14.049984,11.485055,2.564929,330,1,,,
331,CLEAN,6,,331,14.901579,7.1700544,7.7315245,331,1,,,
332,CLEAN,6,,332,13.837801,5.4958043,8.341997,332,1,,,
333,CLEAN,6,,333,13.884066,5.94951,7.9345555,333,1,,,
334,CLEAN,6,,334,6.700114,13.513904,-6.81379,102,0,,,
335,CLEAN,6,,335,11.883885,5.4760685,6.407817,335,1,,,
336,CLEAN,6,,336,6.746014,7.914655,-1.1686411,80,0,,,
337,CLEAN,6,,337,4.21665,14.024624,-9.807974,334,0,,,
338,CLEAN,6,,338,2.0404263,9.550306,-7.50988,29,0,,,
339,CLEAN,6,,339,12.489597,6.3767586,6.1128387,339,1,,,
340,CLEAN,6,,340,14.223101,7.5909534,6.6321473,340,1,,,
341,CLEAN,6,,341,3.8010025,6.9720173,-3.1710148,194,0,,,
342,CLEAN,6,,342,13.4560995,12.976832,0.47926712,342,1,,,
343,CLEAN,6,,343,13.66506,9.05447,4.61059,343,1,,,
344,CLEAN,6,,344,13.397662,5.8932786,7.5043836,344,1,,,
345,CLEAN,6,,345,11.442135,14.431834,-2.9896994,690,0,,,
346,CLEAN,6,,346,13.735013,9.161238,4.5737753,346,1,,,
347,CLEAN,6,,347,12.876441,8.768749,4.107692,347,1,,,
348,CLEAN,6,,348,6.884495,8.601403,-1.7169085,341,0,,,
349,CLEAN,6,,349,13.357634,10.339794,3.0178394,349,1,,,
350,CLEAN,6,,350,14.138172,7.4990616,6.6391106,350,1,,,
351,CLEAN,6,,351,13.185434,6.6828575,6.502577,351,1,,,
352,CLEAN,6,,352,13.865243,10.571441,3.2938023,352,1,,,
353,CLEAN,6,,353,11.974918,10.204884,1.7700348,353,1,,,
354,CLEAN,6,,354,13.266673,4.673725,8.592948,354,1,,,
355,CLEAN,6,,355,12.439733,5.385443,7.0542893,355,1,,,
356,CLEAN,6,,356,14.960939,11.835264,3.1256752,356,1,,,
357,CLEAN,6,,357,2.5721238,6.9910774,-4.418954,975,0,,,
358,CLEAN,6,,358,9.235188,12.394551,-3.1593637,356,0,,,
359,CLEAN,6,,359,10.063836,9.831178,0.23265839,359,1,,,
360,CLEAN,6,,360,7.470587,8.5877285,-1.1171417,150,0,,,
361,CLEAN,6,,361,7.5155277,5.5008755,2.0146523,361,1,,,
362,CLEAN,6,,362,14.772472,7.1025763,7.669896,362,1,,,
363,CLEAN,6,,363,15.393207,3.2927506,12.100456,363,1,,,
364,CLEAN,6,,364,15.008071,5.709012,9.299059,364,1,,,
365,CLEAN,6,,365,12.8566065,6.292022,6.5645843,365,1,,,
366,CLEAN,6,,366,13.811763,8.322202,5.489561,366,1,,,
367,CLEAN,6,,367,9.906632,7.5590196,2.3476129,367,1,,,
368,CLEAN,6,,368,14.730838,7.6019034,7.1289344,368,1,,,
369,CLEAN,6,,369,13.731508,10.224749,3.5067596,369,1,,,
370,CLEAN,6,,370,14.381689,8.479333,5.902356,370,1,,,
371,CLEAN,6,,371,10.555112,13.223467,-2.668355,370,0,,,
372,CLEAN,6,,372,8.588759,10.71704,-2.1282806,371,0,,,
373,CLEAN,6,,373,11.080959,11.062348,0.018610954,373,1,,,
374,CLEAN,6,,374,13.6176815,8.762997,4.854685,374,1,,,
375,CLEAN,6,,375,13.468223,9.388632,4.079591,375,1,,,
376,CLEAN,6,,376,14.302036,6.4527187,7.8493176,376,1,,,
377,CLEAN,6,,377,11.862,10.427364,1.4346361,377,1,,,
378,CLEAN,6,,378,13.686013,11.906532,1.7794809,378,1,,,
379,CLEAN,6,,379,13.713094,11.479422,2.2336721,379,1,,,
380,CLEAN,6,,380,14.090394,10.5276375,3.5627565,380,1,,,
381,CLEAN,6,,381,12.015126,9.440798,2.5743284,381,1,,,
382,CLEAN,6,,382,11.762304,12.740258,-0.9779539,380,0,,,
383,CLEAN,6,,383,11.389007,12.747705,-1.3586988,384,0,,,
384,CLEAN,6,,384,14.959458,6.96415,7.9953084,384,1,,,
385,CLEAN,6,,385,12.948002,12.275155,0.6728468,385,1,,,
386,CLEAN,6,,386,14.091374,13.415367,0.6760073,386,1,,,
387,CLEAN,6,,387,14.100069,6.6681833,7.4318857,387,1,,,
388,CLEAN,6,,388,14.271113,6.538652,7.7324615,388,1,,,
389,CLEAN,6,,389,13.797368,9.960506,3.8368616,389,1,,,
390,CLEAN,6,,390,14.80654,7.5157633,7.2907763,390,1,,,
391,CLEAN,6,,391,12.819773,9.580321,3.2394514,391,1,,,
392,CLEAN,6,,392,14.089137,4.731345,9.357792,392,1,,,
393,CLEAN,6,,393,13.065152,10.684875,2.3802776,393,1,,,
394,CLEAN,6,,394,5.5285587,10.853863,-5.325304,103,0,,,
395,CLEAN,6,,395,12.794212,11.961152,0.83306026,395,1,,,
396,CLEAN,6,,396,13.748,5.846438,7.901562,396,1,,,
397,CLEAN,6,,397,3.0010903,13.305687,-10.304597,396,0,,,
398,CLEAN,6,,398,14.903448,3.2363014,11.667147,398,1,,,
399,CLEAN,6,,399,13.193016,6.3341985,6.8588176,399,1,,,
400,CLEAN,6,,400,13.499541,13.76655,-0.26700878,667,0,,,
401,CLEAN,6,,401,14.92953,5.9805503,8.94898,401,1,,,
402,CLEAN,6,,402,13.539669,6.284973,7.254696,402,1,,,
403,CLEAN,6,,403,13.161031,7.5573397,5.603691,403,1,,,
404,CLEAN,6,,404,13.55029,8.992812,4.557478,404,1,,,
405,CLEAN,6,,405,14.913347,6.475276,8.438071,405,1,,,
406,CLEAN,6,,406,7.937733,13.700424,-5.762691,884,0,,,
407,CLEAN,6,,407,14.9627695,6.3854613,8.577309,407,1,,,
408,CLEAN,6,,408,6.8179684,12.730314,-5.912346,586,0,,,
409,CLEAN,6,,409,4.8695726,10.04006,-5.1704874,437,0,,,
410,CLEAN,6,,410,13.991354,11.049731,2.9416227,410,1,,,
411,CLEAN,6,,411,13.620693,5.828632,7.7920613,411,1,,,
412,CLEAN,6,,412,12.447578,9.675028,2.7725506,412,1,,,
413,CLEAN,6,,413,14.120145,11.803798,2.3163471,413,1,,,
414,CLEAN,6,,414,15.526082,8.170299,7.3557835,414,1,,,
415,CLEAN,6,,415,4.355297,6.833459,-2.4781618,860,0,,,
416,CLEAN,6,,416,14.769719,8.127274,6.6424456,416,1,,,
417,CLEAN,6,,417,13.952715,5.8778505,8.074864,417,1,,,
418,CLEAN,6,,418,12.424439,7.004301,5.4201384,418,1,,,
419,CLEAN,6,,419,14.58883,5.75231,8.83652,419,1,,,
420,CLEAN,6,,420,14.263477,5.819985,8.443493,420,1,,,
421,CLEAN,6,,421,8.77301,6.7015038,2.0715065,421,1,,,
422,CLEAN,6,,422,16.12427,7.922596,8.2016735,422,1,,,
423,CLEAN,6,,423,4.288471,4.6925163,-0.4040451,778,0,,,
424,CLEAN,6,,424,5.0275407,6.705459,-1.6779184,727,0,,,
425,CLEAN,6,,425,14.004017,6.9650903,7.0389266,425,1,,,
426,CLEAN,6,,426,15.397646,5.0839744,10.313671,426,1,,,
427,CLEAN,6,,427,9.471133,12.550323,-3.0791893,469,0,,,
428,CLEAN,6,,428,12.281739,4.6904893,7.59125,428,1,,,
429,CLEAN,6,,429,14.881322,7.199797,7.6815248,429,1,,,
430,CLEAN,6,,430,14.408616,4.6919603,9.716656,430,1,,,
431,CLEAN,6,,431,10.016326,5.4902563,4.5260696,431,1,,,
432,CLEAN,6,,432,9.880195,11.792939,-1.9127445,683,0,,,
433,CLEAN,6,,433,5.3089724,7.506722,-2.1977496,842,0,,,
434,CLEAN,6,,434,2.556301,8.513866,-5.9575653,445,0,,,
435,CLEAN,6,,435,12.5304575,11.959586,0.57087135,435,1,,,
436,CLEAN,6,,436,7.8337045,9.860962,-2.0272574,660,0,,,
437,CLEAN,6,,437,10.994122,11.659705,-0.6655836,460,0,,,
438,CLEAN,6,,438,9.841488,7.42415,2.417338,438,1,,,
439,CLEAN,6,,439,15.292241,6.08148,9.210761,439,1,,,
440,CLEAN,6,,440,11.717862,6.9448867,4.7729754,440,1,,,
441,CLEAN,6,,441,13.588619,6.742364,6.8462553,441,1,,,
442,CLEAN,6,,442,10.72904,10.2174015,0.51163864,442,1,,,
443,CLEAN,6,,443,14.22093,4.548772,9.672158,443,1,,,
444,CLEAN,6,,444,6.277697,8.613582,-2.3358846,665,0,,,
445,CLEAN,6,,445,13.112704,10.191079,2.9216251,445,1,,,
446,CLEAN,6,,446,13.330265,10.344847,2.9854183,446,1,,,
447,CLEAN,6,,447,10.257076,7.891199,2.3658772,447,1,,,
448,CLEAN,6,,448,12.404637,5.3621454,7.042492,448,1,,,
449,CLEAN,6,,449,12.99524,8.363375,4.6318655,449,1,,,
450,CLEAN,6,,450,12.111577,6.9565806,5.1549964,450,1,,,
451,CLEAN,6,,451,9.672638,7.573453,2.099185,451,1,,,
452,CLEAN,6,,452,7.5182066,6.253102,1.2651048,452,1,,,
453,CLEAN,6,,453,13.515801,7.703509,5.8122926,453,1,,,
454,CLEAN,6,,454,4.048011,8.183525,-4.1355143,762,0,,,
455,CLEAN,6,,455,15.570182,5.5972905,9.972891,455,1,,,
456,CLEAN,6,,456,15.980232,3.468111,12.512121,456,1,,,
457,CLEAN,6,,457,11.320537,7.8142767,3.50626,457,1,,,
458,CLEAN,6,,458,12.06229,5.9602003,6.10209,458,1,,,
459,CLEAN,6,,459,3.664224,5.4788265,-1.8146026,740,0,,,
460,CLEAN,6,,460,12.098603,12.889962,-0.79135895,975,0,,,
461,CLEAN,6,,461,4.108873,11.299071,-7.1901984,917,0,,,
462,CLEAN,6,,462,9.226572,7.1661706,2.0604014,462,1,,,
463,CLEAN,6,,463,7.47036,9.48305,-2.0126905,876,0,,,
464,CLEAN,6,,464,8.235146,7.963243,0.27190256,464,1,,,
465,CLEAN,6,,465,7.3191843,6.512892,0.80629253,465,1,,,
466,CLEAN,6,,466,8.444166,6.669711,1.7744551,466,1,,,
467,CLEAN,6,,467,13.691129,8.495029,5.1960993,467,1,,,
468,CLEAN,6,,468,10.159888,6.4760747,3.6838136,468,1,,,
469,CLEAN,6,,469,15.228936,5.5918956,9.637041,469,1,,,
470,CLEAN,6,,470,4.1639814,10.010153,-5.8461714,762,0,,,
471,CLEAN,6,,471,2.654747,7.6671295,-5.0123825,603,0,,,
472,CLEAN,6,,472,15.515491,7.0308137,8.484676,472,1,,,
473,CLEAN,6,,473,9.796744,6.7090507,3.0876937,473,1,,,
474,CLEAN,6,,474,13.729579,8.235307,5.494272,474,1,,,
475,CLEAN,6,,475,13.533862,4.5104136,9.023449,475,1,,,
476,CLEAN,6,,476,15.339769,3.5710142,11.768755,476,1,,,
477,CLEAN,6,,477,3.820354,10.826727,-7.006373,748,0,,,
478,CLEAN,6,,478,8.104331,8.823464,-0.7191334,792,0,,,
479,CLEAN,6,,479,9.383141,13.1296015,-3.746461,751,0,,,
480,CLEAN,6,,480,7.639219,7.5236917,0.11552715,480,1,,,
481,CLEAN,6,,481,12.020431,10.650679,1.3697519,481,1,,,
482,CLEAN,6,,482,12.305447,13.385614,-1.0801678,848,0,,,
483,CLEAN,6,,483,11.93801,10.566846,1.3711643,483,1,,,
484,CLEAN,6,,484,14.320246,10.244535,4.0757103,484,1,,,
485,CLEAN,6,,485,6.989625,9.09159,-2.101965,590,0,,,
486,CLEAN,6,,486,13.006577,10.446387,2.5601892,486,1,,,
487,CLEAN,6,,487,13.124406,8.656342,4.4680643,487,1,,,
488,CLEAN,6,,488,7.0324283,6.440469,0.5919595,488,1,,,
489,CLEAN,6,,489,9.39869,9.025167,0.37352276,489,1,,,
490,CLEAN,6,,490,2.443281,10.79578,-8.352499,327,0,,,
491,CLEAN,6,,491,8.7832985,6.754789,2.0285096,491,1,,,
492,CLEAN,6,,492,8.641642,7.200914,1.4407277,492,1,,,
493,CLEAN,6,,493,6.1942077,7.822341,-1.6281333,553,0,,,
494,CLEAN,6,,494,12.022165,10.604293,1.4178724,494,1,,,
495,CLEAN,6,,495,7.8738275,10.0448265,-2.170999,905,0,,,
496,CLEAN,6,,496,13.142215,4.5643454,8.577869,496,1,,,
497,CLEAN,6,,497,11.6740885,9.574274,2.0998144,497,1,,,
498,CLEAN,6,,498,13.9955845,5.6468787,8.348705,498,1,,,
499,CLEAN,6,,499,3.499993,5.736249,-2.236256,519,0,,,
500,CLEAN,6,,500,13.732519,8.150172,5.582347,500,1,,,
501,CLEAN,6,,501,10.188232,7.4223833,2.765849,501,1,,,
502,CLEAN,6,,502,14.080269,11.723417,2.3568516,502,1,,,
503,CLEAN,6,,503,13.733624,7.661837,6.0717874,503,1,,,
504,CLEAN,6,,504,13.136748,10.160596,2.9761524,504,1,,,
505,CLEAN,6,,505,12.200554,11.414284,0.78627014,505,1,,,
506,CLEAN,6,,506,12.95962,7.4955697,5.464051,506,1,,,
507,CLEAN,6,,507,5.785559,8.164723,-2.3791642,446,0,,,
508,CLEAN,6,,508,8.518426,9.495023,-0.97659683,620,0,,,
509,CLEAN,6,,509,8.546843,9.664619,-1.1177769,582,0,,,
510,CLEAN,6,,510,12.138799,9.890194,2.2486048,510,1,,,
511,CLEAN,6,,511,11.38109,9.924419,1.4566708,511,1,,,
512,CLEAN,6,,512,13.63036,9.944576,3.6857834,512,1,,,
513,CLEAN,6,,513,9.955525,10.719246,-0.7637205,875,0,,,
514,CLEAN,6,,514,15.561513,5.806771,9.754742,514,1,,,
515,CLEAN,6,,515,2.2836564,9.168195,-6.8845387,655,0,,,
516,CLEAN,6,,516,7.1959043,8.616374,-1.4204698,870,0,,,
517,CLEAN,6,,517,10.602638,7.2675285,3.3351097,517,1,,,
518,CLEAN,6,,518,15.92086,7.178778,8.742083,518,1,,,
519,CLEAN,6,,519,2.692883,12.565884,-9.873001,239,0,,,
520,CLEAN,6,,520,13.745102,9.409036,4.3360662,520,1,,,
521,CLEAN,6,,521,14.223261,9.422076,4.8011847,521,1,,,
522,CLEAN,6,,522,15.7189665,4.493636,11.22533,522,1,,,
523,CLEAN,6,,523,15.110706,6.2710905,8.839616,523,1,,,
524,CLEAN,6,,524,12.962702,11.343019,1.6196833,524,1,,,
525,CLEAN,6,,525,14.621194,5.3567195,9.264475,525,1,,,
526,CLEAN,6,,526,10.422351,10.588624,-0.16627312,527,0,,,
527,CLEAN,6,,527,10.737028,11.194455,-0.45742702,664,0,,,
528,CLEAN,6,,528,14.691113,8.56036,6.1307535,528,1,,,
529,CLEAN,6,,529,13.252193,7.482646,5.7695475,529,1,,,
530,CLEAN,6,,530,10.424173,6.957483,3.4666905,530,1,,,
531,CLEAN,6,,531,10.420589,11.02794,-0.60735035,826,0,,,
532,CLEAN,6,,532,13.946408,7.670703,6.2757053,532,1,,,
533,CLEAN,6,,533,13.947234,4.834016,9.113218,533,1,,,
534,CLEAN,6,,534,6.731877,11.943331,-5.211454,651,0,,,
535,CLEAN,6,,535,10.593044,13.7707815,-3.1777372,479,0,,,
536,CLEAN,6,,536,10.206479,9.208384,0.9980955,536,1,,,
537,CLEAN,6,,537,13.361263,9.015042,4.346221,537,1,,,
538,CLEAN,6,,538,12.488278,6.9933944,5.494884,538,1,,,
539,CLEAN,6,,539,5.607638,5.962322,-0.35468435,519,0,,,
540,CLEAN,6,,540,14.929702,4.795027,10.134675,540,1,,,
541,CLEAN,6,,541,7.3624043,6.366663,0.99574137,541,1,,,
542,CLEAN,6,,542,12.405327,7.5458264,4.8595004,542,1,,,
543,CLEAN,6,,543,13.254399,14.611438,-1.3570385,422,0,,,
544,CLEAN,6,,544,15.36048,7.0055823,8.354898,544,1,,,
545,CLEAN,6,,545,13.865887,4.461955,9.403932,545,1,,,
546,CLEAN,6,,546,9.697575,6.8835373,2.8140373,546,1,,,
547,CLEAN,6,,547,14.019307,7.999275,6.020032,547,1,,,
548,CLEAN,6,,548,12.961819,9.061426,3.9003925,548,1,,,
549,CLEAN,6,,549,14.06064,7.9170613,6.143579,549,1,,,
550,CLEAN,6,,550,14.190429,7.0804996,7.109929,550,1,,,
551,CLEAN,6,,551,13.211129,10.1451845,3.0659447,551,1,,,
552,CLEAN,6,,552,2.8991444,4.7518015,-1.8526571,885,0,,,
553,CLEAN,6,,553,10.811586,8.184493,2.6270933,553,1,,,
554,CLEAN,6,,554,14.693494,5.711972,8.981522,554,1,,,
555,CLEAN,6,,555,13.138954,9.735308,3.4036465,555,1,,,
556,CLEAN,6,,556,14.371756,6.3411775,8.030579,556,1,,,
557,CLEAN,6,,557,2.9578185,7.2752028,-4.3173842,821,0,,,
558,CLEAN,6,,558,6.283032,6.258575,0.024456978,558,1,,,
559,CLEAN,6,,559,14.779317,4.7259045,10.053412,559,1,,,
560,CLEAN,6,,560,12.456209,8.306652,4.149557,560,1,,,
561,CLEAN,6,,561,14.503935,5.291229,9.212706,561,1,,,
562,CLEAN,6,,562,7.21693,7.2928386,-0.07590866,842,0,,,
563,CLEAN,6,,563,11.953717,7.7347693,4.218948,563,1,,,
564,CLEAN,6,,564,10.908276,7.5727406,3.335535,564,1,,,
565,CLEAN,6,,565,14.932997,6.501741,8.431255,565,1,,,
566,CLEAN,6,,566,14.528061,5.8924522,8.635609,566,1,,,
567,CLEAN,6,,567,3.8782034,6.628269,-2.7500658,549,0,,,
568,CLEAN,6,,568,10.954474,6.9600487,3.9944258,568,1,,,
569,CLEAN,6,,569,13.641146,6.686966,6.95418,569,1,,,
570,CLEAN,6,,570,14.485801,10.085795,4.4000053,570,1,,,
571,CLEAN,6,,571,11.992966,5.2298975,6.763068,571,1,,,
572,CLEAN,6,,572,7.436373,9.016294,-1.5799203,966,0,,,
573,CLEAN,6,,573,13.787821,4.10469,9.68313,573,1,,,
574,CLEAN,6,,574,14.853334,3.6589406,11.194394,574,1,,,
575,CLEAN,6,,575,14.101787,4.639703,9.462084,575,1,,,
576,CLEAN,6,,576,14.22573,5.242022,8.983707,576,1,,,
577,CLEAN,6,,577,12.11235,10.368086,1.7442646,577,1,,,
578,CLEAN,6,,578,9.833859,9.393428,0.4404316,578,1,,,
579,CLEAN,6,,579,8.915395,8.108028,0.8073664,579,1,,,
580,CLEAN,6,,580,9.619961,12.208487,-2.5885258,428,0,,,
581,CLEAN,6,,581,14.1524935,6.585538,7.5669556,581,1,,,
582,CLEAN,6,,582,3.0293524,6.984341,-3.9549887,599,0,,,
583,CLEAN,6,,583,15.76437,4.6722198,11.09215,583,1,,,
584,CLEAN,6,,584,3.043596,8.032205,-4.9886084,612,0,,,
585,CLEAN,6,,585,9.439363,10.068405,-0.6290426,631,0,,,
586,CLEAN,6,,586,7.6980505,7.4079494,0.29010105,586,1,,,
587,CLEAN,6,,587,10.585036,12.450424,-1.8653879,477,0,,,
588,CLEAN,6,,588,8.3115015,9.341018,-1.0295162,790,0,,,
589,CLEAN,6,,589,15.036741,6.0653057,8.971436,589,1,,,
590,CLEAN,6,,590,5.7901125,8.143354,-2.353242,487,0,,,
591,CLEAN,6,,591,13.558445,5.6581054,7.9003396,591,1,,,
592,CLEAN,6,,592,14.202259,5.839825,8.362434,592,1,,,
593,CLEAN,6,,593,12.415094,9.109282,3.3058128,593,1,,,
594,CLEAN,6,,594,14.381305,3.376401,11.004904,594,1,,,
595,CLEAN,6,,595,13.368453,10.86683,2.5016232,595,1,,,
596,CLEAN,6,,596,2.6908073,13.903122,-11.212315,764,0,,,
597,CLEAN,6,,597,8.591282,7.4289384,1.1623435,597,1,,,
598,CLEAN,6,,598,12.465467,10.212354,2.2531137,598,1,,,
599,CLEAN,6,,599,2.2788408,4.0292525,-1.7504117,818,0,,,
600,CLEAN,6,,600,6.1560817,5.3363442,0.81973743,600,1,,,
601,CLEAN,6,,601,10.830276,9.999676,0.8305998,601,1,,,
602,CLEAN,6,,602,6.844031,9.257487,-2.4134564,843,0,,,
603,CLEAN,6,,603,13.456175,6.617254,6.838921,603,1,,,
604,CLEAN,6,,604,13.713369,5.2225704,8.490799,604,1,,,
605,CLEAN,6,,605,13.636526,5.631363,8.005163,605,1,,,
606,CLEAN,6,,606,16.472902,4.4431524,12.02975,606,1,,,
607,CLEAN,6,,607,13.531224,3.8130805,9.718143,607,1,,,
608,CLEAN,6,,608,5.057543,5.292691,-0.23514843,514,0,,,
609,CLEAN,6,,609,10.976255,10.460212,0.51604366,609,1,,,
610,CLEAN,6,,610,12.876936,5.9689474,6.9079885,610,1,,,
611,CLEAN,6,,611,6.7794514,5.0113573,1.7680941,611,1,,,
612,CLEAN,6,,612,9.505526,11.343466,-1.8379402,870,0,,,
613,CLEAN,6,,613,15.05108,5.922178,9.128902,613,1,,,
614,CLEAN,6,,614,13.7606945,4.93296,8.827734,614,1,,,
615,CLEAN,6,,615,9.930698,6.612878,3.3178205,615,1,,,
616,CLEAN,6,,616,11.151672,7.639305,3.5123672,616,1,,,
617,CLEAN,6,,617,12.979412,10.014316,2.9650965,617,1,,,
618,CLEAN,6,,618,7.416253,11.303617,-3.8873634,666,0,,,
619,CLEAN,6,,619,13.118207,13.670453,-0.5522461,846,0,,,
620,CLEAN,6,,620,9.863821,11.330497,-1.4666758,681,0,,,
621,CLEAN,6,,621,14.628135,7.287184,7.340951,621,1,,,
622,CLEAN,6,,622,11.794251,6.1538844,5.640367,622,1,,,
623,CLEAN,6,,623,11.544726,11.1981735,0.34655285,623,1,,,
624,CLEAN,6,,624,13.023748,9.623521,3.4002275,624,1,,,
625,CLEAN,6,,625,13.709418,8.022653,5.6867657,625,1,,,
626,CLEAN,6,,626,11.532362,5.6619473,5.8704147,626,1,,,
627,CLEAN,6,,627,14.583217,3.4820125,11.101204,627,1,,,
628,CLEAN,6,,628,13.883237,8.095985,5.7872515,628,1,,,
629,CLEAN,6,,629,11.11373,12.323331,-1.2096004,696,0,,,
630,CLEAN,6,,630,11.846578,7.7357535,4.110824,630,1,,,
631,CLEAN,6,,631,10.742043,10.003051,0.73899174,631,1,,,
632,CLEAN,6,,632,5.774367,12.5206785,-6.7463117,733,0,,,
633,CLEAN,6,,633,4.8474336,3.3482122,1.4992213,633,1,,,
634,CLEAN,6,,634,14.710295,5.3519654,9.35833,634,1,,,
635,CLEAN,6,,635,2.8339162,6.168498,-3.3345819,710,0,,,
636,CLEAN,6,,636,10.455183,12.178057,-1.7228737,748,0,,,
637,CLEAN,6,,637,14.509279,5.1060066,9.403273,637,1,,,
638,CLEAN,6,,638,12.837045,14.414121,-1.577076,639,0,,,
639,CLEAN,6,,639,12.901998,13.10834,-0.2063427,638,0,,,
640,CLEAN,6,,640,3.8794062,13.202372,-9.322966,646,0,,,
641,CLEAN,6,,641,10.536687,5.951582,4.585105,641,1,,,
642,CLEAN,6,,642,14.867163,6.911067,7.9560957,642,1,,,
643,CLEAN,6,,643,5.68646,9.032831,-3.3463712,585,0,,,
644,CLEAN,6,,644,10.536437,5.2223177,5.3141193,644,1,,,
645,CLEAN,6,,645,13.253842,8.177768,5.0760746,645,1,,,
646,CLEAN,6,,646,14.752137,3.9868658,10.765271,646,1,,,
647,CLEAN,6,,647,14.351807,6.200424,8.151382,647,1,,,
648,CLEAN,6,,648,9.152539,8.639367,0.51317215,648,1,,,
649,CLEAN,6,,649,13.348133,6.9971485,6.3509846,649,1,,,
650,CLEAN,6,,650,14.190891,6.0426617,8.14823,650,1,,,
651,CLEAN,6,,651,9.896445,8.352351,1.5440941,651,1,,,
652,CLEAN,6,,652,9.097318,8.93951,0.15780735,652,1,,,
653,CLEAN,6,,653,1.6233838,8.04508,-6.4216967,745,0,,,
654,CLEAN,6,,654,3.4732625,12.8205805,-9.347318,627,0,,,
655,CLEAN,6,,655,7.5118675,5.245785,2.2660823,655,1,,,
656,CLEAN,6,,656,10.071749,9.964846,0.106903076,656,1,,,
657,CLEAN,6,,657,12.639085,12.137831,0.5012541,657,1,,,
658,CLEAN,6,,658,12.582827,6.5439696,6.038857,658,1,,,
659,CLEAN,6,,659,4.1418095,9.447244,-5.305434,925,0,,,
660,CLEAN,6,,660,11.201363,11.517864,-0.31650162,864,0,,,
661,CLEAN,6,,661,14.27129,6.8202744,7.4510155,661,1,,,
662,CLEAN,6,,662,5.223541,7.6308937,-2.407353,613,0,,,
663,CLEAN,6,,663,7.7828903,14.732854,-6.9499636,442,0,,,
664,CLEAN,6,,664,9.043062,10.064386,-1.0213242,782,0,,,
665,CLEAN,6,,665,12.32061,6.644211,5.676399,665,1,,,
666,CLEAN,6,,666,14.028079,6.035352,7.992727,666,1,,,
667,CLEAN,6,,667,13.760167,12.287804,1.4723635,667,1,,,
668,CLEAN,6,,668,13.407071,9.089658,4.3174133,668,1,,,
669,CLEAN,6,,669,13.605053,8.706905,4.8981476,669,1,,,
670,CLEAN,6,,670,12.982126,11.351099,1.6310272,670,1,,,
671,CLEAN,6,,671,10.715899,5.441933,5.2739663,671,1,,,
672,CLEAN,6,,672,12.89957,8.708749,4.1908216,672,1,,,
673,CLEAN,6,,673,14.519738,8.735916,5.783822,673,1,,,
674,CLEAN,6,,674,15.968649,4.5932407,11.375408,674,1,,,
675,CLEAN,6,,675,7.6707764,10.752663,-3.0818863,654,0,,,
676,CLEAN,6,,676,9.604622,11.441934,-1.8373117,263,0,,,
677,CLEAN,6,,677,4.7177463,4.7288485,-0.0111022,624,0,,,
678,CLEAN,6,,678,1.144182,7.862735,-6.7185526,151,0,,,
679,CLEAN,6,,679,10.493929,8.500245,1.9936838,679,1,,,
680,CLEAN,6,,680,13.810818,4.845291,8.965527,680,1,,,
681,CLEAN,6,,681,4.128881,5.950081,-1.8211999,731,0,,,
682,CLEAN,6,,682,8.300495,7.0649595,1.2355356,682,1,,,
683,CLEAN,6,,683,10.979998,14.45802,-3.4780226,558,0,,,
684,CLEAN,6,,684,15.212513,4.8073115,10.405201,684,1,,,
685,CLEAN,6,,685,13.970611,4.837154,9.133457,685,1,,,
686,CLEAN,6,,686,3.9847164,8.165069,-4.180352,740,0,,,
687,CLEAN,6,,687,4.127868,9.904455,-5.776587,811,0,,,
688,CLEAN,6,,688,14.172801,6.7490516,7.4237494,688,1,,,
689,CLEAN,6,,689,12.345907,11.318508,1.0273991,689,1,,,
690,CLEAN,6,,690,14.23886,10.951263,3.2875967,690,1,,,
691,CLEAN,6,,691,10.298655,10.1090355,0.18961906,691,1,,,
692,CLEAN,6,,692,12.341008,6.1525216,6.1884866,692,1,,,
693,CLEAN,6,,693,15.348636,8.360124,6.988512,693,1,,,
694,CLEAN,6,,694,14.195972,6.043123,8.152849,694,1,,,
695,CLEAN,6,,695,10.894458,8.351252,2.5432062,695,1,,,
696,CLEAN,6,,696,8.476908,7.391632,1.0852757,696,1,,,
697,CLEAN,6,,697,9.505584,5.0964475,4.4091363,697,1,,,
698,CLEAN,6,,698,11.240006,10.51486,0.7251463,698,1,,,
699,CLEAN,6,,699,15.589135,4.7490635,10.840072,699,1,,,
700,CLEAN,6,,700,6.4273562,6.088607,0.3387494,700,1,,,
701,CLEAN,6,,701,14.373547,5.3339524,9.039595,701,1,,,
702,CLEAN,6,,702,11.857375,7.5025826,4.3547926,702,1,,,
703,CLEAN,6,,703,7.864064,7.524201,0.3398633,703,1,,,
704,CLEAN,6,,704,13.369497,7.5171795,5.852318,704,1,,,
705,CLEAN,6,,705,11.429982,8.92459,2.505392,705,1,,,
706,CLEAN,6,,706,3.4056876,10.358854,-6.953167,449,0,,,
707,CLEAN,6,,707,14.730735,9.1792345,5.5515003,707,1,,,
708,CLEAN,6,,708,10.045003,8.475263,1.5697403,708,1,,,
709,CLEAN,6,,709,8.365697,7.16714,1.1985569,709,1,,,
710,CLEAN,6,,710,2.9830785,8.733294,-5.750215,443,0,,,
711,CLEAN,6,,711,13.704147,9.219673,4.484474,711,1,,,
712,CLEAN,6,,712,12.166245,6.3238926,5.842353,712,1,,,
713,CLEAN,6,,713,15.267586,7.85697,7.410616,713,1,,,
714,CLEAN,6,,714,15.336199,6.889983,8.446216,714,1,,,
715,CLEAN,6,,715,7.9493856,7.4255557,0.52382994,715,1,,,
716,CLEAN,6,,716,13.215589,11.190129,2.0254593,716,1,,,
717,CLEAN,6,,717,13.58824,5.888724,7.699516,717,1,,,
718,CLEAN,6,,718,10.37795,13.709052,-3.3311024,821,0,,,
719,CLEAN,6,,719,13.239152,4.695335,8.5438175,719,1,,,
720,CLEAN,6,,720,8.906935,7.992035,0.9148998,720,1,,,
721,CLEAN,6,,721,14.6682,7.6091366,7.059063,721,1,,,
722,CLEAN,6,,722,5.3415494,7.3539333,-2.012384,427,0,,,
723,CLEAN,6,,723,1.0479345,7.2688546,-6.22092,472,0,,,
724,CLEAN,6,,724,9.812417,10.160486,-0.3480692,780,0,,,
725,CLEAN,6,,725,9.828269,9.547692,0.2805767,725,1,,,
726,CLEAN,6,,726,13.047397,8.389851,4.657546,726,1,,,
727,CLEAN,6,,727,13.362635,8.005536,5.3570986,727,1,,,
728,CLEAN,6,,728,14.312429,6.1970177,8.115412,728,1,,,
729,CLEAN,6,,729,1.9553652,5.2481875,-3.2928224,634,0,,,
730,CLEAN,6,,730,15.11083,8.41793,6.6929007,730,1,,,
731,CLEAN,6,,731,10.403798,9.917536,0.48626232,731,1,,,
732,CLEAN,6,,732,13.874024,6.067508,7.806516,732,1,,,
733,CLEAN,6,,733,12.171237,7.0029554,5.1682816,733,1,,,
734,CLEAN,6,,734,13.344136,5.7752776,7.5688586,734,1,,,
735,CLEAN,6,,735,7.2055597,7.342397,-0.13683748,439,0,,,
736,CLEAN,6,,736,12.320255,6.461976,5.858279,736,1,,,
737,CLEAN,6,,737,13.10696,8.044586,5.062374,737,1,,,
738,CLEAN,6,,738,12.800544,6.675995,6.124549,738,1,,,
739,CLEAN,6,,739,15.246074,3.89551,11.350564,739,1,,,
740,CLEAN,6,,740,5.676896,5.0393195,0.6375766,740,1,,,
741,CLEAN,6,,741,11.596797,7.108714,4.488083,741,1,,,
742,CLEAN,6,,742,7.6112847,10.86082,-3.249535,713,0,,,
743,CLEAN,6,,743,5.769705,9.450242,-3.6805372,884,0,,,
744,CLEAN,6,,744,3.9742923,7.625884,-3.6515918,655,0,,,
745,CLEAN,6,,745,13.896577,5.5377765,8.358801,745,1,,,
746,CLEAN,6,,746,15.059109,4.855083,10.204025,746,1,,,
747,CLEAN,6,,747,6.147826,8.745195,-2.5973692,641,0,,,
748,CLEAN,6,,748,7.5316095,5.167612,2.3639975,748,1,,,
749,CLEAN,6,,749,14.599986,4.8352575,9.764729,749,1,,,
750,CLEAN,6,,750,10.282445,8.936845,1.3456001,750,1,,,
751,CLEAN,6,,751,11.395736,11.5764675,-0.18073177,573,0,,,
752,CLEAN,6,,752,14.480395,7.8614435,6.618952,752,1,,,
753,CLEAN,6,,753,12.582926,7.098265,5.4846606,753,1,,,
754,CLEAN,6,,754,7.9589233,9.550408,-1.591485,487,0,,,
755,CLEAN,6,,755,10.274901,5.203523,5.071378,755,1,,,
756,CLEAN,6,,756,12.118526,8.689104,3.4294224,756,1,,,
757,CLEAN,6,,757,5.067797,10.657562,-5.589765,407,0,,,
758,CLEAN,6,,758,8.798874,5.188979,3.6098948,758,1,,,
759,CLEAN,6,,759,13.226387,8.995875,4.2305117,759,1,,,
760,CLEAN,6,,760,2.0367918,7.6931653,-5.6563735,819,0,,,
761,CLEAN,6,,761,1.9820406,9.347167,-7.3651266,208,0,,,
762,CLEAN,6,,762,13.080051,8.607986,4.472065,762,1,,,
763,CLEAN,6,,763,14.517839,10.383068,4.1347713,763,1,,,
764,CLEAN,6,,764,8.234577,6.64228,1.5922971,764,1,,,
765,CLEAN,6,,765,13.857263,3.6211097,10.236153,765,1,,,
766,CLEAN,6,,766,10.2796,6.2185545,4.0610456,766,1,,,
767,CLEAN,6,,767,13.894974,9.273565,4.6214085,767,1,,,
768,CLEAN,6,,768,11.91069,11.304423,0.606267,768,1,,,
769,CLEAN,6,,769,14.992215,5.4408517,9.551363,769,1,,,
770,CLEAN,6,,770,12.663605,5.660369,7.003236,770,1,,,
771,CLEAN,6,,771,14.763444,8.071753,6.6916914,771,1,,,
772,CLEAN,6,,772,1.3740909,6.531916,-5.1578255,452,0,,,
773,CLEAN,6,,773,4.7601347,8.964618,-4.204483,898,0,,,
774,CLEAN,6,,774,10.100083,5.7275114,4.372572,774,1,,,
775,CLEAN,6,,775,14.706201,6.219993,8.486208,775,1,,,
776,CLEAN,6,,776,13.518855,5.0689707,8.449884,776,1,,,
777,CLEAN,6,,777,15.68973,6.159038,9.530691,777,1,,,
778,CLEAN,6,,778,8.055603,6.527748,1.5278549,778,1,,,
779,CLEAN,6,,779,14.389775,4.182412,10.207363,779,1,,,
780,CLEAN,6,,780,14.120893,9.013723,5.107169,780,1,,,
781,CLEAN,6,,781,14.571744,4.84536,9.726384,781,1,,,
782,CLEAN,6,,782,11.982509,10.360552,1.6219568,782,1,,,
783,CLEAN,6,,783,15.552738,6.9797025,8.573036,783,1,,,
784,CLEAN,6,,784,5.2549934,7.3814964,-2.126503,469,0,,,
785,CLEAN,6,,785,13.272399,5.745738,7.526661,785,1,,,
786,CLEAN,6,,786,15.40981,5.58299,9.82682,786,1,,,
787,CLEAN,6,,787,14.731882,10.350599,4.381283,787,1,,,
788,CLEAN,6,,788,9.585462,6.659281,2.9261808,788,1,,,
789,CLEAN,6,,789,13.933934,10.097386,3.8365479,789,1,,,
790,CLEAN,6,,790,7.8977876,7.049982,0.8478055,790,1,,,
791,CLEAN,6,,791,4.7088084,7.6922054,-2.983397,870,0,,,
792,CLEAN,6,,792,12.803567,7.9092145,4.8943524,792,1,,,
793,CLEAN,6,,793,13.613407,8.374428,5.2389793,793,1,,,
794,CLEAN,6,,794,5.9078827,9.150183,-3.2423,601,0,,,
795,CLEAN,6,,795,10.981722,4.485099,6.496623,795,1,,,
796,CLEAN,6,,796,14.398683,9.394495,5.0041876,796,1,,,
797,CLEAN,6,,797,9.336487,7.850801,1.4856858,797,1,,,
798,CLEAN,6,,798,6.7717648,8.960976,-2.189211,906,0,,,
799,CLEAN,6,,799,12.859145,9.018652,3.8404932,799,1,,,
800,CLEAN,6,,800,15.264181,3.9871407,11.2770405,800,1,,,
801,CLEAN,6,,801,13.747934,6.7806954,6.967239,801,1,,,
802,CLEAN,6,,802,13.445064,7.393469,6.0515947,802,1,,,
803,CLEAN,6,,803,13.261352,7.587116,5.674236,803,1,,,
804,CLEAN,6,,804,7.140524,7.3094583,-0.16893435,899,0,,,
805,CLEAN,6,,805,9.896551,12.80149,-2.9049387,522,0,,,
806,CLEAN,6,,806,9.205725,8.179158,1.0265665,806,1,,,
807,CLEAN,6,,807,14.598052,6.9051266,7.6929255,807,1,,,
808,CLEAN,6,,808,11.42241,6.142902,5.279508,808,1,,,
809,CLEAN,6,,809,7.95467,10.670819,-2.7161493,923,0,,,
810,CLEAN,6,,810,14.246703,12.324613,1.9220905,810,1,,,
811,CLEAN,6,,811,4.291655,11.539362,-7.247707,760,0,,,
812,CLEAN,6,,812,13.917273,6.543118,7.3741546,812,1,,,
813,CLEAN,6,,813,7.911017,7.879759,0.031258106,813,1,,,
814,CLEAN,6,,814,12.310553,8.923486,3.3870668,814,1,,,
815,CLEAN,6,,815,14.034237,8.742009,5.2922277,815,1,,,
816,CLEAN,6,,816,12.8985,8.979655,3.9188452,816,1,,,
817,CLEAN,6,,817,13.338639,10.120396,3.2182436,817,1,,,
818,CLEAN,6,,818,7.6595445,8.821225,-1.1616807,744,0,,,
819,CLEAN,6,,819,13.583377,7.9737334,5.6096435,819,1,,,
820,CLEAN,6,,820,13.458937,7.1972513,6.2616854,820,1,,,
821,CLEAN,6,,821,13.053307,8.548757,4.50455,821,1,,,
822,CLEAN,6,,822,15.044282,4.419453,10.624828,822,1,,,
823,CLEAN,6,,823,2.8986914,8.964824,-6.0661325,650,0,,,
824,CLEAN,6,,824,14.455811,10.348507,4.1073036,824,1,,,
825,CLEAN,6,,825,13.565238,4.256217,9.309021,825,1,,,
826,CLEAN,6,,826,-0.37800884,5.5267444,-5.904753,588,0,,,
827,CLEAN,6,,827,13.7992115,9.753673,4.045539,827,1,,,
828,CLEAN,6,,828,2.1625004,7.128212,-4.9657116,712,0,,,
829,CLEAN,6,,829,14.393348,8.389312,6.004036,829,1,,,
830,CLEAN,6,,830,1.6227893,6.144649,-4.5218596,733,0,,,
831,CLEAN,6,,831,12.938933,10.095872,2.8430614,831,1,,,
832,CLEAN,6,,832,13.976357,7.7737474,6.20261,832,1,,,
833,CLEAN,6,,833,11.782435,4.4342885,7.348147,833,1,,,
834,CLEAN,6,,834,6.4132147,6.207291,0.20592356,834,1,,,
835,CLEAN,6,,835,10.274453,10.772383,-0.49792957,409,0,,,
836,CLEAN,6,,836,13.91058,13.614593,0.29598713,836,1,,,
837,CLEAN,6,,837,3.6968818,6.53896,-2.8420782,678,0,,,
838,CLEAN,6,,838,13.228136,10.677238,2.5508976,838,1,,,
839,CLEAN,6,,839,12.537859,10.124213,2.4136457,839,1,,,
840,CLEAN,6,,840,15.3019,8.607861,6.6940393,840,1,,,
841,CLEAN,6,,841,12.6294985,7.026845,5.6026535,841,1,,,
842,CLEAN,6,,842,9.005403,8.311072,0.6943302,842,1,,,
843,CLEAN,6,,843,10.256699,7.591683,2.6650157,843,1,,,
844,CLEAN,6,,844,14.542993,5.4535875,9.089405,844,1,,,
845,CLEAN,6,,845,7.025256,9.245438,-2.2201815,419,0,,,
846,CLEAN,6,,846,12.698257,11.744426,0.9538317,846,1,,,
847,CLEAN,6,,847,13.583873,9.667928,3.915945,847,1,,,
848,CLEAN,6,,848,10.113634,11.248319,-1.1346846,482,0,,,
849,CLEAN,6,,849,9.827126,12.369415,-2.5422897,505,0,,,
850,CLEAN,6,,850,11.966081,8.619407,3.346674,850,1,,,
851,CLEAN,6,,851,11.312939,8.609974,2.7029648,851,1,,,
852,CLEAN,6,,852,11.485317,10.033426,1.451891,852,1,,,
853,CLEAN,6,,853,14.34165,5.1075945,9.2340555,853,1,,,
854,CLEAN,6,,854,13.581995,6.4121356,7.1698594,854,1,,,
855,CLEAN,6,,855,13.779679,8.074131,5.7055483,855,1,,,
856,CLEAN,6,,856,11.652729,9.403322,2.2494068,856,1,,,
857,CLEAN,6,,857,9.654868,11.234273,-1.5794048,765,0,,,
858,CLEAN,6,,858,13.932033,4.6324735,9.299559,858,1,,,
859,CLEAN,6,,859,15.01897,5.519036,9.499933,859,1,,,
860,CLEAN,6,,860,8.5493,11.107942,-2.5586414,919,0,,,
861,CLEAN,6,,861,10.6633415,11.176881,-0.5135393,999,0,,,
862,CLEAN,6,,862,15.29401,4.08013,11.213881,862,1,,,
863,CLEAN,6,,863,10.921657,7.411293,3.5103636,863,1,,,
864,CLEAN,6,,864,11.24818,10.895294,0.3528862,864,1,,,
865,CLEAN,6,,865,13.116018,10.25539,2.8606281,865,1,,,
866,CLEAN,6,,866,9.29704,14.396789,-5.0997486,856,0,,,
867,CLEAN,6,,867,13.626979,7.621373,6.0056057,867,1,,,
868,CLEAN,6,,868,7.534448,7.6892533,-0.15480518,923,0,,,
869,CLEAN,6,,869,5.6540008,7.3932385,-1.7392378,906,0,,,
870,CLEAN,6,,870,11.563485,9.38349,2.1799955,870,1,,,
871,CLEAN,6,,871,14.317139,9.764655,4.5524836,871,1,,,
872,CLEAN,6,,872,8.786683,7.7453647,1.0413184,872,1,,,
873,CLEAN,6,,873,4.472187,12.219073,-7.7468863,698,0,,,
874,CLEAN,6,,874,11.520323,10.413045,1.1072779,874,1,,,
875,CLEAN,6,,875,14.809852,7.841691,6.9681606,875,1,,,
876,CLEAN,6,,876,3.681615,10.6717205,-6.9901056,706,0,,,
877,CLEAN,6,,877,10.21193,8.857596,1.3543339,877,1,,,
878,CLEAN,6,,878,11.339662,13.8524685,-2.512807,810,0,,,
879,CLEAN,6,,879,10.604597,7.5816655,3.0229316,879,1,,,
880,CLEAN,6,,880,15.130046,4.7457533,10.384293,880,1,,,
881,CLEAN,6,,881,13.101422,7.9258146,5.1756077,881,1,,,
882,CLEAN,6,,882,5.7192516,6.803179,-1.0839272,523,0,,,
883,CLEAN,6,,883,5.6266804,7.080928,-1.4542475,725,0,,,
884,CLEAN,6,,884,12.633658,10.62613,2.0075283,884,1,,,
885,CLEAN,6,,885,9.37171,12.011862,-2.640152,434,0,,,
886,CLEAN,6,,886,13.725457,5.799166,7.926291,886,1,,,
887,CLEAN,6,,887,2.630654,7.0085783,-4.377924,456,0,,,
888,CLEAN,6,,888,11.813927,7.635693,4.1782336,888,1,,,
889,CLEAN,6,,889,10.489432,9.405327,1.0841055,889,1,,,
890,CLEAN,6,,890,11.963161,5.7676034,6.195558,890,1,,,
891,CLEAN,6,,891,15.032957,3.7707388,11.262218,891,1,,,
892,CLEAN,6,,892,13.280384,13.502005,-0.22162056,409,0,,,
893,CLEAN,6,,893,7.5153723,9.306179,-1.7908068,767,0,,,
894,CLEAN,6,,894,8.826119,9.344136,-0.5180168,493,0,,,
895,CLEAN,6,,895,13.697755,10.738315,2.9594402,895,1,,,
896,CLEAN,6,,896,12.235168,8.358965,3.8762035,896,1,,,
897,CLEAN,6,,897,9.203936,7.6397476,1.564188,897,1,,,
898,CLEAN,6,,898,12.96521,11.678567,1.286643,898,1,,,
899,CLEAN,6,,899,12.013257,10.878463,1.1347942,899,1,,,
900,CLEAN,6,,900,13.942577,4.4744062,9.468171,900,1,,,
901,CLEAN,6,,901,14.562104,5.813616,8.748488,901,1,,,
902,CLEAN,6,,902,13.698724,9.6820135,4.0167103,902,1,,,
903,CLEAN,6,,903,14.783495,5.6919217,9.091574,903,1,,,
904,CLEAN,6,,904,13.996515,4.7368336,9.259682,904,1,,,
905,CLEAN,6,,905,8.88877,8.324488,0.5642824,905,1,,,
906,CLEAN,6,,906,3.8573372,11.046124,-7.1887875,785,0,,,
907,CLEAN,6,,907,5.2796817,10.736832,-5.45715,899,0,,,
908,CLEAN,6,,908,9.249519,13.920654,-4.671135,895,0,,,
909,CLEAN,6,,909,13.520796,9.940715,3.580081,909,1,,,
910,CLEAN,6,,910,4.319022,6.083117,-1.7640948,961,0,,,
911,CLEAN,6,,911,10.707201,8.420015,2.2871857,911,1,,,
912,CLEAN,6,,912,15.873672,8.172327,7.7013445,912,1,,,
913,CLEAN,6,,913,14.494214,6.528991,7.965223,913,1,,,
914,CLEAN,6,,914,13.193586,5.371838,7.8217483,914,1,,,
915,CLEAN,6,,915,3.366614,7.1759367,-3.8093226,853,0,,,
916,CLEAN,6,,916,14.199986,6.0474963,8.152491,916,1,,,
917,CLEAN,6,,917,13.536964,8.270944,5.266021,917,1,,,
918,CLEAN,6,,918,12.620688,6.1944427,6.4262457,918,1,,,
919,CLEAN,6,,919,1.9008099,11.992162,-10.0913515,788,0,,,
920,CLEAN,6,,920,9.433733,8.346867,1.0868664,920,1,,,
921,CLEAN,6,,921,11.51776,7.709584,3.808176,921,1,,,
922,CLEAN,6,,922,12.6519575,6.1171193,6.534838,922,1,,,
923,CLEAN,6,,923,5.598526,6.7945232,-1.1959972,891,0,,,
924,CLEAN,6,,924,14.406612,6.7354207,7.6711917,924,1,,,
925,CLEAN,6,,925,13.886231,5.789695,8.096537,925,1,,,
926,CLEAN,6,,926,13.226288,8.772618,4.4536695,926,1,,,
927,CLEAN,6,,927,14.048175,6.200059,7.848116,927,1,,,
928,CLEAN,6,,928,5.9004116,9.811893,-3.9114819,969,0,,,
929,CLEAN,6,,929,10.790051,6.9794064,3.810645,929,1,,,
930,CLEAN,6,,930,10.995696,10.984438,0.011258125,930,1,,,
931,CLEAN,6,,931,14.533051,6.144509,8.388542,931,1,,,
932,CLEAN,6,,932,5.990307,11.128516,-5.1382093,923,0,,,
933,CLEAN,6,,933,13.307342,5.975094,7.3322477,933,1,,,
934,CLEAN,6,,934,14.480765,4.445671,10.035094,934,1,,,
935,CLEAN,6,,935,12.460902,7.5845685,4.8763337,935,1,,,
936,CLEAN,6,,936,10.493332,6.894247,3.5990849,936,1,,,
937,CLEAN,6,,937,14.207014,6.366775,7.840239,937,1,,,
938,CLEAN,6,,938,14.10455,7.87411,6.23044,938,1,,,
939,CLEAN,6,,939,12.93973,7.7359395,5.20379,939,1,,,
940,CLEAN,6,,940,13.798448,8.786865,5.0115824,940,1,,,
941,CLEAN,6,,941,12.557639,8.324498,4.233141,941,1,,,
942,CLEAN,6,,942,3.5034199,11.081332,-7.5779123,964,0,,,
943,CLEAN,6,,943,14.175256,6.1972756,7.97798,943,1,,,
944,CLEAN,6,,944,14.333424,7.700853,6.6325707,944,1,,,
945,CLEAN,6,,945,14.243574,5.8699102,8.373664,945,1,,,
946,CLEAN,6,,946,13.563988,7.5971293,5.9668584,946,1,,,
947,CLEAN,6,,947,11.275231,11.677709,-0.40247726,992,0,,,
948,CLEAN,6,,948,12.01169,5.6464615,6.3652287,948,1,,,
949,CLEAN,6,,949,5.949998,7.4046717,-1.4546738,995,0,,,
950,CLEAN,6,,950,13.780386,7.1039567,6.6764293,950,1,,,
951,CLEAN,6,,951,14.36616,9.430546,4.9356146,951,1,,,
952,CLEAN,6,,952,11.895045,7.9171243,3.977921,952,1,,,
953,CLEAN,6,,953,10.772402,7.7892694,2.9831324,953,1,,,
954,CLEAN,6,,954,14.358413,6.286114,8.072298,954,1,,,
955,CLEAN,6,,955,14.888783,4.5293803,10.359404,955,1,,,
956,CLEAN,6,,956,14.685035,3.8104024,10.874632,956,1,,,
957,CLEAN,6,,957,12.117831,8.152804,3.9650269,957,1,,,
958,CLEAN,6,,958,8.324982,9.981743,-1.6567612,663,0,,,
959,CLEAN,6,,959,13.381524,7.865961,5.515563,959,1,,,
960,CLEAN,6,,960,7.4722185,10.178551,-2.7063322,923,0,,,
961,CLEAN,6,,961,11.207552,10.340451,0.8671007,961,1,,,
962,CLEAN,6,,962,7.8749175,6.6545787,1.2203388,962,1,,,
963,CLEAN,6,,963,-0.61411506,12.840103,-13.454218,335,0,,,
964,CLEAN,6,,964,7.850503,8.180616,-0.3301134,677,0,,,
965,CLEAN,6,,965,13.593253,6.7167788,6.8764744,965,1,,,
966,CLEAN,6,,966,4.888186,8.093613,-3.2054267,650,0,,,
967,CLEAN,6,,967,5.084077,13.098685,-8.014608,969,0,,,
968,CLEAN,6,,968,6.221749,6.497871,-0.2761221,960,0,,,
969,CLEAN,6,,969,9.648477,7.566189,2.0822878,969,1,,,
970,CLEAN,6,,970,9.974599,8.63103,1.3435688,970,1,,,
971,CLEAN,6,,971,14.94212,4.558313,10.383806,971,1,,,
972,CLEAN,6,,972,11.584744,8.97765,2.6070948,972,1,,,
973,CLEAN,6,,973,8.4986925,13.422062,-4.9233694,5,0,,,
974,CLEAN,6,,974,10.339548,7.7590985,2.5804496,974,1,,,
975,CLEAN,6,,975,9.927774,10.047903,-0.12012863,460,0,,,
976,CLEAN,6,,976,13.096558,9.6832285,3.4133291,976,1,,,
977,CLEAN,6,,977,14.494946,8.2366,6.2583456,977,1,,,
978,CLEAN,6,,978,10.340548,9.266618,1.0739298,978,1,,,
979,CLEAN,6,,979,10.112255,13.142561,-3.0303059,975,0,,,
980,CLEAN,6,,980,9.07641,6.1795516,2.8968587,980,1,,,
981,CLEAN,6,,981,8.494419,8.700033,-0.20561409,429,0,,,
982,CLEAN,6,,982,4.97155,6.907889,-1.9363389,203,0,,,
983,CLEAN,6,,983,12.455523,6.9831986,5.472324,983,1,,,
984,CLEAN,6,,984,13.80266,3.5284371,10.274223,984,1,,,
985,CLEAN,6,,985,9.233592,7.5291743,1.7044177,985,1,,,
986,CLEAN,6,,986,14.271993,5.154689,9.117304,986,1,,,
987,CLEAN,6,,987,13.020936,14.928328,-1.9073915,998,0,,,
988,CLEAN,6,,988,14.303061,5.8632827,8.439777,988,1,,,
989,CLEAN,6,,989,13.152351,6.0338006,7.118551,989,1,,,
990,CLEAN,6,,990,14.649554,6.428484,8.22107,990,1,,,
991,CLEAN,6,,991,14.211954,9.012008,5.1999464,991,1,,,
992,CLEAN,6,,992,12.50522,10.95431,1.55091,992,1,,,
993,CLEAN,6,,993,14.516582,6.1965575,8.3200245,993,1,,,
994,CLEAN,6,,994,12.718222,5.7238984,6.9943233,994,1,,,
995,CLEAN,6,,995,15.439168,5.468214,9.970954,995,1,,,
996,CLEAN,6,,996,14.201371,6.1140943,8.087276,996,1,,,
997,CLEAN,6,,997,10.495593,10.125237,0.3703556,997,1,,,
998,CLEAN,6,,998,13.472553,12.680002,0.79255104,998,1,,,
999,CLEAN,6,,999,4.8674517,6.236679,-1.3692274,876,0,,,
0,ZERO,6,,0,12.298971,4.932262,7.366709,0,1,0.74845076,0.0,0.0
1,ZERO,6,,1,11.160939,6.073638,5.0873013,1,1,1.4466095,0.0,0.0
2,ZERO,6,,2,12.253573,8.634198,3.6193752,2,1,0.86372185,0.0,0.0
3,ZERO,6,,3,13.401067,9.074989,4.3260775,3,1,-0.74414444,0.0,0.0
4,ZERO,6,,4,13.918109,9.597798,4.3203106,4,1,0.1620245,0.0,0.0
5,ZERO,6,,5,13.287039,5.621388,7.665651,5,1,0.39241266,0.0,0.0
6,ZERO,6,,6,7.946832,10.471166,-2.5243335,5,0,0.7010913,0.0,0.0
7,ZERO,6,,7,13.433319,8.5138645,4.9194546,7,1,0.6175337,0.0,0.0
8,ZERO,6,,8,13.081283,10.309917,2.7713652,8,1,0.2381773,0.0,0.0
9,ZERO,6,,9,12.641066,5.55539,7.0856757,9,1,-1.8418999,0.0,0.0
10,ZERO,6,,10,12.46272,5.8272595,6.6354604,10,1,1.7553706,0.0,0.0
11,ZERO,6,,11,7.254995,9.577711,-2.3227162,10,0,3.073071,1.0,0.0
12,ZERO,6,,12,-0.31154582,8.867919,-9.179464,450,0,5.9034843,0.0,0.0
13,ZERO,6,,13,2.1795845,5.0132504,-2.8336658,865,0,5.109218,1.0,0.0
14,ZERO,6,,14,14.164223,6.176869,7.987354,14,1,-1.3136086,0.0,0.0
15,ZERO,6,,15,13.146165,8.567195,4.57897,15,1,1.8653631,0.0,0.0
16,ZERO,6,,16,12.450294,5.9673676,6.482926,16,1,0.41935492,0.0,0.0
17,ZERO,6,,17,8.997455,6.2247624,2.7726922,17,1,-1.0078692,0.0,0.0
18,ZERO,6,,18,10.624947,9.401014,1.2239323,18,1,1.8805523,0.0,0.0
19,ZERO,6,,19,9.211323,4.027049,5.1842737,19,1,3.2187157,0.0,0.0
20,ZERO,6,,20,11.584626,6.4781294,5.106497,20,1,3.1802425,0.0,0.0
21,ZERO,6,,21,2.7428513,4.86772,-2.1248689,912,0,-1.9817452,0.0,0.0
22,ZERO,6,,22,13.76503,7.7984815,5.9665484,22,1,-0.32835245,0.0,0.0
23,ZERO,6,,23,8.592545,7.2962008,1.2963438,23,1,0.022375107,0.0,0.0
24,ZERO,6,,24,14.554705,4.3448167,10.209888,24,1,0.7211809,0.0,0.0
25,ZERO,6,,25,13.397431,10.072926,3.3245058,25,1,1.8524761,0.0,0.0
26,ZERO,6,,26,7.0612736,11.227311,-4.1660376,28,0,-0.2206974,0.0,0.0
27,ZERO,6,,27,7.0461063,10.147003,-3.1008968,26,0,-1.6999073,0.0,0.0
28,ZERO,6,,28,12.222469,10.315804,1.9066658,28,1,0.6828556,0.0,0.0
29,ZERO,6,,29,14.995597,6.857408,8.138189,29,1,0.041106224,0.0,0.0
30,ZERO,6,,30,13.3288,9.331905,3.9968948,30,1,-0.084174156,0.0,0.0
31,ZERO,6,,31,10.445579,12.9486065,-2.503028,32,0,0.12467384,0.0,0.0
32,ZERO,6,,32,8.422074,8.486598,-0.0645237,302,0,-0.2483797,0.0,0.0
33,ZERO,6,,33,5.5339217,6.935759,-1.4018373,178,0,4.1908307,1.0,0.0
34,ZERO,6,,34,2.8615708,4.877208,-2.0156374,980,0,-6.4075003,0.0,0.0
35,ZERO,6,,35,13.9810295,12.217891,1.7631388,35,1,0.48190784,0.0,0.0
36,ZERO,6,,36,15.248175,10.725481,4.5226936,36,1,-2.618805,0.0,0.0
37,ZERO,6,,37,12.016377,10.859774,1.1566038,37,1,-0.7199688,0.0,0.0
38,ZERO,6,,38,10.402727,6.4429054,3.9598217,38,1,0.5802827,0.0,0.0
39,ZERO,6,,39,13.870044,7.006283,6.863761,39,1,-0.26131725,0.0,0.0
40,ZERO,6,,40,12.8096485,10.969998,1.8396502,40,1,0.019266129,0.0,0.0
41,ZERO,6,,41,11.4565,7.987059,3.469441,41,1,0.15801287,0.0,0.0
42,ZERO,6,,42,12.644308,7.6405334,5.0037746,42,1,1.7127371,0.0,0.0
43,ZERO,6,,43,12.928116,4.094315,8.833801,43,1,1.471036,0.0,0.0
44,ZERO,6,,44,14.31629,7.312111,7.004179,44,1,0.27229166,0.0,0.0
45,ZERO,6,,45,5.47695,6.8124948,-1.3355446,330,0,0.8253169,0.0,0.0
46,ZERO,6,,46,6.867623,12.742921,-5.875298,47,0,0.435215,0.0,0.0
47,ZERO,6,,47,14.722355,5.198566,9.523788,47,1,0.14307785,0.0,0.0
48,ZERO,6,,48,13.441354,5.9621162,7.4792376,48,1,0.863986,0.0,0.0
49,ZERO,6,,49,5.741418,5.9990535,-0.2576356,344,0,-1.6041017,0.0,0.0
50,ZERO,6,,50,2.6170413,8.809253,-6.192211,62,0,0.9517169,0.0,0.0
51,ZERO,6,,51,4.8423553,6.881107,-2.0387516,112,0,2.8167143,1.0,0.0
52,ZERO,6,,52,14.114746,6.74812,7.3666263,52,1,-0.31122637,0.0,0.0
53,ZERO,6,,53,13.509717,9.357378,4.152339,53,1,1.4401522,0.0,0.0
54,ZERO,6,,54,7.662216,10.957212,-3.2949963,66,0,-2.3214502,0.0,0.0
55,ZERO,6,,55,7.5401826,10.288145,-2.7479625,59,0,-0.08559847,0.0,0.0
56,ZERO,6,,56,11.685926,7.759198,3.9267282,56,1,1.304431,0.0,0.0
57,ZERO,6,,57,4.252134,6.5770392,-2.3249054,60,0,0.24651194,0.0,0.0
58,ZERO,6,,58,12.572118,11.084816,1.4873018,58,1,2.0883512,0.0,0.0
59,ZERO,6,,59,9.934785,6.411107,3.5236778,59,1,-0.23291302,0.0,0.0
60,ZERO,6,,60,9.378631,8.908176,0.47045422,60,1,1.9639912,0.0,0.0
61,ZERO,6,,61,10.265544,5.2610455,5.0044985,61,1,0.611042,0.0,0.0
62,ZERO,6,,62,9.90594,7.8406167,2.0653234,62,1,-0.9364028,0.0,0.0
63,ZERO,6,,63,13.497904,7.5818515,5.9160523,63,1,0.88528204,0.0,0.0
64,ZERO,6,,64,3.5432906,4.789183,-1.2458925,770,0,0.30057955,0.0,0.0
65,ZERO,6,,65,14.776391,8.221333,6.5550585,65,1,0.61682034,0.0,0.0
66,ZERO,6,,66,14.239683,12.606469,1.633214,66,1,-0.568182,0.0,0.0
67,ZERO,6,,67,13.591916,9.455018,4.136898,67,1,-0.53024864,0.0,0.0
68,ZERO,6,,68,11.810083,12.85825,-1.0481663,66,0,0.600358,0.0,0.0
69,ZERO,6,,69,7.8511224,5.580604,2.2705183,69,1,5.6299043,0.0,0.0
70,ZERO,6,,70,14.692188,7.192879,7.499309,70,1,1.782517,0.0,0.0
71,ZERO,6,,71,13.991505,4.683016,9.308489,71,1,-0.3272667,0.0,0.0
72,ZERO,6,,72,12.652593,11.380344,1.2722483,72,1,-0.0487051,0.0,0.0
73,ZERO,6,,73,14.321899,10.235905,4.0859947,73,1,0.18171501,0.0,0.0
74,ZERO,6,,74,11.119634,12.365184,-1.2455502,73,0,-0.9683819,0.0,0.0
75,ZERO,6,,75,9.769787,9.582312,0.1874752,75,1,3.7430573,0.0,0.0
76,ZERO,6,,76,12.557139,9.7977495,2.7593899,76,1,0.15005302,0.0,0.0
77,ZERO,6,,77,10.879608,9.467695,1.4119129,77,1,-0.6632929,0.0,0.0
78,ZERO,6,,78,14.608106,6.192058,8.416048,78,1,0.5458603,0.0,0.0
79,ZERO,6,,79,13.000625,7.3778353,5.6227894,79,1,2.337421,0.0,0.0
80,ZERO,6,,80,12.88175,6.524607,6.357143,80,1,1.3391895,0.0,0.0
81,ZERO,6,,81,11.688451,5.794967,5.8934836,81,1,2.5529294,0.0,0.0
82,ZERO,6,,82,12.172405,10.212909,1.9594965,82,1,0.8223896,0.0,0.0
83,ZERO,6,,83,13.315857,7.6549053,5.6609516,83,1,1.7897258,0.0,0.0
84,ZERO,6,,84,13.715384,3.6824105,10.032973,84,1,-0.3609438,0.0,0.0
85,ZERO,6,,85,10.166762,8.483478,1.6832848,85,1,-0.23451805,0.0,0.0
86,ZERO,6,,86,12.697829,10.480917,2.2169123,86,1,0.085261345,0.0,0.0
87,ZERO,6,,87,1.8579788,7.084205,-5.2262263,906,0,6.9698434,1.0,0.0
88,ZERO,6,,88,12.834738,7.232495,5.602243,88,1,2.8992124,0.0,0.0
89,ZERO,6,,89,13.020354,4.3607535,8.659601,89,1,0.70928955,0.0,0.0
90,ZERO,6,,90,13.827201,4.6781254,9.1490755,90,1,0.30429363,0.0,0.0
91,ZERO,6,,91,14.795146,5.2862663,9.50888,91,1,-0.096907616,0.0,0.0
92,ZERO,6,,92,14.758243,6.270532,8.487711,92,1,-2.593628,0.0,0.0
93,ZERO,6,,93,4.4211297,4.919652,-0.49852228,526,0,2.9795966,1.0,0.0
94,ZERO,6,,94,9.644089,12.201579,-2.5574903,95,0,0.6768446,0.0,0.0
95,ZERO,6,,95,13.550322,5.6610193,7.8893023,95,1,0.03046465,0.0,0.0
96,ZERO,6,,96,13.480747,6.3610287,7.1197186,96,1,-0.03334713,0.0,0.0
97,ZERO,6,,97,7.6169004,8.909287,-1.292387,98,0,0.2504921,0.0,0.0
98,ZERO,6,,98,14.313591,4.74959,9.564001,98,1,-0.23448658,0.0,0.0
99,ZERO,6,,99,11.479242,8.155982,3.3232603,99,1,0.018507957,0.0,0.0
100,ZERO,6,,100,13.857691,5.1179576,8.739733,100,1,0.3496933,0.0,0.0
101,ZERO,6,,101,10.503124,9.912115,0.59100914,101,1,0.90967464,0.0,0.0
102,ZERO,6,,102,13.356782,7.134423,6.222359,102,1,0.35818386,0.0,0.0
103,ZERO,6,,103,12.814865,7.0899973,5.724868,103,1,0.627491,0.0,0.0
104,ZERO,6,,104,8.953839,9.5718355,-0.6179962,379,0,0.44775295,0.0,0.0
105,ZERO,6,,105,13.674741,8.255954,5.418787,105,1,0.6038809,0.0,0.0
106,ZERO,6,,106,12.3905525,5.307985,7.0825677,106,1,2.5853581,0.0,0.0
107,ZERO,6,,107,13.127917,5.2710505,7.856867,107,1,1.7692909,0.0,0.0
108,ZERO,6,,108,10.339942,9.4519,0.88804245,108,1,0.19329357,0.0,0.0
109,ZERO,6,,109,1.2568535,3.694099,-2.4372454,38,0,2.4672837,1.0,0.0
110,ZERO,6,,110,14.045076,7.05673,6.9883466,110,1,1.7596946,0.0,0.0
111,ZERO,6,,111,14.876606,6.1462336,8.730372,111,1,0.5477505,0.0,0.0
112,ZERO,6,,112,1.4588463,4.4869924,-3.028146,818,0,1.9511182,0.0,0.0
113,ZERO,6,,113,13.906887,7.6894903,6.2173967,113,1,0.87823725,0.0,0.0
114,ZERO,6,,114,4.081314,6.884958,-2.8036437,827,0,-0.06592846,0.0,0.0
115,ZERO,6,,115,11.186005,9.046241,2.1397638,115,1,0.27097702,0.0,0.0
116,ZERO,6,,116,11.7623205,6.860977,4.9013433,116,1,1.1874666,0.0,0.0
117,ZERO,6,,117,11.207026,3.8841891,7.3228364,117,1,0.8849158,0.0,0.0
118,ZERO,6,,118,11.774161,7.918105,3.8560562,118,1,0.08024502,0.0,0.0
119,ZERO,6,,119,9.733133,8.239104,1.494029,119,1,2.3708816,0.0,0.0
120,ZERO,6,,120,13.357167,8.705577,4.6515903,120,1,0.5000725,0.0,0.0
121,ZERO,6,,121,12.531667,7.516132,5.015535,121,1,-0.6073222,0.0,0.0
122,ZERO,6,,122,8.09719,5.2113605,2.8858294,122,1,1.9661889,0.0,0.0
123,ZERO,6,,123,8.119871,10.840146,-2.720275,122,0,1.9533539,0.0,0.0
124,ZERO,6,,124,10.4914255,9.493588,0.99783707,124,1,-1.6466827,0.0,1.0
125,ZERO,6,,125,13.784952,6.370548,7.4144044,125,1,-0.4184656,0.0,0.0
126,ZERO,6,,126,2.6479876,7.4230723,-4.7750845,643,0,1.0052512,0.0,0.0
127,ZERO,6,,127,13.11304,10.853569,2.259471,127,1,0.42541695,0.0,0.0
128,ZERO,6,,128,11.90512,8.543638,3.3614817,128,1,0.5843649,0.0,0.0
129,ZERO,6,,129,13.6943035,4.9322186,8.762085,129,1,-0.035838127,0.0,0.0
130,ZERO,6,,130,11.829295,4.7702575,7.0590377,130,1,0.84503365,0.0,0.0
131,ZERO,6,,131,12.471254,9.252322,3.2189322,131,1,-0.95346546,0.0,0.0
132,ZERO,6,,132,10.638145,8.023858,2.6142874,132,1,0.82782364,0.0,0.0
133,ZERO,6,,133,13.282931,4.5609055,8.722026,133,1,0.5849495,0.0,0.0
134,ZERO,6,,134,11.787025,8.991087,2.7959385,134,1,0.061937332,0.0,0.0
135,ZERO,6,,135,11.346315,5.12899,6.217325,135,1,3.1480722,0.0,0.0
136,ZERO,6,,136,13.735504,8.620904,5.1146,136,1,1.8536177,0.0,0.0
137,ZERO,6,,137,12.936744,7.604298,5.3324456,137,1,1.0199156,0.0,0.0
138,ZERO,6,,138,13.570642,9.079631,4.4910116,138,1,-2.8747473,0.0,0.0
139,ZERO,6,,139,12.082393,5.2675633,6.8148293,139,1,-0.58339167,0.0,0.0
140,ZERO,6,,140,13.570963,8.1270075,5.4439554,140,1,-0.80901146,0.0,0.0
141,ZERO,6,,141,12.98092,6.7481837,6.232736,141,1,1.0072508,0.0,0.0
142,ZERO,6,,142,12.21321,6.8269377,5.3862724,142,1,1.2268095,0.0,0.0
143,ZERO,6,,143,13.748662,5.5010023,8.24766,143,1,0.15950584,0.0,0.0
144,ZERO,6,,144,8.063872,11.122641,-3.0587683,146,0,-0.5900564,0.0,0.0
145,ZERO,6,,145,6.812675,4.3594623,2.4532127,145,1,-1.5264735,0.0,0.0
146,ZERO,6,,146,11.030033,4.3784714,6.6515617,146,1,2.350171,0.0,0.0
147,ZERO,6,,147,12.86685,4.9819593,7.8848906,147,1,0.9085703,0.0,0.0
148,ZERO,6,,148,13.046992,5.6961064,7.350886,148,1,0.23325777,0.0,0.0
149,ZERO,6,,149,8.920135,7.0264654,1.8936691,149,1,6.7747326,0.0,0.0
150,ZERO,6,,150,5.438098,5.779531,-0.34143305,349,0,7.1443815,1.0,0.0
151,ZERO,6,,151,8.823743,9.637139,-0.81339645,162,0,-1.3649035,0.0,0.0
152,ZERO,6,,152,12.977716,8.528732,4.448984,152,1,1.1117449,0.0,0.0
153,ZERO,6,,153,9.635993,10.244574,-0.6085806,204,0,1.63309,1.0,0.0
154,ZERO,6,,154,13.858825,6.042871,7.8159537,154,1,0.23468065,0.0,0.0
155,ZERO,6,,155,10.648266,10.62623,0.022035599,155,1,-1.5539322,0.0,1.0
156,ZERO,6,,156,10.6920395,9.812778,0.879261,156,1,0.40630722,0.0,0.0
157,ZERO,6,,157,12.325287,6.8178787,5.507408,157,1,-1.3734703,0.0,0.0
158,ZERO,6,,158,9.870903,10.924737,-1.053834,237,0,1.0742626,1.0,0.0
159,ZERO,6,,159,13.710041,8.7726,4.937441,159,1,0.6229477,0.0,0.0
160,ZERO,6,,160,13.475062,6.1818175,7.293245,160,1,0.963532,0.0,0.0
161,ZERO,6,,161,13.542718,8.676483,4.866235,161,1,1.0700111,0.0,0.0
162,ZERO,6,,162,12.835416,8.490051,4.3453646,162,1,-0.9777384,0.0,0.0
163,ZERO,6,,163,8.39202,7.783014,0.6090064,163,1,1.0592494,0.0,0.0
164,ZERO,6,,164,12.045118,10.398389,1.6467295,164,1,0.87932396,0.0,0.0
165,ZERO,6,,165,14.448749,7.5972567,6.851492,165,1,0.18069124,0.0,0.0
166,ZERO,6,,166,8.6405115,7.65184,0.9886713,166,1,-2.9699922,0.0,1.0
167,ZERO,6,,167,9.331492,12.923125,-3.5916328,164,0,0.32027912,0.0,0.0
168,ZERO,6,,168,11.160743,9.103301,2.0574417,168,1,-1.4598217,0.0,0.0
169,ZERO,6,,169,14.342605,7.2555046,7.0871,169,1,0.107233524,0.0,0.0
170,ZERO,6,,170,12.0337715,10.264003,1.7697687,170,1,-0.20819569,0.0,0.0
171,ZERO,6,,171,12.69154,10.811544,1.8799953,171,1,3.4564238,0.0,0.0
172,ZERO,6,,172,12.576977,8.181472,4.395505,172,1,1.3952951,0.0,0.0
173,ZERO,6,,173,11.945757,5.5256634,6.4200935,173,1,2.5473995,0.0,0.0
174,ZERO,6,,174,10.096949,7.7553253,2.3416233,174,1,-0.8471918,0.0,0.0
175,ZERO,6,,175,10.31167,10.665015,-0.35334492,202,0,0.6298952,1.0,0.0
176,ZERO,6,,176,10.983414,12.891874,-1.9084606,172,0,-2.4414778,0.0,0.0
177,ZERO,6,,177,11.296947,11.618648,-0.32170105,170,0,0.039653778,0.0,0.0
178,ZERO,6,,178,13.870583,8.54941,5.3211727,178,1,-0.15827751,0.0,0.0
179,ZERO,6,,179,8.940085,9.918749,-0.97866344,180,0,1.1403008,1.0,0.0
180,ZERO,6,,180,10.520848,10.280127,0.2407217,180,1,1.5585928,0.0,0.0
181,ZERO,6,,181,12.813138,8.192843,4.6202946,181,1,1.7560859,0.0,0.0
182,ZERO,6,,182,12.251949,7.4336753,4.818274,182,1,1.8218188,0.0,0.0
183,ZERO,6,,183,14.213631,6.41833,7.7953005,183,1,-0.46814108,0.0,0.0
184,ZERO,6,,184,14.6086855,6.804187,7.8044987,184,1,0.69764996,0.0,0.0
185,ZERO,6,,185,12.041484,8.6970215,3.3444624,185,1,0.96279716,0.0,0.0
186,ZERO,6,,186,12.676504,10.657335,2.0191689,186,1,0.5602331,0.0,0.0
187,ZERO,6,,187,9.805645,8.756465,1.04918,187,1,0.5478449,0.0,0.0
188,ZERO,6,,188,14.438251,10.481185,3.9570656,188,1,-0.82036114,0.0,0.0
189,ZERO,6,,189,11.617095,11.864833,-0.24773788,188,0,1.4696884,1.0,0.0
190,ZERO,6,,190,9.669532,11.866939,-2.1974068,188,0,5.1049156,1.0,0.0
191,ZERO,6,,191,11.641627,11.362479,0.2791481,191,1,1.7054491,0.0,0.0
192,ZERO,6,,192,1.5259697,4.4069934,-2.8810236,544,0,-0.7792256,0.0,0.0
193,ZERO,6,,193,13.776677,10.15271,3.6239672,193,1,2.6102505,0.0,0.0
194,ZERO,6,,194,13.652471,8.393951,5.258519,194,1,1.6760335,0.0,0.0
195,ZERO,6,,195,13.218572,7.664135,5.5544367,195,1,-0.38238,0.0,0.0
196,ZERO,6,,196,8.379889,14.83916,-6.4592714,198,0,-0.054445267,0.0,0.0
197,ZERO,6,,197,7.125423,7.2536983,-0.1282754,199,0,1.7868161,1.0,0.0
198,ZERO,6,,198,13.192898,11.292532,1.9003658,198,1,0.3737011,0.0,0.0
199,ZERO,6,,199,8.829963,9.505655,-0.67569256,197,0,-0.46921635,0.0,0.0
200,ZERO,6,,200,13.155022,9.954177,3.2008448,200,1,-0.6983366,0.0,0.0
201,ZERO,6,,201,10.494638,12.265487,-1.7708483,187,0,1.2306013,0.0,0.0
202,ZERO,6,,202,11.400618,10.506032,0.8945856,202,1,1.0036001,0.0,0.0
203,ZERO,6,,203,5.262774,6.5200233,-1.2572494,811,0,-0.23132229,0.0,0.0
204,ZERO,6,,204,10.033266,11.131794,-1.0985279,200,0,-0.39697742,0.0,0.0
205,ZERO,6,,205,9.839905,7.3391156,2.5007892,205,1,1.8467927,0.0,0.0
206,ZERO,6,,206,11.451568,8.262585,3.188983,206,1,0.804656,0.0,0.0
207,ZERO,6,,207,11.358843,6.532757,4.826086,207,1,0.48760176,0.0,0.0
208,ZERO,6,,208,3.9165766,7.1775894,-3.2610128,260,0,-3.9295676,0.0,0.0
209,ZERO,6,,209,10.285958,8.374058,1.9119005,209,1,3.4178085,0.0,0.0
210,ZERO,6,,210,12.432121,5.5369177,6.8952036,210,1,0.67300797,0.0,0.0
211,ZERO,6,,211,12.75552,5.706735,7.0487847,211,1,0.0106368065,0.0,0.0
212,ZERO,6,,212,13.101008,5.214682,7.8863263,212,1,1.0197635,0.0,0.0
213,ZERO,6,,213,5.9645476,9.339185,-3.3746371,218,0,0.42697477,0.0,0.0
214,ZERO,6,,214,11.626824,6.650445,4.9763794,214,1,2.8942256,0.0,0.0
215,ZERO,6,,215,14.484138,9.455708,5.02843,215,1,0.20894909,0.0,0.0
216,ZERO,6,,216,12.817816,5.944846,6.8729696,216,1,0.4313283,0.0,0.0
217,ZERO,6,,217,8.065242,8.187122,-0.12188053,267,0,5.201573,1.0,0.0
218,ZERO,6,,218,14.303863,8.367485,5.9363775,218,1,-0.2786169,0.0,0.0
219,ZERO,6,,219,11.094386,7.89008,3.2043061,219,1,2.075913,0.0,0.0
220,ZERO,6,,220,14.4236355,9.323766,5.0998697,220,1,0.6362686,0.0,0.0
221,ZERO,6,,221,9.444492,7.5656624,1.87883,221,1,1.8704128,0.0,0.0
222,ZERO,6,,222,10.279592,8.1584835,2.121108,222,1,4.1044984,0.0,0.0
223,ZERO,6,,223,13.269173,4.6983504,8.570822,223,1,-1.0590038,0.0,0.0
224,ZERO,6,,224,13.100989,7.8165774,5.284412,224,1,3.4877877,0.0,0.0
225,ZERO,6,,225,13.065841,6.654139,6.4117017,225,1,0.15413284,0.0,0.0
226,ZERO,6,,226,1.5881466,5.9428864,-4.3547397,211,0,-0.18652582,0.0,0.0
227,ZERO,6,,227,8.513496,7.052613,1.4608836,227,1,1.2902093,0.0,0.0
228,ZERO,6,,228,13.904172,5.435152,8.46902,228,1,0.06663895,0.0,0.0
229,ZERO,6,,229,13.376503,8.535861,4.840642,229,1,1.6312432,0.0,0.0
230,ZERO,6,,230,3.9751248,5.803415,-1.82829,200,0,-2.4923515,0.0,0.0
231,ZERO,6,,231,8.5416765,13.508002,-4.9663258,230,0,0.46376896,0.0,0.0
232,ZERO,6,,232,10.526688,8.676471,1.8502169,232,1,0.19065666,0.0,0.0
233,ZERO,6,,233,13.411491,7.611408,5.800083,233,1,1.6651688,0.0,0.0
234,ZERO,6,,234,8.355738,10.136516,-1.7807779,240,0,2.4501724,1.0,0.0
235,ZERO,6,,235,8.298025,9.903148,-1.6051226,174,0,1.8962193,1.0,0.0
236,ZERO,6,,236,11.173549,10.835201,0.33834743,236,1,0.39810276,0.0,0.0
237,ZERO,6,,237,12.739141,10.553318,2.1858234,237,1,1.4349012,0.0,0.0
238,ZERO,6,,238,13.597975,11.414496,2.1834784,238,1,-0.3978014,0.0,0.0
239,ZERO,6,,239,11.624536,9.3064575,2.318078,239,1,-0.9642105,0.0,0.0
240,ZERO,6,,240,12.02685,12.821852,-0.795002,238,0,-2.1374912,0.0,0.0
241,ZERO,6,,241,11.497512,10.86315,0.6343622,241,1,0.8371401,0.0,0.0
242,ZERO,6,,242,12.146533,7.578817,4.567716,242,1,0.27225924,0.0,0.0
243,ZERO,6,,243,14.722477,9.375682,5.346795,243,1,-1.2061043,0.0,0.0
244,ZERO,6,,244,13.717104,9.768069,3.9490347,244,1,-0.3024683,0.0,0.0
245,ZERO,6,,245,12.554102,7.8931923,4.6609097,245,1,-0.30727863,0.0,0.0
246,ZERO,6,,246,6.7015285,8.801903,-2.1003742,251,0,1.4364824,0.0,0.0
247,ZERO,6,,247,13.372856,4.426862,8.945994,247,1,-0.14504719,0.0,0.0
248,ZERO,6,,248,11.949576,11.274179,0.6753969,248,1,0.119888306,0.0,0.0
249,ZERO,6,,249,14.311911,8.26865,6.0432606,249,1,0.61937714,0.0,0.0
250,ZERO,6,,250,12.666005,13.365206,-0.69920063,249,0,0.3589716,0.0,0.0
251,ZERO,6,,251,9.289057,6.413359,2.8756976,251,1,3.6665769,0.0,0.0
252,ZERO,6,,252,13.544303,8.180249,5.3640537,252,1,0.31935692,0.0,0.0
253,ZERO,6,,253,13.827651,5.5066047,8.321047,253,1,1.4511843,0.0,0.0
254,ZERO,6,,254,12.708665,6.7656918,5.942973,254,1,0.07342768,0.0,0.0
255,ZERO,6,,255,13.282726,5.3662677,7.9164586,255,1,0.8151965,0.0,0.0
256,ZERO,6,,256,11.453356,10.33582,1.1175356,256,1,-0.72184086,0.0,0.0
257,ZERO,6,,257,10.474659,7.9125514,2.5621076,257,1,1.0666137,0.0,0.0
258,ZERO,6,,258,12.884499,9.637493,3.2470055,258,1,2.139494,0.0,0.0
259,ZERO,6,,259,12.858755,7.9319234,4.9268317,259,1,-1.1976352,0.0,0.0
260,ZERO,6,,260,8.265929,7.42301,0.84291935,260,1,3.0578294,0.0,0.0
261,ZERO,6,,261,12.977484,7.5772266,5.400257,261,1,0.13387585,0.0,0.0
262,ZERO,6,,262,10.031997,5.641756,4.3902407,262,1,2.2812252,0.0,0.0
263,ZERO,6,,263,11.131463,10.681652,0.44981098,263,1,0.4351015,0.0,0.0
264,ZERO,6,,264,9.474795,6.00769,3.4671054,264,1,4.144935,0.0,0.0
265,ZERO,6,,265,-0.485494,5.8748965,-6.3603907,522,0,-1.18152,0.0,0.0
266,ZERO,6,,266,12.569165,12.116309,0.45285606,266,1,-0.98664,0.0,1.0
267,ZERO,6,,267,14.259289,6.509152,7.750137,267,1,-0.18974018,0.0,0.0
268,ZERO,6,,268,13.216203,5.9832826,7.23292,268,1,0.050167084,0.0,0.0
269,ZERO,6,,269,10.471927,10.012647,0.45928,269,1,0.8097954,0.0,0.0
270,ZERO,6,,270,13.796059,9.877123,3.9189358,270,1,-0.6602173,0.0,0.0
271,ZERO,6,,271,6.5864863,15.15714,-8.570654,274,0,-0.7561302,0.0,0.0
272,ZERO,6,,272,11.48233,10.2961645,1.1861658,272,1,0.10969162,0.0,0.0
273,ZERO,6,,273,11.286201,6.8699436,4.416257,273,1,0.124266624,0.0,0.0
274,ZERO,6,,274,15.269741,6.716583,8.553158,274,1,0.09866905,0.0,0.0
275,ZERO,6,,275,12.512515,7.463065,5.04945,275,1,0.26769066,0.0,0.0
276,ZERO,6,,276,11.175498,8.1721735,3.0033245,276,1,0.85501003,0.0,0.0
277,ZERO,6,,277,9.039565,10.809477,-1.7699118,278,0,-0.428751,0.0,0.0
278,ZERO,6,,278,10.822035,12.36283,-1.5407953,279,0,-0.1317997,0.0,0.0
279,ZERO,6,,279,13.425862,6.4603124,6.96555,279,1,-0.23040628,0.0,0.0
280,ZERO,6,,280,14.427345,7.8032804,6.624065,280,1,-0.48681545,0.0,0.0
281,ZERO,6,,281,9.310044,9.092542,0.2175026,281,1,0.4355955,0.0,0.0
282,ZERO,6,,282,9.768808,11.0778675,-1.3090591,285,0,-1.49195,0.0,0.0
283,ZERO,6,,283,11.553613,8.097955,3.455658,283,1,2.4436307,0.0,0.0
284,ZERO,6,,284,12.350022,5.303649,7.0463734,284,1,-1.4677734,0.0,0.0
285,ZERO,6,,285,11.121049,7.5282264,3.5928226,285,1,-1.916614,0.0,0.0
286,ZERO,6,,286,13.848496,6.164063,7.6844335,286,1,-0.41323853,0.0,0.0
287,ZERO,6,,287,13.933006,4.196114,9.736893,287,1,1.106327,0.0,0.0
288,ZERO,6,,288,13.261101,9.251372,4.0097284,288,1,0.31644344,0.0,0.0
289,ZERO,6,,289,12.594073,9.518538,3.0755348,289,1,-0.2495451,0.0,0.0
290,ZERO,6,,290,11.616367,12.319726,-0.70335865,288,0,2.7304602,1.0,0.0
291,ZERO,6,,291,8.60402,4.879621,3.724399,291,1,2.4498835,0.0,0.0
292,ZERO,6,,292,10.194232,8.062705,2.131527,292,1,0.24030018,0.0,0.0
293,ZERO,6,,293,12.984681,5.662723,7.321958,293,1,0.3765297,0.0,0.0
294,ZERO,6,,294,13.149357,5.855495,7.293862,294,1,1.4911666,0.0,0.0
295,ZERO,6,,295,13.362211,10.334117,3.0280943,295,1,0.5729389,0.0,0.0
296,ZERO,6,,296,10.943093,6.2481437,4.6949496,296,1,1.668282,0.0,0.0
297,ZERO,6,,297,13.81587,5.7138085,8.102062,297,1,1.748373,0.0,0.0
298,ZERO,6,,298,7.584146,6.8429704,0.74117565,298,1,-2.7725887,0.0,1.0
299,ZERO,6,,299,9.385329,8.857767,0.52756214,299,1,-3.396277,0.0,1.0
300,ZERO,6,,300,13.172578,8.400041,4.772537,300,1,-0.2604437,0.0,0.0
301,ZERO,6,,301,13.174848,8.338654,4.836194,301,1,0.09658241,0.0,0.0
302,ZERO,6,,302,8.498617,11.90676,-3.408143,303,0,-0.0016002655,0.0,0.0
303,ZERO,6,,303,11.941538,9.877584,2.0639534,303,1,2.345737,0.0,0.0
304,ZERO,6,,304,12.96391,10.220582,2.743328,304,1,-0.82989407,0.0,0.0
305,ZERO,6,,305,5.9396777,7.8790593,-1.9393816,116,0,6.1822014,1.0,0.0
306,ZERO,6,,306,14.300975,5.68382,8.617155,306,1,0.95340824,0.0,0.0
307,ZERO,6,,307,13.283609,6.6216764,6.661933,307,1,-0.2192111,0.0,0.0
308,ZERO,6,,308,10.910121,8.544916,2.3652048,308,1,-1.5632105,0.0,0.0
309,ZERO,6,,309,12.774603,6.171245,6.603358,309,1,-0.123067856,0.0,0.0
310,ZERO,6,,310,11.8729315,9.889987,1.9829445,310,1,0.76404953,0.0,0.0
311,ZERO,6,,311,13.660841,11.192648,2.468193,311,1,0.7829256,0.0,0.0
312,ZERO,6,,312,11.7606325,6.58318,5.1774526,312,1,0.4844365,0.0,0.0
313,ZERO,6,,313,12.835671,10.638766,2.1969051,313,1,0.6558943,0.0,0.0
314,ZERO,6,,314,12.529498,7.5545793,4.974919,314,1,-0.4143014,0.0,0.0
315,ZERO,6,,315,9.943067,6.8105917,3.132475,315,1,-1.9410505,0.0,0.0
316,ZERO,6,,316,10.977599,4.697336,6.280263,316,1,2.2886515,0.0,0.0
317,ZERO,6,,317,4.6050453,13.878235,-9.27319,318,0,-0.9881649,0.0,0.0
318,ZERO,6,,318,13.739847,6.9467535,6.7930937,318,1,2.0746841,0.0,0.0
319,ZERO,6,,319,13.398318,8.412632,4.9856863,319,1,0.13592052,0.0,0.0
320,ZERO,6,,320,13.418196,10.729174,2.689022,320,1,-0.14835167,0.0,0.0
321,ZERO,6,,321,12.732643,7.5546656,5.1779776,321,1,2.041707,0.0,0.0
322,ZERO,6,,322,14.090023,7.1764293,6.913594,322,1,0.74036646,0.0,0.0
323,ZERO,6,,323,13.255074,6.5335264,6.721547,323,1,0.83492327,0.0,0.0
324,ZERO,6,,324,12.1756,7.9281836,4.2474165,324,1,2.3798208,0.0,0.0
325,ZERO,6,,325,13.251909,6.7205505,6.5313587,325,1,-0.16677189,0.0,0.0
326,ZERO,6,,326,12.854673,8.501526,4.3531475,326,1,0.7736912,0.0,0.0
327,ZERO,6,,327,10.662476,8.498048,2.1644278,327,1,4.8663645,0.0,0.0
328,ZERO,6,,328,10.6054945,9.459792,1.1457024,328,1,4.787459,0.0,0.0
329,ZERO,6,,329,6.1583633,4.82551,1.3328533,329,1,3.1684155,0.0,0.0
330,ZERO,6,,330,13.443544,10.948864,2.4946804,330,1,0.070248604,0.0,0.0
331,ZERO,6,,331,14.466887,6.534044,7.9328437,331,1,-0.20131922,0.0,0.0
332,ZERO,6,,332,14.374326,5.8855557,8.48877,332,1,-0.14677238,0.0,0.0
333,ZERO,6,,333,13.34717,5.7912617,7.555908,333,1,0.37864733,0.0,0.0
334,ZERO,6,,334,6.976142,13.530653,-6.554511,102,0,-0.25927877,0.0,0.0
335,ZERO,6,,335,10.310702,5.757318,4.5533843,335,1,1.8544326,0.0,0.0
336,ZERO,6,,336,7.2420425,7.520729,-0.27868652,350,0,-0.88995457,0.0,0.0
337,ZERO,6,,337,4.7622647,13.872784,-9.110519,334,0,-0.69745445,0.0,0.0
338,ZERO,6,,338,2.246432,7.7154045,-5.468972,268,0,-2.0409079,0.0,0.0
339,ZERO,6,,339,11.487523,6.7895865,4.6979365,339,1,1.4149022,0.0,0.0
340,ZERO,6,,340,12.991773,6.710758,6.2810144,340,1,0.35113287,0.0,0.0
341,ZERO,6,,341,1.4564306,9.013982,-7.5575514,155,0,4.3865366,0.0,0.0
342,ZERO,6,,342,13.610344,12.722016,0.8883276,342,1,-0.40906048,0.0,0.0
343,ZERO,6,,343,11.989802,6.8148713,5.174931,343,1,-0.56434107,0.0,0.0
344,ZERO,6,,344,11.256502,4.133488,7.123014,344,1,0.3813696,0.0,0.0
345,ZERO,6,,345,11.54885,14.408516,-2.8596659,690,0,-0.1300335,0.0,0.0
346,ZERO,6,,346,12.49019,9.348422,3.1417675,346,1,1.4320078,0.0,0.0
347,ZERO,6,,347,12.285909,8.544096,3.7418127,347,1,0.36587906,0.0,0.0
348,ZERO,6,,348,5.629579,7.151083,-1.5215039,355,0,-0.19540453,0.0,0.0
349,ZERO,6,,349,12.889273,12.467484,0.42178822,349,1,2.5960512,0.0,0.0
350,ZERO,6,,350,10.974237,7.311597,3.6626406,350,1,2.97647,0.0,0.0
351,ZERO,6,,351,12.017387,5.5750265,6.442361,351,1,0.06021595,0.0,0.0
352,ZERO,6,,352,11.995914,10.560035,1.4358797,352,1,1.8579226,0.0,0.0
353,ZERO,6,,353,11.560735,9.373376,2.1873589,353,1,-0.41732407,0.0,0.0
354,ZERO,6,,354,12.960446,5.1987906,7.761656,354,1,0.83129215,0.0,0.0
355,ZERO,6,,355,11.271838,6.2444434,5.027395,355,1,2.0268946,0.0,0.0
356,ZERO,6,,356,14.70135,11.332371,3.3689795,356,1,-0.24330425,0.0,0.0
357,ZERO,6,,357,2.757847,7.404472,-4.6466246,979,0,0.22767067,0.0,0.0
358,ZERO,6,,358,9.161733,12.886462,-3.7247295,356,0,0.5653658,0.0,0.0
359,ZERO,6,,359,10.49644,9.86265,0.63379,359,1,-0.40113163,0.0,0.0
360,ZERO,6,,360,5.3551497,5.9691086,-0.61395884,150,0,-0.5031829,0.0,0.0
361,ZERO,6,,361,7.5129685,4.193678,3.3192906,361,1,-1.3046384,0.0,0.0
362,ZERO,6,,362,14.620656,6.753353,7.867303,362,1,-0.19740677,0.0,0.0
363,ZERO,6,,363,14.830401,3.363428,11.466973,363,1,0.63348293,0.0,0.0
364,ZERO,6,,364,14.2209835,5.4815526,8.739431,364,1,0.55962753,0.0,0.0
365,ZERO,6,,365,13.088492,6.254312,6.8341804,365,1,-0.2695961,0.0,0.0
366,ZERO,6,,366,13.491447,7.8382525,5.653195,366,1,-0.16363382,0.0,0.0
367,ZERO,6,,367,9.609489,7.21006,2.3994293,367,1,-0.051816463,0.0,0.0
368,ZERO,6,,368,11.381154,8.754844,2.6263103,368,1,4.502624,0.0,0.0
369,ZERO,6,,369,13.03182,9.948171,3.0836496,369,1,0.42311,0.0,0.0
370,ZERO,6,,370,9.880645,6.6280627,3.252582,370,1,2.649774,0.0,0.0
371,ZERO,6,,371,10.342222,13.611845,-3.2696228,370,0,0.6012678,0.0,0.0
372,ZERO,6,,372,7.0006266,8.110423,-1.1097965,371,0,-1.0184841,0.0,0.0
373,ZERO,6,,373,9.04787,9.348335,-0.30046558,380,0,0.31907654,1.0,0.0
374,ZERO,6,,374,12.279629,7.6402283,4.6394005,374,1,0.21528435,0.0,0.0
375,ZERO,6,,375,12.315801,8.032993,4.2828074,375,1,-0.20321655,0.0,0.0
376,ZERO,6,,376,10.168387,3.747509,6.4208784,376,1,1.4284391,0.0,0.0
377,ZERO,6,,377,10.373435,9.616964,0.7564707,377,1,0.67816544,0.0,0.0
378,ZERO,6,,378,13.011747,10.399153,2.6125946,378,1,-0.8331137,0.0,0.0
379,ZERO,6,,379,13.049587,10.442518,2.607069,379,1,-0.37339687,0.0,0.0
380,ZERO,6,,380,12.494269,8.6858015,3.8084679,380,1,-0.24571133,0.0,0.0
381,ZERO,6,,381,10.467117,8.76552,1.7015972,381,1,0.8727312,0.0,0.0
382,ZERO,6,,382,10.100434,11.642318,-1.5418835,380,0,0.56392956,0.0,0.0
383,ZERO,6,,383,9.764906,11.571538,-1.806632,384,0,0.4479332,0.0,0.0
384,ZERO,6,,384,14.476362,6.7363915,7.7399707,384,1,0.25533772,0.0,0.0
385,ZERO,6,,385,11.187605,11.035624,0.15198135,385,1,0.52086544,0.0,0.0
386,ZERO,6,,386,12.745451,10.70376,2.0416908,386,1,-1.3656836,0.0,0.0
387,ZERO,6,,387,13.0910845,5.746353,7.3447313,387,1,0.08715439,0.0,0.0
388,ZERO,6,,388,12.736254,6.076081,6.660173,388,1,1.0722885,0.0,0.0
389,ZERO,6,,389,13.308559,9.852669,3.4558907,389,1,0.38097095,0.0,0.0
390,ZERO,6,,390,13.353992,7.0033097,6.3506827,390,1,0.9400935,0.0,0.0
391,ZERO,6,,391,11.893097,7.590336,4.302761,391,1,-1.0633097,0.0,0.0
392,ZERO,6,,392,13.935506,4.627427,9.308079,392,1,0.049713135,0.0,0.0
393,ZERO,6,,393,11.342177,9.655438,1.686739,393,1,0.69353867,0.0,0.0
394,ZERO,6,,394,2.1800494,7.451527,-5.2714777,103,0,-0.053826332,0.0,0.0
395,ZERO,6,,395,11.068457,12.178079,-1.109622,389,0,1.9426823,1.0,0.0
396,ZERO,6,,396,12.837083,5.600682,7.236401,396,1,0.66516113,0.0,0.0
397,ZERO,6,,397,2.9635262,13.142278,-10.178751,396,0,-0.12584591,0.0,0.0
398,ZERO,6,,398,12.832397,3.4006526,9.431745,398,1,2.235402,0.0,0.0
399,ZERO,6,,399,12.942741,7.468845,5.4738965,399,1,1.3849211,0.0,0.0
400,ZERO,6,,400,12.716221,12.889944,-0.17372322,667,0,-0.09328556,0.0,0.0
401,ZERO,6,,401,14.933743,6.558041,8.375702,401,1,0.5732784,0.0,0.0
402,ZERO,6,,402,12.216399,5.507009,6.70939,402,1,0.5453057,0.0,0.0
403,ZERO,6,,403,12.378308,8.407092,3.9712162,403,1,1.6324749,0.0,0.0
404,ZERO,6,,404,13.450203,9.138401,4.311802,404,1,0.24567604,0.0,0.0
405,ZERO,6,,405,14.825756,5.8398905,8.985866,405,1,-0.54779434,0.0,0.0
406,ZERO,6,,406,6.7188582,12.043338,-5.3244796,884,0,-0.43821144,0.0,0.0
407,ZERO,6,,407,14.418836,7.3911033,7.0277324,407,1,1.5495763,0.0,0.0
408,ZERO,6,,408,7.1058946,11.808806,-4.702912,586,0,-1.209434,0.0,0.0
409,ZERO,6,,409,5.1207275,4.9165907,0.20413685,409,1,-5.3746243,0.0,1.0
410,ZERO,6,,410,13.555091,10.798672,2.7564192,410,1,0.18520355,0.0,0.0
411,ZERO,6,,411,13.68383,5.464828,8.219002,411,1,-0.42694044,0.0,0.0
412,ZERO,6,,412,11.254222,8.213461,3.040761,412,1,-0.2682104,0.0,0.0
413,ZERO,6,,413,13.065743,11.732027,1.3337164,413,1,0.9826307,0.0,0.0
414,ZERO,6,,414,14.68864,6.980455,7.7081847,414,1,-0.35240126,0.0,0.0
415,ZERO,6,,415,4.629974,7.2705903,-2.6406164,860,0,0.1624546,0.0,0.0
416,ZERO,6,,416,14.137918,7.4853454,6.652573,416,1,-0.010127544,0.0,0.0
417,ZERO,6,,417,13.729181,6.5926237,7.1365576,417,1,0.9383068,0.0,0.0
418,ZERO,6,,418,10.75753,6.161747,4.595783,418,1,0.8243551,0.0,0.0
419,ZERO,6,,419,12.009391,5.461315,6.5480757,419,1,2.2884445,0.0,0.0
420,ZERO,6,,420,12.638748,4.7459316,7.8928165,420,1,0.55067635,0.0,0.0
421,ZERO,6,,421,5.9210095,8.044879,-2.1238694,450,0,4.195376,1.0,0.0
422,ZERO,6,,422,14.401925,11.220216,3.1817093,422,1,5.019964,0.0,0.0
423,ZERO,6,,423,1.8367072,3.969445,-2.1327376,545,0,1.7286925,0.0,0.0
424,ZERO,6,,424,4.7901645,6.488826,-1.6986613,627,0,0.020742893,0.0,0.0
425,ZERO,6,,425,12.716654,6.69131,6.025344,425,1,1.0135827,0.0,0.0
426,ZERO,6,,426,15.172465,5.5193515,9.653114,426,1,0.6605568,0.0,0.0
427,ZERO,6,,427,8.945365,12.384579,-3.4392138,469,0,0.36002445,0.0,0.0
428,ZERO,6,,428,12.007157,3.896274,8.110884,428,1,-0.51963377,0.0,0.0
429,ZERO,6,,429,14.561097,7.222113,7.338984,429,1,0.34254074,0.0,0.0
430,ZERO,6,,430,14.130675,4.900387,9.2302885,430,1,0.48636723,0.0,0.0
431,ZERO,6,,431,8.619172,5.4460645,3.1731076,431,1,1.352962,0.0,0.0
432,ZERO,6,,432,8.973234,11.495669,-2.5224352,683,0,0.60969067,0.0,0.0
433,ZERO,6,,433,2.2263136,6.5515895,-4.325276,917,0,2.1275263,0.0,0.0
434,ZERO,6,,434,2.0185614,6.16038,-4.1418185,775,0,-1.8157468,0.0,0.0
435,ZERO,6,,435,7.312273,6.745737,0.56653595,435,1,0.0043354034,0.0,0.0
436,ZERO,6,,436,5.366028,6.480002,-1.1139741,660,0,-0.91328335,0.0,0.0
437,ZERO,6,,437,10.942109,11.517135,-0.57502556,460,0,-0.09055805,0.0,0.0
438,ZERO,6,,438,7.0595784,6.858447,0.20113134,438,1,2.2162066,0.0,0.0
439,ZERO,6,,439,15.317265,6.256339,9.0609255,439,1,0.14983559,0.0,0.0
440,ZERO,6,,440,9.3364935,8.240806,1.0956879,440,1,3.6772876,0.0,0.0
441,ZERO,6,,441,13.24337,6.8001823,6.4431877,441,1,0.4030676,0.0,0.0
442,ZERO,6,,442,9.173291,10.018352,-0.84506035,663,0,1.356699,1.0,0.0
443,ZERO,6,,443,12.766625,4.6514087,8.115217,443,1,1.556941,0.0,0.0
444,ZERO,6,,444,5.5114965,9.22686,-3.7153635,665,0,1.3794789,0.0,0.0
445,ZERO,6,,445,11.979443,10.533838,1.4456043,445,1,1.4760208,0.0,0.0
446,ZERO,6,,446,12.619486,9.984555,2.6349306,446,1,0.3504877,0.0,0.0
447,ZERO,6,,447,6.1568437,4.7723675,1.3844762,447,1,0.98140097,0.0,0.0
448,ZERO,6,,448,11.070533,5.7171063,5.3534265,448,1,1.6890655,0.0,0.0
449,ZERO,6,,449,10.29053,6.614232,3.6762981,449,1,0.95556736,0.0,0.0
450,ZERO,6,,450,10.708675,9.257544,1.4511318,450,1,3.7038646,0.0,0.0
451,ZERO,6,,451,4.000668,6.329472,-2.328804,488,0,4.427989,1.0,0.0
452,ZERO,6,,452,8.908794,5.9068604,3.001934,452,1,-1.7368293,0.0,0.0
453,ZERO,6,,453,13.842251,7.872409,5.969842,453,1,-0.15754938,0.0,0.0
454,ZERO,6,,454,3.4267848,7.452246,-4.025461,860,0,-0.11005306,0.0,0.0
455,ZERO,6,,455,15.269715,5.6256742,9.644041,455,1,0.3288498,0.0,0.0
456,ZERO,6,,456,15.84876,3.3814442,12.467316,456,1,0.044805527,0.0,0.0
457,ZERO,6,,457,9.040442,8.656785,0.38365746,457,1,3.1226025,0.0,0.0
458,ZERO,6,,458,10.049762,4.1704,5.8793616,458,1,0.22272825,0.0,0.0
459,ZERO,6,,459,4.3300953,5.3256693,-0.995574,587,0,-0.8190286,0.0,0.0
460,ZERO,6,,460,9.191717,11.161838,-1.9701204,975,0,1.1787615,0.0,0.0
461,ZERO,6,,461,4.6858954,9.9692135,-5.283318,917,0,-1.9068804,0.0,0.0
462,ZERO,6,,462,9.880332,8.959067,0.92126465,462,1,1.1391368,0.0,0.0
463,ZERO,6,,463,4.7721977,8.090687,-3.318489,876,0,1.3057985,0.0,0.0
464,ZERO,6,,464,4.368456,5.856402,-1.487946,699,0,1.7598486,1.0,0.0
465,ZERO,6,,465,4.7373047,5.6202397,-0.88293505,841,0,1.6892276,1.0,0.0
466,ZERO,6,,466,5.1778417,4.972749,0.20509243,466,1,1.5693626,0.0,0.0
467,ZERO,6,,467,9.849124,7.0059953,2.8431287,467,1,2.3529706,0.0,0.0
468,ZERO,6,,468,8.177179,5.721316,2.4558635,468,1,1.2279501,0.0,0.0
469,ZERO,6,,469,14.734576,5.3704696,9.364107,469,1,0.27293396,0.0,0.0
470,ZERO,6,,470,3.1837707,6.2534475,-3.0696769,762,0,-2.7764945,0.0,0.0
471,ZERO,6,,471,2.4110556,8.692035,-6.280979,915,0,1.2685966,0.0,0.0
472,ZERO,6,,472,15.057187,6.5701385,8.487049,472,1,-0.0023727417,0.0,0.0
473,ZERO,6,,473,10.112553,6.7120233,3.4005294,473,1,-0.3128357,0.0,0.0
474,ZERO,6,,474,12.666207,6.9231057,5.7431016,474,1,-0.24882936,0.0,0.0
475,ZERO,6,,475,12.652797,4.99805,7.6547465,475,1,1.3687024,0.0,0.0
476,ZERO,6,,476,15.067606,3.418107,11.649499,476,1,0.11925602,0.0,0.0
477,ZERO,6,,477,2.9601555,5.9176483,-2.9574928,748,0,-4.04888,0.0,0.0
478,ZERO,6,,478,7.889175,7.0646644,0.8245106,478,1,-1.543644,0.0,1.0
479,ZERO,6,,479,7.6313677,11.021151,-3.389783,751,0,-0.356678,0.0,0.0
480,ZERO,6,,480,5.7164764,7.101977,-1.3855004,877,0,1.5010276,1.0,0.0
481,ZERO,6,,481,8.657068,8.174519,0.48254967,481,1,0.88720226,0.0,0.0
482,ZERO,6,,482,13.2273245,13.823928,-0.5966034,848,0,-0.48356438,0.0,0.0
483,ZERO,6,,483,4.2282877,7.5481124,-3.3198247,663,0,4.690989,1.0,0.0
484,ZERO,6,,484,11.3171015,8.080686,3.2364159,484,1,0.83929443,0.0,0.0
485,ZERO,6,,485,5.452238,7.0498405,-1.5976024,487,0,-0.5043626,0.0,0.0
486,ZERO,6,,486,9.843245,10.419505,-0.57626057,889,0,3.1364498,1.0,0.0
487,ZERO,6,,487,12.846206,8.291724,4.5544815,487,1,-0.0864172,0.0,0.0
488,ZERO,6,,488,3.4875445,5.970045,-2.4825006,896,0,3.07446,1.0,0.0
489,ZERO,6,,489,7.5994735,8.731082,-1.1316085,912,0,1.5051312,1.0,0.0
490,ZERO,6,,490,1.9831696,8.964951,-6.981781,327,0,-1.370718,0.0,0.0
491,ZERO,6,,491,5.260602,5.423988,-0.16338587,646,0,2.1918955,1.0,0.0
492,ZERO,6,,492,6.3946095,5.981257,0.4133525,492,1,1.0273752,0.0,0.0
493,ZERO,6,,493,6.665998,6.9135427,-0.24754477,553,0,-1.3805885,0.0,0.0
494,ZERO,6,,494,4.4144683,6.549011,-2.134543,442,0,3.5524154,1.0,0.0
495,ZERO,6,,495,6.526361,7.8894525,-1.3630915,905,0,-0.8079076,0.0,0.0
496,ZERO,6,,496,13.130417,4.660845,8.469572,496,1,0.10829735,0.0,0.0
497,ZERO,6,,497,12.098982,9.515171,2.5838108,497,1,-0.4839964,0.0,0.0
498,ZERO,6,,498,11.760507,5.674065,6.0864415,498,1,2.2622638,0.0,0.0
499,ZERO,6,,499,4.167776,6.5714006,-2.4036245,413,0,0.16736865,0.0,0.0
500,ZERO,6,,500,13.257443,8.741252,4.5161915,500,1,1.0661554,0.0,0.0
501,ZERO,6,,501,8.123484,6.0952272,2.0282564,501,1,0.7375927,0.0,0.0
502,ZERO,6,,502,13.358328,11.208511,2.1498165,502,1,0.20703506,0.0,0.0
503,ZERO,6,,503,11.443204,8.897976,2.545228,503,1,3.5265594,0.0,0.0
504,ZERO,6,,504,13.452781,9.567198,3.885583,504,1,-0.9094305,0.0,0.0
505,ZERO,6,,505,11.561546,11.208596,0.3529501,505,1,0.43332005,0.0,0.0
506,ZERO,6,,506,9.292583,7.1814036,2.1111798,506,1,3.352871,0.0,0.0
507,ZERO,6,,507,5.537939,7.658287,-2.120348,477,0,-0.25881624,0.0,0.0
508,ZERO,6,,508,7.3303304,9.2246275,-1.8942971,620,0,0.9177003,0.0,0.0
509,ZERO,6,,509,7.680498,9.130551,-1.4500532,582,0,0.33227634,0.0,0.0
510,ZERO,6,,510,10.043755,9.010369,1.0333853,510,1,1.2152195,0.0,0.0
511,ZERO,6,,511,5.6071405,7.2482777,-1.6411371,817,0,3.097808,1.0,0.0
512,ZERO,6,,512,13.305178,9.49979,3.8053875,512,1,-0.11960411,0.0,0.0
513,ZERO,6,,513,8.284333,7.765186,0.5191474,513,1,-1.2828679,0.0,1.0
514,ZERO,6,,514,15.305344,5.7479577,9.557386,514,1,0.19735527,0.0,0.0
515,ZERO,6,,515,2.2434187,6.27299,-4.0295715,655,0,-2.854967,0.0,0.0
516,ZERO,6,,516,7.404035,9.2894,-1.885365,870,0,0.46489525,0.0,0.0
517,ZERO,6,,517,9.941662,6.4385786,3.5030832,517,1,-0.16797352,0.0,0.0
518,ZERO,6,,518,15.275635,7.8365355,7.4390993,518,1,1.3029833,0.0,0.0
519,ZERO,6,,519,2.5182924,12.406707,-9.888414,239,0,0.015413284,0.0,0.0
520,ZERO,6,,520,12.895447,9.105413,3.7900333,520,1,0.5460329,0.0,0.0
521,ZERO,6,,521,14.127562,9.6810665,4.446495,521,1,0.3546896,0.0,0.0
522,ZERO,6,,522,15.779679,4.4942327,11.285446,522,1,-0.060115814,0.0,0.0
523,ZERO,6,,523,15.014469,5.878451,9.136019,523,1,-0.29640293,0.0,0.0
524,ZERO,6,,524,10.410217,9.114771,1.2954464,524,1,0.32423687,0.0,0.0
525,ZERO,6,,525,10.620777,4.191214,6.429563,525,1,2.8349118,0.0,0.0
526,ZERO,6,,526,9.45846,8.124446,1.3340139,526,1,-1.500287,0.0,1.0
527,ZERO,6,,527,10.989333,11.228028,-0.23869514,664,0,-0.21873188,0.0,0.0
528,ZERO,6,,528,12.230916,7.917513,4.313403,528,1,1.8173504,0.0,0.0
529,ZERO,6,,529,11.875755,6.562525,5.3132305,529,1,0.45631695,0.0,0.0
530,ZERO,6,,530,8.305935,4.8489685,3.4569664,530,1,0.00972414,0.0,0.0
531,ZERO,6,,531,6.704534,9.321783,-2.617249,409,0,2.0098987,0.0,0.0
532,ZERO,6,,532,13.642101,7.3678846,6.2742167,532,1,0.0014886856,0.0,0.0
533,ZERO,6,,533,13.3660555,5.1263328,8.239723,533,1,0.8734951,0.0,0.0
534,ZERO,6,,534,7.17467,11.043165,-3.868495,651,0,-1.3429589,0.0,0.0
535,ZERO,6,,535,9.284463,12.764577,-3.480114,479,0,0.30237675,0.0,0.0
536,ZERO,6,,536,10.273275,9.489131,0.7841444,536,1,0.21395111,0.0,0.0
537,ZERO,6,,537,13.066917,9.07776,3.9891577,537,1,0.3570633,0.0,0.0
538,ZERO,6,,538,11.041628,6.698873,4.342755,538,1,1.1521292,0.0,0.0
539,ZERO,6,,539,3.6497312,4.434807,-0.78507566,242,0,0.4303913,0.0,0.0
540,ZERO,6,,540,14.600415,4.7819266,9.818489,540,1,0.31618595,0.0,0.0
541,ZERO,6,,541,5.467165,5.7981844,-0.3310194,642,0,1.3267608,1.0,0.0
542,ZERO,6,,542,10.57337,9.255736,1.3176336,542,1,3.5418668,0.0,0.0
543,ZERO,6,,543,12.940685,13.1384,-0.1977148,422,0,-1.1593237,0.0,0.0
544,ZERO,6,,544,15.26297,7.513497,7.749473,544,1,0.60542536,0.0,0.0
545,ZERO,6,,545,13.97042,4.367775,9.602645,545,1,-0.1987133,0.0,0.0
546,ZERO,6,,546,8.660939,6.1388826,2.5220566,546,1,0.29198074,0.0,0.0
547,ZERO,6,,547,12.60913,8.38556,4.22357,547,1,1.796462,0.0,0.0
548,ZERO,6,,548,10.552894,11.247588,-0.6946945,598,0,4.595087,1.0,0.0
549,ZERO,6,,549,12.294643,5.559856,6.7347875,549,1,-0.59120846,0.0,0.0
550,ZERO,6,,550,11.960404,5.9461513,6.014253,550,1,1.095676,0.0,0.0
551,ZERO,6,,551,9.855573,7.04173,2.8138428,551,1,0.2521019,0.0,0.0
552,ZERO,6,,552,3.4578218,4.278258,-0.820436,973,0,-1.0322211,0.0,0.0
553,ZERO,6,,553,10.657528,8.78368,1.873848,553,1,0.75324535,0.0,0.0
554,ZERO,6,,554,13.056735,4.8635607,8.193174,554,1,0.78834724,0.0,0.0
555,ZERO,6,,555,9.330506,5.632145,3.6983614,555,1,-0.29471493,0.0,0.0
556,ZERO,6,,556,13.680051,4.9112134,8.768837,556,1,-0.73825836,0.0,0.0
557,ZERO,6,,557,2.627996,5.640625,-3.012629,421,0,-1.3047552,0.0,0.0
558,ZERO,6,,558,5.765403,5.055417,0.70998573,558,1,-0.68552876,0.0,0.0
559,ZERO,6,,559,13.772385,5.8636746,7.90871,559,1,2.1447024,0.0,0.0
560,ZERO,6,,560,13.017279,9.159741,3.8575373,560,1,0.29201984,0.0,0.0
561,ZERO,6,,561,13.688384,4.5716243,9.11676,561,1,0.09594536,0.0,0.0
562,ZERO,6,,562,2.1144383,6.6033125,-4.4888744,842,0,4.412966,0.0,0.0
563,ZERO,6,,563,9.924455,9.093888,0.8305664,563,1,3.3883815,0.0,0.0
564,ZERO,6,,564,11.6690645,6.5892873,5.0797772,564,1,-1.7442422,0.0,0.0
565,ZERO,6,,565,14.664663,7.8460665,6.818597,565,1,1.6126585,0.0,0.0
566,ZERO,6,,566,11.185427,5.2489257,5.936501,566,1,2.6991076,0.0,0.0
567,ZERO,6,,567,4.100751,4.3373327,-0.2365818,700,0,-2.513484,0.0,0.0
568,ZERO,6,,568,8.865273,5.7344337,3.1308398,568,1,0.86358595,0.0,0.0
569,ZERO,6,,569,12.003705,4.9834514,7.0202537,569,1,-0.066073895,0.0,0.0
570,ZERO,6,,570,13.875154,9.541869,4.3332844,570,1,0.06672096,0.0,0.0
571,ZERO,6,,571,9.578751,4.4887743,5.0899763,571,1,1.6730919,0.0,0.0
572,ZERO,6,,572,8.317812,11.773017,-3.455205,966,0,1.8752847,0.0,0.0
573,ZERO,6,,573,11.686592,3.8508725,7.8357196,573,1,1.8474107,0.0,0.0
574,ZERO,6,,574,14.675295,3.470498,11.204797,574,1,-0.010402679,0.0,0.0
575,ZERO,6,,575,11.287434,3.7897086,7.497725,575,1,1.9643588,0.0,0.0
576,ZERO,6,,576,13.060632,4.8914714,8.169161,576,1,0.8145466,0.0,0.0
577,ZERO,6,,577,12.171675,10.620375,1.5513,577,1,0.19296455,0.0,0.0
578,ZERO,6,,578,8.819028,8.826888,-0.007860184,501,0,0.44829178,1.0,0.0
579,ZERO,6,,579,9.605786,8.08491,1.5208759,579,1,-0.71350956,0.0,0.0
580,ZERO,6,,580,8.519532,10.794505,-2.274973,428,0,-0.31355286,0.0,0.0
581,ZERO,6,,581,12.861318,5.8584456,7.002872,581,1,0.5640836,0.0,0.0
582,ZERO,6,,582,3.000949,5.815749,-2.8148003,998,0,-1.1401885,0.0,0.0
583,ZERO,6,,583,14.071851,4.2401414,9.831709,583,1,1.2604408,0.0,0.0
584,ZERO,6,,584,2.8732264,7.393026,-4.519799,559,0,-0.46880913,0.0,0.0
585,ZERO,6,,585,9.024285,10.149341,-1.1250553,631,0,0.4960127,0.0,0.0
586,ZERO,6,,586,4.927714,5.715826,-0.78811216,866,0,1.0782132,1.0,0.0
587,ZERO,6,,587,9.052044,10.717289,-1.665245,477,0,-0.20014286,0.0,0.0
588,ZERO,6,,588,6.9420567,8.213289,-1.2712326,415,0,0.24171638,0.0,0.0
589,ZERO,6,,589,15.3918,7.013943,8.377857,589,1,0.59357834,0.0,0.0
590,ZERO,6,,590,5.6649947,7.9118557,-2.246861,487,0,-0.10638094,0.0,0.0
591,ZERO,6,,591,11.905602,6.1327333,5.772869,591,1,2.1274705,0.0,0.0
592,ZERO,6,,592,12.658696,5.700782,6.9579144,592,1,1.40452,0.0,0.0
593,ZERO,6,,593,12.220012,10.749539,1.4704723,593,1,1.8353405,0.0,0.0
594,ZERO,6,,594,14.245491,3.4273684,10.818123,594,1,0.18678093,0.0,0.0
595,ZERO,6,,595,13.150206,11.334893,1.8153124,595,1,0.68631077,0.0,0.0
596,ZERO,6,,596,1.9607434,13.008953,-11.04821,413,0,-0.16410446,0.0,0.0
597,ZERO,6,,597,5.477849,4.995352,0.48249722,597,1,0.6798463,0.0,0.0
598,ZERO,6,,598,11.4713955,10.783635,0.68776035,598,1,1.5653534,0.0,0.0
599,ZERO,6,,599,1.2509389,5.363956,-4.113017,470,0,2.3626053,0.0,0.0
600,ZERO,6,,600,6.464905,5.017521,1.4473839,600,1,-0.62764645,0.0,0.0
601,ZERO,6,,601,9.969112,9.521019,0.4480934,601,1,0.38250637,0.0,0.0
602,ZERO,6,,602,3.6482546,5.404159,-1.7559044,843,0,-0.657552,0.0,0.0
603,ZERO,6,,603,10.755761,7.5753098,3.1804514,603,1,3.6584697,0.0,0.0
604,ZERO,6,,604,14.368135,4.519317,9.848818,604,1,-1.3580189,0.0,0.0
605,ZERO,6,,605,13.094684,5.6149225,7.479761,605,1,0.52540207,0.0,0.0
606,ZERO,6,,606,15.245595,4.296988,10.9486065,606,1,1.0811434,0.0,0.0
607,ZERO,6,,607,13.152305,4.3047347,8.84757,607,1,0.87057304,0.0,0.0
608,ZERO,6,,608,6.9784045,5.8080177,1.1703868,608,1,-1.4055352,0.0,1.0
609,ZERO,6,,609,8.444114,9.899852,-1.4557381,555,0,1.9717817,1.0,0.0
610,ZERO,6,,610,11.537361,8.104352,3.4330091,610,1,3.4749794,0.0,0.0
611,ZERO,6,,611,5.488533,5.069932,0.41860104,611,1,1.349493,0.0,0.0
612,ZERO,6,,612,10.253005,10.520819,-0.26781368,870,0,-1.5701265,0.0,0.0
613,ZERO,6,,613,13.818387,4.76286,9.055527,613,1,0.0733757,0.0,0.0
614,ZERO,6,,614,11.441741,4.387781,7.05396,614,1,1.7737741,0.0,0.0
615,ZERO,6,,615,9.296848,6.4981747,2.7986736,615,1,0.5191469,0.0,0.0
616,ZERO,6,,616,11.396596,4.753678,6.642918,616,1,-3.1305509,0.0,0.0
617,ZERO,6,,617,12.542609,8.289479,4.25313,617,1,-1.2880335,0.0,0.0
618,ZERO,6,,618,7.335473,9.395547,-2.0600739,666,0,-1.8272896,0.0,0.0
619,ZERO,6,,619,13.045875,12.718727,0.32714748,619,1,-0.8793936,0.0,1.0
620,ZERO,6,,620,10.940642,12.140357,-1.1997147,681,0,-0.2669611,0.0,0.0
621,ZERO,6,,621,12.837858,5.753386,7.084472,621,1,0.2564788,0.0,0.0
622,ZERO,6,,622,11.177281,6.3043203,4.872961,622,1,0.767406,0.0,0.0
623,ZERO,6,,623,9.37078,8.771735,0.5990448,623,1,-0.25249195,0.0,0.0
624,ZERO,6,,624,8.7746525,8.355581,0.4190712,624,1,2.9811563,0.0,0.0
625,ZERO,6,,625,10.230392,10.016573,0.2138195,625,1,5.472946,0.0,0.0
626,ZERO,6,,626,8.958196,6.3661537,2.592042,626,1,3.2783728,0.0,0.0
627,ZERO,6,,627,13.69024,3.3399143,10.350326,627,1,0.75087833,0.0,0.0
628,ZERO,6,,628,12.21958,7.21974,4.99984,628,1,0.7874117,0.0,0.0
629,ZERO,6,,629,9.500172,12.492462,-2.9922905,696,0,1.78269,0.0,0.0
630,ZERO,6,,630,7.930807,3.553191,4.377616,630,1,-0.26679182,0.0,0.0
631,ZERO,6,,631,9.780225,9.643198,0.13702679,631,1,0.60196495,0.0,0.0
632,ZERO,6,,632,5.4170394,11.491146,-6.0741067,733,0,-0.672205,0.0,0.0
633,ZERO,6,,633,2.8630805,3.7709825,-0.907902,204,0,2.4071233,1.0,0.0
634,ZERO,6,,634,13.466517,4.8076973,8.65882,634,1,0.6995096,0.0,0.0
635,ZERO,6,,635,2.0957735,5.7680035,-3.67223,692,0,0.33764815,0.0,0.0
636,ZERO,6,,636,10.314605,13.675618,-3.3610134,748,0,1.6381397,0.0,0.0
637,ZERO,6,,637,13.240595,5.359064,7.881531,637,1,1.5217419,0.0,0.0
638,ZERO,6,,638,12.6193075,14.109441,-1.4901333,639,0,-0.08694267,0.0,0.0
639,ZERO,6,,639,11.627251,11.764422,-0.13717175,638,0,-0.06917095,0.0,0.0
640,ZERO,6,,640,3.5718355,11.665346,-8.093511,646,0,-1.229455,0.0,0.0
641,ZERO,6,,641,6.578123,5.0661435,1.5119796,641,1,3.0731254,0.0,0.0
642,ZERO,6,,642,15.2359295,5.500809,9.735121,642,1,-1.7790251,0.0,0.0
643,ZERO,6,,643,7.4006915,7.878717,-0.47802544,585,0,-2.8683457,0.0,0.0
644,ZERO,6,,644,10.293021,5.7499475,4.5430737,644,1,0.7710457,0.0,0.0
645,ZERO,6,,645,12.75394,7.0167933,5.7371464,645,1,-0.6610718,0.0,0.0
646,ZERO,6,,646,13.309027,3.6611087,9.647918,646,1,1.1173534,0.0,0.0
647,ZERO,6,,647,14.183874,6.0995736,8.084301,647,1,0.06708145,0.0,0.0
648,ZERO,6,,648,5.226909,7.7473636,-2.5204544,861,0,3.0336266,1.0,0.0
649,ZERO,6,,649,13.095173,6.6176147,6.477558,649,1,-0.12657356,0.0,0.0
650,ZERO,6,,650,11.270182,5.191073,6.0791087,650,1,2.069121,0.0,0.0
651,ZERO,6,,651,9.556171,5.950152,3.6060195,651,1,-2.0619254,0.0,0.0
652,ZERO,6,,652,6.553389,9.494739,-2.9413495,830,0,3.0991569,1.0,0.0
653,ZERO,6,,653,1.7292457,8.032131,-6.3028855,745,0,-0.11881113,0.0,0.0
654,ZERO,6,,654,2.8035645,11.618141,-8.814577,627,0,-0.5327406,0.0,0.0
655,ZERO,6,,655,6.194382,5.736663,0.45771933,655,1,1.808363,0.0,0.0
656,ZERO,6,,656,8.469241,7.309955,1.159286,656,1,-1.052383,0.0,0.0
657,ZERO,6,,657,10.652292,9.859435,0.79285717,657,1,-0.2916031,0.0,0.0
658,ZERO,6,,658,13.121895,6.796607,6.325288,658,1,-0.28643084,0.0,0.0
659,ZERO,6,,659,3.8712363,10.952014,-7.0807776,925,0,1.7753434,0.0,0.0
660,ZERO,6,,660,11.300783,10.225603,1.07518,660,1,-1.3916817,0.0,1.0
661,ZERO,6,,661,14.269789,6.4971933,7.7725954,661,1,-0.32157993,0.0,0.0
662,ZERO,6,,662,5.0125318,7.063284,-2.0507522,782,0,-0.35660076,0.0,0.0
663,ZERO,6,,663,8.009377,14.918043,-6.9086666,442,0,-0.04129696,0.0,0.0
664,ZERO,6,,664,8.615636,10.122405,-1.5067692,782,0,0.48544502,0.0,0.0
665,ZERO,6,,665,12.867499,7.7495284,5.117971,665,1,0.5584283,0.0,0.0
666,ZERO,6,,666,13.580509,6.033464,7.547045,666,1,0.44568157,0.0,0.0
667,ZERO,6,,667,12.296292,10.787094,1.5091982,667,1,-0.036834717,0.0,0.0
668,ZERO,6,,668,13.430806,8.07873,5.3520765,668,1,-1.0346632,0.0,0.0
669,ZERO,6,,669,14.092704,7.7425437,6.35016,669,1,-1.4520125,0.0,0.0
670,ZERO,6,,670,12.925865,11.011442,1.914423,670,1,-0.28339577,0.0,0.0
671,ZERO,6,,671,11.374866,5.506461,5.8684044,671,1,-0.5944381,0.0,0.0
672,ZERO,6,,672,7.4721155,7.961298,-0.48918247,797,0,4.680004,1.0,0.0
673,ZERO,6,,673,14.445228,9.282943,5.162285,673,1,0.6215372,0.0,0.0
674,ZERO,6,,674,14.912884,4.140097,10.772787,674,1,0.6026211,0.0,0.0
675,ZERO,6,,675,7.6661005,11.621981,-3.9558802,654,0,0.8739939,0.0,0.0
676,ZERO,6,,676,8.857658,10.971662,-2.1140032,263,0,0.27669144,0.0,0.0
677,ZERO,6,,677,5.858603,5.3014994,0.55710363,677,1,-0.56820583,0.0,1.0
678,ZERO,6,,678,0.9423206,8.909749,-7.967428,180,0,1.2488756,0.0,0.0
679,ZERO,6,,679,6.9845233,8.354011,-1.3694873,600,0,3.363171,1.0,0.0
680,ZERO,6,,680,12.244505,6.1613297,6.083175,680,1,2.8823514,0.0,0.0
681,ZERO,6,,681,2.4513936,5.356508,-2.9051142,762,0,1.0839143,0.0,0.0
682,ZERO,6,,682,6.8376093,7.374734,-0.53712463,405,0,1.7726603,1.0,0.0
683,ZERO,6,,683,10.6117525,13.546983,-2.9352303,558,0,-0.5427923,0.0,0.0
684,ZERO,6,,684,14.735201,4.432642,10.302559,684,1,0.10264206,0.0,0.0
685,ZERO,6,,685,14.101148,4.426053,9.675095,685,1,-0.5416374,0.0,0.0
686,ZERO,6,,686,5.864336,7.8946953,-2.0303593,740,0,-2.149993,0.0,0.0
687,ZERO,6,,687,4.15928,11.041063,-6.8817835,854,0,1.1051965,0.0,0.0
688,ZERO,6,,688,14.081221,6.602559,7.4786615,688,1,-0.05491209,0.0,0.0
689,ZERO,6,,689,11.412331,12.187649,-0.77531815,578,0,1.8027172,1.0,0.0
690,ZERO,6,,690,14.032475,10.926143,3.1063328,690,1,0.18126392,0.0,0.0
691,ZERO,6,,691,10.132557,9.202723,0.92983437,691,1,-0.7402153,0.0,0.0
692,ZERO,6,,692,9.149128,4.4494443,4.6996837,692,1,1.4888029,0.0,0.0
693,ZERO,6,,693,15.314817,8.457496,6.8573217,693,1,0.1311903,0.0,0.0
694,ZERO,6,,694,10.081671,5.67975,4.401921,694,1,3.7509284,0.0,0.0
695,ZERO,6,,695,9.32079,6.8753085,2.4454818,695,1,0.09772444,0.0,0.0
696,ZERO,6,,696,7.2888613,8.157904,-0.8690424,624,0,1.954318,1.0,0.0
697,ZERO,6,,697,6.7782326,5.8009357,0.9772968,697,1,3.4318395,0.0,0.0
698,ZERO,6,,698,9.731351,10.279212,-0.5478611,668,0,1.2730074,1.0,0.0
699,ZERO,6,,699,15.56783,4.9576087,10.610222,699,1,0.22984982,0.0,0.0
700,ZERO,6,,700,6.1391416,6.9693975,-0.830256,739,0,1.1690054,1.0,0.0
701,ZERO,6,,701,13.797103,5.399481,8.397622,701,1,0.64197254,0.0,0.0
702,ZERO,6,,702,4.7861905,5.1902833,-0.4040928,762,0,4.7588854,1.0,0.0
703,ZERO,6,,703,3.9251482,5.6086135,-1.6834652,412,0,2.0233285,1.0,0.0
704,ZERO,6,,704,12.317731,6.514422,5.803309,704,1,0.049008846,0.0,0.0
705,ZERO,6,,705,10.026496,9.180081,0.84641457,705,1,1.6589775,0.0,0.0
706,ZERO,6,,706,3.136426,7.939313,-4.802887,476,0,-2.15028,0.0,0.0
707,ZERO,6,,707,14.420806,8.948905,5.471901,707,1,0.07959938,0.0,0.0
708,ZERO,6,,708,8.869343,8.506912,0.36243057,708,1,1.2073097,0.0,0.0
709,ZERO,6,,709,7.7632856,6.523292,1.2399936,709,1,-0.041436672,0.0,0.0
710,ZERO,6,,710,3.3797736,8.593797,-5.214023,709,0,-0.53619194,0.0,0.0
711,ZERO,6,,711,10.207059,7.4490185,2.7580404,711,1,1.7264338,0.0,0.0
712,ZERO,6,,712,11.817536,6.131476,5.6860604,712,1,0.15629244,0.0,0.0
713,ZERO,6,,713,15.248097,7.812539,7.4355583,713,1,-0.024942398,0.0,0.0
714,ZERO,6,,714,14.644457,7.297493,7.346964,714,1,1.0992517,0.0,0.0
715,ZERO,6,,715,8.407358,6.9028177,1.5045404,715,1,-0.9807105,0.0,0.0
716,ZERO,6,,716,11.715974,9.078971,2.637003,716,1,-0.61154366,0.0,0.0
717,ZERO,6,,717,12.916397,7.067056,5.849341,717,1,1.8501749,0.0,0.0
718,ZERO,6,,718,9.764529,13.114459,-3.3499298,821,0,0.018827438,0.0,0.0
719,ZERO,6,,719,12.926648,4.407928,8.518721,719,1,0.025096893,0.0,0.0
720,ZERO,6,,720,8.806694,5.4584584,3.3482356,720,1,-2.4333358,0.0,0.0
721,ZERO,6,,721,14.901163,7.5159144,7.3852487,721,1,-0.3261857,0.0,0.0
722,ZERO,6,,722,2.2556257,4.35206,-2.096434,707,0,0.08405018,0.0,0.0
723,ZERO,6,,723,1.555314,6.2667866,-4.7114725,830,0,-1.5094476,0.0,0.0
724,ZERO,6,,724,9.14914,9.51227,-0.36312962,780,0,0.015060425,0.0,0.0
725,ZERO,6,,725,9.528515,8.992595,0.53592014,725,1,-0.25534344,0.0,0.0
726,ZERO,6,,726,9.624781,7.7640343,1.8607464,726,1,2.7967997,0.0,0.0
727,ZERO,6,,727,12.315387,8.143139,4.172248,727,1,1.1848507,0.0,0.0
728,ZERO,6,,728,13.569915,5.5283947,8.04152,728,1,0.07389164,0.0,0.0
729,ZERO,6,,729,1.1666776,4.5305448,-3.3638673,819,0,0.07104492,0.0,0.0
730,ZERO,6,,730,13.70063,8.549908,5.1507225,730,1,1.5421782,0.0,0.0
731,ZERO,6,,731,11.2934885,10.576185,0.7173033,731,1,-0.23104095,0.0,0.0
732,ZERO,6,,732,12.419435,7.5883303,4.8311043,732,1,2.975412,0.0,0.0
733,ZERO,6,,733,10.177182,9.496464,0.6807184,733,1,4.487563,0.0,0.0
734,ZERO,6,,734,12.478842,5.703592,6.77525,734,1,0.79360867,0.0,0.0
735,ZERO,6,,735,5.6910324,6.2033696,-0.5123372,887,0,0.37549973,0.0,0.0
736,ZERO,6,,736,12.022863,4.7891035,7.23376,736,1,-1.3754807,0.0,0.0
737,ZERO,6,,737,9.7721815,6.8906164,2.881565,737,1,2.180809,0.0,0.0
738,ZERO,6,,738,11.088556,7.228843,3.859713,738,1,2.2648358,0.0,0.0
739,ZERO,6,,739,14.507926,4.0894747,10.418451,739,1,0.9321127,0.0,0.0
740,ZERO,6,,740,2.5695283,6.5238047,-3.9542763,810,0,4.591853,1.0,0.0
741,ZERO,6,,741,9.036881,6.886999,2.1498823,741,1,2.3382006,0.0,0.0
742,ZERO,6,,742,5.1102,7.7977653,-2.6875653,598,0,-0.56196976,0.0,0.0
743,ZERO,6,,743,3.8271239,4.2424045,-0.41528058,741,0,-3.2652566,0.0,0.0
744,ZERO,6,,744,2.3951752,7.267923,-4.8727474,520,0,1.2211556,0.0,0.0
745,ZERO,6,,745,13.452164,6.978121,6.474043,745,1,1.884758,0.0,0.0
746,ZERO,6,,746,15.120359,3.589981,11.530378,746,1,-1.3263531,0.0,0.0
747,ZERO,6,,747,5.4993215,8.653841,-3.1545196,430,0,0.55715036,0.0,0.0
748,ZERO,6,,748,10.288088,9.1552105,1.1328773,748,1,1.2311201,0.0,0.0
749,ZERO,6,,749,13.8575325,5.281662,8.5758705,749,1,1.188858,0.0,0.0
750,ZERO,6,,750,9.530581,8.297919,1.2326622,750,1,0.11293793,0.0,0.0
751,ZERO,6,,751,11.803173,10.746294,1.056879,751,1,-1.2376108,0.0,1.0
752,ZERO,6,,752,11.599371,6.240105,5.359266,752,1,1.259686,0.0,0.0
753,ZERO,6,,753,11.829095,7.6850467,4.144048,753,1,1.3406124,0.0,0.0
754,ZERO,6,,754,6.1453023,8.957453,-2.8121505,487,0,1.2206655,0.0,0.0
755,ZERO,6,,755,9.71923,5.215359,4.5038705,755,1,0.56750774,0.0,0.0
756,ZERO,6,,756,11.015744,8.585257,2.4304876,756,1,0.99893475,0.0,0.0
757,ZERO,6,,757,4.439897,8.61524,-4.175343,654,0,-1.414422,0.0,0.0
758,ZERO,6,,758,3.361116,3.8943627,-0.53324676,808,0,4.1431417,1.0,0.0
759,ZERO,6,,759,12.657347,8.573288,4.084059,759,1,0.1464529,0.0,0.0
760,ZERO,6,,760,1.8960742,6.2525053,-4.356431,583,0,-1.2999425,0.0,0.0
761,ZERO,6,,761,0.57454723,9.718005,-9.143458,208,0,1.7783318,0.0,0.0
762,ZERO,6,,762,8.507172,5.7048397,2.802332,762,1,1.669733,0.0,0.0
763,ZERO,6,,763,11.955841,11.634966,0.32087517,763,1,3.8138962,0.0,0.0
764,ZERO,6,,764,9.279694,8.894606,0.38508797,764,1,1.2072091,0.0,0.0
765,ZERO,6,,765,12.724251,4.1315475,8.592703,765,1,1.6434498,0.0,0.0
766,ZERO,6,,766,8.038883,5.186158,2.852725,766,1,1.2083206,0.0,0.0
767,ZERO,6,,767,7.166848,7.6338882,-0.46704006,644,0,5.0884485,1.0,0.0
768,ZERO,6,,768,8.269436,10.505428,-2.2359924,805,0,2.8422594,1.0,0.0
769,ZERO,6,,769,14.052294,6.352183,7.700111,769,1,1.8512521,0.0,0.0
770,ZERO,6,,770,13.145962,4.919494,8.226467,770,1,-1.2232313,0.0,0.0
771,ZERO,6,,771,14.185673,7.590215,6.5954576,771,1,0.096233845,0.0,0.0
772,ZERO,6,,772,0.936278,6.336625,-5.400347,721,0,0.24252176,0.0,0.0
773,ZERO,6,,773,4.1630588,8.846307,-4.683248,898,0,0.478765,0.0,0.0
774,ZERO,6,,774,9.580429,6.2686415,3.3117876,774,1,1.0607843,0.0,0.0
775,ZERO,6,,775,12.688925,4.7632537,7.925671,775,1,0.56053686,0.0,0.0
776,ZERO,6,,776,13.642814,5.1959248,8.446889,776,1,0.002995491,0.0,0.0
777,ZERO,6,,777,14.741472,5.878125,8.863347,777,1,0.6673441,0.0,0.0
778,ZERO,6,,778,5.698117,6.83735,-1.1392331,896,0,2.667088,1.0,0.0
779,ZERO,6,,779,14.354609,4.18018,10.174429,779,1,0.03293419,0.0,0.0
780,ZERO,6,,780,11.432955,8.870998,2.5619564,780,1,2.5452127,0.0,0.0
781,ZERO,6,,781,13.226784,5.034544,8.19224,781,1,1.5341444,0.0,0.0
782,ZERO,6,,782,12.195303,11.851192,0.3441105,782,1,1.2778463,0.0,0.0
783,ZERO,6,,783,15.205028,7.792927,7.412101,783,1,1.1609354,0.0,0.0
784,ZERO,6,,784,5.2031765,6.92844,-1.7252636,469,0,-0.4012394,0.0,0.0
785,ZERO,6,,785,10.607334,4.343201,6.264133,785,1,1.262528,0.0,0.0
786,ZERO,6,,786,11.697484,4.799805,6.897679,786,1,2.9291415,0.0,0.0
787,ZERO,6,,787,15.00598,7.990635,7.0153446,787,1,-2.6340618,0.0,0.0
788,ZERO,6,,788,7.920888,7.136788,0.78410006,788,1,2.1420808,0.0,0.0
789,ZERO,6,,789,12.532727,8.638442,3.8942852,789,1,-0.05773735,0.0,0.0
790,ZERO,6,,790,6.9855967,6.716429,0.26916742,790,1,0.5786381,0.0,0.0
791,ZERO,6,,791,3.5910254,5.490723,-1.8996978,870,0,-1.0836992,0.0,0.0
792,ZERO,6,,792,12.241266,6.2949753,5.946291,792,1,-1.0519385,0.0,0.0
793,ZERO,6,,793,13.627193,7.987686,5.6395073,793,1,-0.40052795,0.0,0.0
794,ZERO,6,,794,4.28269,8.041925,-3.7592354,689,0,0.51693535,0.0,0.0
795,ZERO,6,,795,8.202214,5.5333505,2.6688638,795,1,3.8277593,0.0,0.0
796,ZERO,6,,796,13.816999,8.702329,5.1146708,796,1,-0.11048317,0.0,0.0
797,ZERO,6,,797,8.733957,6.866347,1.8676105,797,1,-0.38192463,0.0,0.0
798,ZERO,6,,798,7.4739504,7.8703175,-0.39636707,842,0,-1.7928438,0.0,0.0
799,ZERO,6,,799,11.303852,6.966006,4.3378463,799,1,-0.49735308,0.0,0.0
800,ZERO,6,,800,14.369949,4.0501122,10.319838,800,1,0.9572029,0.0,0.0
801,ZERO,6,,801,13.714412,5.904528,7.8098836,801,1,-0.8426447,0.0,0.0
802,ZERO,6,,802,13.291115,8.737324,4.553791,802,1,1.4978037,0.0,0.0
803,ZERO,6,,803,8.466292,10.056696,-1.5904036,830,0,7.2646394,1.0,0.0
804,ZERO,6,,804,7.721123,6.957874,0.7632494,804,1,-0.93218374,0.0,1.0
805,ZERO,6,,805,12.65455,9.316866,3.3376837,805,1,-6.2426224,0.0,1.0
806,ZERO,6,,806,7.6239877,7.5891542,0.03483343,806,1,0.9917331,0.0,0.0
807,ZERO,6,,807,14.780166,6.0567946,8.7233715,807,1,-1.030446,0.0,0.0
808,ZERO,6,,808,6.4169197,4.7517085,1.6652112,808,1,3.614297,0.0,0.0
809,ZERO,6,,809,7.2426534,9.303268,-2.060615,923,0,-0.65553427,0.0,0.0
810,ZERO,6,,810,11.681289,9.397437,2.2838516,810,1,-0.3617611,0.0,0.0
811,ZERO,6,,811,4.3444085,8.362031,-4.0176225,760,0,-3.2300844,0.0,0.0
812,ZERO,6,,812,11.885336,7.2619467,4.6233892,812,1,2.7507653,0.0,0.0
813,ZERO,6,,813,6.1218405,7.446067,-1.3242264,618,0,1.3554845,1.0,0.0
814,ZERO,6,,814,11.743864,8.943479,2.8003855,814,1,0.58668137,0.0,0.0
815,ZERO,6,,815,12.319843,7.668128,4.6517153,815,1,0.64051247,0.0,0.0
816,ZERO,6,,816,10.064756,8.894104,1.1706524,816,1,2.7481928,0.0,0.0
817,ZERO,6,,817,12.96037,10.204606,2.755764,817,1,0.4624796,0.0,0.0
818,ZERO,6,,818,8.591972,6.2020063,2.389966,818,1,-3.5516467,0.0,1.0
819,ZERO,6,,819,12.58961,6.5618086,6.0278015,819,1,-0.41815805,0.0,0.0
820,ZERO,6,,820,12.247014,7.961091,4.285923,820,1,1.9757624,0.0,0.0
821,ZERO,6,,821,13.565242,8.768136,4.797106,821,1,-0.2925558,0.0,0.0
822,ZERO,6,,822,12.896906,6.1131845,6.7837214,822,1,3.841107,0.0,0.0
823,ZERO,6,,823,2.915836,9.947411,-7.0315742,854,0,0.9654417,0.0,0.0
824,ZERO,6,,824,15.150903,8.639339,6.5115633,824,1,-2.4042597,0.0,0.0
825,ZERO,6,,825,10.781014,4.5679517,6.213063,825,1,3.0959582,0.0,0.0
826,ZERO,6,,826,0.85702103,4.4918017,-3.6347806,406,0,-2.2699726,0.0,0.0
827,ZERO,6,,827,12.882825,7.6024876,5.2803373,827,1,-1.2347984,0.0,0.0
828,ZERO,6,,828,1.6619115,6.6017327,-4.9398212,712,0,-0.02589035,0.0,0.0
829,ZERO,6,,829,12.884726,6.3681355,6.51659,829,1,-0.51255417,0.0,0.0
830,ZERO,6,,830,-0.9177579,4.698192,-5.61595,337,0,1.0940905,0.0,0.0
831,ZERO,6,,831,12.815822,8.296217,4.5196047,831,1,-1.6765432,0.0,0.0
832,ZERO,6,,832,11.76125,6.656497,5.1047525,832,1,1.0978575,0.0,0.0
833,ZERO,6,,833,10.532902,6.671139,3.861763,833,1,3.486384,0.0,0.0
834,ZERO,6,,834,4.1518517,5.7697167,-1.6178651,655,0,1.8237886,1.0,0.0
835,ZERO,6,,835,8.021078,9.134721,-1.1136427,409,0,0.6157131,0.0,0.0
836,ZERO,6,,836,11.750902,11.252488,0.49841404,836,1,-0.20242691,0.0,0.0
837,ZERO,6,,837,2.4047425,4.33709,-1.9323475,678,0,-0.9097307,0.0,0.0
838,ZERO,6,,838,11.266944,8.344029,2.9229145,838,1,-0.3720169,0.0,0.0
839,ZERO,6,,839,8.860985,5.8811984,2.9797864,839,1,-0.56614065,0.0,0.0
840,ZERO,6,,840,14.959647,9.097327,5.86232,840,1,0.8317194,0.0,0.0
841,ZERO,6,,841,10.809385,7.1676493,3.641736,841,1,1.9609175,0.0,0.0
842,ZERO,6,,842,7.766905,7.7874646,-0.020559788,693,0,0.71489,1.0,0.0
843,ZERO,6,,843,11.336733,6.111996,5.2247367,843,1,-2.559721,0.0,0.0
844,ZERO,6,,844,12.546307,5.78422,6.7620864,844,1,2.3273187,0.0,0.0
845,ZERO,6,,845,7.318593,7.3898773,-0.071284294,419,0,-2.1488972,0.0,0.0
846,ZERO,6,,846,11.261545,10.8772745,0.38427067,846,1,0.569561,0.0,0.0
847,ZERO,6,,847,10.898021,9.085289,1.8127317,847,1,2.1032133,0.0,0.0
848,ZERO,6,,848,8.756744,8.998216,-0.24147129,482,0,-0.8932133,0.0,0.0
849,ZERO,6,,849,8.513384,10.921246,-2.4078617,505,0,-0.13442802,0.0,0.0
850,ZERO,6,,850,11.246917,5.06706,6.179857,850,1,-2.8331828,0.0,0.0
851,ZERO,6,,851,9.24778,5.396832,3.8509479,851,1,-1.1479831,0.0,0.0
852,ZERO,6,,852,10.918848,10.815088,0.103759766,852,1,1.3481312,0.0,0.0
853,ZERO,6,,853,13.336815,4.227792,9.109023,853,1,0.12503242,0.0,0.0
854,ZERO,6,,854,11.984906,6.611069,5.373837,854,1,1.7960224,0.0,0.0
855,ZERO,6,,855,10.328576,6.717031,3.611545,855,1,2.0940032,0.0,0.0
856,ZERO,6,,856,9.817544,7.0241776,2.7933664,856,1,-0.5439596,0.0,0.0
857,ZERO,6,,857,9.208876,10.254041,-1.0451651,765,0,-0.53423977,0.0,0.0
858,ZERO,6,,858,13.372689,4.827045,8.545645,858,1,0.7539139,0.0,0.0
859,ZERO,6,,859,12.78809,4.5050035,8.283087,859,1,1.2168465,0.0,0.0
860,ZERO,6,,860,6.999111,11.3282795,-4.3291683,919,0,1.7705269,0.0,0.0
861,ZERO,6,,861,9.716907,10.555491,-0.8385849,999,0,0.3250456,0.0,0.0
862,ZERO,6,,862,13.154952,4.88309,8.271862,862,1,2.9420185,0.0,0.0
863,ZERO,6,,863,5.483542,7.007653,-1.5241113,643,0,5.034475,1.0,0.0
864,ZERO,6,,864,8.534876,9.2419405,-0.7070646,867,0,1.0599508,1.0,0.0
865,ZERO,6,,865,12.17598,9.727545,2.4484348,865,1,0.4121933,0.0,0.0
866,ZERO,6,,866,9.8906355,13.61785,-3.7272148,856,0,-1.3725338,0.0,0.0
867,ZERO,6,,867,12.446028,6.750346,5.6956816,867,1,0.30992413,0.0,0.0
868,ZERO,6,,868,6.0125294,6.4005313,-0.38800192,644,0,0.23319674,0.0,0.0
869,ZERO,6,,869,4.8108854,5.771104,-0.9602184,906,0,-0.77901936,0.0,0.0
870,ZERO,6,,870,7.900752,5.2418942,2.6588578,870,1,-0.4788623,0.0,0.0
871,ZERO,6,,871,13.715539,8.967837,4.7477016,871,1,-0.19521809,0.0,0.0
872,ZERO,6,,872,5.7476597,6.780546,-1.0328865,650,0,2.074205,1.0,0.0
873,ZERO,6,,873,2.8557594,9.14958,-6.2938204,698,0,-1.4530659,0.0,0.0
874,ZERO,6,,874,10.748401,10.422186,0.3262148,874,1,0.7810631,0.0,0.0
875,ZERO,6,,875,14.556097,8.813122,5.742975,875,1,1.2251854,0.0,0.0
876,ZERO,6,,876,0.60162294,3.9758384,-3.3742156,706,0,-3.61589,0.0,0.0
877,ZERO,6,,877,9.1110735,5.5327964,3.578277,877,1,-2.2239432,0.0,0.0
878,ZERO,6,,878,9.582198,11.940056,-2.3578577,810,0,-0.15494919,0.0,0.0
879,ZERO,6,,879,6.5840106,6.0091643,0.57484627,879,1,2.4480853,0.0,0.0
880,ZERO,6,,880,13.962837,5.357318,8.605519,880,1,1.7787733,0.0,0.0
881,ZERO,6,,881,13.377113,9.062903,4.31421,881,1,0.86139774,0.0,0.0
882,ZERO,6,,882,4.453277,7.7113223,-3.2580452,811,0,2.174118,0.0,0.0
883,ZERO,6,,883,5.142674,6.3649964,-1.2223225,725,0,-0.23192501,0.0,0.0
884,ZERO,6,,884,9.727787,7.557209,2.170578,884,1,-0.1630497,0.0,0.0
885,ZERO,6,,885,5.8835807,9.896525,-4.0129447,434,0,1.3727927,0.0,0.0
886,ZERO,6,,886,10.941818,4.179219,6.7625995,886,1,1.1636915,0.0,0.0
887,ZERO,6,,887,2.2277749,7.419448,-5.1916733,762,0,0.8137493,0.0,0.0
888,ZERO,6,,888,4.545608,5.1806626,-0.6350546,663,0,4.813288,1.0,0.0
889,ZERO,6,,889,5.498488,3.7046843,1.7938037,889,1,-0.7096982,0.0,0.0
890,ZERO,6,,890,5.18883,3.9313896,1.2574403,890,1,4.938118,0.0,0.0
891,ZERO,6,,891,14.4489,3.9500291,10.498871,891,1,0.7633476,0.0,0.0
892,ZERO,6,,892,11.765446,10.798578,0.96686745,892,1,-1.188488,0.0,1.0
893,ZERO,6,,893,8.45635,8.828542,-0.37219143,748,0,-1.4186153,0.0,0.0
894,ZERO,6,,894,6.07097,5.208318,0.8626518,894,1,-1.3806686,0.0,1.0
895,ZERO,6,,895,13.330072,10.209979,3.1200933,895,1,-0.16065311,0.0,0.0
896,ZERO,6,,896,10.212895,5.9685445,4.244351,896,1,-0.36814737,0.0,0.0
897,ZERO,6,,897,8.528767,8.076838,0.4519291,897,1,1.1122589,0.0,0.0
898,ZERO,6,,898,11.773875,11.763684,0.010190964,898,1,1.2764521,0.0,0.0
899,ZERO,6,,899,11.310502,10.755874,0.5546284,899,1,0.58016586,0.0,0.0
900,ZERO,6,,900,10.451344,5.3713107,5.080033,900,1,4.3881383,0.0,0.0
901,ZERO,6,,901,14.172549,6.004328,8.168221,901,1,0.58026695,0.0,0.0
902,ZERO,6,,902,13.250685,7.10537,6.1453147,902,1,-2.1286044,0.0,0.0
903,ZERO,6,,903,14.179818,6.496946,7.6828723,903,1,1.4087014,0.0,0.0
904,ZERO,6,,904,12.44822,4.829253,7.618967,904,1,1.6407146,0.0,0.0
905,ZERO,6,,905,7.564854,6.5736575,0.99119663,905,1,-0.42691422,0.0,0.0
906,ZERO,6,,906,3.5378735,9.907695,-6.3698215,796,0,-0.8189659,0.0,0.0
907,ZERO,6,,907,4.060428,9.568013,-5.507585,899,0,0.050435066,0.0,0.0
908,ZERO,6,,908,9.031355,13.495666,-4.4643106,895,0,-0.2068243,0.0,0.0
909,ZERO,6,,909,11.383306,9.745271,1.6380348,909,1,1.9420462,0.0,0.0
910,ZERO,6,,910,8.432356,5.9593973,2.4729586,910,1,-4.2370534,0.0,1.0
911,ZERO,6,,911,11.2277975,7.2112865,4.016511,911,1,-1.7293253,0.0,0.0
912,ZERO,6,,912,15.034057,8.354446,6.6796103,912,1,1.0217342,0.0,0.0
913,ZERO,6,,913,14.030456,6.915099,7.1153564,913,1,0.8498664,0.0,0.0
914,ZERO,6,,914,13.203609,5.4175715,7.786038,914,1,0.035710335,0.0,0.0
915,ZERO,6,,915,4.933327,6.996109,-2.0627818,853,0,-1.7465408,0.0,0.0
916,ZERO,6,,916,10.860063,6.4751053,4.3849573,916,1,3.7675333,0.0,0.0
917,ZERO,6,,917,12.431132,6.7247505,5.706382,917,1,-0.44036102,0.0,0.0
918,ZERO,6,,918,12.233652,6.1330476,6.1006045,918,1,0.32564116,0.0,0.0
919,ZERO,6,,919,1.491461,9.212676,-7.7212152,788,0,-2.3701363,0.0,0.0
920,ZERO,6,,920,3.493441,3.9363046,-0.44286346,498,0,1.5297298,1.0,0.0
921,ZERO,6,,921,10.703131,5.955219,4.747912,921,1,-0.9397359,0.0,0.0
922,ZERO,6,,922,11.256896,4.7887716,6.4681244,922,1,0.06671381,0.0,0.0
923,ZERO,6,,923,5.5894322,5.8545938,-0.2651615,891,0,-0.9308357,0.0,0.0
924,ZERO,6,,924,13.763615,6.3684106,7.395204,924,1,0.27598763,0.0,0.0
925,ZERO,6,,925,13.870147,6.396305,7.4738417,925,1,0.62269497,0.0,0.0
926,ZERO,6,,926,11.516003,8.82827,2.6877327,926,1,1.7659369,0.0,0.0
927,ZERO,6,,927,13.666419,5.30486,8.361559,927,1,-0.513443,0.0,0.0
928,ZERO,6,,928,4.3096714,8.822439,-4.512768,969,0,0.60128593,0.0,0.0
929,ZERO,6,,929,4.5030365,5.021786,-0.5187497,934,0,4.329395,1.0,0.0
930,ZERO,6,,930,10.584464,9.94313,0.64133453,930,1,-0.6300764,0.0,0.0
931,ZERO,6,,931,14.225947,6.4471207,7.7788267,931,1,0.60971546,0.0,0.0
932,ZERO,6,,932,6.1397824,9.34193,-3.202148,923,0,-1.9360614,0.0,0.0
933,ZERO,6,,933,12.765223,5.7435713,7.0216513,933,1,0.31059647,0.0,0.0
934,ZERO,6,,934,14.378346,4.336532,10.041815,934,1,-0.006720543,0.0,0.0
935,ZERO,6,,935,12.216212,8.178837,4.0373755,935,1,0.83895826,0.0,0.0
936,ZERO,6,,936,11.07707,7.6700635,3.4070067,936,1,0.19207811,0.0,0.0
937,ZERO,6,,937,12.535125,6.97492,5.560205,937,1,2.280034,0.0,0.0
938,ZERO,6,,938,12.111941,6.642858,5.4690833,938,1,0.76135683,0.0,0.0
939,ZERO,6,,939,10.410369,7.013566,3.396803,939,1,1.8069873,0.0,0.0
940,ZERO,6,,940,13.3119335,7.3549094,5.957024,940,1,-0.9454417,0.0,0.0
941,ZERO,6,,941,12.993861,8.395284,4.5985775,941,1,-0.36543655,0.0,0.0
942,ZERO,6,,942,3.6702816,8.111547,-4.441266,964,0,-3.1366463,0.0,0.0
943,ZERO,6,,943,12.819523,5.2259927,7.59353,943,1,0.38444996,0.0,0.0
944,ZERO,6,,944,14.199436,7.3812795,6.8181567,944,1,-0.18558598,0.0,0.0
945,ZERO,6,,945,14.346495,5.970407,8.376087,945,1,-0.0024232864,0.0,0.0
946,ZERO,6,,946,12.168813,7.451285,4.717528,946,1,1.2493305,0.0,0.0
947,ZERO,6,,947,11.758765,11.563199,0.19556618,947,1,-0.59804344,0.0,1.0
948,ZERO,6,,948,11.066441,6.1353207,4.93112,948,1,1.4341087,0.0,0.0
949,ZERO,6,,949,4.2616568,7.973365,-3.711708,113,0,2.2570343,0.0,0.0
950,ZERO,6,,950,13.92574,7.7555037,6.1702366,950,1,0.5061927,0.0,0.0
951,ZERO,6,,951,10.664323,6.918826,3.7454967,951,1,1.1901178,0.0,0.0
952,ZERO,6,,952,8.223453,9.542239,-1.3187866,956,0,5.2967076,1.0,0.0
953,ZERO,6,,953,10.339406,7.188231,3.151175,953,1,-0.16804266,0.0,0.0
954,ZERO,6,,954,12.9747715,6.3184366,6.656335,954,1,1.4159632,0.0,0.0
955,ZERO,6,,955,10.573825,3.510944,7.062881,955,1,3.2965226,0.0,0.0
956,ZERO,6,,956,13.644902,3.9218707,9.723032,956,1,1.1515999,0.0,0.0
957,ZERO,6,,957,13.487156,5.8369174,7.6502385,957,1,-3.6852117,0.0,0.0
958,ZERO,6,,958,7.882938,8.596507,-0.71356916,663,0,-0.943192,0.0,0.0
959,ZERO,6,,959,12.942214,7.5856667,5.3565474,959,1,0.15901566,0.0,0.0
960,ZERO,6,,960,7.4518433,11.014763,-3.5629196,923,0,0.8565874,0.0,0.0
961,ZERO,6,,961,11.17469,10.13146,1.04323,961,1,-0.17612934,0.0,0.0
962,ZERO,6,,962,4.1994777,4.161824,0.037653446,962,1,1.1826854,0.0,0.0
963,ZERO,6,,963,-0.24636403,8.380042,-8.626406,335,0,-4.827812,0.0,0.0
964,ZERO,6,,964,7.686506,6.8712244,0.8152814,964,1,-1.1453948,0.0,1.0
965,ZERO,6,,965,10.715029,6.822924,3.8921046,965,1,2.9843698,0.0,0.0
966,ZERO,6,,966,4.8652434,8.71588,-3.850637,650,0,0.64521027,0.0,0.0
967,ZERO,6,,967,3.104644,6.373453,-3.268809,470,0,-4.745799,0.0,0.0
968,ZERO,6,,968,5.45341,7.2446012,-1.7911911,960,0,1.515069,0.0,0.0
969,ZERO,6,,969,7.6998506,6.0015054,1.6983452,969,1,0.3839426,0.0,0.0
970,ZERO,6,,970,9.788609,8.298325,1.490284,970,1,-0.14671516,0.0,0.0
971,ZERO,6,,971,9.079177,4.126696,4.952481,971,1,5.4313254,0.0,0.0
972,ZERO,6,,972,8.66176,6.3250275,2.3367329,972,1,0.2703619,0.0,0.0
973,ZERO,6,,973,8.918729,11.061605,-2.1428766,5,0,-2.7804928,0.0,0.0
974,ZERO,6,,974,9.937123,6.294179,3.6429443,974,1,-1.0624948,0.0,0.0
975,ZERO,6,,975,4.821592,5.128041,-0.30644894,698,0,0.1863203,0.0,0.0
976,ZERO,6,,976,12.181377,9.589144,2.5922337,976,1,0.82109547,0.0,0.0
977,ZERO,6,,977,12.018654,6.814945,5.2037086,977,1,1.054637,0.0,0.0
978,ZERO,6,,978,6.5086536,5.74582,0.7628336,978,1,0.3110962,0.0,0.0
979,ZERO,6,,979,9.147503,9.301767,-0.15426445,975,0,-2.8760414,0.0,0.0
980,ZERO,6,,980,2.7035296,6.7543736,-4.050844,522,0,6.947703,1.0,0.0
981,ZERO,6,,981,7.499501,7.134697,0.36480427,981,1,-0.57041836,0.0,1.0
982,ZERO,6,,982,0.7084318,3.8328245,-3.1243927,843,0,1.1880538,0.0,0.0
983,ZERO,6,,983,12.6345415,7.26054,5.3740015,983,1,0.09832239,0.0,0.0
984,ZERO,6,,984,13.805521,3.824533,9.980988,984,1,0.29323578,0.0,0.0
985,ZERO,6,,985,6.868491,4.7178636,2.1506276,985,1,-0.4462099,0.0,0.0
986,ZERO,6,,986,13.659096,4.400696,9.2584,986,1,-0.14109612,0.0,0.0
987,ZERO,6,,987,13.304824,13.694165,-0.38934135,998,0,-1.5180502,0.0,0.0
988,ZERO,6,,988,11.504438,10.275708,1.2287302,988,1,7.211047,0.0,0.0
989,ZERO,6,,989,9.77259,6.501659,3.2709308,989,1,3.84762,0.0,0.0
990,ZERO,6,,990,14.463001,5.867505,8.595496,990,1,-0.3744259,0.0,0.0
991,ZERO,6,,991,12.647741,8.651646,3.9960957,991,1,1.2038507,0.0,0.0
992,ZERO,6,,992,12.196818,10.969179,1.2276392,992,1,0.3232708,0.0,0.0
993,ZERO,6,,993,14.52147,6.2620387,8.259432,993,1,0.06059265,0.0,0.0
994,ZERO,6,,994,12.934544,5.59942,7.3351235,994,1,-0.3408003,0.0,0.0
995,ZERO,6,,995,14.743504,5.311195,9.432308,995,1,0.53864574,0.0,0.0
996,ZERO,6,,996,13.01174,5.9501815,7.0615582,996,1,1.0257182,0.0,0.0
997,ZERO,6,,997,9.23572,10.516579,-1.280859,947,0,1.6512146,1.0,0.0
998,ZERO,6,,998,14.016291,12.290774,1.7255163,998,1,-0.9329653,0.0,0.0
999,ZERO,6,,999,5.7228866,6.4156785,-0.69279194,876,0,-0.6764355,0.0,0.0
0,CENTROID,6,,0,13.699075,5.530917,8.168158,0,1,-0.05299759,0.0,0.0
1,CENTROID,6,,1,12.184891,5.5598254,6.6250653,1,1,-0.091154575,0.0,0.0
2,CENTROID,6,,2,14.099805,9.855554,4.2442513,2,1,0.23884583,0.0,0.0
3,CENTROID,6,,3,13.647101,10.343113,3.3039885,3,1,0.27794456,0.0,0.0
4,CENTROID,6,,4,13.968671,8.969611,4.9990597,4,1,-0.5167246,0.0,0.0
5,CENTROID,6,,5,14.286501,6.194821,8.091681,5,1,-0.03361702,0.0,0.0
6,CENTROID,6,,6,8.468095,10.483334,-2.0152388,5,0,0.19199657,0.0,0.0
7,CENTROID,6,,7,12.603646,7.6373525,4.966294,7,1,0.57069445,0.0,0.0
8,CENTROID,6,,8,12.928192,10.38517,2.5430222,8,1,0.4665203,0.0,0.0
9,CENTROID,6,,9,13.3899,5.880417,7.5094833,9,1,-2.2657075,0.0,0.0
10,CENTROID,6,,10,13.647141,7.6713777,5.975764,10,1,2.4150672,0.0,0.0
11,CENTROID,6,,11,10.784584,9.030119,1.7544651,11,1,-1.0041103,0.0,0.0
12,CENTROID,6,,12,3.0957892,6.5257154,-3.4299262,912,0,0.15394592,0.0,0.0
13,CENTROID,6,,13,2.7294536,6.093004,-3.3635507,996,0,5.639103,1.0,0.0
14,CENTROID,6,,14,13.556416,7.0398383,6.5165772,14,1,0.15716791,0.0,0.0
15,CENTROID,6,,15,12.316829,8.285969,4.03086,15,1,2.4134731,0.0,0.0
16,CENTROID,6,,16,13.656271,7.0440593,6.6122117,16,1,0.2900691,0.0,0.0
17,CENTROID,6,,17,10.00624,6.7760525,3.2301874,17,1,-1.4653645,0.0,0.0
18,CENTROID,6,,18,11.657425,9.054888,2.6025372,18,1,0.5019474,0.0,0.0
19,CENTROID,6,,19,13.17434,6.1050797,7.0692606,19,1,1.3337288,0.0,0.0
20,CENTROID,6,,20,12.040693,5.2807817,6.7599115,20,1,1.5268278,0.0,0.0
21,CENTROID,6,,21,2.926702,6.8563404,-3.9296384,138,0,-0.17697573,0.0,0.0
22,CENTROID,6,,22,13.752303,8.037186,5.7151175,22,1,-0.07692146,0.0,0.0
23,CENTROID,6,,23,10.331001,10.454159,-0.1231575,22,0,1.4418764,1.0,0.0
24,CENTROID,6,,24,13.835147,4.200064,9.635082,24,1,1.2959871,0.0,0.0
25,CENTROID,6,,25,13.4398775,9.130401,4.309477,25,1,0.8675051,0.0,0.0
26,CENTROID,6,,26,9.92867,13.545698,-3.6170282,28,0,-0.7697067,0.0,0.0
27,CENTROID,6,,27,9.341856,13.671209,-4.3293533,26,0,-0.4714508,0.0,0.0
28,CENTROID,6,,28,12.730304,10.375409,2.3548946,28,1,0.23462677,0.0,0.0
29,CENTROID,6,,29,14.953095,6.7796025,8.173492,29,1,0.005803108,0.0,0.0
30,CENTROID,6,,30,13.132119,9.114227,4.017892,30,1,-0.1051712,0.0,0.0
31,CENTROID,6,,31,10.204116,13.317537,-3.1134214,32,0,0.73506737,0.0,0.0
32,CENTROID,6,,32,8.216273,8.913658,-0.69738483,302,0,0.38448143,0.0,0.0
33,CENTROID,6,,33,8.11235,6.0773335,2.035017,33,1,0.75397635,0.0,0.0
34,CENTROID,6,,34,3.4234622,12.433611,-9.010149,980,0,0.58701134,0.0,0.0
35,CENTROID,6,,35,13.489108,12.021626,1.4674816,35,1,0.777565,0.0,0.0
36,CENTROID,6,,36,13.918997,11.5412245,2.3777723,36,1,-0.47388363,0.0,0.0
37,CENTROID,6,,37,11.527006,11.237868,0.28913784,37,1,0.14749718,0.0,0.0
38,CENTROID,6,,38,10.675671,7.312005,3.3636656,38,1,1.1764388,0.0,0.0
39,CENTROID,6,,39,13.46946,7.2421675,6.227292,39,1,0.37515163,0.0,0.0
40,CENTROID,6,,40,14.006081,11.556608,2.4494724,40,1,-0.59055614,0.0,0.0
41,CENTROID,6,,41,11.487522,7.747251,3.740271,41,1,-0.11281729,0.0,0.0
42,CENTROID,6,,42,14.260801,7.5195174,6.741284,42,1,-0.024772167,0.0,0.0
43,CENTROID,6,,43,14.431329,4.563289,9.86804,43,1,0.43679714,0.0,0.0
44,CENTROID,6,,44,14.295015,7.1413574,7.153658,44,1,0.12281275,0.0,0.0
45,CENTROID,6,,45,5.283347,5.9400682,-0.6567211,41,0,0.14649343,0.0,0.0
46,CENTROID,6,,46,6.875983,12.931044,-6.0550604,47,0,0.61497736,0.0,0.0
47,CENTROID,6,,47,14.73483,5.7651443,8.969686,47,1,0.69718075,0.0,0.0
48,CENTROID,6,,48,13.84043,6.260773,7.579657,48,1,0.7635665,0.0,0.0
49,CENTROID,6,,49,7.3786993,9.398293,-2.0195932,975,0,0.15785599,0.0,0.0
50,CENTROID,6,,50,4.584665,10.88359,-6.298925,62,0,1.0584307,0.0,0.0
51,CENTROID,6,,51,10.0879345,7.044244,3.0436907,51,1,-2.265728,0.0,0.0
52,CENTROID,6,,52,14.565513,8.065571,6.499942,52,1,0.55545807,0.0,0.0
53,CENTROID,6,,53,14.0499115,9.644953,4.4049587,53,1,1.1875324,0.0,0.0
54,CENTROID,6,,54,9.1019335,14.042306,-4.9403725,66,0,-0.676074,0.0,0.0
55,CENTROID,6,,55,7.169819,9.804074,-2.6342554,64,0,-0.19930553,0.0,0.0
56,CENTROID,6,,56,13.177277,8.536952,4.6403246,56,1,0.5908346,0.0,0.0
57,CENTROID,6,,57,6.364055,7.740412,-1.3763571,65,0,-0.7020364,0.0,0.0
58,CENTROID,6,,58,13.890414,10.346614,3.5438004,58,1,0.031852722,0.0,0.0
59,CENTROID,6,,59,13.062453,9.457401,3.605052,59,1,-0.3142872,0.0,0.0
60,CENTROID,6,,60,10.835036,9.565627,1.2694092,60,1,1.1650362,0.0,0.0
61,CENTROID,6,,61,13.479719,7.7274776,5.7522416,61,1,-0.1367011,0.0,0.0
62,CENTROID,6,,62,10.939911,10.296263,0.64364815,62,1,0.4852724,0.0,0.0
63,CENTROID,6,,63,14.619322,8.305989,6.3133326,63,1,0.48800182,0.0,0.0
64,CENTROID,6,,64,7.17742,7.3543034,-0.17688322,59,0,-0.76842976,0.0,0.0
65,CENTROID,6,,65,14.814788,8.346201,6.468587,65,1,0.7032919,0.0,0.0
66,CENTROID,6,,66,13.885661,12.549161,1.3365002,66,1,-0.27146816,0.0,0.0
67,CENTROID,6,,67,14.065223,10.956804,3.1084185,67,1,0.49823093,0.0,0.0
68,CENTROID,6,,68,12.809,13.732427,-0.9234266,66,0,0.47561836,0.0,0.0
69,CENTROID,6,,69,12.530396,6.555302,5.9750943,69,1,1.9253283,0.0,0.0
70,CENTROID,6,,70,14.877147,5.6978855,9.179261,70,1,0.10256481,0.0,0.0
71,CENTROID,6,,71,13.8182955,5.2644224,8.553873,71,1,0.4273491,0.0,0.0
72,CENTROID,6,,72,12.320341,11.54717,0.7731714,72,1,0.45037174,0.0,0.0
73,CENTROID,6,,73,14.199996,9.785432,4.414564,73,1,-0.1468544,0.0,0.0
74,CENTROID,6,,74,11.569528,13.361359,-1.791831,73,0,-0.42210102,0.0,0.0
75,CENTROID,6,,75,12.04071,9.456887,2.5838232,75,1,1.3467093,0.0,0.0
76,CENTROID,6,,76,12.99018,10.021763,2.9684172,76,1,-0.058974266,0.0,0.0
77,CENTROID,6,,77,10.931006,10.654329,0.27667713,77,1,0.4719429,0.0,0.0
78,CENTROID,6,,78,14.8861885,6.158236,8.727953,78,1,0.23395538,0.0,0.0
79,CENTROID,6,,79,14.014796,6.140045,7.874751,79,1,0.08545923,0.0,0.0
80,CENTROID,6,,80,15.029727,7.5290837,7.5006433,80,1,0.1956892,0.0,0.0
81,CENTROID,6,,81,13.609241,5.5579495,8.0512905,81,1,0.39512253,0.0,0.0
82,CENTROID,6,,82,13.612501,11.096439,2.5160618,82,1,0.26582432,0.0,0.0
83,CENTROID,6,,83,14.945766,8.235676,6.7100906,83,1,0.74058676,0.0,0.0
84,CENTROID,6,,84,13.497488,3.9335556,9.563932,84,1,0.10809708,0.0,0.0
85,CENTROID,6,,85,10.238808,9.451392,0.7874155,85,1,0.6613512,0.0,0.0
86,CENTROID,6,,86,13.166087,10.807744,2.3583431,86,1,-0.05616951,0.0,0.0
87,CENTROID,6,,87,3.8912375,5.1886635,-1.297426,678,0,3.041043,1.0,0.0
88,CENTROID,6,,88,13.019072,5.6339593,7.3851123,88,1,1.116343,0.0,0.0
89,CENTROID,6,,89,12.915575,4.046667,8.868908,89,1,0.49998283,0.0,0.0
90,CENTROID,6,,90,13.831226,6.493322,7.3379045,90,1,2.1154647,0.0,0.0
91,CENTROID,6,,91,14.479444,5.285227,9.194217,91,1,0.21775532,0.0,0.0
92,CENTROID,6,,92,14.156619,8.794912,5.3617067,92,1,0.5323763,0.0,0.0
93,CENTROID,6,,93,10.212666,6.601997,3.6106687,93,1,-1.1295943,0.0,0.0
94,CENTROID,6,,94,9.127348,11.771483,-2.6441355,95,0,0.7634897,0.0,0.0
95,CENTROID,6,,95,12.996817,5.3424425,7.654374,95,1,0.26539278,0.0,0.0
96,CENTROID,6,,96,13.388446,6.8163257,6.57212,96,1,0.51425123,0.0,0.0
97,CENTROID,6,,97,7.0167775,9.248622,-2.2318444,98,0,1.1899495,0.0,0.0
98,CENTROID,6,,98,14.021113,4.824123,9.196991,98,1,0.13252354,0.0,0.0
99,CENTROID,6,,99,11.8630295,8.072885,3.790145,99,1,-0.44837666,0.0,0.0
100,CENTROID,6,,100,14.190691,5.57525,8.61544,100,1,0.47398567,0.0,0.0
101,CENTROID,6,,101,13.0678,12.644945,0.42285442,101,1,1.0778294,0.0,0.0
102,CENTROID,6,,102,13.010273,6.755204,6.255069,102,1,0.32547426,0.0,0.0
103,CENTROID,6,,103,13.761611,8.32941,5.4322014,103,1,0.92015743,0.0,0.0
104,CENTROID,6,,104,9.463148,10.337882,-0.8747339,379,0,0.70449066,0.0,0.0
105,CENTROID,6,,105,13.572987,8.705537,4.8674498,105,1,1.1552181,0.0,0.0
106,CENTROID,6,,106,14.947058,5.4167295,9.530329,106,1,0.13759708,0.0,0.0
107,CENTROID,6,,107,13.657642,5.403957,8.253685,107,1,1.3724728,0.0,0.0
108,CENTROID,6,,108,11.578152,11.5190115,0.059140205,108,1,1.0221958,0.0,0.0
109,CENTROID,6,,109,4.12544,4.8133616,-0.6879215,738,0,0.7179599,1.0,0.0
110,CENTROID,6,,110,13.877407,5.8614855,8.015922,110,1,0.73211956,0.0,0.0
111,CENTROID,6,,111,15.10824,6.0830207,9.025219,111,1,0.25290394,0.0,0.0
112,CENTROID,6,,112,3.9860525,4.742544,-0.75649166,363,0,-0.32053614,0.0,0.0
113,CENTROID,6,,113,13.374262,7.041301,6.332961,113,1,0.7626729,0.0,0.0
114,CENTROID,6,,114,5.994037,8.372673,-2.378636,110,0,-0.49093628,0.0,0.0
115,CENTROID,6,,115,11.051683,8.548773,2.5029106,115,1,-0.09216976,0.0,0.0
116,CENTROID,6,,116,12.135408,6.6368012,5.498607,116,1,0.5902028,0.0,0.0
117,CENTROID,6,,117,13.56726,5.6301165,7.9371433,117,1,0.2706089,0.0,0.0
118,CENTROID,6,,118,13.778165,9.921729,3.8564358,118,1,0.079865456,0.0,0.0
119,CENTROID,6,,119,10.643915,8.759005,1.8849106,119,1,1.98,0.0,0.0
120,CENTROID,6,,120,13.57965,10.093843,3.4858065,120,1,1.6658564,0.0,0.0
121,CENTROID,6,,121,11.492408,6.5419955,4.9504123,121,1,-0.5421996,0.0,0.0
122,CENTROID,6,,122,10.121718,5.8065295,4.315189,122,1,0.5368295,0.0,0.0
123,CENTROID,6,,123,11.162169,11.431874,-0.26970482,122,0,-0.49721622,0.0,0.0
124,CENTROID,6,,124,9.833857,11.8157835,-1.9819269,121,0,1.3330812,0.0,0.0
125,CENTROID,6,,125,13.796057,7.0551476,6.740909,125,1,0.25502968,0.0,0.0
126,CENTROID,6,,126,3.1803415,5.9952455,-2.814904,995,0,-0.95492935,0.0,0.0
127,CENTROID,6,,127,13.322401,10.725671,2.5967302,127,1,0.088157654,0.0,0.0
128,CENTROID,6,,128,12.862733,8.461008,4.401725,128,1,-0.45587826,0.0,0.0
129,CENTROID,6,,129,13.945954,5.3194547,8.626499,129,1,0.09974766,0.0,0.0
130,CENTROID,6,,130,13.388847,5.6093726,7.7794747,130,1,0.124596596,0.0,0.0
131,CENTROID,6,,131,11.647217,10.253904,1.3933125,131,1,0.87215424,0.0,0.0
132,CENTROID,6,,132,12.484742,9.595743,2.888999,132,1,0.55311203,0.0,0.0
133,CENTROID,6,,133,14.365487,5.663057,8.702431,133,1,0.60454464,0.0,0.0
134,CENTROID,6,,134,11.952727,9.171754,2.7809734,134,1,0.07690239,0.0,0.0
135,CENTROID,6,,135,14.7060995,6.1407723,8.565327,135,1,0.80007076,0.0,0.0
136,CENTROID,6,,136,13.317184,11.126901,2.1902838,136,1,4.777934,0.0,0.0
137,CENTROID,6,,137,13.458157,7.369946,6.0882106,137,1,0.26415062,0.0,0.0
138,CENTROID,6,,138,14.03891,10.660624,3.3782864,138,1,-1.762022,0.0,0.0
139,CENTROID,6,,139,12.891066,6.1690874,6.721978,139,1,-0.4905405,0.0,0.0
140,CENTROID,6,,140,13.1238165,10.025981,3.0978355,140,1,1.5371084,0.0,0.0
141,CENTROID,6,,141,13.835175,7.623564,6.211611,141,1,1.0283761,0.0,0.0
142,CENTROID,6,,142,13.27263,6.8195987,6.453031,142,1,0.16005087,0.0,0.0
143,CENTROID,6,,143,14.41317,5.967601,8.445569,143,1,-0.03840351,0.0,0.0
144,CENTROID,6,,144,8.752313,11.042845,-2.290532,146,0,-1.3582926,0.0,0.0
145,CENTROID,6,,145,6.594587,5.7575955,0.8369913,145,1,0.089747906,0.0,0.0
146,CENTROID,6,,146,12.834657,4.7454834,8.089173,146,1,0.9125595,0.0,0.0
147,CENTROID,6,,147,13.169644,4.7352467,8.434398,147,1,0.35906315,0.0,0.0
148,CENTROID,6,,148,13.424911,5.859164,7.5657463,148,1,0.018397331,0.0,0.0
149,CENTROID,6,,149,13.531748,6.47836,7.0533876,149,1,1.6150141,0.0,0.0
150,CENTROID,6,,150,13.379742,8.083377,5.296365,150,1,1.5065837,0.0,0.0
151,CENTROID,6,,151,9.394116,10.229963,-0.8358469,162,0,-1.342453,0.0,0.0
152,CENTROID,6,,152,13.297133,7.5108852,5.786248,152,1,-0.22551918,0.0,0.0
153,CENTROID,6,,153,11.379296,10.671002,0.7082939,153,1,0.31621552,0.0,0.0
154,CENTROID,6,,154,14.269387,6.540345,7.729042,154,1,0.32159233,0.0,0.0
155,CENTROID,6,,155,10.299908,11.113159,-0.8132515,154,0,-0.7186451,0.0,0.0
156,CENTROID,6,,156,10.749831,10.097307,0.652524,156,1,0.63304424,0.0,0.0
157,CENTROID,6,,157,11.582203,8.614767,2.9674358,157,1,1.166502,0.0,0.0
158,CENTROID,6,,158,10.15123,9.869652,0.28157806,158,1,-0.2611494,0.0,0.0
159,CENTROID,6,,159,13.781665,8.282579,5.4990854,159,1,0.06130314,0.0,0.0
160,CENTROID,6,,160,13.905501,6.1480737,7.7574277,160,1,0.49934912,0.0,0.0
161,CENTROID,6,,161,14.024643,8.897202,5.1274414,161,1,0.8088045,0.0,0.0
162,CENTROID,6,,162,13.347021,9.564861,3.7821598,162,1,-0.41453362,0.0,0.0
163,CENTROID,6,,163,11.047064,9.216066,1.8309975,163,1,-0.16274166,0.0,0.0
164,CENTROID,6,,164,12.085706,10.057187,2.0285187,164,1,0.49753475,0.0,0.0
165,CENTROID,6,,165,14.429745,7.827285,6.60246,165,1,0.42972326,0.0,0.0
166,CENTROID,6,,166,7.2612467,6.5850563,0.6761904,166,1,-2.6575112,0.0,1.0
167,CENTROID,6,,167,9.935516,12.722337,-2.7868204,164,0,-0.4845333,0.0,0.0
168,CENTROID,6,,168,11.137947,11.09928,0.038666725,168,1,0.5589533,0.0,0.0
169,CENTROID,6,,169,14.414522,7.3064284,7.1080937,169,1,0.086239815,0.0,0.0
170,CENTROID,6,,170,11.811118,9.841471,1.9696474,170,1,-0.40807438,0.0,0.0
171,CENTROID,6,,171,14.341222,10.0060005,4.3352213,171,1,1.0011978,0.0,0.0
172,CENTROID,6,,172,14.304019,8.556648,5.7473707,172,1,0.043429375,0.0,0.0
173,CENTROID,6,,173,14.605484,7.347682,7.257802,173,1,1.709691,0.0,0.0
174,CENTROID,6,,174,10.667115,8.310109,2.357006,174,1,-0.8625746,0.0,0.0
175,CENTROID,6,,175,11.426063,11.471314,-0.045251846,202,0,0.32180214,1.0,0.0
176,CENTROID,6,,176,11.086078,13.585791,-2.499713,172,0,-1.8502254,0.0,0.0
177,CENTROID,6,,177,12.951196,12.023396,0.9278002,177,1,-1.2098475,0.0,1.0
178,CENTROID,6,,178,14.056571,8.7211275,5.3354435,178,1,-0.1725483,0.0,0.0
179,CENTROID,6,,179,10.666756,10.926459,-0.25970364,180,0,0.42134094,1.0,0.0
180,CENTROID,6,,180,11.928866,10.289669,1.6391973,180,1,0.16011715,0.0,0.0
181,CENTROID,6,,181,12.405649,6.5020356,5.9036136,181,1,0.47276688,0.0,0.0
182,CENTROID,6,,182,12.505513,7.3840404,5.121473,182,1,1.51862,0.0,0.0
183,CENTROID,6,,183,14.021615,7.195459,6.826156,183,1,0.50100327,0.0,0.0
184,CENTROID,6,,184,14.976817,7.982206,6.9946113,184,1,1.5075374,0.0,0.0
185,CENTROID,6,,185,11.5214,10.072152,1.4492483,185,1,2.8580112,0.0,0.0
186,CENTROID,6,,186,14.348244,11.879185,2.469059,186,1,0.11034298,0.0,0.0
187,CENTROID,6,,187,9.972079,10.444411,-0.472332,193,0,2.069357,1.0,0.0
188,CENTROID,6,,188,14.19516,12.21329,1.9818697,188,1,1.1548347,0.0,0.0
189,CENTROID,6,,189,13.043303,12.047429,0.99587345,189,1,0.22607708,0.0,0.0
190,CENTROID,6,,190,10.955634,10.381366,0.57426834,190,1,2.3332405,0.0,0.0
191,CENTROID,6,,191,10.828043,9.427751,1.4002924,191,1,0.5843048,0.0,0.0
192,CENTROID,6,,192,3.7795365,7.509327,-3.7297904,216,0,0.069541216,0.0,0.0
193,CENTROID,6,,193,14.45359,10.55681,3.89678,193,1,2.3374376,0.0,0.0
194,CENTROID,6,,194,14.314988,8.377526,5.937462,194,1,0.9970908,0.0,0.0
195,CENTROID,6,,195,12.97861,8.001335,4.977275,195,1,0.19478178,0.0,0.0
196,CENTROID,6,,196,8.594076,14.6766,-6.0825243,198,0,-0.4311924,0.0,0.0
197,CENTROID,6,,197,8.577624,7.1551886,1.4224358,197,1,0.23610497,0.0,0.0
198,CENTROID,6,,198,12.676118,11.18142,1.4946976,198,1,0.77936935,0.0,0.0
199,CENTROID,6,,199,9.15016,9.393398,-0.24323845,197,0,-0.90167046,0.0,0.0
200,CENTROID,6,,200,11.817644,10.340992,1.4766521,200,1,1.025856,0.0,0.0
201,CENTROID,6,,201,11.634134,11.234818,0.39931583,201,1,-0.9395628,0.0,1.0
202,CENTROID,6,,202,11.738646,9.658634,2.0800114,202,1,-0.18182564,0.0,0.0
203,CENTROID,6,,203,6.8300667,7.9203353,-1.0902686,153,0,-0.39830303,0.0,0.0
204,CENTROID,6,,204,9.986967,10.921071,-0.93410397,200,0,-0.56140137,0.0,0.0
205,CENTROID,6,,205,12.167029,7.8949075,4.272122,205,1,0.07545996,0.0,0.0
206,CENTROID,6,,206,12.478638,9.161315,3.3173227,206,1,0.67631626,0.0,0.0
207,CENTROID,6,,207,12.121406,7.2550054,4.8664002,207,1,0.44728756,0.0,0.0
208,CENTROID,6,,208,3.5622845,9.916803,-6.354519,260,0,-0.8360615,0.0,0.0
209,CENTROID,6,,209,12.704742,8.268771,4.4359713,209,1,0.8937378,0.0,0.0
210,CENTROID,6,,210,12.538179,5.596647,6.9415326,210,1,0.62667894,0.0,0.0
211,CENTROID,6,,211,13.660199,6.4599557,7.2002435,211,1,-0.14082193,0.0,0.0
212,CENTROID,6,,212,12.475475,5.6344953,6.84098,212,1,2.0651097,0.0,0.0
213,CENTROID,6,,213,7.1094675,10.579747,-3.4702797,218,0,0.52261734,0.0,0.0
214,CENTROID,6,,214,12.994252,6.145055,6.8491974,214,1,1.0214076,0.0,0.0
215,CENTROID,6,,215,14.795632,9.08428,5.7113523,215,1,-0.47397327,0.0,0.0
216,CENTROID,6,,216,14.7953415,7.5472584,7.248083,216,1,0.05621481,0.0,0.0
217,CENTROID,6,,217,11.76416,8.005959,3.7582016,217,1,1.3214908,0.0,0.0
218,CENTROID,6,,218,14.014598,8.178078,5.83652,218,1,-0.17875957,0.0,0.0
219,CENTROID,6,,219,12.239541,7.672275,4.567266,219,1,0.7129531,0.0,0.0
220,CENTROID,6,,220,14.837146,9.499647,5.3374987,220,1,0.39863968,0.0,0.0
221,CENTROID,6,,221,11.919453,8.569584,3.3498688,221,1,0.399374,0.0,0.0
222,CENTROID,6,,222,13.075125,9.480235,3.5948896,222,1,2.6307168,0.0,0.0
223,CENTROID,6,,223,13.939302,6.3402777,7.599025,223,1,-0.08720684,0.0,0.0
224,CENTROID,6,,224,13.713368,5.7587004,7.954668,224,1,0.8175316,0.0,0.0
225,CENTROID,6,,225,12.825615,6.795345,6.03027,225,1,0.5355644,0.0,0.0
226,CENTROID,6,,226,3.7367291,7.601282,-3.864553,210,0,-0.6767125,0.0,0.0
227,CENTROID,6,,227,9.464518,8.113257,1.3512602,227,1,1.3998327,0.0,0.0
228,CENTROID,6,,228,13.804534,5.41413,8.390404,228,1,0.14525509,0.0,0.0
229,CENTROID,6,,229,13.791437,7.6880894,6.103348,229,1,0.36853743,0.0,0.0
230,CENTROID,6,,230,4.2380214,7.8379025,-3.5998812,253,0,-0.72076035,0.0,0.0
231,CENTROID,6,,231,8.866865,13.544643,-4.6777782,230,0,0.17522144,0.0,0.0
232,CENTROID,6,,232,10.117276,8.713896,1.4033804,232,1,0.63749313,0.0,0.0
233,CENTROID,6,,233,14.881019,8.814816,6.066202,233,1,1.3990498,0.0,0.0
234,CENTROID,6,,234,7.8178873,8.448156,-0.63026905,240,0,1.2996635,1.0,0.0
235,CENTROID,6,,235,10.246749,10.816385,-0.56963634,225,0,0.86073303,1.0,0.0
236,CENTROID,6,,236,10.323839,9.974418,0.3494215,236,1,0.3870287,0.0,0.0
237,CENTROID,6,,237,13.351884,10.045612,3.3062716,237,1,0.31445312,0.0,0.0
238,CENTROID,6,,238,12.984479,10.634495,2.3499842,238,1,-0.5643072,0.0,0.0
239,CENTROID,6,,239,12.61199,10.0559435,2.5560465,239,1,-1.202179,0.0,0.0
240,CENTROID,6,,240,10.588672,13.945839,-3.3571672,238,0,0.42467403,0.0,0.0
241,CENTROID,6,,241,12.217749,11.512388,0.7053604,241,1,0.7661419,0.0,0.0
242,CENTROID,6,,242,12.38888,6.972158,5.416722,242,1,-0.57674646,0.0,0.0
243,CENTROID,6,,243,13.005301,9.842949,3.1623526,243,1,0.97833824,0.0,0.0
244,CENTROID,6,,244,13.695248,10.233583,3.4616642,244,1,0.18490219,0.0,0.0
245,CENTROID,6,,245,13.255654,8.876969,4.378685,245,1,-0.025053978,0.0,0.0
246,CENTROID,6,,246,8.204243,9.245503,-1.0412607,251,0,0.37736893,0.0,0.0
247,CENTROID,6,,247,13.874034,5.71577,8.158264,247,1,0.642683,0.0,0.0
248,CENTROID,6,,248,11.139652,10.741711,0.3979416,248,1,0.39734364,0.0,0.0
249,CENTROID,6,,249,14.670483,8.075812,6.5946703,249,1,0.067967415,0.0,0.0
250,CENTROID,6,,250,12.553799,12.470791,0.08300781,250,1,-0.42323685,0.0,1.0
251,CENTROID,6,,251,11.765259,6.040961,5.724298,251,1,0.8179765,0.0,0.0
252,CENTROID,6,,252,13.392948,8.564658,4.82829,252,1,0.85512066,0.0,0.0
253,CENTROID,6,,253,14.856858,6.945297,7.9115615,253,1,1.8606696,0.0,0.0
254,CENTROID,6,,254,12.832398,6.983895,5.8485036,254,1,0.16789722,0.0,0.0
255,CENTROID,6,,255,13.724916,5.3364387,8.388477,255,1,0.3431778,0.0,0.0
256,CENTROID,6,,256,12.242603,9.463709,2.7788944,256,1,-2.3831997,0.0,0.0
257,CENTROID,6,,257,12.618522,8.833937,3.784585,257,1,-0.15586376,0.0,0.0
258,CENTROID,6,,258,13.195915,8.453727,4.7421885,258,1,0.64431095,0.0,0.0
259,CENTROID,6,,259,12.344904,9.054517,3.2903872,259,1,0.4388094,0.0,0.0
260,CENTROID,6,,260,12.018033,8.282215,3.735818,260,1,0.16493082,0.0,0.0
261,CENTROID,6,,261,13.945882,8.178758,5.767124,261,1,-0.23299122,0.0,0.0
262,CENTROID,6,,262,13.417904,7.199782,6.218122,262,1,0.45334387,0.0,0.0
263,CENTROID,6,,263,11.715032,10.771227,0.94380474,263,1,-0.05889225,0.0,0.0
264,CENTROID,6,,264,14.926493,8.205599,6.720894,264,1,0.89114666,0.0,0.0
265,CENTROID,6,,265,-0.67611474,7.4343543,-8.110469,727,0,0.5685582,0.0,0.0
266,CENTROID,6,,266,11.781105,11.928954,-0.14784908,265,0,-0.38593483,0.0,0.0
267,CENTROID,6,,267,14.119273,6.7841926,7.3350806,267,1,0.22531605,0.0,0.0
268,CENTROID,6,,268,13.89712,6.2700496,7.627071,268,1,-0.34398365,0.0,0.0
269,CENTROID,6,,269,12.779131,11.500938,1.2781925,269,1,-0.009117126,0.0,0.0
270,CENTROID,6,,270,14.327726,11.225749,3.1019773,270,1,0.15674114,0.0,0.0
271,CENTROID,6,,271,6.0529923,15.15975,-9.106758,274,0,-0.22002602,0.0,0.0
272,CENTROID,6,,272,12.704461,10.284452,2.4200087,272,1,-1.1241512,0.0,0.0
273,CENTROID,6,,273,14.145425,9.930499,4.214926,273,1,0.32559776,0.0,0.0
274,CENTROID,6,,274,15.270015,6.3488374,8.921177,274,1,-0.26935005,0.0,0.0
275,CENTROID,6,,275,13.492152,8.327632,5.1645203,275,1,0.15262032,0.0,0.0
276,CENTROID,6,,276,12.418,8.940898,3.4771023,276,1,0.38123226,0.0,0.0
277,CENTROID,6,,277,10.504506,12.541502,-2.036996,278,0,-0.16166687,0.0,0.0
278,CENTROID,6,,278,10.8807535,12.556426,-1.6756725,279,0,0.003077507,0.0,0.0
279,CENTROID,6,,279,14.160359,7.463337,6.6970224,279,1,0.038121223,0.0,0.0
280,CENTROID,6,,280,13.987359,7.9642515,6.0231075,280,1,0.11414194,0.0,0.0
281,CENTROID,6,,281,9.327282,8.777561,0.54972076,281,1,0.10337734,0.0,0.0
282,CENTROID,6,,282,9.707628,11.134056,-1.4264278,285,0,-1.3745813,0.0,0.0
283,CENTROID,6,,283,13.349097,8.307233,5.0418644,283,1,0.85742426,0.0,0.0
284,CENTROID,6,,284,11.759455,6.0621986,5.697256,284,1,-0.11865616,0.0,0.0
285,CENTROID,6,,285,10.649551,7.7799063,2.869645,285,1,-1.1934366,0.0,0.0
286,CENTROID,6,,286,14.389933,7.8539658,6.535967,286,1,0.73522806,0.0,0.0
287,CENTROID,6,,287,14.916394,4.2449937,10.6714,287,1,0.17181969,0.0,0.0
288,CENTROID,6,,288,14.102759,9.636333,4.466426,288,1,-0.14025402,0.0,0.0
289,CENTROID,6,,289,12.73622,10.089626,2.646594,289,1,0.17939568,0.0,0.0
290,CENTROID,6,,290,13.549876,12.236243,1.313633,290,1,0.71346855,0.0,0.0
291,CENTROID,6,,291,12.611948,7.030108,5.58184,291,1,0.5924425,0.0,0.0
292,CENTROID,6,,292,11.105799,8.874963,2.230836,292,1,0.14099121,0.0,0.0
293,CENTROID,6,,293,13.560723,6.0871086,7.4736147,293,1,0.22487307,0.0,0.0
294,CENTROID,6,,294,14.822476,6.2523146,8.570162,294,1,0.21486664,0.0,0.0
295,CENTROID,6,,295,13.230588,10.284493,2.9460945,295,1,0.6549387,0.0,0.0
296,CENTROID,6,,296,11.986536,6.9619827,5.0245533,296,1,1.3386784,0.0,0.0
297,CENTROID,6,,297,15.058281,6.090569,8.967712,297,1,0.88272285,0.0,0.0
298,CENTROID,6,,298,8.177239,8.054314,0.12292576,298,1,-2.1543388,0.0,1.0
299,CENTROID,6,,299,9.240937,10.841863,-1.6009254,359,0,-1.2677894,0.0,0.0
300,CENTROID,6,,300,12.367808,8.122972,4.244837,300,1,0.26725674,0.0,0.0
301,CENTROID,6,,301,12.923187,8.469803,4.4533844,301,1,0.47939205,0.0,0.0
302,CENTROID,6,,302,8.296059,11.523482,-3.2274237,303,0,-0.18231964,0.0,0.0
303,CENTROID,6,,303,11.22594,8.645078,2.580862,303,1,1.8288283,0.0,0.0
304,CENTROID,6,,304,12.02336,10.714916,1.308444,304,1,0.60499,0.0,0.0
305,CENTROID,6,,305,12.985587,9.226853,3.7587337,305,1,0.48408604,0.0,0.0
306,CENTROID,6,,306,14.682727,5.808619,8.874107,306,1,0.69645596,0.0,0.0
307,CENTROID,6,,307,13.000147,6.8981037,6.102043,307,1,0.3406787,0.0,0.0
308,CENTROID,6,,308,10.226529,9.759801,0.4667282,308,1,0.3352661,0.0,0.0
309,CENTROID,6,,309,12.129791,5.427253,6.7025385,309,1,-0.22224855,0.0,0.0
310,CENTROID,6,,310,11.736508,9.811319,1.925189,310,1,0.821805,0.0,0.0
311,CENTROID,6,,311,13.520751,9.938897,3.5818539,311,1,-0.3307352,0.0,0.0
312,CENTROID,6,,312,12.33359,6.8822956,5.451294,312,1,0.21059513,0.0,0.0
313,CENTROID,6,,313,13.592464,11.025399,2.5670652,313,1,0.28573418,0.0,0.0
314,CENTROID,6,,314,12.581002,8.229156,4.3518467,314,1,0.20877075,0.0,0.0
315,CENTROID,6,,315,8.873136,8.008457,0.8646784,315,1,0.326746,0.0,0.0
316,CENTROID,6,,316,13.277788,4.824682,8.453106,316,1,0.11580849,0.0,0.0
317,CENTROID,6,,317,3.2891622,13.076325,-9.787163,318,0,-0.47419167,0.0,0.0
318,CENTROID,6,,318,13.394119,5.03952,8.354599,318,1,0.5131788,0.0,0.0
319,CENTROID,6,,319,13.486824,8.204429,5.2823954,319,1,-0.16078854,0.0,0.0
320,CENTROID,6,,320,13.383395,10.813757,2.5696383,320,1,-0.028967857,0.0,0.0
321,CENTROID,6,,321,13.050122,7.0591474,5.990975,321,1,1.2287097,0.0,0.0
322,CENTROID,6,,322,14.007995,7.226592,6.7814026,322,1,0.87255764,0.0,0.0
323,CENTROID,6,,323,13.462318,6.3428893,7.119429,323,1,0.43704128,0.0,0.0
324,CENTROID,6,,324,12.854148,6.3024616,6.5516863,324,1,0.07555103,0.0,0.0
325,CENTROID,6,,325,12.576719,6.5046763,6.072043,325,1,0.2925439,0.0,0.0
326,CENTROID,6,,326,12.315186,9.486831,2.8283548,326,1,2.2984838,0.0,0.0
327,CENTROID,6,,327,13.372914,6.9013987,6.4715157,327,1,0.5592766,0.0,0.0
328,CENTROID,6,,328,11.987046,7.431542,4.5555043,328,1,1.3776569,0.0,0.0
329,CENTROID,6,,329,9.494593,5.5102353,3.9843574,329,1,0.5169115,0.0,0.0
330,CENTROID,6,,330,14.020342,12.167686,1.8526554,330,1,0.7122736,0.0,0.0
331,CENTROID,6,,331,14.927612,7.3426676,7.5849447,331,1,0.14657974,0.0,0.0
332,CENTROID,6,,332,14.216638,5.41544,8.801197,332,1,-0.4591999,0.0,0.0
333,CENTROID,6,,333,13.800252,6.0685616,7.7316904,333,1,0.20286512,0.0,0.0
334,CENTROID,6,,334,6.5481124,13.143413,-6.5953,102,0,-0.21848965,0.0,0.0
335,CENTROID,6,,335,11.44157,6.351358,5.0902123,335,1,1.3176045,0.0,0.0
336,CENTROID,6,,336,7.489762,8.236353,-0.7465911,80,0,-0.42205,0.0,0.0
337,CENTROID,6,,337,4.595304,13.861073,-9.265768,334,0,-0.5422058,0.0,0.0
338,CENTROID,6,,338,3.089796,9.271978,-6.1821823,29,0,-1.3276978,0.0,0.0
339,CENTROID,6,,339,11.582154,6.265417,5.316737,339,1,0.79610157,0.0,0.0
340,CENTROID,6,,340,13.747026,7.6167855,6.130241,340,1,0.5019064,0.0,0.0
341,CENTROID,6,,341,3.5475116,7.6081424,-4.060631,361,0,0.889616,0.0,0.0
342,CENTROID,6,,342,13.368092,13.79119,-0.42309856,341,0,0.9023657,1.0,0.0
343,CENTROID,6,,343,13.618732,9.394784,4.2239485,343,1,0.3866415,0.0,0.0
344,CENTROID,6,,344,13.348978,4.953304,8.395674,344,1,-0.8912902,0.0,0.0
345,CENTROID,6,,345,11.148849,14.478087,-3.329239,690,0,0.33953953,0.0,0.0
346,CENTROID,6,,346,13.164475,9.504424,3.6600513,346,1,0.91372395,0.0,0.0
347,CENTROID,6,,347,12.860892,9.490329,3.3705635,347,1,0.73712826,0.0,0.0
348,CENTROID,6,,348,7.273004,9.148455,-1.8754506,341,0,0.15854216,0.0,0.0
349,CENTROID,6,,349,13.636078,10.767342,2.8687363,349,1,0.14910316,0.0,0.0
350,CENTROID,6,,350,13.922981,7.83253,6.0904512,350,1,0.5486593,0.0,0.0
351,CENTROID,6,,351,13.0516405,6.8701606,6.18148,351,1,0.3210969,0.0,0.0
352,CENTROID,6,,352,14.010056,10.655388,3.3546677,352,1,-0.060865402,0.0,0.0
353,CENTROID,6,,353,12.152963,11.045642,1.1073208,353,1,0.662714,0.0,0.0
354,CENTROID,6,,354,12.916363,4.6768913,8.239471,354,1,0.35347652,0.0,0.0
355,CENTROID,6,,355,10.595269,6.288499,4.3067703,355,1,2.747519,0.0,0.0
356,CENTROID,6,,356,14.891523,12.167144,2.7243795,356,1,0.40129566,0.0,0.0
357,CENTROID,6,,357,2.3831842,7.0259027,-4.6427183,975,0,0.22376442,0.0,0.0
358,CENTROID,6,,358,9.065053,12.64844,-3.5833874,356,0,0.42402363,0.0,0.0
359,CENTROID,6,,359,10.175364,10.192093,-0.016729355,358,0,0.24938774,1.0,0.0
360,CENTROID,6,,360,6.2214155,9.701928,-3.4805126,150,0,2.363371,0.0,0.0
361,CENTROID,6,,361,7.144733,4.4918284,2.6529045,361,1,-0.63825226,0.0,0.0
362,CENTROID,6,,362,14.603698,7.1093326,7.494365,362,1,0.17553091,0.0,0.0
363,CENTROID,6,,363,15.091856,3.4573631,11.634493,363,1,0.46596336,0.0,0.0
364,CENTROID,6,,364,14.761521,5.6342506,9.127271,364,1,0.17178822,0.0,0.0
365,CENTROID,6,,365,12.909507,6.5386915,6.3708153,365,1,0.19376898,0.0,0.0
366,CENTROID,6,,366,13.763818,9.3877535,4.3760643,366,1,1.1134968,0.0,0.0
367,CENTROID,6,,367,8.815632,7.041829,1.7738028,367,1,0.5738101,0.0,0.0
368,CENTROID,6,,368,14.47517,9.506284,4.9688864,368,1,2.160048,0.0,0.0
369,CENTROID,6,,369,13.730411,10.193758,3.5366526,369,1,-0.029892921,0.0,0.0
370,CENTROID,6,,370,13.360228,8.665083,4.6951447,370,1,1.2072115,0.0,0.0
371,CENTROID,6,,371,10.623454,13.51224,-2.8887863,370,0,0.22043133,0.0,0.0
372,CENTROID,6,,372,9.565214,11.184952,-1.6197376,371,0,-0.508543,0.0,0.0
373,CENTROID,6,,373,11.111938,11.381473,-0.2695341,371,0,0.28814507,1.0,0.0
374,CENTROID,6,,374,12.988741,9.512934,3.4758072,374,1,1.3788776,0.0,0.0
375,CENTROID,6,,375,13.434654,9.085574,4.34908,375,1,-0.2694893,0.0,0.0
376,CENTROID,6,,376,13.924463,6.3007145,7.623749,376,1,0.22556877,0.0,0.0
377,CENTROID,6,,377,11.89687,10.075125,1.8217449,377,1,-0.3871088,0.0,0.0
378,CENTROID,6,,378,13.348027,11.850032,1.4979954,378,1,0.28148556,0.0,0.0
379,CENTROID,6,,379,13.336499,11.225464,2.1110353,379,1,0.122636795,0.0,0.0
380,CENTROID,6,,380,14.142014,10.614965,3.527048,380,1,0.035708427,0.0,0.0
381,CENTROID,6,,381,12.660002,9.951744,2.7082577,381,1,-0.13392925,0.0,0.0
382,CENTROID,6,,382,11.54062,12.716275,-1.1756554,380,0,0.19770145,0.0,0.0
383,CENTROID,6,,383,11.106274,12.60304,-1.4967661,384,0,0.13806725,0.0,0.0
384,CENTROID,6,,384,14.801748,6.9595823,7.842166,384,1,0.15314245,0.0,0.0
385,CENTROID,6,,385,12.760099,12.50433,0.25576973,385,1,0.41707706,0.0,0.0
386,CENTROID,6,,386,13.761133,13.696344,0.06478882,386,1,0.61121845,0.0,0.0
387,CENTROID,6,,387,13.8963175,6.989082,6.9072356,387,1,0.5246501,0.0,0.0
388,CENTROID,6,,388,13.876355,6.4305687,7.4457865,388,1,0.28667498,0.0,0.0
389,CENTROID,6,,389,13.809643,9.488709,4.3209333,389,1,-0.48407173,0.0,0.0
390,CENTROID,6,,390,14.812117,7.728155,7.0839615,390,1,0.20681477,0.0,0.0
391,CENTROID,6,,391,12.428433,8.925926,3.5025072,391,1,-0.2630558,0.0,0.0
392,CENTROID,6,,392,13.879235,4.7335997,9.145636,392,1,0.2121563,0.0,0.0
393,CENTROID,6,,393,12.484183,11.068731,1.415452,393,1,0.96482563,0.0,0.0
394,CENTROID,6,,394,5.993393,9.845624,-3.852231,103,0,-1.473073,0.0,0.0
395,CENTROID,6,,395,12.32005,12.586575,-0.2665243,389,0,1.0995846,1.0,0.0
396,CENTROID,6,,396,13.501179,5.928615,7.5725636,396,1,0.32899857,0.0,0.0
397,CENTROID,6,,397,2.9538934,13.042394,-10.0885,396,0,-0.21609688,0.0,0.0
398,CENTROID,6,,398,14.729576,3.5931787,11.136397,398,1,0.5307493,0.0,0.0
399,CENTROID,6,,399,13.613014,7.388162,6.224852,399,1,0.6339655,0.0,0.0
400,CENTROID,6,,400,13.256407,13.817234,-0.56082726,667,0,0.29381847,0.0,0.0
401,CENTROID,6,,401,14.719587,6.6146746,8.104913,401,1,0.8440676,0.0,0.0
402,CENTROID,6,,402,12.2518015,6.245671,6.0061307,402,1,1.2485652,0.0,0.0
403,CENTROID,6,,403,12.795778,8.102809,4.6929693,403,1,0.9107218,0.0,0.0
404,CENTROID,6,,404,13.62184,9.12572,4.4961195,404,1,0.06135845,0.0,0.0
405,CENTROID,6,,405,14.971427,6.1874075,8.784019,405,1,-0.34594822,0.0,0.0
406,CENTROID,6,,406,6.886756,13.788669,-6.9019127,884,0,1.1392217,0.0,0.0
407,CENTROID,6,,407,14.988904,6.3749194,8.613985,407,1,-0.036676407,0.0,0.0
408,CENTROID,6,,408,7.200921,12.475557,-5.2746363,586,0,-0.6377096,0.0,0.0
409,CENTROID,6,,409,5.1110606,9.248506,-4.137445,437,0,-1.0330424,0.0,0.0
410,CENTROID,6,,410,13.500166,10.983807,2.5163593,410,1,0.4252634,0.0,0.0
411,CENTROID,6,,411,13.486495,5.732665,7.75383,411,1,0.038231373,0.0,0.0
412,CENTROID,6,,412,12.301554,9.235182,3.066372,412,1,-0.29382133,0.0,0.0
413,CENTROID,6,,413,14.154824,11.963544,2.1912804,413,1,0.12506676,0.0,0.0
414,CENTROID,6,,414,15.306716,7.297363,8.009354,414,1,-0.6535702,0.0,0.0
415,CENTROID,6,,415,4.217405,7.3136315,-3.0962267,860,0,0.6180649,0.0,0.0
416,CENTROID,6,,416,14.651504,8.149243,6.50226,416,1,0.14018536,0.0,0.0
417,CENTROID,6,,417,13.628351,5.8986564,7.729695,417,1,0.34516954,0.0,0.0
418,CENTROID,6,,418,11.661315,9.2194,2.4419146,418,1,2.9782238,0.0,0.0
419,CENTROID,6,,419,14.602316,6.1896033,8.412712,419,1,0.4238081,0.0,0.0
420,CENTROID,6,,420,14.199714,5.504665,8.695049,420,1,-0.2515564,0.0,0.0
421,CENTROID,6,,421,7.3561673,7.046007,0.31016016,421,1,1.7613463,0.0,0.0
422,CENTROID,6,,422,15.364887,8.332576,7.0323114,422,1,1.1693621,0.0,0.0
423,CENTROID,6,,423,3.1434171,4.689757,-1.5463398,428,0,1.1422946,0.0,0.0
424,CENTROID,6,,424,4.777338,7.813283,-3.035945,627,0,1.3580265,0.0,0.0
425,CENTROID,6,,425,13.774004,6.8619146,6.9120893,425,1,0.12683725,0.0,0.0
426,CENTROID,6,,426,14.811545,5.022741,9.788805,426,1,0.5248661,0.0,0.0
427,CENTROID,6,,427,9.096112,12.7632885,-3.6671762,469,0,0.58798695,0.0,0.0
428,CENTROID,6,,428,11.450835,4.266945,7.1838903,428,1,0.4073596,0.0,0.0
429,CENTROID,6,,429,13.884085,6.861512,7.0225725,429,1,0.65895224,0.0,0.0
430,CENTROID,6,,430,14.153188,4.546124,9.607063,430,1,0.10959244,0.0,0.0
431,CENTROID,6,,431,7.940012,5.2690387,2.6709733,431,1,1.8550963,0.0,0.0
432,CENTROID,6,,432,9.006967,10.8519535,-1.8449869,683,0,-0.06775761,0.0,0.0
433,CENTROID,6,,433,4.5428214,6.4042044,-1.861383,842,0,-0.33636665,0.0,0.0
434,CENTROID,6,,434,2.6937294,7.90949,-5.2157607,445,0,-0.7418046,0.0,0.0
435,CENTROID,6,,435,12.294498,11.677205,0.61729336,435,1,-0.046422005,0.0,0.0
436,CENTROID,6,,436,7.562668,10.619108,-3.0564404,660,0,1.0291829,0.0,0.0
437,CENTROID,6,,437,11.670172,11.892262,-0.22209072,460,0,-0.4434929,0.0,0.0
438,CENTROID,6,,438,8.881543,6.667064,2.214479,438,1,0.20285892,0.0,0.0
439,CENTROID,6,,439,15.1337,6.013663,9.120037,439,1,0.09072399,0.0,0.0
440,CENTROID,6,,440,10.388639,6.9213424,3.467297,440,1,1.3056784,0.0,0.0
441,CENTROID,6,,441,13.358571,6.7254286,6.6331425,441,1,0.21311283,0.0,0.0
442,CENTROID,6,,442,9.704717,10.389536,-0.6848192,663,0,1.1964579,1.0,0.0
443,CENTROID,6,,443,13.636371,4.34366,9.292711,443,1,0.37944698,0.0,0.0
444,CENTROID,6,,444,6.4778776,10.104518,-3.6266403,665,0,1.2907557,0.0,0.0
445,CENTROID,6,,445,12.323454,11.069542,1.253912,445,1,1.6677132,0.0,0.0
446,CENTROID,6,,446,12.87227,9.920992,2.9512777,446,1,0.034140587,0.0,0.0
447,CENTROID,6,,447,8.119424,7.908804,0.21061993,447,1,2.1552572,0.0,0.0
448,CENTROID,6,,448,11.801042,6.1221137,5.678928,448,1,1.363564,0.0,0.0
449,CENTROID,6,,449,11.510964,9.453739,2.0572252,449,1,2.5746403,0.0,0.0
450,CENTROID,6,,450,11.888011,7.614423,4.273588,450,1,0.8814082,0.0,0.0
451,CENTROID,6,,451,9.01571,7.29326,1.7224498,451,1,0.3767352,0.0,0.0
452,CENTROID,6,,452,8.453007,5.4918857,2.961121,452,1,-1.6960163,0.0,0.0
453,CENTROID,6,,453,13.8099985,8.158881,5.6511173,453,1,0.16117525,0.0,0.0
454,CENTROID,6,,454,4.093202,8.216847,-4.1236453,498,0,-0.011868954,0.0,0.0
455,CENTROID,6,,455,15.455947,5.3979635,10.057983,455,1,-0.085092545,0.0,0.0
456,CENTROID,6,,456,15.696905,3.3052914,12.391614,456,1,0.12050724,0.0,0.0
457,CENTROID,6,,457,11.269381,8.068249,3.2011318,457,1,0.3051281,0.0,0.0
458,CENTROID,6,,458,11.053996,6.254131,4.7998652,458,1,1.3022246,0.0,0.0
459,CENTROID,6,,459,3.8526,6.4091635,-2.5565634,740,0,0.74196076,0.0,0.0
460,CENTROID,6,,460,11.762632,12.926937,-1.1643047,975,0,0.3729458,0.0,0.0
461,CENTROID,6,,461,4.0923343,11.679753,-7.587419,917,0,0.3972206,0.0,0.0
462,CENTROID,6,,462,8.629924,7.2451344,1.3847895,462,1,0.675612,0.0,0.0
463,CENTROID,6,,463,6.5383644,9.087676,-2.5493116,876,0,0.5366211,0.0,0.0
464,CENTROID,6,,464,6.92257,6.4016576,0.52091265,464,1,-0.24901009,0.0,0.0
465,CENTROID,6,,465,4.848289,5.9978876,-1.1495986,795,0,1.9558911,1.0,0.0
466,CENTROID,6,,466,9.053449,6.713402,2.340047,466,1,-0.5655918,0.0,0.0
467,CENTROID,6,,467,13.306637,8.454188,4.8524485,467,1,0.34365082,0.0,0.0
468,CENTROID,6,,468,10.555346,7.0900297,3.4653158,468,1,0.21849775,0.0,0.0
469,CENTROID,6,,469,14.710634,5.392065,9.318569,469,1,0.3184719,0.0,0.0
470,CENTROID,6,,470,4.180614,10.490512,-6.309898,762,0,0.46372652,0.0,0.0
471,CENTROID,6,,471,3.0244925,7.9471774,-4.9226847,915,0,-0.08969784,0.0,0.0
472,CENTROID,6,,472,15.429211,7.620536,7.808675,472,1,0.67600155,0.0,0.0
473,CENTROID,6,,473,10.566902,7.871174,2.6957283,473,1,0.3919654,0.0,0.0
474,CENTROID,6,,474,13.764875,8.6224785,5.142397,474,1,0.3518753,0.0,0.0
475,CENTROID,6,,475,13.2357435,5.262681,7.9730625,475,1,1.0503864,0.0,0.0
476,CENTROID,6,,476,15.079438,3.5778885,11.50155,476,1,0.26720524,0.0,0.0
477,CENTROID,6,,477,4.7561574,8.528575,-3.7724175,636,0,-3.2339554,0.0,0.0
478,CENTROID,6,,478,9.325495,7.4333816,1.8921132,478,1,-2.6112466,0.0,1.0
479,CENTROID,6,,479,9.337657,12.577126,-3.2394686,751,0,-0.50699234,0.0,0.0
480,CENTROID,6,,480,7.3596897,8.8510895,-1.4913998,582,0,1.6069269,1.0,0.0
481,CENTROID,6,,481,10.555242,9.798958,0.75628376,481,1,0.61346817,0.0,0.0
482,CENTROID,6,,482,12.53393,13.197501,-0.66357136,848,0,-0.4165964,0.0,0.0
483,CENTROID,6,,483,10.317664,11.807441,-1.4897766,663,0,2.860941,1.0,0.0
484,CENTROID,6,,484,14.038699,10.720853,3.3178463,484,1,0.757864,0.0,0.0
485,CENTROID,6,,485,6.5431337,8.33518,-1.7920465,487,0,-0.3099184,0.0,0.0
486,CENTROID,6,,486,12.683371,9.676381,3.0069895,486,1,-0.44680023,0.0,0.0
487,CENTROID,6,,487,12.847618,8.64376,4.2038584,487,1,0.26420593,0.0,0.0
488,CENTROID,6,,488,5.878491,5.7566137,0.12187719,488,1,0.47008228,0.0,0.0
489,CENTROID,6,,489,8.359526,9.481988,-1.1224623,912,0,1.495985,1.0,0.0
490,CENTROID,6,,490,2.3114634,11.422154,-9.110691,327,0,0.75819206,0.0,0.0
491,CENTROID,6,,491,8.922425,7.3456984,1.5767269,491,1,0.4517827,0.0,0.0
492,CENTROID,6,,492,8.614362,7.2219005,1.3924613,492,1,0.04826641,0.0,0.0
493,CENTROID,6,,493,6.0605626,7.3673034,-1.3067408,553,0,-0.32139254,0.0,0.0
494,CENTROID,6,,494,9.711257,9.881064,-0.16980743,442,0,1.5876799,1.0,0.0
495,CENTROID,6,,495,8.709806,9.42217,-0.71236324,905,0,-1.4586358,0.0,0.0
496,CENTROID,6,,496,12.208933,4.6585293,7.5504036,496,1,1.0274658,0.0,0.0
497,CENTROID,6,,497,10.5423765,8.570193,1.9721832,497,1,0.12763119,0.0,0.0
498,CENTROID,6,,498,13.609031,6.0002694,7.6087613,498,1,0.739944,0.0,0.0
499,CENTROID,6,,499,2.1838949,7.217591,-5.033696,519,0,2.7974403,0.0,0.0
500,CENTROID,6,,500,13.31738,8.330392,4.986988,500,1,0.59535885,0.0,0.0
501,CENTROID,6,,501,9.418305,8.234082,1.1842232,501,1,1.5816259,0.0,0.0
502,CENTROID,6,,502,14.337135,11.333548,3.0035877,502,1,-0.64673615,0.0,0.0
503,CENTROID,6,,503,13.710163,7.153103,6.5570602,503,1,-0.48527288,0.0,0.0
504,CENTROID,6,,504,12.070153,10.201058,1.8690948,504,1,1.1070576,0.0,0.0
505,CENTROID,6,,505,11.783741,10.647277,1.1364641,505,1,-0.35019398,0.0,0.0
506,CENTROID,6,,506,11.077048,7.533998,3.5430503,506,1,1.9210005,0.0,0.0
507,CENTROID,6,,507,4.967816,8.032558,-3.0647426,477,0,0.68557835,0.0,0.0
508,CENTROID,6,,508,8.639792,10.470661,-1.8308687,620,0,0.8542719,0.0,0.0
509,CENTROID,6,,509,7.85916,9.345187,-1.4860272,865,0,0.36825037,0.0,0.0
510,CENTROID,6,,510,11.498656,10.570957,0.9276991,510,1,1.3209057,0.0,0.0
511,CENTROID,6,,511,10.937424,9.5622425,1.3751812,511,1,0.08148956,0.0,0.0
512,CENTROID,6,,512,13.752692,10.009798,3.7428942,512,1,-0.057110786,0.0,0.0
513,CENTROID,6,,513,9.890868,10.990278,-1.09941,875,0,0.33568954,0.0,0.0
514,CENTROID,6,,514,15.420551,5.7886267,9.631925,514,1,0.12281704,0.0,0.0
515,CENTROID,6,,515,2.7355554,9.720497,-6.9849415,655,0,0.10040283,0.0,0.0
516,CENTROID,6,,516,7.0606465,9.832494,-2.7718472,870,0,1.3513775,0.0,0.0
517,CENTROID,6,,517,10.476076,6.915098,3.560978,517,1,-0.22586823,0.0,0.0
518,CENTROID,6,,518,15.896508,6.9230638,8.973444,518,1,-0.23136139,0.0,0.0
519,CENTROID,6,,519,2.030352,12.270541,-10.240189,239,0,0.3671875,0.0,0.0
520,CENTROID,6,,520,13.1737585,9.60422,3.569538,520,1,0.7665281,0.0,0.0
521,CENTROID,6,,521,13.679095,9.662901,4.0161943,521,1,0.7849903,0.0,0.0
522,CENTROID,6,,522,15.274169,4.4641104,10.810059,522,1,0.41527176,0.0,0.0
523,CENTROID,6,,523,15.014636,5.845337,9.169299,523,1,-0.3296833,0.0,0.0
524,CENTROID,6,,524,12.252244,11.078526,1.1737185,524,1,0.4459648,0.0,0.0
525,CENTROID,6,,525,14.620443,6.308053,8.31239,525,1,0.95208454,0.0,0.0
526,CENTROID,6,,526,10.799594,10.311579,0.48801517,526,1,-0.6542883,0.0,1.0
527,CENTROID,6,,527,10.6738615,10.585514,0.088347435,527,1,-0.54577446,0.0,1.0
528,CENTROID,6,,528,13.308837,7.9818015,5.3270354,528,1,0.8037181,0.0,0.0
529,CENTROID,6,,529,12.945733,8.092457,4.8532763,529,1,0.9162712,0.0,0.0
530,CENTROID,6,,530,11.831715,6.9017553,4.9299593,530,1,-1.4632688,0.0,0.0
531,CENTROID,6,,531,9.901463,10.59404,-0.69257736,826,0,0.08522701,0.0,0.0
532,CENTROID,6,,532,13.62979,7.9478006,5.6819897,532,1,0.59371567,0.0,0.0
533,CENTROID,6,,533,13.640896,4.8994565,8.74144,533,1,0.3717785,0.0,0.0
534,CENTROID,6,,534,7.2888756,11.879789,-4.590914,651,0,-0.62054014,0.0,0.0
535,CENTROID,6,,535,9.562423,13.507385,-3.9449625,479,0,0.76722527,0.0,0.0
536,CENTROID,6,,536,10.273678,10.079803,0.19387436,536,1,0.80422115,0.0,0.0
537,CENTROID,6,,537,13.461451,9.451772,4.009679,537,1,0.33654213,0.0,0.0
538,CENTROID,6,,538,11.074131,6.4975224,4.5766087,538,1,0.91827536,0.0,0.0
539,CENTROID,6,,539,5.1734366,6.0171814,-0.84374475,519,0,0.4890604,0.0,0.0
540,CENTROID,6,,540,14.841674,4.95918,9.882494,540,1,0.25218105,0.0,0.0
541,CENTROID,6,,541,5.3713455,6.8595066,-1.4881611,595,0,2.4839025,1.0,0.0
542,CENTROID,6,,542,11.885856,7.3640885,4.521767,542,1,0.33773327,0.0,0.0
543,CENTROID,6,,543,13.186359,13.972712,-0.78635216,422,0,-0.57068634,0.0,0.0
544,CENTROID,6,,544,15.220444,7.0333214,8.187122,544,1,0.16777611,0.0,0.0
545,CENTROID,6,,545,13.112683,4.387174,8.72551,545,1,0.678422,0.0,0.0
546,CENTROID,6,,546,8.107025,5.7118683,2.3951569,546,1,0.41888046,0.0,0.0
547,CENTROID,6,,547,13.824831,7.627313,6.197518,547,1,-0.17748594,0.0,0.0
548,CENTROID,6,,548,12.163316,8.967505,3.1958103,548,1,0.7045822,0.0,0.0
549,CENTROID,6,,549,13.781304,8.211603,5.569701,549,1,0.5738778,0.0,0.0
550,CENTROID,6,,550,13.933409,6.491516,7.4418926,550,1,-0.33196354,0.0,0.0
551,CENTROID,6,,551,13.057625,10.102506,2.9551191,551,1,0.11082554,0.0,0.0
552,CENTROID,6,,552,3.977552,5.429532,-1.4519801,973,0,-0.40067697,0.0,0.0
553,CENTROID,6,,553,11.065457,8.938698,2.1267595,553,1,0.5003338,0.0,0.0
554,CENTROID,6,,554,14.53438,5.6835356,8.850844,554,1,0.13067722,0.0,0.0
555,CENTROID,6,,555,13.441611,9.603332,3.8382797,555,1,-0.43463326,0.0,0.0
556,CENTROID,6,,556,14.122402,6.888299,7.234103,556,1,0.7964754,0.0,0.0
557,CENTROID,6,,557,3.4198418,8.227093,-4.807251,821,0,0.48986673,0.0,0.0
558,CENTROID,6,,558,6.594941,6.5955267,-0.00058555603,593,0,0.025042534,1.0,0.0
559,CENTROID,6,,559,14.065607,5.3829107,8.682696,559,1,1.3707161,0.0,0.0
560,CENTROID,6,,560,10.921202,9.967886,0.95331573,560,1,3.1962414,0.0,0.0
561,CENTROID,6,,561,14.193717,5.5639,8.629817,561,1,0.5828886,0.0,0.0
562,CENTROID,6,,562,5.253169,5.609084,-0.35591507,842,0,0.2800064,0.0,0.0
563,CENTROID,6,,563,11.036302,9.876551,1.1597509,563,1,3.059197,0.0,0.0
564,CENTROID,6,,564,10.677187,7.723608,2.953579,564,1,0.3819561,0.0,0.0
565,CENTROID,6,,565,14.7776375,7.3516326,7.426005,565,1,1.0052505,0.0,0.0
566,CENTROID,6,,566,13.878305,5.6201572,8.258148,566,1,0.37746048,0.0,0.0
567,CENTROID,6,,567,3.568766,4.6922154,-1.1234493,549,0,-1.6266165,0.0,0.0
568,CENTROID,6,,568,10.735284,7.2842813,3.4510026,568,1,0.5434232,0.0,0.0
569,CENTROID,6,,569,13.26537,6.504853,6.7605176,569,1,0.19366217,0.0,0.0
570,CENTROID,6,,570,14.016301,9.582963,4.433338,570,1,-0.033332825,0.0,0.0
571,CENTROID,6,,571,12.256304,6.245278,6.011026,571,1,0.7520423,0.0,0.0
572,CENTROID,6,,572,7.3368425,8.987859,-1.6510162,966,0,0.07109594,0.0,0.0
573,CENTROID,6,,573,13.522159,4.181932,9.340227,573,1,0.34290314,0.0,0.0
574,CENTROID,6,,574,13.224945,4.3211217,8.903824,574,1,2.2905703,0.0,0.0
575,CENTROID,6,,575,13.777169,5.203765,8.573404,575,1,0.8886795,0.0,0.0
576,CENTROID,6,,576,13.73675,5.158302,8.578447,576,1,0.4052601,0.0,0.0
577,CENTROID,6,,577,7.7515926,6.6870723,1.0645204,577,1,0.67974424,0.0,0.0
578,CENTROID,6,,578,9.220731,9.522033,-0.30130196,501,0,0.74173355,1.0,0.0
579,CENTROID,6,,579,9.180371,8.287939,0.8924322,579,1,-0.08506584,0.0,0.0
580,CENTROID,6,,580,9.062327,12.387547,-3.3252192,428,0,0.7366934,0.0,0.0
581,CENTROID,6,,581,14.0827265,6.526966,7.5557604,581,1,0.011195183,0.0,0.0
582,CENTROID,6,,582,3.0433235,5.9298677,-2.8865442,998,0,-1.0684445,0.0,0.0
583,CENTROID,6,,583,15.397356,4.6493616,10.747994,583,1,0.3441553,0.0,0.0
584,CENTROID,6,,584,2.4621317,7.121553,-4.659421,612,0,-0.3291874,0.0,0.0
585,CENTROID,6,,585,7.976368,8.7181225,-0.74175453,631,0,0.11271191,0.0,0.0
586,CENTROID,6,,586,7.1348743,7.4977164,-0.36284208,866,0,0.65294313,1.0,0.0
587,CENTROID,6,,587,10.688332,11.220003,-0.5316715,477,0,-1.3337164,0.0,0.0
588,CENTROID,6,,588,9.253401,8.930964,0.32243633,588,1,-1.3519526,0.0,1.0
589,CENTROID,6,,589,14.833569,4.768322,10.065247,589,1,-1.093811,0.0,0.0
590,CENTROID,6,,590,5.9065113,8.645362,-2.7388506,487,0,0.38560867,0.0,0.0
591,CENTROID,6,,591,13.52749,5.419868,8.107622,591,1,-0.20728254,0.0,0.0
592,CENTROID,6,,592,12.955991,6.065033,6.890958,592,1,1.4714766,0.0,0.0
593,CENTROID,6,,593,13.024317,9.376992,3.6473246,593,1,-0.34151173,0.0,0.0
594,CENTROID,6,,594,14.101611,3.2666192,10.834991,594,1,0.16991234,0.0,0.0
595,CENTROID,6,,595,12.961071,10.5504675,2.4106035,595,1,0.09101963,0.0,0.0
596,CENTROID,6,,596,2.288974,14.000792,-11.711818,764,0,0.49950314,0.0,0.0
597,CENTROID,6,,597,8.586894,7.7519994,0.83489466,597,1,0.32744884,0.0,0.0
598,CENTROID,6,,598,11.778913,10.571834,1.2070789,598,1,1.0460348,0.0,0.0
599,CENTROID,6,,599,2.1511483,4.648078,-2.4969296,980,0,0.7465179,0.0,0.0
600,CENTROID,6,,600,5.9028,5.091235,0.8115649,600,1,0.008172512,0.0,0.0
601,CENTROID,6,,601,11.423552,9.914973,1.5085783,601,1,-0.6779785,0.0,0.0
602,CENTROID,6,,602,5.11777,5.890837,-0.773067,843,0,-1.6403894,0.0,0.0
603,CENTROID,6,,603,12.77187,8.040752,4.7311172,603,1,2.1078038,0.0,0.0
604,CENTROID,6,,604,12.188578,4.697572,7.4910054,604,1,0.9997935,0.0,0.0
605,CENTROID,6,,605,12.723381,5.7750235,6.9483576,605,1,1.0568056,0.0,0.0
606,CENTROID,6,,606,16.232653,4.206718,12.025934,606,1,0.003815651,0.0,0.0
607,CENTROID,6,,607,12.883867,3.7958257,9.088041,607,1,0.63010216,0.0,0.0
608,CENTROID,6,,608,5.2253265,5.418225,-0.19289827,514,0,-0.042250156,0.0,0.0
609,CENTROID,6,,609,10.526217,10.586555,-0.060337067,555,0,0.5763807,1.0,0.0
610,CENTROID,6,,610,11.907566,5.6022997,6.3052664,610,1,0.60272217,0.0,0.0
611,CENTROID,6,,611,7.9802203,5.291745,2.6884751,611,1,-0.92038107,0.0,0.0
612,CENTROID,6,,612,10.849248,10.569467,0.27978134,612,1,-2.1177216,0.0,1.0
613,CENTROID,6,,613,14.930592,5.487641,9.442951,613,1,-0.31404877,0.0,0.0
614,CENTROID,6,,614,13.730731,4.6582413,9.07249,614,1,-0.24475574,0.0,0.0
615,CENTROID,6,,615,10.790327,5.9773383,4.8129888,615,1,-1.4951682,0.0,0.0
616,CENTROID,6,,616,10.479933,7.5379295,2.9420033,616,1,0.570364,0.0,0.0
617,CENTROID,6,,617,12.963132,9.188006,3.7751255,617,1,-0.81002903,0.0,0.0
618,CENTROID,6,,618,5.841722,10.751332,-4.9096103,666,0,1.0222468,0.0,0.0
619,CENTROID,6,,619,12.615569,13.094091,-0.4785223,846,0,-0.07372379,0.0,0.0
620,CENTROID,6,,620,10.420237,11.603099,-1.1828623,681,0,-0.28381348,0.0,0.0
621,CENTROID,6,,621,14.118935,7.1444507,6.974484,621,1,0.366467,0.0,0.0
622,CENTROID,6,,622,11.588959,5.6210117,5.967947,622,1,-0.32757998,0.0,0.0
623,CENTROID,6,,623,10.689454,9.356544,1.3329105,623,1,-0.9863577,0.0,0.0
624,CENTROID,6,,624,12.038384,8.460989,3.5773954,624,1,-0.17716789,0.0,0.0
625,CENTROID,6,,625,13.244373,8.030493,5.2138805,625,1,0.47288513,0.0,0.0
626,CENTROID,6,,626,10.670249,5.678179,4.99207,626,1,0.87834454,0.0,0.0
627,CENTROID,6,,627,14.401283,4.0319934,10.369289,627,1,0.7319145,0.0,0.0
628,CENTROID,6,,628,13.585612,8.278069,5.3075438,628,1,0.47970772,0.0,0.0
629,CENTROID,6,,629,9.846369,12.738842,-2.8924732,696,0,1.6828728,0.0,0.0
630,CENTROID,6,,630,11.953066,7.770267,4.182799,630,1,-0.071974754,0.0,0.0
631,CENTROID,6,,631,9.111436,8.419631,0.6918049,631,1,0.04718685,0.0,0.0
632,CENTROID,6,,632,6.795132,12.155033,-5.359901,733,0,-1.3864107,0.0,0.0
633,CENTROID,6,,633,4.262709,3.647124,0.6155851,633,1,0.88363624,0.0,0.0
634,CENTROID,6,,634,14.774108,6.1850114,8.589096,634,1,0.7692337,0.0,0.0
635,CENTROID,6,,635,2.9829762,5.913358,-2.930382,710,0,-0.40419984,0.0,0.0
636,CENTROID,6,,636,10.315462,11.259504,-0.9440422,748,0,-0.7788315,0.0,0.0
637,CENTROID,6,,637,14.313772,4.694679,9.619093,637,1,-0.21582031,0.0,0.0
638,CENTROID,6,,638,13.175927,14.253982,-1.0780544,639,0,-0.49902153,0.0,0.0
639,CENTROID,6,,639,12.881452,13.184333,-0.30288124,638,0,0.09653854,0.0,0.0
640,CENTROID,6,,640,4.0383396,12.790561,-8.752221,646,0,-0.5707445,0.0,0.0
641,CENTROID,6,,641,11.539926,6.228422,5.3115034,641,1,-0.72639847,0.0,0.0
642,CENTROID,6,,642,15.024651,6.065129,8.959522,642,1,-1.0034266,0.0,0.0
643,CENTROID,6,,643,4.7455773,9.1320095,-4.386432,585,0,1.040061,0.0,0.0
644,CENTROID,6,,644,11.163432,4.9309998,6.2324324,644,1,-0.918313,0.0,0.0
645,CENTROID,6,,645,12.866566,8.340545,4.526021,645,1,0.5500536,0.0,0.0
646,CENTROID,6,,646,14.119438,3.7464755,10.372963,646,1,0.39230824,0.0,0.0
647,CENTROID,6,,647,14.11115,5.9782515,8.132898,647,1,0.018484116,0.0,0.0
648,CENTROID,6,,648,8.793699,7.848879,0.9448204,648,1,-0.43164825,0.0,0.0
649,CENTROID,6,,649,12.745678,8.354485,4.3911934,649,1,1.9597912,0.0,0.0
650,CENTROID,6,,650,13.333046,6.38942,6.943626,650,1,1.2046037,0.0,0.0
651,CENTROID,6,,651,9.948457,6.9262805,3.0221763,651,1,-1.4780822,0.0,0.0
652,CENTROID,6,,652,8.443626,8.882,-0.43837357,830,0,0.5961809,1.0,0.0
653,CENTROID,6,,653,2.1194339,8.491637,-6.3722034,471,0,-0.049493313,0.0,0.0
654,CENTROID,6,,654,4.1542034,13.042684,-8.88848,627,0,-0.4588375,0.0,0.0
655,CENTROID,6,,655,6.7982335,5.349924,1.4483094,655,1,0.81777287,0.0,0.0
656,CENTROID,6,,656,9.619249,9.970478,-0.3512287,436,0,0.4581318,1.0,0.0
657,CENTROID,6,,657,12.381079,11.802739,0.5783396,657,1,-0.077085495,0.0,0.0
658,CENTROID,6,,658,13.363628,7.009364,6.3542643,658,1,-0.31540728,0.0,0.0
659,CENTROID,6,,659,4.6999235,10.356332,-5.6564083,925,0,0.35097408,0.0,0.0
660,CENTROID,6,,660,11.233285,11.444617,-0.21133232,864,0,-0.105169296,0.0,0.0
661,CENTROID,6,,661,14.204317,6.437302,7.767015,661,1,-0.3159995,0.0,0.0
662,CENTROID,6,,662,5.9827037,8.274554,-2.2918506,613,0,-0.11550236,0.0,0.0
663,CENTROID,6,,663,7.9734073,14.266148,-6.2927403,442,0,-0.6572232,0.0,0.0
664,CENTROID,6,,664,8.852593,9.427248,-0.5746546,527,0,-0.44666958,0.0,0.0
665,CENTROID,6,,665,12.482154,6.9964967,5.485657,665,1,0.19074202,0.0,0.0
666,CENTROID,6,,666,13.552526,5.6203933,7.932133,666,1,0.060593605,0.0,0.0
667,CENTROID,6,,667,13.717585,11.631508,2.0860767,667,1,-0.61371326,0.0,0.0
668,CENTROID,6,,668,13.224767,8.754242,4.470525,668,1,-0.15311146,0.0,0.0
669,CENTROID,6,,669,14.036844,8.081345,5.9554996,669,1,-1.0573521,0.0,0.0
670,CENTROID,6,,670,13.236001,11.594689,1.6413116,670,1,-0.010284424,0.0,0.0
671,CENTROID,6,,671,11.277207,5.7864604,5.490747,671,1,-0.21678066,0.0,0.0
672,CENTROID,6,,672,12.860292,9.0290575,3.831235,672,1,0.35958672,0.0,0.0
673,CENTROID,6,,673,14.582641,8.960375,5.622266,673,1,0.16155624,0.0,0.0
674,CENTROID,6,,674,15.872375,4.664663,11.207712,674,1,0.167696,0.0,0.0
675,CENTROID,6,,675,7.570929,11.4290495,-3.8581204,654,0,0.77623415,0.0,0.0
676,CENTROID,6,,676,8.265129,11.427702,-3.1625729,263,0,1.3252611,0.0,0.0
677,CENTROID,6,,677,4.5971217,5.6734324,-1.0763106,698,0,1.0652084,0.0,0.0
678,CENTROID,6,,678,0.8402426,8.429325,-7.5890827,151,0,0.8705301,0.0,0.0
679,CENTROID,6,,679,10.512016,8.618592,1.893424,679,1,0.10025978,0.0,0.0
680,CENTROID,6,,680,13.427526,5.575566,7.8519607,680,1,1.1135659,0.0,0.0
681,CENTROID,6,,681,2.8943655,6.515452,-3.6210864,731,0,1.7998865,0.0,0.0
682,CENTROID,6,,682,6.4819355,7.099696,-0.61776066,405,0,1.8532963,1.0,0.0
683,CENTROID,6,,683,10.841676,14.160186,-3.31851,558,0,-0.15951252,0.0,0.0
684,CENTROID,6,,684,14.688729,5.2384453,9.450284,684,1,0.95491695,0.0,0.0
685,CENTROID,6,,685,13.464421,4.6253066,8.839115,685,1,0.29434204,0.0,0.0
686,CENTROID,6,,686,4.3288283,8.026025,-3.6971965,740,0,-0.48315573,0.0,0.0
687,CENTROID,6,,687,4.175168,9.866018,-5.6908503,811,0,-0.08573675,0.0,0.0
688,CENTROID,6,,688,13.743695,6.3122144,7.431481,688,1,-0.0077314377,0.0,0.0
689,CENTROID,6,,689,12.961382,11.59383,1.3675518,689,1,-0.34015274,0.0,0.0
690,CENTROID,6,,690,14.22429,10.734207,3.4900827,690,1,-0.20248604,0.0,0.0
691,CENTROID,6,,691,10.496038,10.085045,0.41099358,691,1,-0.22137451,0.0,0.0
692,CENTROID,6,,692,12.7166395,6.544578,6.1720614,692,1,0.016425133,0.0,0.0
693,CENTROID,6,,693,14.598642,8.528616,6.0700264,693,1,0.91848564,0.0,0.0
694,CENTROID,6,,694,13.681887,6.5322423,7.1496444,694,1,1.0032048,0.0,0.0
695,CENTROID,6,,695,10.292092,8.0892935,2.2027988,695,1,0.34040737,0.0,0.0
696,CENTROID,6,,696,8.057362,6.8574224,1.1999393,696,1,-0.1146636,0.0,0.0
697,CENTROID,6,,697,10.611181,5.125282,5.4858994,697,1,-1.0767632,0.0,0.0
698,CENTROID,6,,698,11.307855,10.16685,1.1410046,698,1,-0.41585827,0.0,0.0
699,CENTROID,6,,699,15.432318,4.686768,10.74555,699,1,0.09452152,0.0,0.0
700,CENTROID,6,,700,5.273336,6.560688,-1.2873521,651,0,1.6261015,1.0,0.0
701,CENTROID,6,,701,13.84434,5.708064,8.136276,701,1,0.9033184,0.0,0.0
702,CENTROID,6,,702,11.287019,7.1096973,4.1773214,702,1,0.17747116,0.0,0.0
703,CENTROID,6,,703,7.0666637,6.7839923,0.28267145,703,1,0.05719185,0.0,0.0
704,CENTROID,6,,704,12.962481,7.9014754,5.061005,704,1,0.7913127,0.0,0.0
705,CENTROID,6,,705,10.951001,9.797955,1.1530466,705,1,1.3523455,0.0,0.0
706,CENTROID,6,,706,3.6430159,10.692907,-7.0498915,449,0,0.09672451,0.0,0.0
707,CENTROID,6,,707,14.612121,9.499813,5.1123075,707,1,0.43919277,0.0,0.0
708,CENTROID,6,,708,9.499113,9.026582,0.47253132,708,1,1.097209,0.0,0.0
709,CENTROID,6,,709,6.9263697,7.518145,-0.5917754,411,0,1.7903323,1.0,0.0
710,CENTROID,6,,710,3.1954305,8.171734,-4.976303,709,0,-0.77391195,0.0,0.0
711,CENTROID,6,,711,13.025871,8.520859,4.5050125,711,1,-0.02053833,0.0,0.0
712,CENTROID,6,,712,11.133903,6.797721,4.3361816,712,1,1.5061712,0.0,0.0
713,CENTROID,6,,713,15.032621,7.4123235,7.620298,713,1,-0.20968199,0.0,0.0
714,CENTROID,6,,714,14.499064,8.332818,6.1662464,714,1,2.2799692,0.0,0.0
715,CENTROID,6,,715,7.787463,7.7472415,0.04022169,715,1,0.48360825,0.0,0.0
716,CENTROID,6,,716,13.1770935,10.635878,2.541216,716,1,-0.5157566,0.0,0.0
717,CENTROID,6,,717,13.507468,5.9334803,7.573988,717,1,0.12552786,0.0,0.0
718,CENTROID,6,,718,10.439361,13.71372,-3.2743597,821,0,-0.05674267,0.0,0.0
719,CENTROID,6,,719,12.069093,5.5393167,6.529776,719,1,2.0140414,0.0,0.0
720,CENTROID,6,,720,10.374902,8.6261835,1.7487183,720,1,-0.83381844,0.0,0.0
721,CENTROID,6,,721,14.8560505,7.860349,6.9957013,721,1,0.063361645,0.0,0.0
722,CENTROID,6,,722,5.1093307,6.3848314,-1.2755008,833,0,-0.73688316,0.0,0.0
723,CENTROID,6,,723,2.1486049,5.4298654,-3.2812605,472,0,-2.9396596,0.0,0.0
724,CENTROID,6,,724,10.282945,10.110446,0.1724987,724,1,-0.5205679,0.0,1.0
725,CENTROID,6,,725,10.378636,9.253746,1.1248903,725,1,-0.8443136,0.0,0.0
726,CENTROID,6,,726,12.086291,8.570149,3.516142,726,1,1.1414042,0.0,0.0
727,CENTROID,6,,727,13.63728,8.217415,5.4198656,727,1,-0.06276703,0.0,0.0
728,CENTROID,6,,728,13.63412,6.1046004,7.5295196,728,1,0.5858922,0.0,0.0
729,CENTROID,6,,729,1.6236148,6.5904565,-4.9668417,634,0,1.6740193,0.0,0.0
730,CENTROID,6,,730,15.040709,8.47134,6.5693684,730,1,0.123532295,0.0,0.0
731,CENTROID,6,,731,11.7324915,10.043233,1.6892586,731,1,-1.2029963,0.0,0.0
732,CENTROID,6,,732,13.220487,5.994427,7.2260594,732,1,0.58045673,0.0,0.0
733,CENTROID,6,,733,11.721195,6.3802857,5.3409095,733,1,-0.17262793,0.0,0.0
734,CENTROID,6,,734,13.116181,5.7530546,7.3631268,734,1,0.20573187,0.0,0.0
735,CENTROID,6,,735,6.7009068,8.576269,-1.8753624,439,0,1.7385249,0.0,0.0
736,CENTROID,6,,736,10.7973,5.4710574,5.326243,736,1,0.5320363,0.0,0.0
737,CENTROID,6,,737,11.764934,7.8740554,3.8908782,737,1,1.1714959,0.0,0.0
738,CENTROID,6,,738,12.048225,7.0019355,5.04629,738,1,1.078259,0.0,0.0
739,CENTROID,6,,739,15.112061,3.7551792,11.356881,739,1,-0.0063171387,0.0,0.0
740,CENTROID,6,,740,2.8484216,4.959126,-2.1107044,854,0,2.748281,1.0,0.0
741,CENTROID,6,,741,9.769903,8.126989,1.6429138,741,1,2.845169,0.0,0.0
742,CENTROID,6,,742,6.026955,9.57539,-3.5484347,713,0,0.29889965,0.0,0.0
743,CENTROID,6,,743,5.7819433,9.269964,-3.488021,884,0,-0.19251633,0.0,0.0
744,CENTROID,6,,744,2.3632987,7.46312,-5.099821,733,0,1.4482293,0.0,0.0
745,CENTROID,6,,745,13.609556,5.44158,8.167976,745,1,0.19082451,0.0,0.0
746,CENTROID,6,,746,14.293383,5.4918494,8.801533,746,1,1.4024925,0.0,0.0
747,CENTROID,6,,747,4.878374,9.227212,-4.348838,430,0,1.7514687,0.0,0.0
748,CENTROID,6,,748,5.962504,3.9111662,2.0513377,748,1,0.31265974,0.0,0.0
749,CENTROID,6,,749,14.245514,4.860852,9.384663,749,1,0.38006592,0.0,0.0
750,CENTROID,6,,750,10.661079,9.044443,1.6166363,750,1,-0.27103615,0.0,0.0
751,CENTROID,6,,751,11.6208,11.792565,-0.17176533,573,0,-0.008966446,0.0,0.0
752,CENTROID,6,,752,12.846718,6.9169354,5.9297824,752,1,0.6891694,0.0,0.0
753,CENTROID,6,,753,12.925498,8.061836,4.863662,753,1,0.62099886,0.0,0.0
754,CENTROID,6,,754,6.8943105,9.254021,-2.3597102,487,0,0.7682252,0.0,0.0
755,CENTROID,6,,755,11.531363,6.25912,5.2722425,755,1,-0.20086432,0.0,0.0
756,CENTROID,6,,756,12.100734,9.022453,3.0782804,756,1,0.35114193,0.0,0.0
757,CENTROID,6,,757,6.255054,11.452115,-5.197061,654,0,-0.392704,0.0,0.0
758,CENTROID,6,,758,7.209057,4.4256325,2.7834244,758,1,0.8264704,0.0,0.0
759,CENTROID,6,,759,12.813918,7.888787,4.9251313,759,1,-0.69461966,0.0,0.0
760,CENTROID,6,,760,1.6385517,6.9034986,-5.264947,819,0,-0.39142656,0.0,0.0
761,CENTROID,6,,761,0.12469161,10.112228,-9.987536,208,0,2.6224098,0.0,0.0
762,CENTROID,6,,762,13.3647785,8.475786,4.8889923,762,1,-0.41692734,0.0,0.0
763,CENTROID,6,,763,14.312119,10.820906,3.4912128,763,1,0.6435585,0.0,0.0
764,CENTROID,6,,764,8.199028,7.133267,1.0657611,764,1,0.526536,0.0,0.0
765,CENTROID,6,,765,13.0105095,3.9096255,9.1008835,765,1,1.1352692,0.0,0.0
766,CENTROID,6,,766,11.474807,7.4244676,4.050339,766,1,0.010706425,0.0,0.0
767,CENTROID,6,,767,11.966937,10.319854,1.6470833,767,1,2.9743252,0.0,0.0
768,CENTROID,6,,768,9.975594,10.322904,-0.34731007,805,0,0.95357704,1.0,0.0
769,CENTROID,6,,769,14.525066,6.7851906,7.739876,769,1,1.8114872,0.0,0.0
770,CENTROID,6,,770,12.575809,6.1658697,6.409939,770,1,0.593297,0.0,0.0
771,CENTROID,6,,771,14.342733,7.957589,6.385144,771,1,0.30654716,0.0,0.0
772,CENTROID,6,,772,0.59629714,6.1076674,-5.51137,619,0,0.3535447,0.0,0.0
773,CENTROID,6,,773,4.137833,8.8924465,-4.7546134,898,0,0.55013037,0.0,0.0
774,CENTROID,6,,774,10.720991,6.542268,4.1787233,774,1,0.19384861,0.0,0.0
775,CENTROID,6,,775,14.751791,6.398256,8.353535,775,1,0.13267326,0.0,0.0
776,CENTROID,6,,776,13.376833,5.3758636,8.000969,776,1,0.44891548,0.0,0.0
777,CENTROID,6,,777,15.505355,7.2275887,8.277766,777,1,1.2529249,0.0,0.0
778,CENTROID,6,,778,7.4728928,6.2804084,1.1924844,778,1,0.33537054,0.0,0.0
779,CENTROID,6,,779,14.30889,4.2941933,10.014697,779,1,0.19266605,0.0,0.0
780,CENTROID,6,,780,13.809619,10.29408,3.5155392,780,1,1.59163,0.0,0.0
781,CENTROID,6,,781,14.262817,5.426281,8.836536,781,1,0.88984776,0.0,0.0
782,CENTROID,6,,782,11.026428,9.2151985,1.8112297,782,1,-0.18927288,0.0,0.0
783,CENTROID,6,,783,15.551163,6.9406466,8.610516,783,1,-0.0374794,0.0,0.0
784,CENTROID,6,,784,6.4267635,7.1113024,-0.68453884,469,0,-1.4419641,0.0,0.0
785,CENTROID,6,,785,12.717122,5.3184524,7.3986697,785,1,0.1279912,0.0,0.0
786,CENTROID,6,,786,14.136067,5.838979,8.297089,786,1,1.5297318,0.0,0.0
787,CENTROID,6,,787,14.845352,8.2871275,6.5582247,787,1,-2.1769419,0.0,0.0
788,CENTROID,6,,788,8.717628,6.5554233,2.1622043,788,1,0.7639766,0.0,0.0
789,CENTROID,6,,789,13.363778,9.874388,3.4893904,789,1,0.34715748,0.0,0.0
790,CENTROID,6,,790,6.755622,7.7565675,-1.0009456,865,0,1.8487511,1.0,0.0
791,CENTROID,6,,791,4.584213,7.373224,-2.789011,518,0,-0.194386,0.0,0.0
792,CENTROID,6,,792,11.683495,7.2889557,4.394539,792,1,0.49981356,0.0,0.0
793,CENTROID,6,,793,13.884608,8.400556,5.4840527,793,1,-0.24507332,0.0,0.0
794,CENTROID,6,,794,5.667169,8.387273,-2.7201037,601,0,-0.5221963,0.0,0.0
795,CENTROID,6,,795,9.392559,4.4270344,4.9655247,795,1,1.5310984,0.0,0.0
796,CENTROID,6,,796,14.27668,9.307669,4.9690113,796,1,0.035176277,0.0,0.0
797,CENTROID,6,,797,9.774884,8.295742,1.4791422,797,1,0.0065436363,0.0,0.0
798,CENTROID,6,,798,5.7457533,9.092409,-3.3466558,906,0,1.157445,0.0,0.0
799,CENTROID,6,,799,12.37886,8.753651,3.6252098,799,1,0.2152834,0.0,0.0
800,CENTROID,6,,800,14.866165,5.560607,9.305558,800,1,1.9714823,0.0,0.0
801,CENTROID,6,,801,13.3503,6.8880863,6.4622135,801,1,0.5050254,0.0,0.0
802,CENTROID,6,,802,13.504135,7.1525817,6.3515534,802,1,-0.2999587,0.0,0.0
803,CENTROID,6,,803,13.300402,7.76435,5.5360518,803,1,0.13818407,0.0,0.0
804,CENTROID,6,,804,7.509576,6.8103204,0.69925547,804,1,-0.8681898,0.0,1.0
805,CENTROID,6,,805,10.092207,11.308903,-1.2166958,522,0,-1.6882429,0.0,0.0
806,CENTROID,6,,806,9.241614,9.387242,-0.14562798,655,0,1.1721945,1.0,0.0
807,CENTROID,6,,807,14.940696,6.2060256,8.734671,807,1,-1.0417452,0.0,0.0
808,CENTROID,6,,808,10.740172,5.525313,5.2148595,808,1,0.06464863,0.0,0.0
809,CENTROID,6,,809,7.2782173,9.391098,-2.1128807,923,0,-0.6032686,0.0,0.0
810,CENTROID,6,,810,14.236382,11.556273,2.680108,810,1,-0.75801754,0.0,0.0
811,CENTROID,6,,811,4.670748,10.547095,-5.876347,760,0,-1.3713598,0.0,0.0
812,CENTROID,6,,812,14.493141,6.955815,7.5373263,812,1,-0.16317177,0.0,0.0
813,CENTROID,6,,813,7.117089,7.61886,-0.501771,618,0,0.5330291,1.0,0.0
814,CENTROID,6,,814,10.991634,10.268255,0.72337914,814,1,2.6636877,0.0,0.0
815,CENTROID,6,,815,12.967133,8.652367,4.314766,815,1,0.9774618,0.0,0.0
816,CENTROID,6,,816,11.639559,9.74811,1.891449,816,1,2.0273962,0.0,0.0
817,CENTROID,6,,817,12.889176,10.417851,2.471325,817,1,0.7469187,0.0,0.0
818,CENTROID,6,,818,7.3938546,9.0510025,-1.6571479,466,0,0.4954672,0.0,0.0
819,CENTROID,6,,819,13.522786,7.8189383,5.703848,819,1,-0.094204426,0.0,0.0
820,CENTROID,6,,820,13.193389,7.5915985,5.6017904,820,1,0.65989494,0.0,0.0
821,CENTROID,6,,821,12.748918,8.781911,3.9670067,821,1,0.5375433,0.0,0.0
822,CENTROID,6,,822,14.732224,4.3323812,10.399843,822,1,0.22498512,0.0,0.0
823,CENTROID,6,,823,1.6743846,10.319727,-8.645342,854,0,2.5792093,0.0,0.0
824,CENTROID,6,,824,14.151618,8.542575,5.609043,824,1,-1.5017395,0.0,0.0
825,CENTROID,6,,825,13.090302,4.629335,8.460968,825,1,0.848053,0.0,0.0
826,CENTROID,6,,826,-0.9144008,5.528254,-6.4426546,588,0,0.5379014,0.0,0.0
827,CENTROID,6,,827,13.303224,9.314842,3.9883814,827,1,0.057157516,0.0,0.0
828,CENTROID,6,,828,1.9448425,7.150313,-5.2054706,712,0,0.23975897,0.0,0.0
829,CENTROID,6,,829,14.021842,8.371429,5.6504126,829,1,0.3536234,0.0,0.0
830,CENTROID,6,,830,1.1453005,5.1850896,-4.039789,416,0,-0.48207045,0.0,0.0
831,CENTROID,6,,831,12.856509,9.693145,3.1633644,831,1,-0.32030296,0.0,0.0
832,CENTROID,6,,832,13.768904,6.586069,7.1828346,832,1,-0.9802246,0.0,0.0
833,CENTROID,6,,833,12.257348,4.785625,7.471723,833,1,-0.123576164,0.0,0.0
834,CENTROID,6,,834,4.5134726,7.3834867,-2.8700142,253,0,3.0759377,1.0,0.0
835,CENTROID,6,,835,10.633004,10.596479,0.036524773,835,1,-0.53445435,0.0,1.0
836,CENTROID,6,,836,14.101055,13.328042,0.7730131,836,1,-0.477026,0.0,0.0
837,CENTROID,6,,837,3.587263,5.839242,-2.2519789,678,0,-0.59009933,0.0,0.0
838,CENTROID,6,,838,12.840684,10.628321,2.2123632,838,1,0.33853436,0.0,0.0
839,CENTROID,6,,839,12.610331,9.940051,2.6702795,839,1,-0.25663376,0.0,0.0
840,CENTROID,6,,840,14.874194,9.314422,5.5597725,840,1,1.1342669,0.0,0.0
841,CENTROID,6,,841,10.688165,6.2377357,4.450429,841,1,1.1522245,0.0,0.0
842,CENTROID,6,,842,9.1273365,8.7102375,0.417099,842,1,0.27723122,0.0,0.0
843,CENTROID,6,,843,9.61219,7.5513196,2.0608706,843,1,0.60414505,0.0,0.0
844,CENTROID,6,,844,14.221962,5.831044,8.390918,844,1,0.6984873,0.0,0.0
845,CENTROID,6,,845,6.6250496,7.795754,-1.1707044,419,0,-1.0494771,0.0,0.0
846,CENTROID,6,,846,12.238192,11.467093,0.77109814,846,1,0.18273354,0.0,0.0
847,CENTROID,6,,847,13.249492,9.965087,3.2844048,847,1,0.6315403,0.0,0.0
848,CENTROID,6,,848,9.250058,10.641571,-1.3915129,482,0,0.2568283,0.0,0.0
849,CENTROID,6,,849,9.097781,11.139717,-2.041936,505,0,-0.5003538,0.0,0.0
850,CENTROID,6,,850,10.922144,8.718096,2.2040482,850,1,1.1426258,0.0,0.0
851,CENTROID,6,,851,10.435532,8.475233,1.9602985,851,1,0.74266624,0.0,0.0
852,CENTROID,6,,852,10.023931,10.345974,-0.32204342,489,0,1.7739344,1.0,0.0
853,CENTROID,6,,853,14.592947,4.986008,9.606939,853,1,-0.3728838,0.0,0.0
854,CENTROID,6,,854,11.957433,4.9093685,7.048064,854,1,0.12179518,0.0,0.0
855,CENTROID,6,,855,13.031388,7.9520173,5.079371,855,1,0.6261773,0.0,0.0
856,CENTROID,6,,856,12.386995,8.330251,4.0567446,856,1,-1.8073378,0.0,0.0
857,CENTROID,6,,857,10.222572,10.04506,0.17751217,857,1,-1.756917,0.0,1.0
858,CENTROID,6,,858,13.864732,5.3338513,8.53088,858,1,0.76867867,0.0,0.0
859,CENTROID,6,,859,15.126649,5.3422384,9.78441,859,1,-0.28447723,0.0,0.0
860,CENTROID,6,,860,8.018082,12.01794,-3.999858,919,0,1.4412165,0.0,0.0
861,CENTROID,6,,861,9.704172,9.202447,0.5017252,861,1,-1.0152645,0.0,1.0
862,CENTROID,6,,862,14.74912,4.141838,10.607282,862,1,0.60659885,0.0,0.0
863,CENTROID,6,,863,10.346505,8.808116,1.5383892,863,1,1.9719744,0.0,0.0
864,CENTROID,6,,864,10.383995,10.934599,-0.55060387,867,0,0.90349007,1.0,0.0
865,CENTROID,6,,865,12.944316,10.743914,2.2004023,865,1,0.66022587,0.0,0.0
866,CENTROID,6,,866,9.526452,14.619576,-5.0931244,856,0,-0.006624222,0.0,0.0
867,CENTROID,6,,867,13.569942,7.719499,5.8504434,867,1,0.15516233,0.0,0.0
868,CENTROID,6,,868,7.5471773,7.6108427,-0.06366539,923,0,-0.09113979,0.0,0.0
869,CENTROID,6,,869,3.7141564,7.2995496,-3.5853932,906,0,1.8461554,0.0,0.0
870,CENTROID,6,,870,11.654098,9.346348,2.3077497,870,1,-0.12775421,0.0,0.0
871,CENTROID,6,,871,14.178354,10.331185,3.847169,871,1,0.70531464,0.0,0.0
872,CENTROID,6,,872,6.693606,7.9721413,-1.2785354,477,0,2.3198538,1.0,0.0
873,CENTROID,6,,873,4.723884,11.760822,-7.036938,698,0,-0.70994806,0.0,0.0
874,CENTROID,6,,874,11.252958,10.574935,0.67802334,874,1,0.42925453,0.0,0.0
875,CENTROID,6,,875,14.226694,7.2007384,7.0259557,875,1,-0.057795048,0.0,0.0
876,CENTROID,6,,876,3.0351644,9.308679,-6.2735143,706,0,-0.71659136,0.0,0.0
877,CENTROID,6,,877,8.876225,6.4117966,2.464429,877,1,-1.110095,0.0,0.0
878,CENTROID,6,,878,9.834998,12.786871,-2.9518728,810,0,0.43906593,0.0,0.0
879,CENTROID,6,,879,9.472884,6.702268,2.770616,879,1,0.25231552,0.0,0.0
880,CENTROID,6,,880,15.107701,5.0916348,10.016067,880,1,0.36822605,0.0,0.0
881,CENTROID,6,,881,13.429024,8.465065,4.9639587,881,1,0.21164894,0.0,0.0
882,CENTROID,6,,882,4.460287,7.799675,-3.339388,811,0,2.2554607,0.0,0.0
883,CENTROID,6,,883,5.5078917,7.0582843,-1.5503926,725,0,0.09614515,0.0,0.0
884,CENTROID,6,,884,12.399493,9.45992,2.9395733,884,1,-0.932045,0.0,0.0
885,CENTROID,6,,885,8.839013,12.144223,-3.30521,434,0,0.66505814,0.0,0.0
886,CENTROID,6,,886,13.904477,5.92528,7.979197,886,1,-0.052906036,0.0,0.0
887,CENTROID,6,,887,2.166132,5.771154,-3.605022,911,0,-0.772902,0.0,0.0
888,CENTROID,6,,888,12.217965,7.2144475,5.0035176,888,1,-0.825284,0.0,0.0
889,CENTROID,6,,889,10.677773,8.79707,1.8807039,889,1,-0.79659843,0.0,0.0
890,CENTROID,6,,890,11.909323,6.2010565,5.7082663,890,1,0.4872918,0.0,0.0
891,CENTROID,6,,891,14.468897,3.9451222,10.523775,891,1,0.7384434,0.0,0.0
892,CENTROID,6,,892,13.371205,12.737106,0.634099,892,1,-0.85571957,0.0,1.0
893,CENTROID,6,,893,7.5249343,8.311506,-0.786572,767,0,-1.0042348,0.0,0.0
894,CENTROID,6,,894,8.78232,8.627136,0.15518379,894,1,-0.6732006,0.0,1.0
895,CENTROID,6,,895,13.602436,10.648038,2.9543982,895,1,0.005042076,0.0,0.0
896,CENTROID,6,,896,11.310718,8.771436,2.5392818,896,1,1.3369217,0.0,0.0
897,CENTROID,6,,897,11.724725,6.4340982,5.2906265,897,1,-3.7264385,0.0,0.0
898,CENTROID,6,,898,11.980966,11.116298,0.8646679,898,1,0.42197514,0.0,0.0
899,CENTROID,6,,899,11.439492,10.1644945,1.2749977,899,1,-0.14020348,0.0,0.0
900,CENTROID,6,,900,13.374232,4.8125496,8.561683,900,1,0.9064884,0.0,0.0
901,CENTROID,6,,901,13.899927,5.725544,8.174383,901,1,0.57410526,0.0,0.0
902,CENTROID,6,,902,13.804731,9.506554,4.2981777,902,1,-0.28146744,0.0,0.0
903,CENTROID,6,,903,14.826373,5.7809734,9.0454,903,1,0.04617405,0.0,0.0
904,CENTROID,6,,904,13.214749,5.07249,8.14226,904,1,1.1174221,0.0,0.0
905,CENTROID,6,,905,8.130113,7.6441503,0.4859624,905,1,0.07832003,0.0,0.0
906,CENTROID,6,,906,4.4501324,11.040887,-6.5907545,785,0,-0.59803295,0.0,0.0
907,CENTROID,6,,907,5.4900355,10.007087,-4.517051,899,0,-0.94009876,0.0,0.0
908,CENTROID,6,,908,8.802884,13.310741,-4.5078573,895,0,-0.16327763,0.0,0.0
909,CENTROID,6,,909,13.290323,10.155281,3.1350422,909,1,0.4450388,0.0,0.0
910,CENTROID,6,,910,3.9152184,5.9455132,-2.030295,961,0,0.26620007,0.0,0.0
911,CENTROID,6,,911,9.576566,7.0777607,2.498805,911,1,-0.21161938,0.0,0.0
912,CENTROID,6,,912,15.717714,8.333779,7.383935,912,1,0.31740952,0.0,0.0
913,CENTROID,6,,913,14.708792,6.6790814,8.029711,913,1,-0.064487934,0.0,0.0
914,CENTROID,6,,914,12.8733635,5.288628,7.5847354,914,1,0.23701286,0.0,0.0
915,CENTROID,6,,915,5.28239,8.48868,-3.2062898,853,0,-0.6030328,0.0,0.0
916,CENTROID,6,,916,13.838936,6.121948,7.716988,916,1,0.43550253,0.0,0.0
917,CENTROID,6,,917,13.603394,8.1549,5.448494,917,1,-0.18247318,0.0,0.0
918,CENTROID,6,,918,12.336624,6.9896674,5.3469567,918,1,1.079289,0.0,0.0
919,CENTROID,6,,919,1.5696282,11.746387,-10.176758,788,0,0.0854063,0.0,0.0
920,CENTROID,6,,920,8.039294,8.044082,-0.004787445,919,0,1.0916538,1.0,0.0
921,CENTROID,6,,921,12.175797,6.7375526,5.438245,921,1,-1.6300688,0.0,0.0
922,CENTROID,6,,922,11.841465,6.0520105,5.7894545,922,1,0.74538374,0.0,0.0
923,CENTROID,6,,923,5.3912735,6.97431,-1.5830364,891,0,0.38703918,0.0,0.0
924,CENTROID,6,,924,14.628421,7.0202084,7.6082125,924,1,0.06297922,0.0,0.0
925,CENTROID,6,,925,13.554484,5.2453437,8.309141,925,1,-0.21260452,0.0,0.0
926,CENTROID,6,,926,12.958973,9.077873,3.8810997,926,1,0.57256985,0.0,0.0
927,CENTROID,6,,927,14.042896,5.4412546,8.601642,927,1,-0.75352573,0.0,0.0
928,CENTROID,6,,928,4.9948864,9.560443,-4.5655565,969,0,0.65407467,0.0,0.0
929,CENTROID,6,,929,6.238587,6.699478,-0.46089125,934,0,4.2715364,1.0,0.0
930,CENTROID,6,,930,10.677309,10.634462,0.04284668,930,1,-0.031588554,0.0,0.0
931,CENTROID,6,,931,14.375207,6.2192125,8.155994,931,1,0.23254776,0.0,0.0
932,CENTROID,6,,932,5.925818,10.393261,-4.467443,923,0,-0.67076635,0.0,0.0
933,CENTROID,6,,933,12.680258,5.7061806,6.974077,933,1,0.3581705,0.0,0.0
934,CENTROID,6,,934,14.434523,4.48763,9.946893,934,1,0.08820152,0.0,0.0
935,CENTROID,6,,935,12.813179,7.2631226,5.5500565,935,1,-0.67372274,0.0,0.0
936,CENTROID,6,,936,8.923638,7.387172,1.5364661,936,1,2.0626187,0.0,0.0
937,CENTROID,6,,937,13.779652,6.589655,7.1899967,937,1,0.6502423,0.0,0.0
938,CENTROID,6,,938,13.406003,8.4063015,4.9997015,938,1,1.2307386,0.0,0.0
939,CENTROID,6,,939,11.960887,8.179841,3.781046,939,1,1.4227443,0.0,0.0
940,CENTROID,6,,940,13.69395,8.595102,5.0988474,940,1,-0.087265015,0.0,0.0
941,CENTROID,6,,941,12.737123,8.0721655,4.664957,941,1,-0.4318161,0.0,0.0
942,CENTROID,6,,942,3.3174696,10.954747,-7.6372776,964,0,0.059365273,0.0,0.0
943,CENTROID,6,,943,13.78801,6.531512,7.256498,943,1,0.7214823,0.0,0.0
944,CENTROID,6,,944,13.838173,7.4304304,6.4077425,944,1,0.22482824,0.0,0.0
945,CENTROID,6,,945,13.987706,5.8303785,8.157328,945,1,0.21633625,0.0,0.0
946,CENTROID,6,,946,13.009581,7.337739,5.6718416,946,1,0.29501677,0.0,0.0
947,CENTROID,6,,947,10.882494,10.606548,0.27594566,947,1,-0.6784229,0.0,1.0
948,CENTROID,6,,948,11.0003805,5.330245,5.6701355,948,1,0.69509315,0.0,0.0
949,CENTROID,6,,949,4.374427,7.859835,-3.4854083,994,0,2.0307345,0.0,0.0
950,CENTROID,6,,950,13.337485,6.9311934,6.406292,950,1,0.2701373,0.0,0.0
951,CENTROID,6,,951,14.228036,9.916586,4.31145,951,1,0.6241646,0.0,0.0
952,CENTROID,6,,952,9.705354,8.148317,1.5570364,952,1,2.4208846,0.0,0.0
953,CENTROID,6,,953,10.866174,7.609358,3.256816,953,1,-0.27368355,0.0,0.0
954,CENTROID,6,,954,13.5614,6.3923464,7.169054,954,1,0.903244,0.0,0.0
955,CENTROID,6,,955,14.514754,4.5727973,9.941957,955,1,0.41744614,0.0,0.0
956,CENTROID,6,,956,14.576106,3.980569,10.595537,956,1,0.2790947,0.0,0.0
957,CENTROID,6,,957,11.397773,7.4037504,3.9940224,957,1,-0.028995514,0.0,0.0
958,CENTROID,6,,958,8.02804,9.485768,-1.4577284,663,0,-0.19903278,0.0,0.0
959,CENTROID,6,,959,13.135436,7.131867,6.003569,959,1,-0.48800611,0.0,0.0
960,CENTROID,6,,960,6.865387,9.887851,-3.0224638,923,0,0.3161316,0.0,0.0
961,CENTROID,6,,961,11.828133,10.324661,1.5034714,961,1,-0.63637066,0.0,0.0
962,CENTROID,6,,962,7.77035,6.115617,1.6547332,962,1,-0.43439436,0.0,0.0
963,CENTROID,6,,963,-0.74225503,12.880807,-13.623062,335,0,0.16884422,0.0,0.0
964,CENTROID,6,,964,8.956895,7.1186247,1.8382702,964,1,-2.1683836,0.0,1.0
965,CENTROID,6,,965,13.844566,6.6289644,7.215602,965,1,-0.33912754,0.0,0.0
966,CENTROID,6,,966,4.7137213,7.904517,-3.190796,650,0,-0.0146307945,0.0,0.0
967,CENTROID,6,,967,5.3166957,12.367623,-7.0509276,969,0,-0.96368074,0.0,0.0
968,CENTROID,6,,968,6.299666,6.8472953,-0.54762936,521,0,0.27150726,0.0,0.0
969,CENTROID,6,,969,9.826714,8.305252,1.5214615,969,1,0.5608263,0.0,0.0
970,CENTROID,6,,970,10.155512,8.656142,1.4993696,970,1,-0.15580082,0.0,0.0
971,CENTROID,6,,971,13.988546,4.5313544,9.457191,971,1,0.92661476,0.0,0.0
972,CENTROID,6,,972,11.772327,8.992855,2.7794724,972,1,-0.17237759,0.0,0.0
973,CENTROID,6,,973,8.622397,12.643862,-4.0214643,5,0,-0.90190506,0.0,0.0
974,CENTROID,6,,974,10.875503,5.21229,5.663213,974,1,-3.0827632,0.0,0.0
975,CENTROID,6,,975,9.722841,10.059405,-0.33656406,460,0,0.21643543,0.0,0.0
976,CENTROID,6,,976,12.4167,9.936894,2.479806,976,1,0.9335232,0.0,0.0
977,CENTROID,6,,977,14.312257,8.713173,5.599084,977,1,0.6592617,0.0,0.0
978,CENTROID,6,,978,10.821005,9.675808,1.1451969,978,1,-0.07126713,0.0,0.0
979,CENTROID,6,,979,10.639244,12.618717,-1.9794731,975,0,-1.0508327,0.0,0.0
980,CENTROID,6,,980,9.305548,6.526174,2.7793736,980,1,0.11748505,0.0,0.0
981,CENTROID,6,,981,7.493617,7.5685735,-0.07495642,429,0,-0.13065767,0.0,0.0
982,CENTROID,6,,982,4.390339,7.039054,-2.648715,601,0,0.7123761,0.0,0.0
983,CENTROID,6,,983,12.207323,7.087847,5.119476,983,1,0.35284805,0.0,0.0
984,CENTROID,6,,984,13.501875,3.5627956,9.939079,984,1,0.33514404,0.0,0.0
985,CENTROID,6,,985,8.515076,8.537749,-0.022673607,738,0,1.7270913,1.0,0.0
986,CENTROID,6,,986,13.86204,5.205921,8.656118,986,1,0.46118546,0.0,0.0
987,CENTROID,6,,987,13.313203,14.822938,-1.5097351,998,0,-0.39765644,0.0,0.0
988,CENTROID,6,,988,13.902868,6.4005156,7.5023527,988,1,0.93742466,0.0,0.0
989,CENTROID,6,,989,9.69334,6.9292436,2.7640967,989,1,4.354454,0.0,0.0
990,CENTROID,6,,990,14.510285,7.2913713,7.218914,990,1,1.0021563,0.0,0.0
991,CENTROID,6,,991,13.811191,9.4864645,4.324726,991,1,0.8752203,0.0,0.0
992,CENTROID,6,,992,11.749904,10.781098,0.9688053,992,1,0.5821047,0.0,0.0
993,CENTROID,6,,993,14.085953,6.1017203,7.9842324,993,1,0.33579206,0.0,0.0
994,CENTROID,6,,994,12.133997,5.386853,6.7471437,994,1,0.24717951,0.0,0.0
995,CENTROID,6,,995,15.219072,5.6180563,9.601016,995,1,0.3699379,0.0,0.0
996,CENTROID,6,,996,13.431273,5.7718196,7.659454,996,1,0.4278226,0.0,0.0
997,CENTROID,6,,997,10.369365,9.921528,0.44783688,997,1,-0.07748127,0.0,0.0
998,CENTROID,6,,998,13.129243,11.826236,1.3030071,998,1,-0.5104561,0.0,0.0
999,CENTROID,6,,999,4.3164124,6.3406873,-2.0242748,876,0,0.6550474,0.0,0.0
0,DIAGONAL_GAUSSIAN,6,22001,0,14.141918,6.1474786,7.9944396,0,1,0.12072039,0.0,0.0
1,DIAGONAL_GAUSSIAN,6,22001,1,12.275238,6.2753663,5.9998717,1,1,0.534039,0.0,0.0
2,DIAGONAL_GAUSSIAN,6,22001,2,14.352202,9.919843,4.4323597,2,1,0.05073738,0.0,0.0
3,DIAGONAL_GAUSSIAN,6,22001,3,13.362604,11.085191,2.2774134,3,1,1.3045197,0.0,0.0
4,DIAGONAL_GAUSSIAN,6,22001,4,14.043509,9.652231,4.3912773,4,1,0.09105778,0.0,0.0
5,DIAGONAL_GAUSSIAN,6,22001,5,14.511599,6.3326764,8.178923,5,1,-0.120859146,0.0,0.0
6,DIAGONAL_GAUSSIAN,6,22001,6,8.608212,10.8421,-2.2338877,5,0,0.41064548,0.0,0.0
7,DIAGONAL_GAUSSIAN,6,22001,7,13.863546,8.747695,5.1158514,7,1,0.42113686,0.0,0.0
8,DIAGONAL_GAUSSIAN,6,22001,8,12.980133,10.369494,2.6106386,8,1,0.39890385,0.0,0.0
9,DIAGONAL_GAUSSIAN,6,22001,9,13.221155,6.3889365,6.8322186,9,1,-1.5884428,0.0,0.0
10,DIAGONAL_GAUSSIAN,6,22001,10,14.322813,6.9919934,7.3308196,10,1,1.0600114,0.0,0.0
11,DIAGONAL_GAUSSIAN,6,22001,11,11.202866,9.351121,1.8517447,11,1,-1.1013899,0.0,0.0
12,DIAGONAL_GAUSSIAN,6,22001,12,4.174489,6.445561,-2.271072,912,0,-1.0049083,0.0,0.0
13,DIAGONAL_GAUSSIAN,6,22001,13,5.307272,7.12033,-1.8130579,996,0,4.08861,1.0,0.0
14,DIAGONAL_GAUSSIAN,6,22001,14,14.078124,6.3127913,7.7653327,14,1,-1.0915875,0.0,0.0
15,DIAGONAL_GAUSSIAN,6,22001,15,13.709717,7.823621,5.886096,15,1,0.5582371,0.0,0.0
16,DIAGONAL_GAUSSIAN,6,22001,16,14.199365,6.175091,8.024274,16,1,-1.1219931,0.0,0.0
17,DIAGONAL_GAUSSIAN,6,22001,17,10.792835,6.7737412,4.019094,17,1,-2.254271,0.0,0.0
18,DIAGONAL_GAUSSIAN,6,22001,18,11.849845,9.086098,2.7637472,18,1,0.34073734,0.0,0.0
19,DIAGONAL_GAUSSIAN,6,22001,19,13.764482,5.281378,8.483104,19,1,-0.080114365,0.0,0.0
20,DIAGONAL_GAUSSIAN,6,22001,20,13.445535,5.602537,7.8429976,20,1,0.4437418,0.0,0.0
21,DIAGONAL_GAUSSIAN,6,22001,21,3.439477,7.4289427,-3.9894657,138,0,-0.1171484,0.0,0.0
22,DIAGONAL_GAUSSIAN,6,22001,22,14.117029,7.4457397,6.6712894,22,1,-1.0330935,0.0,0.0
23,DIAGONAL_GAUSSIAN,6,22001,23,9.661029,10.400121,-0.7390919,22,0,2.0578108,1.0,0.0
24,DIAGONAL_GAUSSIAN,6,22001,24,14.598747,3.7898142,10.808933,24,1,0.122136116,0.0,0.0
25,DIAGONAL_GAUSSIAN,6,22001,25,13.739106,8.994052,4.7450542,25,1,0.43192768,0.0,0.0
26,DIAGONAL_GAUSSIAN,6,22001,26,9.777721,14.429556,-4.6518345,28,0,0.26509953,0.0,0.0
27,DIAGONAL_GAUSSIAN,6,22001,27,9.425169,13.780005,-4.3548365,26,0,-0.44596767,0.0,0.0
28,DIAGONAL_GAUSSIAN,6,22001,28,13.954322,9.844879,4.1094427,28,1,-1.5199213,0.0,0.0
29,DIAGONAL_GAUSSIAN,6,22001,29,15.16211,6.6606154,8.501495,29,1,-0.32219982,0.0,0.0
30,DIAGONAL_GAUSSIAN,6,22001,30,13.338013,8.558602,4.7794104,30,1,-0.8666897,0.0,0.0
31,DIAGONAL_GAUSSIAN,6,22001,31,11.044355,13.38886,-2.3445044,32,0,-0.033849716,0.0,0.0
32,DIAGONAL_GAUSSIAN,6,22001,32,8.701482,8.122639,0.5788431,32,1,-0.8917465,0.0,1.0
33,DIAGONAL_GAUSSIAN,6,22001,33,9.40897,7.4961166,1.9128532,33,1,0.8761401,0.0,0.0
34,DIAGONAL_GAUSSIAN,6,22001,34,3.8163788,11.792437,-7.976058,980,0,-0.44707966,0.0,0.0
35,DIAGONAL_GAUSSIAN,6,22001,35,13.936282,11.978049,1.9582329,35,1,0.28681374,0.0,0.0
36,DIAGONAL_GAUSSIAN,6,22001,36,14.546431,12.129493,2.4169378,36,1,-0.5130491,0.0,0.0
37,DIAGONAL_GAUSSIAN,6,22001,37,12.121109,11.107788,1.0133209,37,1,-0.5766859,0.0,0.0
38,DIAGONAL_GAUSSIAN,6,22001,38,10.529981,7.077586,3.4523945,38,1,1.0877099,0.0,0.0
39,DIAGONAL_GAUSSIAN,6,22001,39,13.911081,6.7845526,7.1265287,39,1,-0.52408504,0.0,0.0
40,DIAGONAL_GAUSSIAN,6,22001,40,14.407707,12.174898,2.232809,40,1,-0.37389278,0.0,0.0
41,DIAGONAL_GAUSSIAN,6,22001,41,12.109642,9.209604,2.9000378,41,1,0.72741604,0.0,0.0
42,DIAGONAL_GAUSSIAN,6,22001,42,14.388342,7.6833506,6.7049913,42,1,0.011520386,0.0,0.0
43,DIAGONAL_GAUSSIAN,6,22001,43,14.678372,4.3635063,10.314866,43,1,-0.010028839,0.0,0.0
44,DIAGONAL_GAUSSIAN,6,22001,44,14.354005,7.090476,7.263529,44,1,0.012941837,0.0,0.0
45,DIAGONAL_GAUSSIAN,6,22001,45,4.907817,6.0160775,-1.1082606,41,0,0.59803295,0.0,0.0
46,DIAGONAL_GAUSSIAN,6,22001,46,6.7750373,12.87217,-6.097133,47,0,0.65705013,0.0,0.0
47,DIAGONAL_GAUSSIAN,6,22001,47,14.849591,5.4225845,9.427007,47,1,0.23985958,0.0,0.0
48,DIAGONAL_GAUSSIAN,6,22001,48,13.982347,5.897492,8.084854,48,1,0.25836945,0.0,0.0
49,DIAGONAL_GAUSSIAN,6,22001,49,7.5144176,9.303725,-1.7893076,975,0,-0.07242966,0.0,0.0
50,DIAGONAL_GAUSSIAN,6,22001,50,5.488572,10.978608,-5.490036,62,0,0.24954176,0.0,0.0
51,DIAGONAL_GAUSSIAN,6,22001,51,9.913219,6.5528216,3.3603978,51,1,-2.5824351,0.0,0.0
52,DIAGONAL_GAUSSIAN,6,22001,52,14.655992,8.556411,6.099581,52,1,0.95581913,0.0,0.0
53,DIAGONAL_GAUSSIAN,6,22001,53,14.288772,9.751803,4.536968,53,1,1.0555229,0.0,0.0
54,DIAGONAL_GAUSSIAN,6,22001,54,8.825868,13.907025,-5.0811577,66,0,-0.5352888,0.0,0.0
55,DIAGONAL_GAUSSIAN,6,22001,55,8.504596,11.104386,-2.5997906,64,0,-0.23377037,0.0,0.0
56,DIAGONAL_GAUSSIAN,6,22001,56,13.74128,8.620141,5.1211386,56,1,0.11002064,0.0,0.0
57,DIAGONAL_GAUSSIAN,6,22001,57,6.9657397,8.267325,-1.3015857,65,0,-0.7768078,0.0,0.0
58,DIAGONAL_GAUSSIAN,6,22001,58,13.972708,10.2856865,3.6870213,58,1,-0.11136818,0.0,0.0
59,DIAGONAL_GAUSSIAN,6,22001,59,13.240977,9.591169,3.649808,59,1,-0.35904312,0.0,0.0
60,DIAGONAL_GAUSSIAN,6,22001,60,11.673466,9.684075,1.9893904,60,1,0.445055,0.0,0.0
61,DIAGONAL_GAUSSIAN,6,22001,61,14.128138,8.054229,6.073909,61,1,-0.4583683,0.0,0.0
62,DIAGONAL_GAUSSIAN,6,22001,62,11.288501,10.232342,1.056159,62,1,0.072761536,0.0,0.0
63,DIAGONAL_GAUSSIAN,6,22001,63,15.091137,8.00868,7.0824566,63,1,-0.2811222,0.0,0.0
64,DIAGONAL_GAUSSIAN,6,22001,64,8.275745,7.635436,0.64030933,64,1,-1.5856223,0.0,1.0
65,DIAGONAL_GAUSSIAN,6,22001,65,15.038716,8.148453,6.8902636,65,1,0.28161526,0.0,0.0
66,DIAGONAL_GAUSSIAN,6,22001,66,14.174552,12.736507,1.4380445,66,1,-0.37301254,0.0,0.0
67,DIAGONAL_GAUSSIAN,6,22001,67,14.464781,11.141838,3.3229427,67,1,0.28370667,0.0,0.0
68,DIAGONAL_GAUSSIAN,6,22001,68,12.52548,13.344885,-0.8194046,66,0,0.37159634,0.0,0.0
69,DIAGONAL_GAUSSIAN,6,22001,69,13.316668,7.2535253,6.0631423,69,1,1.8372803,0.0,0.0
70,DIAGONAL_GAUSSIAN,6,22001,70,14.994582,6.246315,8.748267,70,1,0.53355885,0.0,0.0
71,DIAGONAL_GAUSSIAN,6,22001,71,14.323175,5.325161,8.998014,71,1,-0.016792297,0.0,0.0
72,DIAGONAL_GAUSSIAN,6,22001,72,12.794367,11.1455345,1.6488323,72,1,-0.42528915,0.0,0.0
73,DIAGONAL_GAUSSIAN,6,22001,73,14.362566,10.282506,4.08006,73,1,0.18764973,0.0,0.0
74,DIAGONAL_GAUSSIAN,6,22001,74,11.510975,13.246382,-1.7354069,73,0,-0.47852516,0.0,0.0
75,DIAGONAL_GAUSSIAN,6,22001,75,12.256196,9.146953,3.1092434,75,1,0.82128906,0.0,0.0
76,DIAGONAL_GAUSSIAN,6,22001,76,12.966907,9.419718,3.5471888,76,1,-0.63774586,0.0,0.0
77,DIAGONAL_GAUSSIAN,6,22001,77,11.255279,10.90459,0.35068893,77,1,0.3979311,0.0,0.0
78,DIAGONAL_GAUSSIAN,6,22001,78,15.593081,6.464893,9.128189,78,1,-0.16628075,0.0,0.0
79,DIAGONAL_GAUSSIAN,6,22001,79,13.924791,6.3430257,7.5817657,79,1,0.37844467,0.0,0.0
80,DIAGONAL_GAUSSIAN,6,22001,80,15.229927,6.7049484,8.524979,80,1,-0.8286462,0.0,0.0
81,DIAGONAL_GAUSSIAN,6,22001,81,13.607329,5.1525073,8.454823,81,1,-0.0084095,0.0,0.0
82,DIAGONAL_GAUSSIAN,6,22001,82,14.152691,11.148531,3.00416,82,1,-0.22227383,0.0,0.0
83,DIAGONAL_GAUSSIAN,6,22001,83,15.12097,8.092263,7.0287066,83,1,0.42197084,0.0,0.0
84,DIAGONAL_GAUSSIAN,6,22001,84,14.086989,4.20703,9.879959,84,1,-0.20792961,0.0,0.0
85,DIAGONAL_GAUSSIAN,6,22001,85,10.916719,8.896905,2.0198145,85,1,-0.5710478,0.0,0.0
86,DIAGONAL_GAUSSIAN,6,22001,86,13.402224,11.11774,2.284484,86,1,0.017689705,0.0,0.0
87,DIAGONAL_GAUSSIAN,6,22001,87,4.1266375,5.0670495,-0.94041204,678,0,2.684029,1.0,0.0
88,DIAGONAL_GAUSSIAN,6,22001,88,14.045411,5.7306366,8.3147745,88,1,0.1866808,0.0,0.0
89,DIAGONAL_GAUSSIAN,6,22001,89,13.478244,4.4942527,8.983992,89,1,0.38489914,0.0,0.0
90,DIAGONAL_GAUSSIAN,6,22001,90,14.530159,5.5327716,8.997387,90,1,0.4559822,0.0,0.0
91,DIAGONAL_GAUSSIAN,6,22001,91,14.86634,5.217662,9.648678,91,1,-0.23670578,0.0,0.0
92,DIAGONAL_GAUSSIAN,6,22001,92,14.73434,8.098255,6.6360846,92,1,-0.74200153,0.0,0.0
93,DIAGONAL_GAUSSIAN,6,22001,93,10.8365755,6.9334173,3.9031582,93,1,-1.4220839,0.0,0.0
94,DIAGONAL_GAUSSIAN,6,22001,94,10.398547,12.072666,-1.674119,95,0,-0.20652676,0.0,0.0
95,DIAGONAL_GAUSSIAN,6,22001,95,13.499107,5.6694713,7.829636,95,1,0.090130806,0.0,0.0
96,DIAGONAL_GAUSSIAN,6,22001,96,13.870674,6.8437243,7.02695,96,1,0.05942154,0.0,0.0
97,DIAGONAL_GAUSSIAN,6,22001,97,8.0309925,9.92871,-1.8977175,98,0,0.85582256,0.0,0.0
98,DIAGONAL_GAUSSIAN,6,22001,98,14.292409,4.969856,9.322554,98,1,0.006960869,0.0,0.0
99,DIAGONAL_GAUSSIAN,6,22001,99,12.42044,8.057454,4.3629856,99,1,-1.0212173,0.0,0.0
100,DIAGONAL_GAUSSIAN,6,22001,100,14.567202,5.601851,8.965351,100,1,0.124074936,0.0,0.0
101,DIAGONAL_GAUSSIAN,6,22001,101,13.779083,12.961794,0.81728935,101,1,0.68339443,0.0,0.0
102,DIAGONAL_GAUSSIAN,6,22001,102,13.39073,6.9434133,6.4473166,102,1,0.1332264,0.0,0.0
103,DIAGONAL_GAUSSIAN,6,22001,103,14.182073,8.287031,5.8950415,103,1,0.45731735,0.0,0.0
104,DIAGONAL_GAUSSIAN,6,22001,104,9.219167,11.150751,-1.9315844,379,0,1.7613411,0.0,0.0
105,DIAGONAL_GAUSSIAN,6,22001,105,14.126042,8.216372,5.909671,105,1,0.112997055,0.0,0.0
106,DIAGONAL_GAUSSIAN,6,22001,106,15.100416,5.324654,9.775763,106,1,-0.10783672,0.0,0.0
107,DIAGONAL_GAUSSIAN,6,22001,107,13.903239,5.108177,8.795062,107,1,0.8310957,0.0,0.0
108,DIAGONAL_GAUSSIAN,6,22001,108,11.458496,11.4389,0.0195961,108,1,1.0617399,0.0,0.0
109,DIAGONAL_GAUSSIAN,6,22001,109,4.7538786,4.693132,0.06074667,109,1,-0.030708313,0.0,0.0
110,DIAGONAL_GAUSSIAN,6,22001,110,14.648368,5.6871977,8.96117,110,1,-0.21312904,0.0,0.0
111,DIAGONAL_GAUSSIAN,6,22001,111,15.185444,5.937995,9.247449,111,1,0.03067398,0.0,0.0
112,DIAGONAL_GAUSSIAN,6,22001,112,4.3232303,5.3260293,-1.002799,363,0,-0.07422876,0.0,0.0
113,DIAGONAL_GAUSSIAN,6,22001,113,13.854016,7.013705,6.8403115,113,1,0.25532246,0.0,0.0
114,DIAGONAL_GAUSSIAN,6,22001,114,6.6103644,9.656742,-3.0463777,110,0,0.1768055,0.0,0.0
115,DIAGONAL_GAUSSIAN,6,22001,115,11.65,9.097033,2.552967,115,1,-0.14222622,0.0,0.0
116,DIAGONAL_GAUSSIAN,6,22001,116,11.982523,6.2506175,5.7319055,116,1,0.3569045,0.0,0.0
117,DIAGONAL_GAUSSIAN,6,22001,117,13.96031,5.3137417,8.646568,117,1,-0.43881607,0.0,0.0
118,DIAGONAL_GAUSSIAN,6,22001,118,13.180367,9.168385,4.011983,118,1,-0.07568169,0.0,0.0
119,DIAGONAL_GAUSSIAN,6,22001,119,11.250733,8.386334,2.864399,119,1,1.0005116,0.0,0.0
120,DIAGONAL_GAUSSIAN,6,22001,120,14.043133,9.3106985,4.7324343,120,1,0.41922855,0.0,0.0
121,DIAGONAL_GAUSSIAN,6,22001,121,12.239704,7.634272,4.605432,121,1,-0.19721937,0.0,0.0
122,DIAGONAL_GAUSSIAN,6,22001,122,10.250716,5.7212105,4.5295057,122,1,0.32251263,0.0,0.0
123,DIAGONAL_GAUSSIAN,6,22001,123,11.19781,11.574235,-0.3764248,122,0,-0.39049625,0.0,0.0
124,DIAGONAL_GAUSSIAN,6,22001,124,10.09319,11.386376,-1.2931862,121,0,0.6443405,0.0,0.0
125,DIAGONAL_GAUSSIAN,6,22001,125,14.012195,6.833304,7.1788907,125,1,-0.18295193,0.0,0.0
126,DIAGONAL_GAUSSIAN,6,22001,126,2.8236077,6.7020264,-3.8784187,451,0,0.10858536,0.0,0.0
127,DIAGONAL_GAUSSIAN,6,22001,127,13.719042,10.817196,2.901846,127,1,-0.21695805,0.0,0.0
128,DIAGONAL_GAUSSIAN,6,22001,128,13.1539,8.685634,4.4682665,128,1,-0.5224199,0.0,0.0
129,DIAGONAL_GAUSSIAN,6,22001,129,14.262056,5.4595957,8.802461,129,1,-0.07621384,0.0,0.0
130,DIAGONAL_GAUSSIAN,6,22001,130,13.677663,5.7316513,7.9460115,130,1,-0.041940212,0.0,0.0
131,DIAGONAL_GAUSSIAN,6,22001,131,12.22127,9.622356,2.5989132,131,1,-0.3334465,0.0,0.0
132,DIAGONAL_GAUSSIAN,6,22001,132,12.612105,9.508938,3.1031675,132,1,0.33894348,0.0,0.0
133,DIAGONAL_GAUSSIAN,6,22001,133,14.769738,5.2224383,9.5473,133,1,-0.24032497,0.0,0.0
134,DIAGONAL_GAUSSIAN,6,22001,134,11.866079,8.645085,3.220994,134,1,-0.36311817,0.0,0.0
135,DIAGONAL_GAUSSIAN,6,22001,135,14.900046,5.5639305,9.336116,135,1,0.029281616,0.0,0.0
136,DIAGONAL_GAUSSIAN,6,22001,136,14.020602,9.561444,4.459158,136,1,2.50906,0.0,0.0
137,DIAGONAL_GAUSSIAN,6,22001,137,14.039335,7.296489,6.7428465,137,1,-0.3904853,0.0,0.0
138,DIAGONAL_GAUSSIAN,6,22001,138,14.392914,9.827096,4.565818,138,1,-2.9495535,0.0,0.0
139,DIAGONAL_GAUSSIAN,6,22001,139,13.36512,6.3478236,7.0172963,139,1,-0.78585863,0.0,0.0
140,DIAGONAL_GAUSSIAN,6,22001,140,13.434508,9.188395,4.246114,140,1,0.38883018,0.0,0.0
141,DIAGONAL_GAUSSIAN,6,22001,141,13.914102,7.5031223,6.4109793,141,1,0.8290076,0.0,0.0
142,DIAGONAL_GAUSSIAN,6,22001,142,13.716854,6.9646983,6.752156,142,1,-0.13907385,0.0,0.0
143,DIAGONAL_GAUSSIAN,6,22001,143,14.576384,5.783156,8.793228,143,1,-0.38606262,0.0,0.0
144,DIAGONAL_GAUSSIAN,6,22001,144,8.391016,11.044043,-2.6530266,146,0,-0.9957981,0.0,0.0
145,DIAGONAL_GAUSSIAN,6,22001,145,6.546189,4.9598165,1.5863724,145,1,-0.65963316,0.0,0.0
146,DIAGONAL_GAUSSIAN,6,22001,146,13.3022,4.8573723,8.444828,146,1,0.5569048,0.0,0.0
147,DIAGONAL_GAUSSIAN,6,22001,147,13.615803,4.7551947,8.860608,147,1,-0.067147255,0.0,0.0
148,DIAGONAL_GAUSSIAN,6,22001,148,13.421177,5.8652964,7.5558805,148,1,0.028263092,0.0,0.0
149,DIAGONAL_GAUSSIAN,6,22001,149,14.3723955,5.8958344,8.476561,149,1,0.19184113,0.0,0.0
150,DIAGONAL_GAUSSIAN,6,22001,150,13.082602,7.113894,5.9687076,150,1,0.8342409,0.0,0.0
151,DIAGONAL_GAUSSIAN,6,22001,151,8.691361,10.97804,-2.2866783,162,0,0.10837841,0.0,0.0
152,DIAGONAL_GAUSSIAN,6,22001,152,13.773952,8.693469,5.0804825,152,1,0.48024654,0.0,0.0
153,DIAGONAL_GAUSSIAN,6,22001,153,11.534565,11.447844,0.08672142,153,1,0.937788,0.0,0.0
154,DIAGONAL_GAUSSIAN,6,22001,154,14.526872,6.569852,7.95702,154,1,0.09361458,0.0,0.0
155,DIAGONAL_GAUSSIAN,6,22001,155,10.571574,11.443687,-0.8721132,154,0,-0.65978336,0.0,0.0
156,DIAGONAL_GAUSSIAN,6,22001,156,11.598759,10.574994,1.0237646,156,1,0.26180363,0.0,0.0
157,DIAGONAL_GAUSSIAN,6,22001,157,12.385848,8.485666,3.9001818,157,1,0.23375607,0.0,0.0
158,DIAGONAL_GAUSSIAN,6,22001,158,10.416414,11.4029875,-0.9865732,237,0,1.0070019,1.0,0.0
159,DIAGONAL_GAUSSIAN,6,22001,159,14.115711,8.193731,5.92198,159,1,-0.36159134,0.0,0.0
160,DIAGONAL_GAUSSIAN,6,22001,160,14.440101,5.6700897,8.770011,160,1,-0.51323414,0.0,0.0
161,DIAGONAL_GAUSSIAN,6,22001,161,14.239343,8.371843,5.8674994,161,1,0.06874657,0.0,0.0
162,DIAGONAL_GAUSSIAN,6,22001,162,14.0529175,9.371507,4.681411,162,1,-1.3137846,0.0,0.0
163,DIAGONAL_GAUSSIAN,6,22001,163,11.2790985,8.992092,2.2870064,163,1,-0.6187506,0.0,0.0
164,DIAGONAL_GAUSSIAN,6,22001,164,12.887348,9.926675,2.9606733,164,1,-0.4346199,0.0,0.0
165,DIAGONAL_GAUSSIAN,6,22001,165,14.655162,7.60631,7.048852,165,1,-0.016668797,0.0,0.0
166,DIAGONAL_GAUSSIAN,6,22001,166,8.77232,7.801105,0.9712148,166,1,-2.9525356,0.0,1.0
167,DIAGONAL_GAUSSIAN,6,22001,167,9.839586,13.209571,-3.3699846,164,0,0.098630905,0.0,0.0
168,DIAGONAL_GAUSSIAN,6,22001,168,12.127092,11.373435,0.75365734,168,1,-0.15603733,0.0,0.0
169,DIAGONAL_GAUSSIAN,6,22001,169,14.584724,7.283536,7.3011885,169,1,-0.106854916,0.0,0.0
170,DIAGONAL_GAUSSIAN,6,22001,170,12.531779,10.328841,2.202938,170,1,-0.64136505,0.0,0.0
171,DIAGONAL_GAUSSIAN,6,22001,171,14.403308,9.956915,4.446393,171,1,0.8900261,0.0,0.0
172,DIAGONAL_GAUSSIAN,6,22001,172,14.498174,8.414017,6.084157,172,1,-0.2933569,0.0,0.0
173,DIAGONAL_GAUSSIAN,6,22001,173,14.623679,7.3654976,7.2581816,173,1,1.7093115,0.0,0.0
174,DIAGONAL_GAUSSIAN,6,22001,174,11.042277,7.8806114,3.161666,174,1,-1.6672344,0.0,0.0
175,DIAGONAL_GAUSSIAN,6,22001,175,11.891241,10.829015,1.0622263,175,1,-0.785676,0.0,0.0
176,DIAGONAL_GAUSSIAN,6,22001,176,11.248083,13.971958,-2.723875,172,0,-1.6260633,0.0,0.0
177,DIAGONAL_GAUSSIAN,6,22001,177,13.054646,11.819115,1.2355309,177,1,-1.5175781,0.0,1.0
178,DIAGONAL_GAUSSIAN,6,22001,178,14.505805,8.405584,6.1002207,178,1,-0.9373255,0.0,0.0
179,DIAGONAL_GAUSSIAN,6,22001,179,11.021974,11.276502,-0.25452805,180,0,0.41616535,1.0,0.0
180,DIAGONAL_GAUSSIAN,6,22001,180,12.192502,10.787252,1.4052496,180,1,0.3940649,0.0,0.0
181,DIAGONAL_GAUSSIAN,6,22001,181,13.228984,7.346523,5.882461,181,1,0.49391937,0.0,0.0
182,DIAGONAL_GAUSSIAN,6,22001,182,12.746956,7.177914,5.5690417,182,1,1.0710511,0.0,0.0
183,DIAGONAL_GAUSSIAN,6,22001,183,14.312998,6.901838,7.41116,183,1,-0.08400059,0.0,0.0
184,DIAGONAL_GAUSSIAN,6,22001,184,15.516503,7.7490754,7.767428,184,1,0.7347207,0.0,0.0
185,DIAGONAL_GAUSSIAN,6,22001,185,12.753429,9.862941,2.8904886,185,1,1.4167709,0.0,0.0
186,DIAGONAL_GAUSSIAN,6,22001,186,14.623759,11.875149,2.7486105,186,1,-0.16920853,0.0,0.0
187,DIAGONAL_GAUSSIAN,6,22001,187,10.4119215,10.654094,-0.24217224,193,0,1.8391972,1.0,0.0
188,DIAGONAL_GAUSSIAN,6,22001,188,14.778719,11.908461,2.8702583,188,1,0.2664461,0.0,0.0
189,DIAGONAL_GAUSSIAN,6,22001,189,13.063688,12.018419,1.045269,189,1,0.17668152,0.0,0.0
190,DIAGONAL_GAUSSIAN,6,22001,190,10.845771,10.725372,0.12039852,190,1,2.7871103,0.0,0.0
191,DIAGONAL_GAUSSIAN,6,22001,191,12.605609,9.287148,3.3184605,191,1,-1.3338633,0.0,0.0
192,DIAGONAL_GAUSSIAN,6,22001,192,3.6274476,7.0069456,-3.379498,179,0,-0.28075123,0.0,0.0
193,DIAGONAL_GAUSSIAN,6,22001,193,14.923931,10.648256,4.275675,193,1,1.9585428,0.0,0.0
194,DIAGONAL_GAUSSIAN,6,22001,194,14.659019,8.370526,6.288493,194,1,0.6460595,0.0,0.0
195,DIAGONAL_GAUSSIAN,6,22001,195,13.22553,8.0835285,5.142001,195,1,0.030055523,0.0,0.0
196,DIAGONAL_GAUSSIAN,6,22001,196,8.9454775,14.937011,-5.9915333,198,0,-0.5221834,0.0,0.0
197,DIAGONAL_GAUSSIAN,6,22001,197,9.841366,7.4452515,2.3961143,197,1,-0.7375736,0.0,0.0
198,DIAGONAL_GAUSSIAN,6,22001,198,13.344448,11.830003,1.5144453,198,1,0.7596216,0.0,0.0
199,DIAGONAL_GAUSSIAN,6,22001,199,9.966969,10.184944,-0.21797562,198,0,-0.9269333,0.0,0.0
200,DIAGONAL_GAUSSIAN,6,22001,200,12.638171,10.396586,2.2415848,200,1,0.2609234,0.0,0.0
201,DIAGONAL_GAUSSIAN,6,22001,201,11.588951,11.863151,-0.2741995,193,0,-0.26604748,0.0,0.0
202,DIAGONAL_GAUSSIAN,6,22001,202,11.948693,9.973847,1.9748459,202,1,-0.076660156,0.0,0.0
203,DIAGONAL_GAUSSIAN,6,22001,203,6.962372,7.8924828,-0.93011093,153,0,-0.5584607,0.0,0.0
204,DIAGONAL_GAUSSIAN,6,22001,204,10.567549,11.012878,-0.44532967,200,0,-1.0501757,0.0,0.0
205,DIAGONAL_GAUSSIAN,6,22001,205,12.501176,7.8915553,4.6096206,205,1,-0.2620387,0.0,0.0
206,DIAGONAL_GAUSSIAN,6,22001,206,12.640587,8.940368,3.7002192,206,1,0.29341984,0.0,0.0
207,DIAGONAL_GAUSSIAN,6,22001,207,12.432979,6.939879,5.4930997,207,1,-0.17941189,0.0,0.0
208,DIAGONAL_GAUSSIAN,6,22001,208,3.4743316,10.37516,-6.9008284,260,0,-0.289752,0.0,0.0
209,DIAGONAL_GAUSSIAN,6,22001,209,12.269864,8.615288,3.6545763,209,1,1.6751328,0.0,0.0
210,DIAGONAL_GAUSSIAN,6,22001,210,13.265465,5.539149,7.726316,210,1,-0.15810442,0.0,0.0
211,DIAGONAL_GAUSSIAN,6,22001,211,13.675824,6.850065,6.825759,211,1,0.2336626,0.0,0.0
212,DIAGONAL_GAUSSIAN,6,22001,212,13.4780855,5.4958653,7.98222,212,1,0.9238696,0.0,0.0
213,DIAGONAL_GAUSSIAN,6,22001,213,6.8206687,11.2620535,-4.441385,218,0,1.4937224,0.0,0.0
214,DIAGONAL_GAUSSIAN,6,22001,214,12.812813,5.960241,6.852572,214,1,1.018033,0.0,0.0
215,DIAGONAL_GAUSSIAN,6,22001,215,14.886672,9.535357,5.3513145,215,1,-0.11393547,0.0,0.0
216,DIAGONAL_GAUSSIAN,6,22001,216,14.969119,7.534453,7.434666,216,1,-0.13036823,0.0,0.0
217,DIAGONAL_GAUSSIAN,6,22001,217,12.483351,7.7594028,4.723948,217,1,0.35574436,0.0,0.0
218,DIAGONAL_GAUSSIAN,6,22001,218,14.683155,8.601142,6.082013,218,1,-0.4242525,0.0,0.0
219,DIAGONAL_GAUSSIAN,6,22001,219,11.977507,7.939598,4.0379086,219,1,1.2423105,0.0,0.0
220,DIAGONAL_GAUSSIAN,6,22001,220,15.0297,9.334216,5.695484,220,1,0.040654182,0.0,0.0
221,DIAGONAL_GAUSSIAN,6,22001,221,11.89044,8.662884,3.2275562,221,1,0.52168655,0.0,0.0
222,DIAGONAL_GAUSSIAN,6,22001,222,13.190864,9.634773,3.5560904,222,1,2.669516,0.0,0.0
223,DIAGONAL_GAUSSIAN,6,22001,223,14.397214,6.0851164,8.312098,223,1,-0.8002796,0.0,0.0
224,DIAGONAL_GAUSSIAN,6,22001,224,14.572015,6.7250624,7.8469524,224,1,0.9252472,0.0,0.0
225,DIAGONAL_GAUSSIAN,6,22001,225,13.692198,7.072701,6.619497,225,1,-0.0536623,0.0,0.0
226,DIAGONAL_GAUSSIAN,6,22001,226,3.1633437,7.074607,-3.9112632,210,0,-0.63000226,0.0,0.0
227,DIAGONAL_GAUSSIAN,6,22001,227,9.493452,6.8845677,2.6088843,227,1,0.14220858,0.0,0.0
228,DIAGONAL_GAUSSIAN,6,22001,228,14.3893385,5.390245,8.999094,228,1,-0.46343517,0.0,0.0
229,DIAGONAL_GAUSSIAN,6,22001,229,14.136464,8.065339,6.071125,229,1,0.40076017,0.0,0.0
230,DIAGONAL_GAUSSIAN,6,22001,230,4.117242,7.5976787,-3.4804368,253,0,-0.8402047,0.0,0.0
231,DIAGONAL_GAUSSIAN,6,22001,231,9.854288,14.34618,-4.491892,230,0,-0.01066494,0.0,0.0
232,DIAGONAL_GAUSSIAN,6,22001,232,11.072207,9.075358,1.9968491,232,1,0.044024467,0.0,0.0
233,DIAGONAL_GAUSSIAN,6,22001,233,14.781815,8.344934,6.43688,233,1,1.0283718,0.0,0.0
234,DIAGONAL_GAUSSIAN,6,22001,234,8.693556,8.864238,-0.17068195,262,0,0.84007645,1.0,0.0
235,DIAGONAL_GAUSSIAN,6,22001,235,10.923475,11.150118,-0.22664261,225,0,0.5177393,1.0,0.0
236,DIAGONAL_GAUSSIAN,6,22001,236,10.979517,10.553562,0.42595482,236,1,0.31049538,0.0,0.0
237,DIAGONAL_GAUSSIAN,6,22001,237,13.843679,10.270767,3.5729122,237,1,0.04781246,0.0,0.0
238,DIAGONAL_GAUSSIAN,6,22001,238,13.351125,11.671565,1.6795597,238,1,0.10611725,0.0,0.0
239,DIAGONAL_GAUSSIAN,6,22001,239,12.76533,10.394704,2.3706264,239,1,-1.0167589,0.0,0.0
240,DIAGONAL_GAUSSIAN,6,22001,240,11.888165,14.030321,-2.1421556,238,0,-0.79033756,0.0,0.0
241,DIAGONAL_GAUSSIAN,6,22001,241,12.525954,12.119628,0.4063263,241,1,1.065176,0.0,0.0
242,DIAGONAL_GAUSSIAN,6,22001,242,13.166683,7.4791646,5.6875186,242,1,-0.84754324,0.0,0.0
243,DIAGONAL_GAUSSIAN,6,22001,243,14.283614,10.237357,4.046257,243,1,0.094433784,0.0,0.0
244,DIAGONAL_GAUSSIAN,6,22001,244,14.089357,10.376904,3.7124538,244,1,-0.06588745,0.0,0.0
245,DIAGONAL_GAUSSIAN,6,22001,245,13.163266,8.886734,4.276532,245,1,0.07709885,0.0,0.0
246,DIAGONAL_GAUSSIAN,6,22001,246,9.798747,9.743919,0.05482769,246,1,-0.7187195,0.0,1.0
247,DIAGONAL_GAUSSIAN,6,22001,247,14.350337,5.391994,8.9583435,247,1,-0.15739632,0.0,0.0
248,DIAGONAL_GAUSSIAN,6,22001,248,11.804591,11.059951,0.74464035,248,1,0.050644875,0.0,0.0
249,DIAGONAL_GAUSSIAN,6,22001,249,14.724368,8.35159,6.372778,249,1,0.28985977,0.0,0.0
250,DIAGONAL_GAUSSIAN,6,22001,250,13.090292,12.819306,0.2709856,250,1,-0.61121464,0.0,1.0
251,DIAGONAL_GAUSSIAN,6,22001,251,12.028452,6.3113623,5.7170897,251,1,0.8251848,0.0,0.0
252,DIAGONAL_GAUSSIAN,6,22001,252,13.586461,8.303755,5.2827063,252,1,0.40070438,0.0,0.0
253,DIAGONAL_GAUSSIAN,6,22001,253,15.017254,6.3359494,8.681305,253,1,1.0909262,0.0,0.0
254,DIAGONAL_GAUSSIAN,6,22001,254,13.020203,6.6561465,6.364056,254,1,-0.3476553,0.0,0.0
255,DIAGONAL_GAUSSIAN,6,22001,255,13.754834,5.8208957,7.9339385,255,1,0.7977166,0.0,0.0
256,DIAGONAL_GAUSSIAN,6,22001,256,11.87413,10.340557,1.5335732,256,1,-1.1378784,0.0,0.0
257,DIAGONAL_GAUSSIAN,6,22001,257,12.644233,8.859329,3.7849035,257,1,-0.15618229,0.0,0.0
258,DIAGONAL_GAUSSIAN,6,22001,258,13.524215,9.376467,4.147748,258,1,1.2387514,0.0,0.0
259,DIAGONAL_GAUSSIAN,6,22001,259,13.528193,8.578874,4.94932,259,1,-1.2201233,0.0,0.0
260,DIAGONAL_GAUSSIAN,6,22001,260,12.431504,7.805504,4.6260004,260,1,-0.7252517,0.0,0.0
261,DIAGONAL_GAUSSIAN,6,22001,261,14.269317,7.960969,6.3083477,261,1,-0.77421474,0.0,0.0
262,DIAGONAL_GAUSSIAN,6,22001,262,13.360986,7.656186,5.7047997,262,1,0.9666662,0.0,0.0
263,DIAGONAL_GAUSSIAN,6,22001,263,12.103596,11.049972,1.0536242,263,1,-0.16871166,0.0,0.0
264,DIAGONAL_GAUSSIAN,6,22001,264,15.157784,7.8904686,7.267316,264,1,0.34472466,0.0,0.0
265,DIAGONAL_GAUSSIAN,6,22001,265,-0.42681307,7.414607,-7.84142,727,0,0.29950953,0.0,0.0
266,DIAGONAL_GAUSSIAN,6,22001,266,11.994946,12.201639,-0.20669365,265,0,-0.32709026,0.0,0.0
267,DIAGONAL_GAUSSIAN,6,22001,267,14.286399,7.1110826,7.1753163,267,1,0.38508034,0.0,0.0
268,DIAGONAL_GAUSSIAN,6,22001,268,14.163601,6.430369,7.733232,268,1,-0.45014477,0.0,0.0
269,DIAGONAL_GAUSSIAN,6,22001,269,12.768741,11.559087,1.2096539,269,1,0.05942154,0.0,0.0
270,DIAGONAL_GAUSSIAN,6,22001,270,14.437334,11.100414,3.3369198,270,1,-0.078201294,0.0,0.0
271,DIAGONAL_GAUSSIAN,6,22001,271,6.4374433,15.380348,-8.942905,274,0,-0.3838787,0.0,0.0
272,DIAGONAL_GAUSSIAN,6,22001,272,13.1717825,11.550296,1.6214867,272,1,-0.32562923,0.0,0.0
273,DIAGONAL_GAUSSIAN,6,22001,273,13.665834,10.228876,3.4369583,273,1,1.1035652,0.0,0.0
274,DIAGONAL_GAUSSIAN,6,22001,274,15.3900385,6.641638,8.748401,274,1,-0.09657383,0.0,0.0
275,DIAGONAL_GAUSSIAN,6,22001,275,13.6748905,8.215765,5.4591255,275,1,-0.14198494,0.0,0.0
276,DIAGONAL_GAUSSIAN,6,22001,276,12.8109665,9.054411,3.7565556,276,1,0.101778984,0.0,0.0
277,DIAGONAL_GAUSSIAN,6,22001,277,10.638274,12.881515,-2.2432404,278,0,0.0445776,0.0,0.0
278,DIAGONAL_GAUSSIAN,6,22001,278,10.771681,12.981154,-2.2094736,279,0,0.5368786,0.0,0.0
279,DIAGONAL_GAUSSIAN,6,22001,279,14.233042,7.1509933,7.0820484,279,1,-0.34690475,0.0,0.0
280,DIAGONAL_GAUSSIAN,6,22001,280,14.602522,8.202224,6.400298,280,1,-0.26304865,0.0,0.0
281,DIAGONAL_GAUSSIAN,6,22001,281,10.445035,9.429255,1.0157804,281,1,-0.36268234,0.0,0.0
282,DIAGONAL_GAUSSIAN,6,22001,282,9.902393,12.412807,-2.5104141,285,0,-0.29059505,0.0,0.0
283,DIAGONAL_GAUSSIAN,6,22001,283,13.322744,7.6518126,5.670932,283,1,0.22835684,0.0,0.0
284,DIAGONAL_GAUSSIAN,6,22001,284,12.441857,5.5037556,6.938102,284,1,-1.3595018,0.0,0.0
285,DIAGONAL_GAUSSIAN,6,22001,285,10.4729805,7.9434814,2.529499,285,1,-0.85329056,0.0,0.0
286,DIAGONAL_GAUSSIAN,6,22001,286,14.702564,6.8143616,7.8882027,286,1,-0.61700773,0.0,0.0
287,DIAGONAL_GAUSSIAN,6,22001,287,15.034666,4.2700925,10.764574,287,1,0.078645706,0.0,0.0
288,DIAGONAL_GAUSSIAN,6,22001,288,14.317802,10.184366,4.133436,288,1,0.19273567,0.0,0.0
289,DIAGONAL_GAUSSIAN,6,22001,289,12.894283,9.955457,2.9388266,289,1,-0.11283684,0.0,0.0
290,DIAGONAL_GAUSSIAN,6,22001,290,14.014888,11.598394,2.4164934,290,1,-0.3893919,0.0,0.0
291,DIAGONAL_GAUSSIAN,6,22001,291,12.534882,6.596306,5.9385757,291,1,0.2357068,0.0,0.0
292,DIAGONAL_GAUSSIAN,6,22001,292,13.419738,10.432545,2.987193,292,1,-0.615366,0.0,0.0
293,DIAGONAL_GAUSSIAN,6,22001,293,13.621132,6.190344,7.430788,293,1,0.26769972,0.0,0.0
294,DIAGONAL_GAUSSIAN,6,22001,294,14.856309,6.1154094,8.7409,294,1,0.044128418,0.0,0.0
295,DIAGONAL_GAUSSIAN,6,22001,295,13.451758,9.831826,3.6199322,295,1,-0.018898964,0.0,0.0
296,DIAGONAL_GAUSSIAN,6,22001,296,12.682757,7.330109,5.3526483,296,1,1.0105834,0.0,0.0
297,DIAGONAL_GAUSSIAN,6,22001,297,15.181146,5.314496,9.86665,297,1,-0.01621437,0.0,0.0
298,DIAGONAL_GAUSSIAN,6,22001,298,8.445039,8.92142,-0.4763813,274,0,-1.5550318,0.0,0.0
299,DIAGONAL_GAUSSIAN,6,22001,299,9.820974,10.8788805,-1.0579062,359,0,-1.8108087,0.0,0.0
300,DIAGONAL_GAUSSIAN,6,22001,300,13.206493,8.600568,4.6059256,300,1,-0.093832016,0.0,0.0
301,DIAGONAL_GAUSSIAN,6,22001,301,13.433697,9.018868,4.4148283,301,1,0.51794815,0.0,0.0
302,DIAGONAL_GAUSSIAN,6,22001,302,8.482782,11.85909,-3.3763075,303,0,-0.03343582,0.0,0.0
303,DIAGONAL_GAUSSIAN,6,22001,303,11.595029,8.1480255,3.4470034,303,1,0.962687,0.0,0.0
304,DIAGONAL_GAUSSIAN,6,22001,304,13.576268,10.491279,3.0849895,304,1,-1.1715555,0.0,0.0
305,DIAGONAL_GAUSSIAN,6,22001,305,12.416383,7.8459396,4.570443,305,1,-0.32762337,0.0,0.0
306,DIAGONAL_GAUSSIAN,6,22001,306,14.854948,5.4133854,9.441563,306,1,0.12900066,0.0,0.0
307,DIAGONAL_GAUSSIAN,6,22001,307,13.750082,7.2711587,6.4789233,307,1,-0.036201477,0.0,0.0
308,DIAGONAL_GAUSSIAN,6,22001,308,11.367928,10.290297,1.077631,308,1,-0.27563667,0.0,0.0
309,DIAGONAL_GAUSSIAN,6,22001,309,12.6334305,5.7411747,6.892256,309,1,-0.41196585,0.0,0.0
310,DIAGONAL_GAUSSIAN,6,22001,310,12.3342705,10.012949,2.3213215,310,1,0.42567253,0.0,0.0
311,DIAGONAL_GAUSSIAN,6,22001,311,13.837291,10.601918,3.2353725,311,1,0.015746117,0.0,0.0
312,DIAGONAL_GAUSSIAN,6,22001,312,12.706564,7.1559744,5.5505896,312,1,0.111299515,0.0,0.0
313,DIAGONAL_GAUSSIAN,6,22001,313,13.792422,11.307129,2.4852934,313,1,0.36750603,0.0,0.0
314,DIAGONAL_GAUSSIAN,6,22001,314,12.747781,7.5994687,5.148312,314,1,-0.58769464,0.0,0.0
315,DIAGONAL_GAUSSIAN,6,22001,315,9.400731,8.225361,1.1753702,315,1,0.016054153,0.0,0.0
316,DIAGONAL_GAUSSIAN,6,22001,316,13.716501,5.1174617,8.599039,316,1,-0.030124664,0.0,0.0
317,DIAGONAL_GAUSSIAN,6,22001,317,3.6603808,13.971614,-10.3112335,318,0,0.049879074,0.0,0.0
318,DIAGONAL_GAUSSIAN,6,22001,318,13.970612,5.3785744,8.592037,318,1,0.27574062,0.0,0.0
319,DIAGONAL_GAUSSIAN,6,22001,319,13.680266,8.361646,5.3186207,319,1,-0.19701385,0.0,0.0
320,DIAGONAL_GAUSSIAN,6,22001,320,13.597236,11.160721,2.4365149,320,1,0.10415554,0.0,0.0
321,DIAGONAL_GAUSSIAN,6,22001,321,14.038869,6.7580523,7.2808166,321,1,-0.061131954,0.0,0.0
322,DIAGONAL_GAUSSIAN,6,22001,322,14.60013,6.9166374,7.6834927,322,1,-0.029532433,0.0,0.0
323,DIAGONAL_GAUSSIAN,6,22001,323,13.906794,6.2084584,7.698335,323,1,-0.14186478,0.0,0.0
324,DIAGONAL_GAUSSIAN,6,22001,324,13.212762,6.3676147,6.845147,324,1,-0.21790981,0.0,0.0
325,DIAGONAL_GAUSSIAN,6,22001,325,13.07934,6.5461316,6.5332084,325,1,-0.16862154,0.0,0.0
326,DIAGONAL_GAUSSIAN,6,22001,326,13.145884,9.192513,3.95337,326,1,1.1734686,0.0,0.0
327,DIAGONAL_GAUSSIAN,6,22001,327,13.78558,6.7701755,7.015404,327,1,0.015388012,0.0,0.0
328,DIAGONAL_GAUSSIAN,6,22001,328,13.061068,7.3703437,5.690724,328,1,0.24243736,0.0,0.0
329,DIAGONAL_GAUSSIAN,6,22001,329,9.996903,5.26246,4.734443,329,1,-0.23317432,0.0,0.0
330,DIAGONAL_GAUSSIAN,6,22001,330,13.917742,12.038866,1.8788757,330,1,0.6860533,0.0,0.0
331,DIAGONAL_GAUSSIAN,6,22001,331,15.177437,7.530426,7.647011,331,1,0.084513664,0.0,0.0
332,DIAGONAL_GAUSSIAN,6,22001,332,14.414913,5.910908,8.504005,332,1,-0.16200829,0.0,0.0
333,DIAGONAL_GAUSSIAN,6,22001,333,13.885977,6.065682,7.820295,333,1,0.11426067,0.0,0.0
334,DIAGONAL_GAUSSIAN,6,22001,334,6.7267222,13.7234,-6.996678,102,0,0.18288803,0.0,0.0
335,DIAGONAL_GAUSSIAN,6,22001,335,12.009018,5.82679,6.182228,335,1,0.2255888,0.0,0.0
336,DIAGONAL_GAUSSIAN,6,22001,336,7.0516663,8.620327,-1.5686607,350,0,0.40001965,0.0,0.0
337,DIAGONAL_GAUSSIAN,6,22001,337,4.425055,14.145894,-9.720839,334,0,-0.087135315,0.0,0.0
338,DIAGONAL_GAUSSIAN,6,22001,338,1.9331573,10.010185,-8.077028,29,0,0.5671482,0.0,0.0
339,DIAGONAL_GAUSSIAN,6,22001,339,12.109813,7.2835526,4.82626,339,1,1.2865787,0.0,0.0
340,DIAGONAL_GAUSSIAN,6,22001,340,14.329413,7.566733,6.7626805,340,1,-0.13053322,0.0,0.0
341,DIAGONAL_GAUSSIAN,6,22001,341,2.7333257,7.832797,-5.099471,155,0,1.9284563,0.0,0.0
342,DIAGONAL_GAUSSIAN,6,22001,342,13.641554,13.27716,0.3643942,342,1,0.11487293,0.0,0.0
343,DIAGONAL_GAUSSIAN,6,22001,343,13.798055,9.468371,4.3296833,343,1,0.28090668,0.0,0.0
344,DIAGONAL_GAUSSIAN,6,22001,344,13.545596,5.817805,7.7277913,344,1,-0.22340775,0.0,0.0
345,DIAGONAL_GAUSSIAN,6,22001,345,11.532686,14.588698,-3.0560122,690,0,0.06631279,0.0,0.0
346,DIAGONAL_GAUSSIAN,6,22001,346,13.26778,9.832404,3.4353762,346,1,1.1383991,0.0,0.0
347,DIAGONAL_GAUSSIAN,6,22001,347,13.139431,8.8173895,4.3220415,347,1,-0.21434975,0.0,0.0
348,DIAGONAL_GAUSSIAN,6,22001,348,7.4932146,9.188484,-1.6952696,341,0,-0.02163887,0.0,0.0
349,DIAGONAL_GAUSSIAN,6,22001,349,14.014545,10.721452,3.2930937,349,1,-0.27525425,0.0,0.0
350,DIAGONAL_GAUSSIAN,6,22001,350,14.058632,8.171002,5.8876295,350,1,0.75148106,0.0,0.0
351,DIAGONAL_GAUSSIAN,6,22001,351,13.042843,6.42973,6.613113,351,1,-0.1105361,0.0,0.0
352,DIAGONAL_GAUSSIAN,6,22001,352,13.981476,10.4833145,3.4981613,352,1,-0.20435905,0.0,0.0
353,DIAGONAL_GAUSSIAN,6,22001,353,12.57029,11.565344,1.0049458,353,1,0.76508904,0.0,0.0
354,DIAGONAL_GAUSSIAN,6,22001,354,13.955747,4.8612356,9.094511,354,1,-0.5015631,0.0,0.0
355,DIAGONAL_GAUSSIAN,6,22001,355,11.258325,6.4365997,4.821725,355,1,2.2325644,0.0,0.0
356,DIAGONAL_GAUSSIAN,6,22001,356,15.044687,12.09667,2.9480171,356,1,0.17765808,0.0,0.0
357,DIAGONAL_GAUSSIAN,6,22001,357,2.0581918,7.190625,-5.1324334,975,0,0.7134795,0.0,0.0
358,DIAGONAL_GAUSSIAN,6,22001,358,9.1524,12.785813,-3.6334133,356,0,0.47404957,0.0,0.0
359,DIAGONAL_GAUSSIAN,6,22001,359,10.350076,10.462689,-0.11261368,358,0,0.34527206,1.0,0.0
360,DIAGONAL_GAUSSIAN,6,22001,360,6.768185,9.220738,-2.4525533,150,0,1.3354115,0.0,0.0
361,DIAGONAL_GAUSSIAN,6,22001,361,7.6405497,3.962483,3.6780667,361,1,-1.6634145,0.0,0.0
362,DIAGONAL_GAUSSIAN,6,22001,362,14.9601345,7.1662207,7.793914,362,1,-0.124017715,0.0,0.0
363,DIAGONAL_GAUSSIAN,6,22001,363,15.263068,3.493705,11.769363,363,1,0.33109283,0.0,0.0
364,DIAGONAL_GAUSSIAN,6,22001,364,14.945262,5.53833,9.406932,364,1,-0.10787296,0.0,0.0
365,DIAGONAL_GAUSSIAN,6,22001,365,13.1160345,6.5424623,6.573572,365,1,-0.008987904,0.0,0.0
366,DIAGONAL_GAUSSIAN,6,22001,366,13.886433,8.581433,5.3049994,366,1,0.18456173,0.0,0.0
367,DIAGONAL_GAUSSIAN,6,22001,367,9.2016945,6.800682,2.4010124,367,1,-0.053399563,0.0,0.0
368,DIAGONAL_GAUSSIAN,6,22001,368,14.82766,9.020756,5.806904,368,1,1.3220305,0.0,0.0
369,DIAGONAL_GAUSSIAN,6,22001,369,14.037608,10.652142,3.3854666,369,1,0.12129307,0.0,0.0
370,DIAGONAL_GAUSSIAN,6,22001,370,14.139314,8.695308,5.444006,370,1,0.45835018,0.0,0.0
371,DIAGONAL_GAUSSIAN,6,22001,371,10.48581,14.059217,-3.5734072,370,0,0.9050522,0.0,0.0
372,DIAGONAL_GAUSSIAN,6,22001,372,10.242081,11.681034,-1.4389534,371,0,-0.68932724,0.0,0.0
373,DIAGONAL_GAUSSIAN,6,22001,373,12.003723,10.981776,1.0219469,373,1,-1.003336,0.0,0.0
374,DIAGONAL_GAUSSIAN,6,22001,374,13.848045,9.537617,4.3104286,374,1,0.5442562,0.0,0.0
375,DIAGONAL_GAUSSIAN,6,22001,375,13.833509,9.140119,4.693391,375,1,-0.61380005,0.0,0.0
376,DIAGONAL_GAUSSIAN,6,22001,376,14.449058,5.9675565,8.481501,376,1,-0.6321831,0.0,0.0
377,DIAGONAL_GAUSSIAN,6,22001,377,12.807029,10.146755,2.6602736,377,1,-1.2256374,0.0,0.0
378,DIAGONAL_GAUSSIAN,6,22001,378,14.132699,11.627676,2.505023,378,1,-0.72554207,0.0,0.0
379,DIAGONAL_GAUSSIAN,6,22001,379,14.059789,11.254245,2.805544,379,1,-0.57187176,0.0,0.0
380,DIAGONAL_GAUSSIAN,6,22001,380,14.809227,10.466963,4.342264,380,1,-0.77950764,0.0,0.0
381,DIAGONAL_GAUSSIAN,6,22001,381,13.678128,9.260337,4.4177914,381,1,-1.843463,0.0,0.0
382,DIAGONAL_GAUSSIAN,6,22001,382,11.794656,12.731141,-0.9364853,380,0,-0.04146862,0.0,0.0
383,DIAGONAL_GAUSSIAN,6,22001,383,11.630165,12.571738,-0.94157314,384,0,-0.4171257,0.0,0.0
384,DIAGONAL_GAUSSIAN,6,22001,384,15.050953,7.3240857,7.726867,384,1,0.2684412,0.0,0.0
385,DIAGONAL_GAUSSIAN,6,22001,385,12.988451,12.38961,0.5988407,385,1,0.07400608,0.0,0.0
386,DIAGONAL_GAUSSIAN,6,22001,386,13.852371,13.726294,0.12607765,386,1,0.5499296,0.0,0.0
387,DIAGONAL_GAUSSIAN,6,22001,387,14.384554,6.539782,7.844772,387,1,-0.41288614,0.0,0.0
388,DIAGONAL_GAUSSIAN,6,22001,388,14.280487,6.5545993,7.725888,388,1,0.006573677,0.0,0.0
389,DIAGONAL_GAUSSIAN,6,22001,389,13.897386,9.615895,4.2814903,389,1,-0.44462872,0.0,0.0
390,DIAGONAL_GAUSSIAN,6,22001,390,14.983873,7.4765806,7.5072927,390,1,-0.2165165,0.0,0.0
391,DIAGONAL_GAUSSIAN,6,22001,391,13.525045,8.769946,4.7550993,391,1,-1.5156479,0.0,0.0
392,DIAGONAL_GAUSSIAN,6,22001,392,14.143529,4.548184,9.595345,392,1,-0.23755264,0.0,0.0
393,DIAGONAL_GAUSSIAN,6,22001,393,13.312448,10.6330805,2.679367,393,1,-0.29908943,0.0,0.0
394,DIAGONAL_GAUSSIAN,6,22001,394,6.5518227,10.020052,-3.4682293,395,0,-1.8570747,0.0,0.0
395,DIAGONAL_GAUSSIAN,6,22001,395,12.587486,12.441711,0.14577484,395,1,0.6872854,0.0,0.0
396,DIAGONAL_GAUSSIAN,6,22001,396,13.974446,6.002738,7.9717083,396,1,-0.070146084,0.0,0.0
397,DIAGONAL_GAUSSIAN,6,22001,397,3.3222213,13.378043,-10.055822,396,0,-0.24877453,0.0,0.0
398,DIAGONAL_GAUSSIAN,6,22001,398,15.077366,3.5430207,11.534346,398,1,0.13280106,0.0,0.0
399,DIAGONAL_GAUSSIAN,6,22001,399,13.515698,7.282299,6.2333994,399,1,0.6254182,0.0,0.0
400,DIAGONAL_GAUSSIAN,6,22001,400,13.753588,13.62673,0.12685776,400,1,-0.39386654,0.0,1.0
401,DIAGONAL_GAUSSIAN,6,22001,401,14.772089,6.4622974,8.309792,401,1,0.63918877,0.0,0.0
402,DIAGONAL_GAUSSIAN,6,22001,402,13.115454,6.786613,6.3288407,402,1,0.92585516,0.0,0.0
403,DIAGONAL_GAUSSIAN,6,22001,403,13.029102,8.639008,4.3900948,403,1,1.2135963,0.0,0.0
404,DIAGONAL_GAUSSIAN,6,22001,404,13.579112,8.991958,4.5871544,404,1,-0.029676437,0.0,0.0
405,DIAGONAL_GAUSSIAN,6,22001,405,15.026794,6.2235475,8.803247,405,1,-0.3651762,0.0,0.0
406,DIAGONAL_GAUSSIAN,6,22001,406,8.269271,13.923719,-5.6544485,884,0,-0.10824251,0.0,0.0
407,DIAGONAL_GAUSSIAN,6,22001,407,15.031636,6.114267,8.91737,407,1,-0.3400612,0.0,0.0
408,DIAGONAL_GAUSSIAN,6,22001,408,6.785754,13.230522,-6.444768,586,0,0.53242207,0.0,0.0
409,DIAGONAL_GAUSSIAN,6,22001,409,5.3773923,9.251876,-3.8744836,437,0,-1.2960038,0.0,0.0
410,DIAGONAL_GAUSSIAN,6,22001,410,13.925726,11.1732,2.7525263,410,1,0.18909645,0.0,0.0
411,DIAGONAL_GAUSSIAN,6,22001,411,14.13693,5.5994754,8.537455,411,1,-0.7453933,0.0,0.0
412,DIAGONAL_GAUSSIAN,6,22001,412,12.229028,9.511,2.718028,412,1,0.054522514,0.0,0.0
413,DIAGONAL_GAUSSIAN,6,22001,413,14.094117,12.244937,1.8491802,413,1,0.4671669,0.0,0.0
414,DIAGONAL_GAUSSIAN,6,22001,414,15.618382,7.7331195,7.885263,414,1,-0.5294795,0.0,0.0
415,DIAGONAL_GAUSSIAN,6,22001,415,5.0056324,7.3962755,-2.3906431,860,0,-0.08751869,0.0,0.0
416,DIAGONAL_GAUSSIAN,6,22001,416,14.991197,8.727768,6.2634287,416,1,0.37901688,0.0,0.0
417,DIAGONAL_GAUSSIAN,6,22001,417,13.9980545,5.884954,8.1131,417,1,-0.038235664,0.0,0.0
418,DIAGONAL_GAUSSIAN,6,22001,418,11.566507,7.8105545,3.7559528,418,1,1.6641855,0.0,0.0
419,DIAGONAL_GAUSSIAN,6,22001,419,14.625458,5.9319367,8.6935215,419,1,0.1429987,0.0,0.0
420,DIAGONAL_GAUSSIAN,6,22001,420,14.539998,5.7269874,8.813011,420,1,-0.36951828,0.0,0.0
421,DIAGONAL_GAUSSIAN,6,22001,421,7.8398,7.5049543,0.33484554,421,1,1.736661,0.0,0.0
422,DIAGONAL_GAUSSIAN,6,22001,422,15.913651,8.922796,6.990855,422,1,1.2108183,0.0,0.0
423,DIAGONAL_GAUSSIAN,6,22001,423,3.8309903,4.428059,-0.5970688,428,0,0.19302368,0.0,0.0
424,DIAGONAL_GAUSSIAN,6,22001,424,5.2495146,7.196606,-1.9470916,627,0,0.26917315,0.0,0.0
425,DIAGONAL_GAUSSIAN,6,22001,425,14.269118,6.9930797,7.2760386,425,1,-0.23711205,0.0,0.0
426,DIAGONAL_GAUSSIAN,6,22001,426,15.2758255,5.5677795,9.708046,426,1,0.60562515,0.0,0.0
427,DIAGONAL_GAUSSIAN,6,22001,427,9.687493,12.085672,-2.398179,469,0,-0.68101025,0.0,0.0
428,DIAGONAL_GAUSSIAN,6,22001,428,12.895648,4.5508156,8.344832,428,1,-0.7535825,0.0,0.0
429,DIAGONAL_GAUSSIAN,6,22001,429,15.016095,7.2831717,7.7329235,429,1,-0.051398754,0.0,0.0
430,DIAGONAL_GAUSSIAN,6,22001,430,14.440905,4.7110796,9.729825,430,1,-0.013169289,0.0,0.0
431,DIAGONAL_GAUSSIAN,6,22001,431,10.246707,5.421866,4.824841,431,1,-0.29877138,0.0,0.0
432,DIAGONAL_GAUSSIAN,6,22001,432,9.482367,11.902708,-2.4203415,683,0,0.50759697,0.0,0.0
433,DIAGONAL_GAUSSIAN,6,22001,433,5.4224944,8.056179,-2.6336846,842,0,0.43593502,0.0,0.0
434,DIAGONAL_GAUSSIAN,6,22001,434,2.6088717,7.735293,-5.126421,445,0,-0.83114433,0.0,0.0
435,DIAGONAL_GAUSSIAN,6,22001,435,11.988686,11.561541,0.427145,435,1,0.14372635,0.0,0.0
436,DIAGONAL_GAUSSIAN,6,22001,436,6.9777613,9.822673,-2.8449116,660,0,0.81765413,0.0,0.0
437,DIAGONAL_GAUSSIAN,6,22001,437,11.568248,11.832963,-0.2647152,460,0,-0.40086842,0.0,0.0
438,DIAGONAL_GAUSSIAN,6,22001,438,8.805443,6.7474504,2.0579925,438,1,0.35934544,0.0,0.0
439,DIAGONAL_GAUSSIAN,6,22001,439,15.331809,6.17882,9.152988,439,1,0.057772636,0.0,0.0
440,DIAGONAL_GAUSSIAN,6,22001,440,10.518258,7.024101,3.4941573,440,1,1.2788181,0.0,0.0
441,DIAGONAL_GAUSSIAN,6,22001,441,13.336695,6.6632395,6.673455,441,1,0.17280006,0.0,0.0
442,DIAGONAL_GAUSSIAN,6,22001,442,9.902328,10.784122,-0.8817949,663,0,1.3934336,1.0,0.0
443,DIAGONAL_GAUSSIAN,6,22001,443,13.687158,4.5945706,9.0925865,443,1,0.5795717,0.0,0.0
444,DIAGONAL_GAUSSIAN,6,22001,444,6.366846,9.317242,-2.9503956,665,0,0.614511,0.0,0.0
445,DIAGONAL_GAUSSIAN,6,22001,445,12.819166,10.964735,1.8544312,445,1,1.067194,0.0,0.0
446,DIAGONAL_GAUSSIAN,6,22001,446,12.929001,9.801128,3.1278725,446,1,-0.14245415,0.0,0.0
447,DIAGONAL_GAUSSIAN,6,22001,447,8.494489,8.046387,0.448102,447,1,1.9177752,0.0,0.0
448,DIAGONAL_GAUSSIAN,6,22001,448,11.5073395,6.489788,5.0175514,448,1,2.0249405,0.0,0.0
449,DIAGONAL_GAUSSIAN,6,22001,449,12.037609,9.239236,2.7983732,449,1,1.8334923,0.0,0.0
450,DIAGONAL_GAUSSIAN,6,22001,450,12.292977,7.457981,4.834996,450,1,0.32000017,0.0,0.0
451,DIAGONAL_GAUSSIAN,6,22001,451,9.55886,7.2529964,2.3058634,451,1,-0.20667839,0.0,0.0
452,DIAGONAL_GAUSSIAN,6,22001,452,8.893855,6.7095666,2.1842885,452,1,-0.91918373,0.0,0.0
453,DIAGONAL_GAUSSIAN,6,22001,453,13.812898,7.856487,5.956411,453,1,-0.14411831,0.0,0.0
454,DIAGONAL_GAUSSIAN,6,22001,454,4.058728,9.147457,-5.088729,498,0,0.95321465,0.0,0.0
455,DIAGONAL_GAUSSIAN,6,22001,455,15.490651,5.3356357,10.155016,455,1,-0.18212509,0.0,0.0
456,DIAGONAL_GAUSSIAN,6,22001,456,15.938196,3.2659101,12.672286,456,1,-0.16016483,0.0,0.0
457,DIAGONAL_GAUSSIAN,6,22001,457,11.163855,7.880387,3.2834678,457,1,0.22279215,0.0,0.0
458,DIAGONAL_GAUSSIAN,6,22001,458,10.71814,4.8928337,5.825306,458,1,0.27678394,0.0,0.0
459,DIAGONAL_GAUSSIAN,6,22001,459,4.447989,6.2950325,-1.8470435,740,0,0.0324409,0.0,0.0
460,DIAGONAL_GAUSSIAN,6,22001,460,12.069018,12.692055,-0.6230364,975,0,-0.16832256,0.0,0.0
461,DIAGONAL_GAUSSIAN,6,22001,461,4.106725,12.022204,-7.915479,917,0,0.72528076,0.0,0.0
462,DIAGONAL_GAUSSIAN,6,22001,462,9.049672,7.7248416,1.3248305,462,1,0.7355709,0.0,0.0
463,DIAGONAL_GAUSSIAN,6,22001,463,5.9397616,9.058383,-3.1186213,876,0,1.1059308,0.0,0.0
464,DIAGONAL_GAUSSIAN,6,22001,464,7.1300135,6.5642366,0.5657768,464,1,-0.29387426,0.0,0.0
465,DIAGONAL_GAUSSIAN,6,22001,465,5.452868,6.265348,-0.81248,795,0,1.6187725,1.0,0.0
466,DIAGONAL_GAUSSIAN,6,22001,466,8.840613,7.348839,1.4917746,466,1,0.2826805,0.0,0.0
467,DIAGONAL_GAUSSIAN,6,22001,467,13.360088,8.390277,4.9698114,467,1,0.22628784,0.0,0.0
468,DIAGONAL_GAUSSIAN,6,22001,468,10.197629,6.7838583,3.4137707,468,1,0.2700429,0.0,0.0
469,DIAGONAL_GAUSSIAN,6,22001,469,15.062748,5.53365,9.5290985,469,1,0.10794258,0.0,0.0
470,DIAGONAL_GAUSSIAN,6,22001,470,4.5330763,10.990469,-6.4573927,762,0,0.6112213,0.0,0.0
471,DIAGONAL_GAUSSIAN,6,22001,471,3.5943203,7.9318757,-4.3375554,915,0,-0.6748271,0.0,0.0
472,DIAGONAL_GAUSSIAN,6,22001,472,15.55758,7.582492,7.975088,472,1,0.50958824,0.0,0.0
473,DIAGONAL_GAUSSIAN,6,22001,473,10.200757,7.4321933,2.7685637,473,1,0.31912994,0.0,0.0
474,DIAGONAL_GAUSSIAN,6,22001,474,13.812252,7.928738,5.883514,474,1,-0.3892417,0.0,0.0
475,DIAGONAL_GAUSSIAN,6,22001,475,13.631383,4.666116,8.965267,475,1,0.058181763,0.0,0.0
476,DIAGONAL_GAUSSIAN,6,22001,476,15.413763,3.8261847,11.587578,476,1,0.18117714,0.0,0.0
477,DIAGONAL_GAUSSIAN,6,22001,477,4.1841826,9.421996,-5.2378135,636,0,-1.7685595,0.0,0.0
478,DIAGONAL_GAUSSIAN,6,22001,478,8.62161,8.109224,0.51238537,478,1,-1.2315187,0.0,1.0
479,DIAGONAL_GAUSSIAN,6,22001,479,8.803231,13.014718,-4.211487,751,0,0.4650259,0.0,0.0
480,DIAGONAL_GAUSSIAN,6,22001,480,7.408696,8.458239,-1.0495424,762,0,1.1650696,1.0,0.0
481,DIAGONAL_GAUSSIAN,6,22001,481,11.383935,10.237121,1.1468143,481,1,0.22293758,0.0,0.0
482,DIAGONAL_GAUSSIAN,6,22001,482,12.57171,13.575171,-1.0034618,848,0,-0.07670593,0.0,0.0
483,DIAGONAL_GAUSSIAN,6,22001,483,10.837282,11.483871,-0.6465893,663,0,2.0177536,1.0,0.0
484,DIAGONAL_GAUSSIAN,6,22001,484,14.355087,10.527828,3.827259,484,1,0.24845123,0.0,0.0
485,DIAGONAL_GAUSSIAN,6,22001,485,6.072525,8.522111,-2.449586,487,0,0.34762096,0.0,0.0
486,DIAGONAL_GAUSSIAN,6,22001,486,13.357655,11.187345,2.17031,486,1,0.38987923,0.0,0.0
487,DIAGONAL_GAUSSIAN,6,22001,487,13.05778,8.773116,4.284664,487,1,0.18340015,0.0,0.0
488,DIAGONAL_GAUSSIAN,6,22001,488,5.3783164,7.0837,-1.7053838,896,0,2.2973433,1.0,0.0
489,DIAGONAL_GAUSSIAN,6,22001,489,10.217279,8.733877,1.4834023,489,1,-1.1098795,0.0,0.0
490,DIAGONAL_GAUSSIAN,6,22001,490,2.617122,10.925286,-8.308165,327,0,-0.04433441,0.0,0.0
491,DIAGONAL_GAUSSIAN,6,22001,491,9.0595455,7.4015074,1.6580381,491,1,0.37047148,0.0,0.0
492,DIAGONAL_GAUSSIAN,6,22001,492,7.955691,6.482516,1.473175,492,1,-0.032447338,0.0,0.0
493,DIAGONAL_GAUSSIAN,6,22001,493,6.759173,7.127764,-0.3685913,553,0,-1.259542,0.0,0.0
494,DIAGONAL_GAUSSIAN,6,22001,494,10.964613,10.310459,0.6541538,494,1,0.7637186,0.0,0.0
495,DIAGONAL_GAUSSIAN,6,22001,495,7.8268356,9.841467,-2.0146313,905,0,-0.15636778,0.0,0.0
496,DIAGONAL_GAUSSIAN,6,22001,496,12.929409,5.207315,7.722094,496,1,0.85577536,0.0,0.0
497,DIAGONAL_GAUSSIAN,6,22001,497,11.40397,8.775807,2.6281624,497,1,-0.52834797,0.0,0.0
498,DIAGONAL_GAUSSIAN,6,22001,498,13.733125,5.5649233,8.168201,498,1,0.18050385,0.0,0.0
499,DIAGONAL_GAUSSIAN,6,22001,499,2.4511619,7.462727,-5.011565,519,0,2.7753093,0.0,0.0
500,DIAGONAL_GAUSSIAN,6,22001,500,13.9452305,8.076457,5.8687735,500,1,-0.28642654,0.0,0.0
501,DIAGONAL_GAUSSIAN,6,22001,501,10.136779,8.403843,1.7329359,501,1,1.0329132,0.0,0.0
502,DIAGONAL_GAUSSIAN,6,22001,502,14.503579,11.448689,3.0548897,502,1,-0.6980381,0.0,0.0
503,DIAGONAL_GAUSSIAN,6,22001,503,13.84504,7.2956176,6.5494227,503,1,-0.47763538,0.0,0.0
504,DIAGONAL_GAUSSIAN,6,22001,504,13.047225,11.006151,2.0410738,504,1,0.9350786,0.0,0.0
505,DIAGONAL_GAUSSIAN,6,22001,505,12.3602,10.965837,1.3943634,505,1,-0.60809326,0.0,0.0
506,DIAGONAL_GAUSSIAN,6,22001,506,12.220746,7.0284758,5.1922703,506,1,0.2717805,0.0,0.0
507,DIAGONAL_GAUSSIAN,6,22001,507,5.247455,8.67488,-3.427425,446,0,1.0482607,0.0,0.0
508,DIAGONAL_GAUSSIAN,6,22001,508,7.944323,10.286363,-2.3420396,620,0,1.3654428,0.0,0.0
509,DIAGONAL_GAUSSIAN,6,22001,509,8.654549,9.719977,-1.0654287,865,0,-0.052348137,0.0,0.0
510,DIAGONAL_GAUSSIAN,6,22001,510,11.771016,10.556456,1.2145605,510,1,1.0340443,0.0,0.0
511,DIAGONAL_GAUSSIAN,6,22001,511,11.190492,10.845533,0.3449583,511,1,1.1117125,0.0,0.0
512,DIAGONAL_GAUSSIAN,6,22001,512,14.122201,10.357922,3.7642794,512,1,-0.07849598,0.0,0.0
513,DIAGONAL_GAUSSIAN,6,22001,513,9.790367,10.425715,-0.6353483,875,0,-0.12837219,0.0,0.0
514,DIAGONAL_GAUSSIAN,6,22001,514,15.619247,6.0054336,9.613813,514,1,0.14092827,0.0,0.0
515,DIAGONAL_GAUSSIAN,6,22001,515,2.5286574,9.0833845,-6.554727,655,0,-0.32981157,0.0,0.0
516,DIAGONAL_GAUSSIAN,6,22001,516,7.395496,9.526219,-2.1307235,870,0,0.7102537,0.0,0.0
517,DIAGONAL_GAUSSIAN,6,22001,517,10.224475,7.385789,2.838686,517,1,0.49642372,0.0,0.0
518,DIAGONAL_GAUSSIAN,6,22001,518,15.87347,7.4869666,8.386503,518,1,0.35557938,0.0,0.0
519,DIAGONAL_GAUSSIAN,6,22001,519,1.6938652,12.718995,-11.02513,239,0,1.1521292,0.0,0.0
520,DIAGONAL_GAUSSIAN,6,22001,520,13.782042,9.724719,4.0573225,520,1,0.27874374,0.0,0.0
521,DIAGONAL_GAUSSIAN,6,22001,521,14.114321,9.443783,4.670538,521,1,0.1306467,0.0,0.0
522,DIAGONAL_GAUSSIAN,6,22001,522,15.739632,4.4630947,11.276537,522,1,-0.05120659,0.0,0.0
523,DIAGONAL_GAUSSIAN,6,22001,523,14.963018,7.2393193,7.723699,523,1,1.1159167,0.0,0.0
524,DIAGONAL_GAUSSIAN,6,22001,524,12.694457,11.410315,1.2841425,524,1,0.33554077,0.0,0.0
525,DIAGONAL_GAUSSIAN,6,22001,525,14.680459,5.681783,8.998676,525,1,0.26579857,0.0,0.0
526,DIAGONAL_GAUSSIAN,6,22001,526,11.142714,10.602496,0.5402174,526,1,-0.7064905,0.0,1.0
527,DIAGONAL_GAUSSIAN,6,22001,527,11.29846,11.516147,-0.21768665,664,0,-0.23974037,0.0,0.0
528,DIAGONAL_GAUSSIAN,6,22001,528,14.522179,8.584155,5.9380236,528,1,0.19272995,0.0,0.0
529,DIAGONAL_GAUSSIAN,6,22001,529,12.819648,7.963857,4.8557906,529,1,0.91375685,0.0,0.0
530,DIAGONAL_GAUSSIAN,6,22001,530,10.281575,6.278447,4.003128,530,1,-0.5364375,0.0,0.0
531,DIAGONAL_GAUSSIAN,6,22001,531,9.755906,10.789862,-1.0339556,826,0,0.42660522,0.0,0.0
532,DIAGONAL_GAUSSIAN,6,22001,532,13.977193,7.900147,6.077046,532,1,0.19865942,0.0,0.0
533,DIAGONAL_GAUSSIAN,6,22001,533,13.638108,5.0090127,8.629095,533,1,0.48412323,0.0,0.0
534,DIAGONAL_GAUSSIAN,6,22001,534,7.0658536,11.802547,-4.736694,651,0,-0.47476006,0.0,0.0
535,DIAGONAL_GAUSSIAN,6,22001,535,10.140763,13.872579,-3.7318153,479,0,0.5540781,0.0,0.0
536,DIAGONAL_GAUSSIAN,6,22001,536,10.507201,10.205406,0.301795,536,1,0.6963005,0.0,0.0
537,DIAGONAL_GAUSSIAN,6,22001,537,13.5985565,9.880734,3.717822,537,1,0.6283989,0.0,0.0
538,DIAGONAL_GAUSSIAN,6,22001,538,11.46913,6.209084,5.2600455,538,1,0.23483849,0.0,0.0
539,DIAGONAL_GAUSSIAN,6,22001,539,5.9159837,6.1646805,-0.2486968,519,0,-0.10598755,0.0,0.0
540,DIAGONAL_GAUSSIAN,6,22001,540,14.904524,5.0051565,9.899367,540,1,0.2353077,0.0,0.0
541,DIAGONAL_GAUSSIAN,6,22001,541,7.2597203,6.3040576,0.9556627,541,1,0.04007864,0.0,0.0
542,DIAGONAL_GAUSSIAN,6,22001,542,12.495336,7.121694,5.3736415,542,1,-0.5141411,0.0,0.0
543,DIAGONAL_GAUSSIAN,6,22001,543,13.5044775,14.252485,-0.7480078,422,0,-0.6090307,0.0,0.0
544,DIAGONAL_GAUSSIAN,6,22001,544,15.472254,6.9340696,8.538184,544,1,-0.18328571,0.0,0.0
545,DIAGONAL_GAUSSIAN,6,22001,545,13.932151,4.657438,9.2747135,545,1,0.1292181,0.0,0.0
546,DIAGONAL_GAUSSIAN,6,22001,546,9.258381,7.2596397,1.9987411,546,1,0.8152962,0.0,0.0
547,DIAGONAL_GAUSSIAN,6,22001,547,13.968926,7.9556046,6.013322,547,1,0.0067100525,0.0,0.0
548,DIAGONAL_GAUSSIAN,6,22001,548,12.4330845,9.0329685,3.400116,548,1,0.50027657,0.0,0.0
549,DIAGONAL_GAUSSIAN,6,22001,549,13.77087,8.196829,5.5740414,549,1,0.56953764,0.0,0.0
550,DIAGONAL_GAUSSIAN,6,22001,550,13.8868065,6.7011285,7.185678,550,1,-0.07574892,0.0,0.0
551,DIAGONAL_GAUSSIAN,6,22001,551,13.104116,9.66851,3.435606,551,1,-0.36966133,0.0,0.0
552,DIAGONAL_GAUSSIAN,6,22001,552,3.9406874,4.687243,-0.74655557,903,0,-1.1061015,0.0,0.0
553,DIAGONAL_GAUSSIAN,6,22001,553,10.588438,8.889267,1.6991711,553,1,0.92792225,0.0,0.0
554,DIAGONAL_GAUSSIAN,6,22001,554,14.693748,5.8396482,8.8541,554,1,0.12742138,0.0,0.0
555,DIAGONAL_GAUSSIAN,6,22001,555,13.257725,9.822364,3.435361,555,1,-0.03171444,0.0,0.0
556,DIAGONAL_GAUSSIAN,6,22001,556,14.465308,6.373573,8.091736,556,1,-0.061157227,0.0,0.0
557,DIAGONAL_GAUSSIAN,6,22001,557,3.24582,7.7974396,-4.5516195,821,0,0.23423529,0.0,0.0
558,DIAGONAL_GAUSSIAN,6,22001,558,6.50862,6.261822,0.24679756,558,1,-0.22234058,0.0,0.0
559,DIAGONAL_GAUSSIAN,6,22001,559,14.288948,5.792298,8.496651,559,1,1.5567617,0.0,0.0
560,DIAGONAL_GAUSSIAN,6,22001,560,12.388953,10.002589,2.386364,560,1,1.7631931,0.0,0.0
561,DIAGONAL_GAUSSIAN,6,22001,561,14.303587,5.2845464,9.019041,561,1,0.19366455,0.0,0.0
562,DIAGONAL_GAUSSIAN,6,22001,562,5.5869865,7.3325,-1.7455134,842,0,1.6696048,0.0,0.0
563,DIAGONAL_GAUSSIAN,6,22001,563,11.078243,9.541119,1.5371246,563,1,2.6818233,0.0,0.0
564,DIAGONAL_GAUSSIAN,6,22001,564,11.002211,8.454817,2.5473938,564,1,0.78814125,0.0,0.0
565,DIAGONAL_GAUSSIAN,6,22001,565,14.903859,7.3140044,7.5898547,565,1,0.8414006,0.0,0.0
566,DIAGONAL_GAUSSIAN,6,22001,566,14.583621,6.4383836,8.145237,566,1,0.4903717,0.0,0.0
567,DIAGONAL_GAUSSIAN,6,22001,567,4.6799493,5.5613847,-0.8814354,549,0,-1.8686304,0.0,0.0
568,DIAGONAL_GAUSSIAN,6,22001,568,11.43922,7.594969,3.8442516,568,1,0.15017414,0.0,0.0
569,DIAGONAL_GAUSSIAN,6,22001,569,13.518072,6.2133703,7.304702,569,1,-0.35052204,0.0,0.0
570,DIAGONAL_GAUSSIAN,6,22001,570,14.571088,9.817336,4.7537518,570,1,-0.3537464,0.0,0.0
571,DIAGONAL_GAUSSIAN,6,22001,571,11.867094,5.5492125,6.3178816,571,1,0.44518661,0.0,0.0
572,DIAGONAL_GAUSSIAN,6,22001,572,8.431873,10.577519,-2.145646,966,0,0.5657258,0.0,0.0
573,DIAGONAL_GAUSSIAN,6,22001,573,13.574347,4.080683,9.493664,573,1,0.18946648,0.0,0.0
574,DIAGONAL_GAUSSIAN,6,22001,574,15.120777,3.4148405,11.705936,574,1,-0.5115423,0.0,0.0
575,DIAGONAL_GAUSSIAN,6,22001,575,13.584816,5.446755,8.138062,575,1,1.3240223,0.0,0.0
576,DIAGONAL_GAUSSIAN,6,22001,576,13.97633,5.1069617,8.869368,576,1,0.11433983,0.0,0.0
577,DIAGONAL_GAUSSIAN,6,22001,577,12.734507,10.490189,2.244318,577,1,-0.5000534,0.0,0.0
578,DIAGONAL_GAUSSIAN,6,22001,578,9.705986,9.250143,0.45584297,578,1,-0.015411377,0.0,0.0
579,DIAGONAL_GAUSSIAN,6,22001,579,10.282268,8.031395,2.2508726,579,1,-1.4435062,0.0,0.0
580,DIAGONAL_GAUSSIAN,6,22001,580,9.019765,11.931809,-2.9120445,428,0,0.32351875,0.0,0.0
581,DIAGONAL_GAUSSIAN,6,22001,581,14.190021,6.638314,7.551707,581,1,0.0152487755,0.0,0.0
582,DIAGONAL_GAUSSIAN,6,22001,582,2.7620192,6.270364,-3.5083447,599,0,-0.44664407,0.0,0.0
583,DIAGONAL_GAUSSIAN,6,22001,583,15.70757,5.0338955,10.673675,583,1,0.41847515,0.0,0.0
584,DIAGONAL_GAUSSIAN,6,22001,584,3.4398654,6.6616,-3.2217348,929,0,-1.7668736,0.0,0.0
585,DIAGONAL_GAUSSIAN,6,22001,585,8.499093,8.792288,-0.29319477,631,0,-0.33584785,0.0,0.0
586,DIAGONAL_GAUSSIAN,6,22001,586,7.2216916,7.3658466,-0.14415503,866,0,0.43425608,1.0,0.0
587,DIAGONAL_GAUSSIAN,6,22001,587,10.124335,11.218323,-1.0939875,477,0,-0.77140045,0.0,0.0
588,DIAGONAL_GAUSSIAN,6,22001,588,9.354641,9.831685,-0.4770441,790,0,-0.5524721,0.0,0.0
589,DIAGONAL_GAUSSIAN,6,22001,589,15.482981,5.579517,9.903463,589,1,-0.9320278,0.0,0.0
590,DIAGONAL_GAUSSIAN,6,22001,590,6.266511,9.005081,-2.7385702,487,0,0.3853283,0.0,0.0
591,DIAGONAL_GAUSSIAN,6,22001,591,14.239569,5.209952,9.029617,591,1,-1.1292777,0.0,0.0
592,DIAGONAL_GAUSSIAN,6,22001,592,13.639958,5.7299705,7.909988,592,1,0.45244646,0.0,0.0
593,DIAGONAL_GAUSSIAN,6,22001,593,12.9611435,10.167241,2.7939024,593,1,0.51191044,0.0,0.0
594,DIAGONAL_GAUSSIAN,6,22001,594,14.501731,3.4228966,11.078835,594,1,-0.07393074,0.0,0.0
595,DIAGONAL_GAUSSIAN,6,22001,595,13.491354,11.586806,1.9045477,595,1,0.59707546,0.0,0.0
596,DIAGONAL_GAUSSIAN,6,22001,596,1.9246829,14.163607,-12.238924,764,0,1.0266094,0.0,0.0
597,DIAGONAL_GAUSSIAN,6,22001,597,9.055167,8.19103,0.86413765,597,1,0.29820585,0.0,0.0
598,DIAGONAL_GAUSSIAN,6,22001,598,12.613289,10.217854,2.3954353,598,1,-0.14232159,0.0,0.0
599,DIAGONAL_GAUSSIAN,6,22001,599,2.469814,4.5174394,-2.0476253,470,0,0.29721355,0.0,0.0
600,DIAGONAL_GAUSSIAN,6,22001,600,6.555068,5.785107,0.7699609,600,1,0.049776554,0.0,0.0
601,DIAGONAL_GAUSSIAN,6,22001,601,11.120762,9.262453,1.8583088,601,1,-1.027709,0.0,0.0
602,DIAGONAL_GAUSSIAN,6,22001,602,5.294488,7.25701,-1.962522,843,0,-0.4509344,0.0,0.0
603,DIAGONAL_GAUSSIAN,6,22001,603,12.843867,7.435905,5.4079623,603,1,1.4309587,0.0,0.0
604,DIAGONAL_GAUSSIAN,6,22001,604,13.679201,5.951571,7.72763,604,1,0.7631688,0.0,0.0
605,DIAGONAL_GAUSSIAN,6,22001,605,13.709399,5.557884,8.151515,605,1,-0.14635181,0.0,0.0
606,DIAGONAL_GAUSSIAN,6,22001,606,16.514969,4.4675417,12.047427,606,1,-0.017677307,0.0,0.0
607,DIAGONAL_GAUSSIAN,6,22001,607,13.726565,4.0796037,9.646961,607,1,0.07118225,0.0,0.0
608,DIAGONAL_GAUSSIAN,6,22001,608,5.2931886,5.333289,-0.040100574,514,0,-0.19504786,0.0,0.0
609,DIAGONAL_GAUSSIAN,6,22001,609,10.980723,10.40152,0.5792036,609,1,-0.06315994,0.0,0.0
610,DIAGONAL_GAUSSIAN,6,22001,610,12.657678,5.9062986,6.751379,610,1,0.15660954,0.0,0.0
611,DIAGONAL_GAUSSIAN,6,22001,611,7.8870983,5.9030776,1.9840207,611,1,-0.21592665,0.0,0.0
612,DIAGONAL_GAUSSIAN,6,22001,612,10.909964,10.99164,-0.08167648,870,0,-1.7562637,0.0,0.0
613,DIAGONAL_GAUSSIAN,6,22001,613,14.949994,5.296349,9.653645,613,1,-0.5247421,0.0,0.0
614,DIAGONAL_GAUSSIAN,6,22001,614,13.800115,5.108238,8.691876,614,1,0.13585758,0.0,0.0
615,DIAGONAL_GAUSSIAN,6,22001,615,9.6324005,6.430719,3.2016816,615,1,0.116138935,0.0,0.0
616,DIAGONAL_GAUSSIAN,6,22001,616,11.138473,7.4732966,3.665176,616,1,-0.15280867,0.0,0.0
617,DIAGONAL_GAUSSIAN,6,22001,617,13.08433,9.380654,3.7036753,617,1,-0.7385788,0.0,0.0
618,DIAGONAL_GAUSSIAN,6,22001,618,6.1900644,11.127107,-4.937042,666,0,1.0496788,0.0,0.0
619,DIAGONAL_GAUSSIAN,6,22001,619,12.836743,13.776418,-0.9396744,846,0,0.38742828,0.0,0.0
620,DIAGONAL_GAUSSIAN,6,22001,620,10.983652,12.334185,-1.3505325,681,0,-0.11614323,0.0,0.0
621,DIAGONAL_GAUSSIAN,6,22001,621,14.151212,7.2596655,6.8915462,621,1,0.44940472,0.0,0.0
622,DIAGONAL_GAUSSIAN,6,22001,622,11.830983,5.7718916,6.0590916,622,1,-0.41872454,0.0,0.0
623,DIAGONAL_GAUSSIAN,6,22001,623,10.515308,10.526263,-0.010954857,813,0,0.3575077,1.0,0.0
624,DIAGONAL_GAUSSIAN,6,22001,624,12.203199,7.935356,4.2678432,624,1,-0.8676157,0.0,0.0
625,DIAGONAL_GAUSSIAN,6,22001,625,13.916616,8.039698,5.876919,625,1,-0.19015312,0.0,0.0
626,DIAGONAL_GAUSSIAN,6,22001,626,11.356922,5.74736,5.609562,626,1,0.2608528,0.0,0.0
627,DIAGONAL_GAUSSIAN,6,22001,627,14.731653,4.0107007,10.720953,627,1,0.38025093,0.0,0.0
628,DIAGONAL_GAUSSIAN,6,22001,628,13.719091,7.8138723,5.905219,628,1,-0.117967606,0.0,0.0
629,DIAGONAL_GAUSSIAN,6,22001,629,10.230608,12.704005,-2.4733973,696,0,1.2637968,0.0,0.0
630,DIAGONAL_GAUSSIAN,6,22001,630,11.501141,7.5273232,3.9738173,630,1,0.13700676,0.0,0.0
631,DIAGONAL_GAUSSIAN,6,22001,631,9.49236,9.574155,-0.08179474,804,0,0.8207865,1.0,0.0
632,DIAGONAL_GAUSSIAN,6,22001,632,5.9195533,11.978668,-6.059115,733,0,-0.68719673,0.0,0.0
633,DIAGONAL_GAUSSIAN,6,22001,633,4.7697372,3.7790062,0.990731,633,1,0.5084903,0.0,0.0
634,DIAGONAL_GAUSSIAN,6,22001,634,14.708978,6.077021,8.631956,634,1,0.7263737,0.0,0.0
635,DIAGONAL_GAUSSIAN,6,22001,635,2.69583,5.8229074,-3.1270773,626,0,-0.20750451,0.0,0.0
636,DIAGONAL_GAUSSIAN,6,22001,636,9.783002,11.754831,-1.9718294,748,0,0.24895573,0.0,0.0
637,DIAGONAL_GAUSSIAN,6,22001,637,14.515976,4.6016006,9.914375,637,1,-0.5111027,0.0,0.0
638,DIAGONAL_GAUSSIAN,6,22001,638,12.979682,14.463918,-1.4842358,639,0,-0.092840195,0.0,0.0
639,DIAGONAL_GAUSSIAN,6,22001,639,12.711565,13.00968,-0.29811478,638,0,0.09177208,0.0,0.0
640,DIAGONAL_GAUSSIAN,6,22001,640,3.823702,13.651101,-9.827399,646,0,0.50443363,0.0,0.0
641,DIAGONAL_GAUSSIAN,6,22001,641,10.966931,6.1705904,4.796341,641,1,-0.211236,0.0,0.0
642,DIAGONAL_GAUSSIAN,6,22001,642,15.052498,6.413927,8.638571,642,1,-0.6824751,0.0,0.0
643,DIAGONAL_GAUSSIAN,6,22001,643,4.7609563,9.806067,-5.045111,585,0,1.69874,0.0,0.0
644,DIAGONAL_GAUSSIAN,6,22001,644,11.667825,5.128288,6.539537,644,1,-1.2254176,0.0,0.0
645,DIAGONAL_GAUSSIAN,6,22001,645,12.971816,7.850118,5.121698,645,1,-0.045623302,0.0,0.0
646,DIAGONAL_GAUSSIAN,6,22001,646,15.110496,3.616564,11.493932,646,1,-0.7286606,0.0,0.0
647,DIAGONAL_GAUSSIAN,6,22001,647,14.444081,6.0525274,8.391554,647,1,-0.24017143,0.0,0.0
648,DIAGONAL_GAUSSIAN,6,22001,648,8.6411495,8.29402,0.34712982,648,1,0.16604233,0.0,0.0
649,DIAGONAL_GAUSSIAN,6,22001,649,12.849635,8.012416,4.837219,649,1,1.5137653,0.0,0.0
650,DIAGONAL_GAUSSIAN,6,22001,650,13.630245,6.100703,7.5295424,650,1,0.61868715,0.0,0.0
651,DIAGONAL_GAUSSIAN,6,22001,651,10.096445,7.271122,2.825323,651,1,-1.281229,0.0,0.0
652,DIAGONAL_GAUSSIAN,6,22001,652,9.586754,8.795425,0.79132843,652,1,-0.6335211,0.0,0.0
653,DIAGONAL_GAUSSIAN,6,22001,653,2.3005283,7.9780693,-5.677541,471,0,-0.7441559,0.0,0.0
654,DIAGONAL_GAUSSIAN,6,22001,654,3.7918234,13.021532,-9.229709,627,0,-0.117609024,0.0,0.0
655,DIAGONAL_GAUSSIAN,6,22001,655,7.0938478,5.5045915,1.5892563,655,1,0.676826,0.0,0.0
656,DIAGONAL_GAUSSIAN,6,22001,656,10.255603,10.290761,-0.035158157,436,0,0.14206123,1.0,0.0
657,DIAGONAL_GAUSSIAN,6,22001,657,12.132408,11.664656,0.46775246,657,1,0.033501625,0.0,0.0
658,DIAGONAL_GAUSSIAN,6,22001,658,13.476636,7.1616387,6.314997,658,1,-0.2761402,0.0,0.0
659,DIAGONAL_GAUSSIAN,6,22001,659,4.415863,10.484263,-6.0684004,925,0,0.76296616,0.0,0.0
660,DIAGONAL_GAUSSIAN,6,22001,660,11.112149,11.6042385,-0.49208927,864,0,0.17558765,0.0,0.0
661,DIAGONAL_GAUSSIAN,6,22001,661,14.31098,6.5955005,7.7154794,661,1,-0.2644639,0.0,0.0
662,DIAGONAL_GAUSSIAN,6,22001,662,5.4572725,8.117232,-2.6599598,613,0,0.25260687,0.0,0.0
663,DIAGONAL_GAUSSIAN,6,22001,663,7.700292,14.740753,-7.040461,442,0,0.090497494,0.0,0.0
664,DIAGONAL_GAUSSIAN,6,22001,664,9.705748,10.582379,-0.87663174,527,0,-0.14469242,0.0,0.0
665,DIAGONAL_GAUSSIAN,6,22001,665,12.607138,6.8698535,5.737284,665,1,-0.060884953,0.0,0.0
666,DIAGONAL_GAUSSIAN,6,22001,666,13.759363,6.376764,7.3825994,666,1,0.61012745,0.0,0.0
667,DIAGONAL_GAUSSIAN,6,22001,667,13.545904,12.169211,1.3766928,667,1,0.0956707,0.0,0.0
668,DIAGONAL_GAUSSIAN,6,22001,668,13.53543,8.714431,4.820999,668,1,-0.5035858,0.0,0.0
669,DIAGONAL_GAUSSIAN,6,22001,669,14.210119,8.137531,6.072588,669,1,-1.1744404,0.0,0.0
670,DIAGONAL_GAUSSIAN,6,22001,670,13.319285,11.62042,1.6988649,670,1,-0.067837715,0.0,0.0
671,DIAGONAL_GAUSSIAN,6,22001,671,11.167915,5.8964663,5.271449,671,1,0.0025172234,0.0,0.0
672,DIAGONAL_GAUSSIAN,6,22001,672,12.817135,9.143117,3.674018,672,1,0.51680374,0.0,0.0
673,DIAGONAL_GAUSSIAN,6,22001,673,14.012277,8.639208,5.373069,673,1,0.41075325,0.0,0.0
674,DIAGONAL_GAUSSIAN,6,22001,674,15.842136,4.581805,11.260331,674,1,0.11507702,0.0,0.0
675,DIAGONAL_GAUSSIAN,6,22001,675,7.498187,11.478837,-3.98065,654,0,0.89876366,0.0,0.0
676,DIAGONAL_GAUSSIAN,6,22001,676,9.07411,11.759524,-2.6854143,263,0,0.84810257,0.0,0.0
677,DIAGONAL_GAUSSIAN,6,22001,677,4.9308324,4.901346,0.02948618,677,1,-0.04058838,0.0,1.0
678,DIAGONAL_GAUSSIAN,6,22001,678,0.84351325,9.063158,-8.219645,180,0,1.501092,0.0,0.0
679,DIAGONAL_GAUSSIAN,6,22001,679,11.13572,8.365688,2.770032,679,1,-0.7763481,0.0,0.0
680,DIAGONAL_GAUSSIAN,6,22001,680,13.070549,5.432657,7.6378922,680,1,1.3276343,0.0,0.0
681,DIAGONAL_GAUSSIAN,6,22001,681,3.624485,5.752172,-2.127687,731,0,0.30648708,0.0,0.0
682,DIAGONAL_GAUSSIAN,6,22001,682,7.221925,7.2096,0.01232481,682,1,1.2232108,0.0,0.0
683,DIAGONAL_GAUSSIAN,6,22001,683,10.577267,14.310136,-3.7328691,558,0,0.25484657,0.0,0.0
684,DIAGONAL_GAUSSIAN,6,22001,684,15.528374,4.931254,10.59712,684,1,-0.19191933,0.0,0.0
685,DIAGONAL_GAUSSIAN,6,22001,685,14.334146,4.564705,9.769441,685,1,-0.63598347,0.0,0.0
686,DIAGONAL_GAUSSIAN,6,22001,686,4.7996807,7.4797215,-2.6800408,731,0,-1.5003114,0.0,0.0
687,DIAGONAL_GAUSSIAN,6,22001,687,4.119466,10.075609,-5.9561434,811,0,0.17955637,0.0,0.0
688,DIAGONAL_GAUSSIAN,6,22001,688,14.239295,6.43306,7.806235,688,1,-0.3824854,0.0,0.0
689,DIAGONAL_GAUSSIAN,6,22001,689,12.512096,11.469046,1.0430508,689,1,-0.015651703,0.0,0.0
690,DIAGONAL_GAUSSIAN,6,22001,690,14.173991,10.933803,3.2401886,690,1,0.047408104,0.0,0.0
691,DIAGONAL_GAUSSIAN,6,22001,691,10.481395,10.877124,-0.39572906,570,0,0.5853481,1.0,0.0
692,DIAGONAL_GAUSSIAN,6,22001,692,12.923716,5.6443324,7.279383,692,1,-1.0908966,0.0,0.0
693,DIAGONAL_GAUSSIAN,6,22001,693,15.088865,8.76484,6.324025,693,1,0.6644869,0.0,0.0
694,DIAGONAL_GAUSSIAN,6,22001,694,13.312839,6.6351357,6.677703,694,1,1.4751463,0.0,0.0
695,DIAGONAL_GAUSSIAN,6,22001,695,10.011529,8.262177,1.7493515,695,1,0.7938547,0.0,0.0
696,DIAGONAL_GAUSSIAN,6,22001,696,9.31249,7.1162343,2.1962562,696,1,-1.1109805,0.0,0.0
697,DIAGONAL_GAUSSIAN,6,22001,697,9.990162,5.175388,4.814774,697,1,-0.40563774,0.0,0.0
698,DIAGONAL_GAUSSIAN,6,22001,698,10.966442,11.260356,-0.29391384,668,0,1.0190601,1.0,0.0
699,DIAGONAL_GAUSSIAN,6,22001,699,15.6391735,4.939172,10.700002,699,1,0.14006996,0.0,0.0
700,DIAGONAL_GAUSSIAN,6,22001,700,5.425354,6.420885,-0.9955311,651,0,1.3342805,1.0,0.0
701,DIAGONAL_GAUSSIAN,6,22001,701,14.254728,5.567483,8.687245,701,1,0.35234928,0.0,0.0
702,DIAGONAL_GAUSSIAN,6,22001,702,10.595884,6.2234135,4.372471,702,1,-0.01767826,0.0,0.0
703,DIAGONAL_GAUSSIAN,6,22001,703,8.511765,7.3784113,1.1333532,703,1,-0.79348993,0.0,0.0
704,DIAGONAL_GAUSSIAN,6,22001,704,13.100308,7.6769967,5.4233117,704,1,0.4290061,0.0,0.0
705,DIAGONAL_GAUSSIAN,6,22001,705,11.362202,9.007917,2.3542843,705,1,0.15110779,0.0,0.0
706,DIAGONAL_GAUSSIAN,6,22001,706,3.7209911,10.180808,-6.459817,449,0,-0.49335003,0.0,0.0
707,DIAGONAL_GAUSSIAN,6,22001,707,14.745539,9.2441635,5.501375,707,1,0.050125122,0.0,0.0
708,DIAGONAL_GAUSSIAN,6,22001,708,9.39748,8.866935,0.53054523,708,1,1.0391951,0.0,0.0
709,DIAGONAL_GAUSSIAN,6,22001,709,7.1943684,9.494087,-2.2997189,411,0,3.4982758,1.0,0.0
710,DIAGONAL_GAUSSIAN,6,22001,710,3.230173,8.483834,-5.253661,709,0,-0.4965539,0.0,0.0
711,DIAGONAL_GAUSSIAN,6,22001,711,13.826875,8.579473,5.247402,711,1,-0.762928,0.0,0.0
712,DIAGONAL_GAUSSIAN,6,22001,712,11.951493,6.8146443,5.136849,712,1,0.70550394,0.0,0.0
713,DIAGONAL_GAUSSIAN,6,22001,713,15.39085,7.806858,7.583992,713,1,-0.17337608,0.0,0.0
714,DIAGONAL_GAUSSIAN,6,22001,714,14.72021,7.874916,6.845294,714,1,1.6009216,0.0,0.0
715,DIAGONAL_GAUSSIAN,6,22001,715,7.923916,7.8342614,0.089654446,715,1,0.4341755,0.0,0.0
716,DIAGONAL_GAUSSIAN,6,22001,716,13.4213,10.700272,2.7210283,716,1,-0.69556904,0.0,0.0
717,DIAGONAL_GAUSSIAN,6,22001,717,13.766076,5.993026,7.7730503,717,1,-0.07353449,0.0,0.0
718,DIAGONAL_GAUSSIAN,6,22001,718,10.562613,13.833086,-3.2704735,821,0,-0.06062889,0.0,0.0
719,DIAGONAL_GAUSSIAN,6,22001,719,12.653467,5.80735,6.846117,719,1,1.6977005,0.0,0.0
720,DIAGONAL_GAUSSIAN,6,22001,720,9.556157,10.347634,-0.7914772,629,0,1.706377,1.0,0.0
721,DIAGONAL_GAUSSIAN,6,22001,721,14.555625,7.2204466,7.3351784,721,1,-0.27611542,0.0,0.0
722,DIAGONAL_GAUSSIAN,6,22001,722,6.2783346,5.628084,0.65025043,722,1,-2.6626344,0.0,1.0
723,DIAGONAL_GAUSSIAN,6,22001,723,1.3365408,6.407558,-5.0710173,830,0,-1.1499028,0.0,0.0
724,DIAGONAL_GAUSSIAN,6,22001,724,9.949966,10.017394,-0.067427635,780,0,-0.28064156,0.0,0.0
725,DIAGONAL_GAUSSIAN,6,22001,725,10.700767,9.3851,1.3156662,725,1,-1.0350895,0.0,0.0
726,DIAGONAL_GAUSSIAN,6,22001,726,12.575335,8.31449,4.260844,726,1,0.3967018,0.0,0.0
727,DIAGONAL_GAUSSIAN,6,22001,727,13.936014,8.251598,5.684416,727,1,-0.32731724,0.0,0.0
728,DIAGONAL_GAUSSIAN,6,22001,728,14.532623,6.431511,8.101112,728,1,0.014299393,0.0,0.0
729,DIAGONAL_GAUSSIAN,6,22001,729,1.3697677,6.2019386,-4.832171,634,0,1.5393486,0.0,0.0
730,DIAGONAL_GAUSSIAN,6,22001,730,15.138682,8.808832,6.32985,730,1,0.36305046,0.0,0.0
731,DIAGONAL_GAUSSIAN,6,22001,731,11.538646,10.128973,1.4096727,731,1,-0.9234104,0.0,0.0
732,DIAGONAL_GAUSSIAN,6,22001,732,13.614436,6.080022,7.5344143,732,1,0.27210188,0.0,0.0
733,DIAGONAL_GAUSSIAN,6,22001,733,11.500466,6.7465663,4.7539,733,1,0.4143815,0.0,0.0
734,DIAGONAL_GAUSSIAN,6,22001,734,13.336134,5.806745,7.529389,734,1,0.03946972,0.0,0.0
735,DIAGONAL_GAUSSIAN,6,22001,735,7.7045302,7.473154,0.23137617,735,1,-0.36821365,0.0,1.0
736,DIAGONAL_GAUSSIAN,6,22001,736,12.440131,5.7648435,6.6752877,736,1,-0.8170085,0.0,0.0
737,DIAGONAL_GAUSSIAN,6,22001,737,12.048009,7.9314632,4.1165457,737,1,0.94582844,0.0,0.0
738,DIAGONAL_GAUSSIAN,6,22001,738,12.716696,6.7503667,5.966329,738,1,0.15821981,0.0,0.0
739,DIAGONAL_GAUSSIAN,6,22001,739,15.050903,3.8802893,11.170614,739,1,0.17994976,0.0,0.0
740,DIAGONAL_GAUSSIAN,6,22001,740,2.977995,5.119625,-2.1416302,854,0,2.7792068,1.0,0.0
741,DIAGONAL_GAUSSIAN,6,22001,741,10.626101,7.5826592,3.0434413,741,1,1.4446416,0.0,0.0
742,DIAGONAL_GAUSSIAN,6,22001,742,6.182448,9.508534,-3.3260865,713,0,0.07655144,0.0,0.0
743,DIAGONAL_GAUSSIAN,6,22001,743,6.0301986,9.312318,-3.2821193,884,0,-0.39841795,0.0,0.0
744,DIAGONAL_GAUSSIAN,6,22001,744,2.3082297,7.1277413,-4.8195114,733,0,1.1679196,0.0,0.0
745,DIAGONAL_GAUSSIAN,6,22001,745,14.028121,5.704355,8.323767,745,1,0.03503418,0.0,0.0
746,DIAGONAL_GAUSSIAN,6,22001,746,15.353533,4.4411964,10.912336,746,1,-0.7083111,0.0,0.0
747,DIAGONAL_GAUSSIAN,6,22001,747,6.035411,9.139876,-3.1044655,430,0,0.5070963,0.0,0.0
748,DIAGONAL_GAUSSIAN,6,22001,748,8.035449,6.55634,1.4791088,748,1,0.88488865,0.0,0.0
749,DIAGONAL_GAUSSIAN,6,22001,749,14.810035,5.645794,9.164241,749,1,0.6004877,0.0,0.0
750,DIAGONAL_GAUSSIAN,6,22001,750,10.594699,9.762117,0.8325815,750,1,0.5130186,0.0,0.0
751,DIAGONAL_GAUSSIAN,6,22001,751,12.033897,11.343392,0.690505,751,1,-0.8712368,0.0,1.0
752,DIAGONAL_GAUSSIAN,6,22001,752,13.241133,7.002915,6.238218,752,1,0.38073397,0.0,0.0
753,DIAGONAL_GAUSSIAN,6,22001,753,12.595559,7.67821,4.9173493,753,1,0.5673113,0.0,0.0
754,DIAGONAL_GAUSSIAN,6,22001,754,7.4982257,10.362088,-2.8638625,487,0,1.2723775,0.0,0.0
755,DIAGONAL_GAUSSIAN,6,22001,755,10.56425,5.9531612,4.6110888,755,1,0.46028948,0.0,0.0
756,DIAGONAL_GAUSSIAN,6,22001,756,11.435397,8.41235,3.0230474,756,1,0.40637493,0.0,0.0
757,DIAGONAL_GAUSSIAN,6,22001,757,6.017437,12.25413,-6.2366934,654,0,0.6469283,0.0,0.0
758,DIAGONAL_GAUSSIAN,6,22001,758,8.002518,6.3722177,1.6303,758,1,1.9795947,0.0,0.0
759,DIAGONAL_GAUSSIAN,6,22001,759,13.372165,8.384472,4.987693,759,1,-0.75718117,0.0,0.0
760,DIAGONAL_GAUSSIAN,6,22001,760,1.9971305,7.197996,-5.2008657,819,0,-0.45550776,0.0,0.0
761,DIAGONAL_GAUSSIAN,6,22001,761,0.76080936,11.592308,-10.831499,208,0,3.4663725,0.0,0.0
762,DIAGONAL_GAUSSIAN,6,22001,762,13.670515,8.37503,5.2954855,762,1,-0.8234205,0.0,0.0
763,DIAGONAL_GAUSSIAN,6,22001,763,14.770002,9.891039,4.8789635,763,1,-0.7441921,0.0,0.0
764,DIAGONAL_GAUSSIAN,6,22001,764,8.539975,6.9288607,1.6111145,764,1,-0.018817425,0.0,0.0
765,DIAGONAL_GAUSSIAN,6,22001,765,13.776062,3.9798238,9.796238,765,1,0.4399147,0.0,0.0
766,DIAGONAL_GAUSSIAN,6,22001,766,11.830231,7.2387404,4.5914903,766,1,-0.5304446,0.0,0.0
767,DIAGONAL_GAUSSIAN,6,22001,767,12.332786,9.5188055,2.81398,767,1,1.8074284,0.0,0.0
768,DIAGONAL_GAUSSIAN,6,22001,768,10.32828,11.517169,-1.1888885,805,0,1.7951555,1.0,0.0
769,DIAGONAL_GAUSSIAN,6,22001,769,14.152032,8.134504,6.0175276,769,1,3.5338354,0.0,0.0
770,DIAGONAL_GAUSSIAN,6,22001,770,12.819438,5.5952797,7.2241583,770,1,-0.22092247,0.0,0.0
771,DIAGONAL_GAUSSIAN,6,22001,771,14.6030035,7.7609344,6.842069,771,1,-0.15037775,0.0,0.0
772,DIAGONAL_GAUSSIAN,6,22001,772,0.916325,7.2592287,-6.3429036,452,0,1.1850781,0.0,0.0
773,DIAGONAL_GAUSSIAN,6,22001,773,4.454152,9.331001,-4.876849,898,0,0.67236614,0.0,0.0
774,DIAGONAL_GAUSSIAN,6,22001,774,9.80914,6.8901553,2.918985,774,1,1.453587,0.0,0.0
775,DIAGONAL_GAUSSIAN,6,22001,775,14.567654,6.277815,8.289839,775,1,0.19636917,0.0,0.0
776,DIAGONAL_GAUSSIAN,6,22001,776,13.660307,5.371477,8.28883,776,1,0.16105461,0.0,0.0
777,DIAGONAL_GAUSSIAN,6,22001,777,15.822302,6.8452816,8.97702,777,1,0.5536709,0.0,0.0
778,DIAGONAL_GAUSSIAN,6,22001,778,7.739324,6.8751683,0.86415577,778,1,0.66369915,0.0,0.0
779,DIAGONAL_GAUSSIAN,6,22001,779,14.619655,4.1600943,10.45956,779,1,-0.25219727,0.0,0.0
780,DIAGONAL_GAUSSIAN,6,22001,780,13.848928,10.300078,3.54885,780,1,1.5583191,0.0,0.0
781,DIAGONAL_GAUSSIAN,6,22001,781,14.014769,4.4533134,9.561455,781,1,0.16492939,0.0,0.0
782,DIAGONAL_GAUSSIAN,6,22001,782,12.051124,10.390384,1.6607399,782,1,-0.038783073,0.0,0.0
783,DIAGONAL_GAUSSIAN,6,22001,783,16.039026,7.155624,8.883402,783,1,-0.31036568,0.0,0.0
784,DIAGONAL_GAUSSIAN,6,22001,784,6.039471,8.088858,-2.0493865,469,0,-0.07711649,0.0,0.0
785,DIAGONAL_GAUSSIAN,6,22001,785,12.486153,5.98917,6.4969826,785,1,1.0296783,0.0,0.0
786,DIAGONAL_GAUSSIAN,6,22001,786,14.944956,5.7422776,9.202679,786,1,0.6241417,0.0,0.0
787,DIAGONAL_GAUSSIAN,6,22001,787,14.97016,9.405362,5.5647974,787,1,-1.1835146,0.0,0.0
788,DIAGONAL_GAUSSIAN,6,22001,788,9.485453,7.2634764,2.2219763,788,1,0.70420456,0.0,0.0
789,DIAGONAL_GAUSSIAN,6,22001,789,13.65337,9.966626,3.6867437,789,1,0.14980412,0.0,0.0
790,DIAGONAL_GAUSSIAN,6,22001,790,6.755829,7.9942117,-1.2383828,860,0,2.0861883,1.0,0.0
791,DIAGONAL_GAUSSIAN,6,22001,791,4.405528,7.0739174,-2.6683893,518,0,-0.3150077,0.0,0.0
792,DIAGONAL_GAUSSIAN,6,22001,792,11.838734,7.8170943,4.0216393,792,1,0.8727131,0.0,0.0
793,DIAGONAL_GAUSSIAN,6,22001,793,13.799276,8.647495,5.151781,793,1,0.08719826,0.0,0.0
794,DIAGONAL_GAUSSIAN,6,22001,794,5.162446,8.909445,-3.7469988,601,0,0.50469875,0.0,0.0
795,DIAGONAL_GAUSSIAN,6,22001,795,10.219969,3.8900585,6.3299103,795,1,0.16671276,0.0,0.0
796,DIAGONAL_GAUSSIAN,6,22001,796,14.344952,9.333149,5.0118027,796,1,-0.0076150894,0.0,0.0
797,DIAGONAL_GAUSSIAN,6,22001,797,9.479313,8.788931,0.690382,797,1,0.7953038,0.0,0.0
798,DIAGONAL_GAUSSIAN,6,22001,798,6.949276,9.214196,-2.2649202,906,0,0.07570934,0.0,0.0
799,DIAGONAL_GAUSSIAN,6,22001,799,12.3096,8.600823,3.7087765,799,1,0.13171673,0.0,0.0
800,DIAGONAL_GAUSSIAN,6,22001,800,15.168034,4.6117096,10.556324,800,1,0.7207165,0.0,0.0
801,DIAGONAL_GAUSSIAN,6,22001,801,13.872272,6.5841722,7.2880993,801,1,-0.3208604,0.0,0.0
802,DIAGONAL_GAUSSIAN,6,22001,802,13.590788,7.9929514,5.5978365,802,1,0.45375824,0.0,0.0
803,DIAGONAL_GAUSSIAN,6,22001,803,13.059179,7.870414,5.1887655,803,1,0.4854703,0.0,0.0
804,DIAGONAL_GAUSSIAN,6,22001,804,7.955681,6.44032,1.5153608,804,1,-1.6842952,0.0,1.0
805,DIAGONAL_GAUSSIAN,6,22001,805,12.359992,10.531125,1.828867,805,1,-4.7338057,0.0,1.0
806,DIAGONAL_GAUSSIAN,6,22001,806,9.100628,9.033044,0.06758404,806,1,0.95898247,0.0,0.0
807,DIAGONAL_GAUSSIAN,6,22001,807,15.111648,6.1747403,8.936907,807,1,-1.2439814,0.0,0.0
808,DIAGONAL_GAUSSIAN,6,22001,808,12.070877,5.9523344,6.1185427,808,1,-0.83903456,0.0,0.0
809,DIAGONAL_GAUSSIAN,6,22001,809,8.6775,10.456734,-1.7792339,923,0,-0.9369154,0.0,0.0
810,DIAGONAL_GAUSSIAN,6,22001,810,14.561383,12.412149,2.1492338,810,1,-0.22714329,0.0,0.0
811,DIAGONAL_GAUSSIAN,6,22001,811,4.3671193,10.96062,-6.5935006,760,0,-0.6542063,0.0,0.0
812,DIAGONAL_GAUSSIAN,6,22001,812,14.512754,6.9348316,7.577923,812,1,-0.20376825,0.0,0.0
813,DIAGONAL_GAUSSIAN,6,22001,813,6.8418527,7.6153913,-0.7735386,618,0,0.8047967,1.0,0.0
814,DIAGONAL_GAUSSIAN,6,22001,814,11.993667,10.169318,1.8243484,814,1,1.5627184,0.0,0.0
815,DIAGONAL_GAUSSIAN,6,22001,815,13.929058,8.683751,5.245307,815,1,0.046920776,0.0,0.0
816,DIAGONAL_GAUSSIAN,6,22001,816,12.501035,10.064486,2.4365492,816,1,1.482296,0.0,0.0
817,DIAGONAL_GAUSSIAN,6,22001,817,13.228929,10.645078,2.5838509,817,1,0.63439274,0.0,0.0
818,DIAGONAL_GAUSSIAN,6,22001,818,8.242006,8.785368,-0.54336166,466,0,-0.61831903,0.0,0.0
819,DIAGONAL_GAUSSIAN,6,22001,819,13.797772,8.053644,5.744128,819,1,-0.13448477,0.0,0.0
820,DIAGONAL_GAUSSIAN,6,22001,820,13.136824,7.6834216,5.453402,820,1,0.8082833,0.0,0.0
821,DIAGONAL_GAUSSIAN,6,22001,821,13.174855,8.696345,4.47851,821,1,0.026040077,0.0,0.0
822,DIAGONAL_GAUSSIAN,6,22001,822,15.042304,4.492829,10.549475,822,1,0.07535362,0.0,0.0
823,DIAGONAL_GAUSSIAN,6,22001,823,1.5210606,10.565394,-9.044333,854,0,2.978201,0.0,0.0
824,DIAGONAL_GAUSSIAN,6,22001,824,14.635165,9.069662,5.565503,824,1,-1.4581995,0.0,0.0
825,DIAGONAL_GAUSSIAN,6,22001,825,13.555857,4.427263,9.128593,825,1,0.18042755,0.0,0.0
826,DIAGONAL_GAUSSIAN,6,22001,826,-0.8023478,5.323749,-6.1260967,588,0,0.22134352,0.0,0.0
827,DIAGONAL_GAUSSIAN,6,22001,827,13.423624,9.350645,4.072979,827,1,-0.027440071,0.0,0.0
828,DIAGONAL_GAUSSIAN,6,22001,828,2.2113328,7.7636824,-5.5523496,712,0,0.586638,0.0,0.0
829,DIAGONAL_GAUSSIAN,6,22001,829,14.141235,8.221361,5.919874,829,1,0.08416176,0.0,0.0
830,DIAGONAL_GAUSSIAN,6,22001,830,1.2845359,5.8202844,-4.5357485,880,0,0.013888836,0.0,0.0
831,DIAGONAL_GAUSSIAN,6,22001,831,13.086764,9.901459,3.1853056,831,1,-0.34224415,0.0,0.0
832,DIAGONAL_GAUSSIAN,6,22001,832,14.220031,7.218655,7.0013757,832,1,-0.79876566,0.0,0.0
833,DIAGONAL_GAUSSIAN,6,22001,833,11.965361,4.5073795,7.457981,833,1,-0.109834194,0.0,0.0
834,DIAGONAL_GAUSSIAN,6,22001,834,5.2301483,7.065852,-1.8357038,253,0,2.0416274,1.0,0.0
835,DIAGONAL_GAUSSIAN,6,22001,835,10.72034,11.044459,-0.32411957,409,0,-0.17381,0.0,0.0
836,DIAGONAL_GAUSSIAN,6,22001,836,14.104565,13.609058,0.4955063,836,1,-0.19951916,0.0,0.0
837,DIAGONAL_GAUSSIAN,6,22001,837,4.354502,6.3396144,-1.9851122,678,0,-0.856966,0.0,0.0
838,DIAGONAL_GAUSSIAN,6,22001,838,12.95125,10.548524,2.4027262,838,1,0.14817142,0.0,0.0
839,DIAGONAL_GAUSSIAN,6,22001,839,12.7567625,10.234079,2.5226831,839,1,-0.1090374,0.0,0.0
840,DIAGONAL_GAUSSIAN,6,22001,840,15.444544,9.260263,6.1842804,840,1,0.50975895,0.0,0.0
841,DIAGONAL_GAUSSIAN,6,22001,841,11.682005,6.8695126,4.8124924,841,1,0.79016113,0.0,0.0
842,DIAGONAL_GAUSSIAN,6,22001,842,9.285413,8.656449,0.6289635,842,1,0.065366745,0.0,0.0
843,DIAGONAL_GAUSSIAN,6,22001,843,9.674749,6.4764667,3.1982827,843,1,-0.533267,0.0,0.0
844,DIAGONAL_GAUSSIAN,6,22001,844,13.588807,5.7939696,7.7948375,844,1,1.2945676,0.0,0.0
845,DIAGONAL_GAUSSIAN,6,22001,845,6.5472484,8.056807,-1.5095582,419,0,-0.71062326,0.0,0.0
846,DIAGONAL_GAUSSIAN,6,22001,846,12.886155,11.940822,0.9453335,846,1,0.008498192,0.0,0.0
847,DIAGONAL_GAUSSIAN,6,22001,847,13.254055,10.559082,2.694973,847,1,1.2209721,0.0,0.0
848,DIAGONAL_GAUSSIAN,6,22001,848,9.73131,11.285732,-1.5544224,482,0,0.41973782,0.0,0.0
849,DIAGONAL_GAUSSIAN,6,22001,849,10.186817,11.674189,-1.4873714,505,0,-1.0549183,0.0,0.0
850,DIAGONAL_GAUSSIAN,6,22001,850,12.143544,9.160683,2.9828615,850,1,0.36381245,0.0,0.0
851,DIAGONAL_GAUSSIAN,6,22001,851,11.51705,8.830042,2.687008,851,1,0.015956879,0.0,0.0
852,DIAGONAL_GAUSSIAN,6,22001,852,10.729179,10.385538,0.34364128,852,1,1.1082497,0.0,0.0
853,DIAGONAL_GAUSSIAN,6,22001,853,14.720788,5.1595635,9.561224,853,1,-0.32716846,0.0,0.0
854,DIAGONAL_GAUSSIAN,6,22001,854,13.400633,6.0267725,7.3738604,854,1,-0.20400095,0.0,0.0
855,DIAGONAL_GAUSSIAN,6,22001,855,13.3396015,8.412879,4.9267225,855,1,0.77882576,0.0,0.0
856,DIAGONAL_GAUSSIAN,6,22001,856,12.246766,8.459448,3.7873182,856,1,-1.5379114,0.0,0.0
857,DIAGONAL_GAUSSIAN,6,22001,857,10.19084,11.139459,-0.9486189,765,0,-0.63078594,0.0,0.0
858,DIAGONAL_GAUSSIAN,6,22001,858,13.890681,4.93209,8.958591,858,1,0.34096718,0.0,0.0
859,DIAGONAL_GAUSSIAN,6,22001,859,15.083062,5.20466,9.878403,859,1,-0.37846947,0.0,0.0
860,DIAGONAL_GAUSSIAN,6,22001,860,8.228165,11.51118,-3.2830153,919,0,0.7243738,0.0,0.0
861,DIAGONAL_GAUSSIAN,6,22001,861,11.405859,10.349736,1.0561228,861,1,-1.5696621,0.0,1.0
862,DIAGONAL_GAUSSIAN,6,22001,862,14.92188,4.113982,10.807898,862,1,0.40598297,0.0,0.0
863,DIAGONAL_GAUSSIAN,6,22001,863,9.360438,8.539906,0.8205328,863,1,2.6898308,0.0,0.0
864,DIAGONAL_GAUSSIAN,6,22001,864,9.836686,10.705877,-0.86919117,867,0,1.2220774,1.0,0.0
865,DIAGONAL_GAUSSIAN,6,22001,865,12.63211,11.102554,1.5295553,865,1,1.3310728,0.0,0.0
866,DIAGONAL_GAUSSIAN,6,22001,866,9.926265,14.652058,-4.725793,856,0,-0.37395573,0.0,0.0
867,DIAGONAL_GAUSSIAN,6,22001,867,13.777762,7.539329,6.2384334,867,1,-0.23282766,0.0,0.0
868,DIAGONAL_GAUSSIAN,6,22001,868,8.758131,8.082137,0.6759939,868,1,-0.8307991,0.0,1.0
869,DIAGONAL_GAUSSIAN,6,22001,869,4.763404,7.6682434,-2.9048395,906,0,1.1656017,0.0,0.0
870,DIAGONAL_GAUSSIAN,6,22001,870,11.990608,9.827348,2.1632605,870,1,0.016735077,0.0,0.0
871,DIAGONAL_GAUSSIAN,6,22001,871,14.351543,10.412687,3.9388561,871,1,0.61362743,0.0,0.0
872,DIAGONAL_GAUSSIAN,6,22001,872,7.3118844,8.011912,-0.70002794,477,0,1.7413464,1.0,0.0
873,DIAGONAL_GAUSSIAN,6,22001,873,4.4225206,11.699531,-7.27701,698,0,-0.4698763,0.0,0.0
874,DIAGONAL_GAUSSIAN,6,22001,874,11.602324,10.857067,0.7452564,874,1,0.36202145,0.0,0.0
875,DIAGONAL_GAUSSIAN,6,22001,875,14.639284,7.5802417,7.0590425,875,1,-0.090881824,0.0,0.0
876,DIAGONAL_GAUSSIAN,6,22001,876,4.0578732,10.050714,-5.9928403,706,0,-0.99726534,0.0,0.0
877,DIAGONAL_GAUSSIAN,6,22001,877,9.7456,6.341723,3.4038768,877,1,-2.049543,0.0,0.0
878,DIAGONAL_GAUSSIAN,6,22001,878,11.468023,13.769797,-2.301774,810,0,-0.21103287,0.0,0.0
879,DIAGONAL_GAUSSIAN,6,22001,879,10.429939,7.0754642,3.354475,879,1,-0.33154345,0.0,0.0
880,DIAGONAL_GAUSSIAN,6,22001,880,15.358753,4.944965,10.413788,880,1,-0.02949524,0.0,0.0
881,DIAGONAL_GAUSSIAN,6,22001,881,13.827445,8.456196,5.371249,881,1,-0.19564152,0.0,0.0
882,DIAGONAL_GAUSSIAN,6,22001,882,4.531331,7.4906464,-2.9593153,851,0,1.8753881,0.0,0.0
883,DIAGONAL_GAUSSIAN,6,22001,883,7.0114574,8.006965,-0.99550724,725,0,-0.45874023,0.0,0.0
884,DIAGONAL_GAUSSIAN,6,22001,884,11.83117,10.739743,1.0914268,884,1,0.91610146,0.0,0.0
885,DIAGONAL_GAUSSIAN,6,22001,885,9.295439,11.883135,-2.587696,434,0,-0.052455902,0.0,0.0
886,DIAGONAL_GAUSSIAN,6,22001,886,13.367249,5.5525723,7.8146763,886,1,0.111614704,0.0,0.0
887,DIAGONAL_GAUSSIAN,6,22001,887,3.0556521,6.122366,-3.0667138,824,0,-1.3112102,0.0,0.0
888,DIAGONAL_GAUSSIAN,6,22001,888,12.363025,8.110736,4.252289,888,1,-0.074055195,0.0,0.0
889,DIAGONAL_GAUSSIAN,6,22001,889,11.113763,8.813512,2.300251,889,1,-1.2161455,0.0,0.0
890,DIAGONAL_GAUSSIAN,6,22001,890,12.884086,6.4382777,6.445808,890,1,-0.25024986,0.0,0.0
891,DIAGONAL_GAUSSIAN,6,22001,891,14.8090515,3.740758,11.068294,891,1,0.1939249,0.0,0.0
892,DIAGONAL_GAUSSIAN,6,22001,892,13.532913,13.18325,0.34966278,892,1,-0.57128334,0.0,1.0
893,DIAGONAL_GAUSSIAN,6,22001,893,7.8686595,8.22242,-0.35376024,767,0,-1.4370465,0.0,0.0
894,DIAGONAL_GAUSSIAN,6,22001,894,8.094122,8.410339,-0.31621742,771,0,-0.2017994,0.0,0.0
895,DIAGONAL_GAUSSIAN,6,22001,895,13.825067,10.585842,3.2392244,895,1,-0.2797842,0.0,0.0
896,DIAGONAL_GAUSSIAN,6,22001,896,11.618329,8.476859,3.14147,896,1,0.7347336,0.0,0.0
897,DIAGONAL_GAUSSIAN,6,22001,897,11.005729,7.026944,3.9787846,897,1,-2.4145966,0.0,0.0
898,DIAGONAL_GAUSSIAN,6,22001,898,12.866972,11.607693,1.2592793,898,1,0.027363777,0.0,0.0
899,DIAGONAL_GAUSSIAN,6,22001,899,11.767818,10.781722,0.9860964,899,1,0.14869785,0.0,0.0
900,DIAGONAL_GAUSSIAN,6,22001,900,13.761264,4.4276233,9.333641,900,1,0.13453007,0.0,0.0
901,DIAGONAL_GAUSSIAN,6,22001,901,14.545917,6.0854325,8.460484,901,1,0.28800488,0.0,0.0
902,DIAGONAL_GAUSSIAN,6,22001,902,13.100143,9.367166,3.7329779,902,1,0.2837324,0.0,0.0
903,DIAGONAL_GAUSSIAN,6,22001,903,14.9253,5.969938,8.955362,903,1,0.1362114,0.0,0.0
904,DIAGONAL_GAUSSIAN,6,22001,904,13.651529,4.844072,8.807457,904,1,0.45222473,0.0,0.0
905,DIAGONAL_GAUSSIAN,6,22001,905,8.821223,7.7696896,1.0515337,905,1,-0.48725128,0.0,0.0
906,DIAGONAL_GAUSSIAN,6,22001,906,4.033663,10.817822,-6.7841597,785,0,-0.4046278,0.0,0.0
907,DIAGONAL_GAUSSIAN,6,22001,907,5.196254,9.821618,-4.6253643,899,0,-0.8317857,0.0,0.0
908,DIAGONAL_GAUSSIAN,6,22001,908,9.022048,13.838258,-4.81621,895,0,0.14507484,0.0,0.0
909,DIAGONAL_GAUSSIAN,6,22001,909,12.945656,10.225826,2.7198296,909,1,0.8602514,0.0,0.0
910,DIAGONAL_GAUSSIAN,6,22001,910,3.722339,5.71406,-1.9917209,961,0,0.22762609,0.0,0.0
911,DIAGONAL_GAUSSIAN,6,22001,911,9.20894,8.140068,1.0688715,911,1,1.2183142,0.0,0.0
912,DIAGONAL_GAUSSIAN,6,22001,912,15.92262,8.399454,7.5231657,912,1,0.17817879,0.0,0.0
913,DIAGONAL_GAUSSIAN,6,22001,913,14.729339,6.8137527,7.915586,913,1,0.04963684,0.0,0.0
914,DIAGONAL_GAUSSIAN,6,22001,914,13.254373,5.5763364,7.678036,914,1,0.14371204,0.0,0.0
915,DIAGONAL_GAUSSIAN,6,22001,915,5.456275,9.137389,-3.6811142,853,0,-0.1282084,0.0,0.0
916,DIAGONAL_GAUSSIAN,6,22001,916,14.181148,5.8812623,8.299885,916,1,-0.14739418,0.0,0.0
917,DIAGONAL_GAUSSIAN,6,22001,917,14.088796,7.8966484,6.1921473,917,1,-0.9261265,0.0,0.0
918,DIAGONAL_GAUSSIAN,6,22001,918,12.287479,6.8173084,5.470171,918,1,0.9560747,0.0,0.0
919,DIAGONAL_GAUSSIAN,6,22001,919,1.3445635,11.740678,-10.396114,788,0,0.30476284,0.0,0.0
920,DIAGONAL_GAUSSIAN,6,22001,920,9.160494,8.714682,0.44581223,920,1,0.64105415,0.0,0.0
921,DIAGONAL_GAUSSIAN,6,22001,921,11.3317375,6.4422293,4.8895082,921,1,-1.0813322,0.0,0.0
922,DIAGONAL_GAUSSIAN,6,22001,922,12.909739,5.8025403,7.107198,922,1,-0.57236004,0.0,0.0
923,DIAGONAL_GAUSSIAN,6,22001,923,5.7509675,7.514086,-1.7631183,891,0,0.567121,0.0,0.0
924,DIAGONAL_GAUSSIAN,6,22001,924,14.675793,6.934985,7.7408075,924,1,-0.06961584,0.0,0.0
925,DIAGONAL_GAUSSIAN,6,22001,925,14.149725,5.7675204,8.382204,925,1,-0.28566742,0.0,0.0
926,DIAGONAL_GAUSSIAN,6,22001,926,13.336047,9.10439,4.231657,926,1,0.22201252,0.0,0.0
927,DIAGONAL_GAUSSIAN,6,22001,927,14.246896,5.989485,8.257411,927,1,-0.40929508,0.0,0.0
928,DIAGONAL_GAUSSIAN,6,22001,928,5.458801,10.375021,-4.91622,969,0,1.0047383,0.0,0.0
929,DIAGONAL_GAUSSIAN,6,22001,929,6.5210996,5.955236,0.5658636,929,1,3.2447815,0.0,0.0
930,DIAGONAL_GAUSSIAN,6,22001,930,10.840157,11.192858,-0.3527012,923,0,0.3639593,1.0,0.0
931,DIAGONAL_GAUSSIAN,6,22001,931,14.691457,6.473778,8.217679,931,1,0.17086315,0.0,0.0
932,DIAGONAL_GAUSSIAN,6,22001,932,5.8696866,11.503382,-5.633695,923,0,0.49548578,0.0,0.0
933,DIAGONAL_GAUSSIAN,6,22001,933,13.438787,5.983704,7.4550834,933,1,-0.122835636,0.0,0.0
934,DIAGONAL_GAUSSIAN,6,22001,934,14.608449,4.401501,10.206947,934,1,-0.17185307,0.0,0.0
935,DIAGONAL_GAUSSIAN,6,22001,935,13.012081,7.9137306,5.0983505,935,1,-0.22201681,0.0,0.0
936,DIAGONAL_GAUSSIAN,6,22001,936,10.452589,7.3948255,3.0577636,936,1,0.5413213,0.0,0.0
937,DIAGONAL_GAUSSIAN,6,22001,937,14.226909,6.692537,7.534372,937,1,0.3058672,0.0,0.0
938,DIAGONAL_GAUSSIAN,6,22001,938,13.753762,8.510128,5.243634,938,1,0.9868059,0.0,0.0
939,DIAGONAL_GAUSSIAN,6,22001,939,12.751436,8.168538,4.582898,939,1,0.62089205,0.0,0.0
940,DIAGONAL_GAUSSIAN,6,22001,940,13.688691,9.381939,4.306752,940,1,0.70483017,0.0,0.0
941,DIAGONAL_GAUSSIAN,6,22001,941,12.558348,8.06414,4.4942074,941,1,-0.26106644,0.0,0.0
942,DIAGONAL_GAUSSIAN,6,22001,942,3.5877788,11.7226305,-8.134851,964,0,0.5569391,0.0,0.0
943,DIAGONAL_GAUSSIAN,6,22001,943,14.17657,6.338461,7.838109,943,1,0.13987112,0.0,0.0
944,DIAGONAL_GAUSSIAN,6,22001,944,14.471171,7.593587,6.8775845,944,1,-0.24501371,0.0,0.0
945,DIAGONAL_GAUSSIAN,6,22001,945,14.324048,6.0935717,8.230476,945,1,0.14318752,0.0,0.0
946,DIAGONAL_GAUSSIAN,6,22001,946,13.498171,7.757621,5.74055,946,1,0.22630835,0.0,0.0
947,DIAGONAL_GAUSSIAN,6,22001,947,11.7632885,12.032733,-0.26944447,992,0,-0.1330328,0.0,0.0
948,DIAGONAL_GAUSSIAN,6,22001,948,12.427394,6.0289397,6.398454,948,1,-0.033225536,0.0,0.0
949,DIAGONAL_GAUSSIAN,6,22001,949,5.165099,7.0880456,-1.9229465,995,0,0.4682727,0.0,0.0
950,DIAGONAL_GAUSSIAN,6,22001,950,13.937629,6.97974,6.9578886,950,1,-0.28145933,0.0,0.0
951,DIAGONAL_GAUSSIAN,6,22001,951,14.385091,10.203762,4.181329,951,1,0.7542858,0.0,0.0
952,DIAGONAL_GAUSSIAN,6,22001,952,10.615071,8.493042,2.1220293,952,1,1.8558917,0.0,0.0
953,DIAGONAL_GAUSSIAN,6,22001,953,11.14021,7.4555,3.68471,953,1,-0.70157766,0.0,0.0
954,DIAGONAL_GAUSSIAN,6,22001,954,14.073877,6.1928573,7.88102,954,1,0.19127798,0.0,0.0
955,DIAGONAL_GAUSSIAN,6,22001,955,14.813174,4.6586075,10.154567,955,1,0.20483685,0.0,0.0
956,DIAGONAL_GAUSSIAN,6,22001,956,14.821691,3.8966205,10.92507,956,1,-0.050437927,0.0,0.0
957,DIAGONAL_GAUSSIAN,6,22001,957,12.381779,7.832313,4.5494657,957,1,-0.5844388,0.0,0.0
958,DIAGONAL_GAUSSIAN,6,22001,958,8.405182,9.466786,-1.0616045,663,0,-0.59515667,0.0,0.0
959,DIAGONAL_GAUSSIAN,6,22001,959,13.589506,7.326467,6.263039,959,1,-0.7474761,0.0,0.0
960,DIAGONAL_GAUSSIAN,6,22001,960,7.3434963,10.88352,-3.5400238,923,0,0.8336916,0.0,0.0
961,DIAGONAL_GAUSSIAN,6,22001,961,12.067364,10.282525,1.7848387,961,1,-0.91773796,0.0,0.0
962,DIAGONAL_GAUSSIAN,6,22001,962,7.865891,6.9392304,0.92666054,962,1,0.29367828,0.0,0.0
963,DIAGONAL_GAUSSIAN,6,22001,963,-0.55355155,13.009845,-13.563396,335,0,0.10917854,0.0,0.0
964,DIAGONAL_GAUSSIAN,6,22001,964,9.225943,6.6533594,2.5725832,964,1,-2.9026966,0.0,1.0
965,DIAGONAL_GAUSSIAN,6,22001,965,13.87233,6.429809,7.4425206,965,1,-0.56604624,0.0,0.0
966,DIAGONAL_GAUSSIAN,6,22001,966,4.7463045,8.3902445,-3.64394,563,0,0.43851328,0.0,0.0
967,DIAGONAL_GAUSSIAN,6,22001,967,5.364502,13.010787,-7.646285,969,0,-0.36832333,0.0,0.0
968,DIAGONAL_GAUSSIAN,6,22001,968,6.5472465,6.9338284,-0.3865819,969,0,0.110459805,0.0,0.0
969,DIAGONAL_GAUSSIAN,6,22001,969,10.346213,8.167376,2.1788378,969,1,-0.09654999,0.0,0.0
970,DIAGONAL_GAUSSIAN,6,22001,970,9.993524,8.499653,1.4938707,970,1,-0.15030193,0.0,0.0
971,DIAGONAL_GAUSSIAN,6,22001,971,14.77089,4.565713,10.205177,971,1,0.17862892,0.0,0.0
972,DIAGONAL_GAUSSIAN,6,22001,972,11.373981,8.177039,3.1969423,972,1,-0.58984756,0.0,0.0
973,DIAGONAL_GAUSSIAN,6,22001,973,8.781469,12.938297,-4.156828,5,0,-0.7665415,0.0,0.0
974,DIAGONAL_GAUSSIAN,6,22001,974,11.160813,6.5616965,4.599117,974,1,-2.0186672,0.0,0.0
975,DIAGONAL_GAUSSIAN,6,22001,975,9.578495,10.011086,-0.43259144,460,0,0.3124628,0.0,0.0
976,DIAGONAL_GAUSSIAN,6,22001,976,12.935022,10.027436,2.907586,976,1,0.505743,0.0,0.0
977,DIAGONAL_GAUSSIAN,6,22001,977,14.8287525,8.676327,6.152426,977,1,0.10591984,0.0,0.0
978,DIAGONAL_GAUSSIAN,6,22001,978,10.7792425,9.471231,1.308011,978,1,-0.23408127,0.0,0.0
979,DIAGONAL_GAUSSIAN,6,22001,979,10.408662,12.981239,-2.5725775,975,0,-0.4577284,0.0,0.0
980,DIAGONAL_GAUSSIAN,6,22001,980,9.201318,6.152222,3.0490956,980,1,-0.15223694,0.0,0.0
981,DIAGONAL_GAUSSIAN,6,22001,981,9.686923,9.48065,0.20627308,981,1,-0.41188717,0.0,1.0
982,DIAGONAL_GAUSSIAN,6,22001,982,4.545541,7.8123517,-3.266811,203,0,1.330472,0.0,0.0
983,DIAGONAL_GAUSSIAN,6,22001,983,12.3786335,7.623369,4.7552643,983,1,0.7170596,0.0,0.0
984,DIAGONAL_GAUSSIAN,6,22001,984,14.074337,3.5899932,10.484344,984,1,-0.2101202,0.0,0.0
985,DIAGONAL_GAUSSIAN,6,22001,985,9.521905,7.598257,1.9236479,985,1,-0.21923018,0.0,0.0
986,DIAGONAL_GAUSSIAN,6,22001,986,14.337586,5.255781,9.081805,986,1,0.03549862,0.0,0.0
987,DIAGONAL_GAUSSIAN,6,22001,987,13.645484,14.948069,-1.3025846,998,0,-0.6048069,0.0,0.0
988,DIAGONAL_GAUSSIAN,6,22001,988,13.7151785,6.5376825,7.177496,988,1,1.2622814,0.0,0.0
989,DIAGONAL_GAUSSIAN,6,22001,989,11.779659,6.698499,5.08116,989,1,2.0373907,0.0,0.0
990,DIAGONAL_GAUSSIAN,6,22001,990,14.6369295,6.9801106,7.656819,990,1,0.5642514,0.0,0.0
991,DIAGONAL_GAUSSIAN,6,22001,991,14.011369,8.966891,5.0444775,991,1,0.15546894,0.0,0.0
992,DIAGONAL_GAUSSIAN,6,22001,992,12.888609,11.226899,1.6617098,992,1,-0.11079979,0.0,0.0
993,DIAGONAL_GAUSSIAN,6,22001,993,14.44474,6.2235913,8.221149,993,1,0.098875046,0.0,0.0
994,DIAGONAL_GAUSSIAN,6,22001,994,12.613221,5.4485645,7.1646566,994,1,-0.17033339,0.0,0.0
995,DIAGONAL_GAUSSIAN,6,22001,995,15.415489,5.502511,9.912978,995,1,0.05797577,0.0,0.0
996,DIAGONAL_GAUSSIAN,6,22001,996,14.513501,6.5176244,7.995877,996,1,0.09139967,0.0,0.0
997,DIAGONAL_GAUSSIAN,6,22001,997,11.216973,10.954863,0.2621107,997,1,0.108244896,0.0,0.0
998,DIAGONAL_GAUSSIAN,6,22001,998,13.480158,12.90248,0.5776777,998,1,0.21487331,0.0,0.0
999,DIAGONAL_GAUSSIAN,6,22001,999,5.1093984,6.165537,-1.0561385,876,0,-0.3130889,0.0,0.0
0,DIAGONAL_GAUSSIAN,6,22002,0,14.003923,5.923594,8.08033,0,1,0.034830093,0.0,0.0
1,DIAGONAL_GAUSSIAN,6,22002,1,12.390864,6.4086347,5.9822297,1,1,0.55168104,0.0,0.0
2,DIAGONAL_GAUSSIAN,6,22002,2,14.388059,9.931716,4.4563427,2,1,0.02675438,0.0,0.0
3,DIAGONAL_GAUSSIAN,6,22002,3,13.158754,11.061676,2.0970783,3,1,1.4848547,0.0,0.0
4,DIAGONAL_GAUSSIAN,6,22002,4,14.037755,9.66297,4.3747854,4,1,0.10754967,0.0,0.0
5,DIAGONAL_GAUSSIAN,6,22002,5,14.53713,6.354511,8.182619,5,1,-0.12455559,0.0,0.0
6,DIAGONAL_GAUSSIAN,6,22002,6,8.330179,10.571331,-2.2411518,5,0,0.41790962,0.0,0.0
7,DIAGONAL_GAUSSIAN,6,22002,7,13.773506,8.75081,5.0226965,7,1,0.51429176,0.0,0.0
8,DIAGONAL_GAUSSIAN,6,22002,8,12.926561,10.144945,2.7816162,8,1,0.22792625,0.0,0.0
9,DIAGONAL_GAUSSIAN,6,22002,9,13.176833,6.092715,7.0841184,9,1,-1.8403425,0.0,0.0
10,DIAGONAL_GAUSSIAN,6,22002,10,14.256392,6.7939863,7.462405,10,1,0.9284258,0.0,0.0
11,DIAGONAL_GAUSSIAN,6,22002,11,11.368115,9.02695,2.3411655,11,1,-1.5908108,0.0,0.0
12,DIAGONAL_GAUSSIAN,6,22002,12,4.312006,6.295322,-1.983316,912,0,-1.2926643,0.0,0.0
13,DIAGONAL_GAUSSIAN,6,22002,13,4.8887944,7.142689,-2.2538948,996,0,4.529447,1.0,0.0
14,DIAGONAL_GAUSSIAN,6,22002,14,14.152713,6.350537,7.802176,14,1,-1.1284308,0.0,0.0
15,DIAGONAL_GAUSSIAN,6,22002,15,13.607575,7.70794,5.8996353,15,1,0.54469776,0.0,0.0
16,DIAGONAL_GAUSSIAN,6,22002,16,14.162621,6.164449,7.9981713,16,1,-1.0958905,0.0,0.0
17,DIAGONAL_GAUSSIAN,6,22002,17,10.622138,6.793172,3.8289661,17,1,-2.0641432,0.0,0.0
18,DIAGONAL_GAUSSIAN,6,22002,18,11.975718,9.070539,2.905178,18,1,0.19930649,0.0,0.0
19,DIAGONAL_GAUSSIAN,6,22002,19,13.794644,5.402075,8.39257,19,1,0.010419846,0.0,0.0
20,DIAGONAL_GAUSSIAN,6,22002,20,13.439848,5.4435153,7.9963326,20,1,0.2904067,0.0,0.0
21,DIAGONAL_GAUSSIAN,6,22002,21,3.3784773,7.145792,-3.7673147,138,0,-0.33929944,0.0,0.0
22,DIAGONAL_GAUSSIAN,6,22002,22,14.0625305,7.6460114,6.416519,22,1,-0.7783232,0.0,0.0
23,DIAGONAL_GAUSSIAN,6,22002,23,9.752392,10.3748,-0.6224079,22,0,1.9411268,1.0,0.0
24,DIAGONAL_GAUSSIAN,6,22002,24,14.593115,3.6609201,10.932195,24,1,-0.0011253357,0.0,0.0
25,DIAGONAL_GAUSSIAN,6,22002,25,13.730802,9.022502,4.7082996,25,1,0.4686823,0.0,0.0
26,DIAGONAL_GAUSSIAN,6,22002,26,9.508671,14.479833,-4.971162,28,0,0.5844269,0.0,0.0
27,DIAGONAL_GAUSSIAN,6,22002,27,9.533829,13.949561,-4.4157324,26,0,-0.38507175,0.0,0.0
28,DIAGONAL_GAUSSIAN,6,22002,28,13.7999325,9.971346,3.8285866,28,1,-1.2390652,0.0,0.0
29,DIAGONAL_GAUSSIAN,6,22002,29,15.143673,6.5994773,8.544195,29,1,-0.36489964,0.0,0.0
30,DIAGONAL_GAUSSIAN,6,22002,30,13.2938595,8.583461,4.7103987,30,1,-0.797678,0.0,0.0
31,DIAGONAL_GAUSSIAN,6,22002,31,11.017572,13.409539,-2.3919668,32,0,0.013612747,0.0,0.0
32,DIAGONAL_GAUSSIAN,6,22002,32,8.541572,8.099303,0.44226837,32,1,-0.7551718,0.0,1.0
33,DIAGONAL_GAUSSIAN,6,22002,33,9.561748,7.596187,1.9655604,33,1,0.8234329,0.0,0.0
34,DIAGONAL_GAUSSIAN,6,22002,34,3.8678389,11.854351,-7.986512,980,0,-0.43662548,0.0,0.0
35,DIAGONAL_GAUSSIAN,6,22002,35,13.861838,11.74681,2.1150284,35,1,0.13001823,0.0,0.0
36,DIAGONAL_GAUSSIAN,6,22002,36,14.577599,12.187705,2.3898935,36,1,-0.48600483,0.0,0.0
37,DIAGONAL_GAUSSIAN,6,22002,37,12.083805,11.064486,1.0193195,37,1,-0.5826845,0.0,0.0
38,DIAGONAL_GAUSSIAN,6,22002,38,10.588798,7.0627885,3.526009,38,1,1.0140953,0.0,0.0
39,DIAGONAL_GAUSSIAN,6,22002,39,13.9696455,6.7753654,7.19428,39,1,-0.59183645,0.0,0.0
40,DIAGONAL_GAUSSIAN,6,22002,40,14.487141,12.309423,2.1777172,40,1,-0.31880093,0.0,0.0
41,DIAGONAL_GAUSSIAN,6,22002,41,12.21898,9.276841,2.9421387,41,1,0.68531513,0.0,0.0
42,DIAGONAL_GAUSSIAN,6,22002,42,14.386774,7.813148,6.573626,42,1,0.14288568,0.0,0.0
43,DIAGONAL_GAUSSIAN,6,22002,43,14.770225,4.379207,10.391018,43,1,-0.08618069,0.0,0.0
44,DIAGONAL_GAUSSIAN,6,22002,44,14.395648,7.152359,7.243289,44,1,0.033181667,0.0,0.0
45,DIAGONAL_GAUSSIAN,6,22002,45,4.905029,5.956063,-1.051034,41,0,0.5408063,0.0,0.0
46,DIAGONAL_GAUSSIAN,6,22002,46,6.703626,12.897988,-6.194362,47,0,0.75427914,0.0,0.0
47,DIAGONAL_GAUSSIAN,6,22002,47,14.884647,5.461221,9.423426,47,1,0.24344063,0.0,0.0
48,DIAGONAL_GAUSSIAN,6,22002,48,13.913476,5.8381834,8.075293,48,1,0.26793098,0.0,0.0
49,DIAGONAL_GAUSSIAN,6,22002,49,7.4798503,9.3172655,-1.8374152,975,0,-0.024322033,0.0,0.0
50,DIAGONAL_GAUSSIAN,6,22002,50,5.345743,11.058023,-5.7122803,62,0,0.47178602,0.0,0.0
51,DIAGONAL_GAUSSIAN,6,22002,51,10.065206,6.5731664,3.4920392,51,1,-2.7140765,0.0,0.0
52,DIAGONAL_GAUSSIAN,6,22002,52,14.626135,8.549933,6.0762014,52,1,0.97919846,0.0,0.0
53,DIAGONAL_GAUSSIAN,6,22002,53,14.346961,9.666896,4.680065,53,1,0.912426,0.0,0.0
54,DIAGONAL_GAUSSIAN,6,22002,54,8.716347,13.919732,-5.2033854,66,0,-0.41306114,0.0,0.0
55,DIAGONAL_GAUSSIAN,6,22002,55,8.437394,11.309808,-2.8724136,64,0,0.03885269,0.0,0.0
56,DIAGONAL_GAUSSIAN,6,22002,56,13.727945,8.60137,5.1265755,56,1,0.10458374,0.0,0.0
57,DIAGONAL_GAUSSIAN,6,22002,57,6.79092,7.978014,-1.1870942,65,0,-0.89129925,0.0,0.0
58,DIAGONAL_GAUSSIAN,6,22002,58,13.90943,10.14571,3.7637196,58,1,-0.18806648,0.0,0.0
59,DIAGONAL_GAUSSIAN,6,22002,59,13.294528,9.76935,3.525178,59,1,-0.23441315,0.0,0.0
60,DIAGONAL_GAUSSIAN,6,22002,60,11.727119,9.926554,1.8005657,60,1,0.63387966,0.0,0.0
61,DIAGONAL_GAUSSIAN,6,22002,61,14.181472,7.9393263,6.2421455,61,1,-0.62660503,0.0,0.0
62,DIAGONAL_GAUSSIAN,6,22002,62,11.081778,10.1723795,0.9093981,62,1,0.21952248,0.0,0.0
63,DIAGONAL_GAUSSIAN,6,22002,63,15.077729,8.071326,7.006403,63,1,-0.20506859,0.0,0.0
64,DIAGONAL_GAUSSIAN,6,22002,64,8.007803,7.5799046,0.4278984,64,1,-1.3732114,0.0,1.0
65,DIAGONAL_GAUSSIAN,6,22002,65,15.038723,8.119473,6.9192495,65,1,0.25262928,0.0,0.0
66,DIAGONAL_GAUSSIAN,6,22002,66,14.178897,12.794377,1.3845196,66,1,-0.31948757,0.0,0.0
67,DIAGONAL_GAUSSIAN,6,22002,67,14.422542,11.120446,3.3020954,67,1,0.304554,0.0,0.0
68,DIAGONAL_GAUSSIAN,6,22002,68,12.47368,13.3532,-0.8795204,66,0,0.43171215,0.0,0.0
69,DIAGONAL_GAUSSIAN,6,22002,69,13.357663,7.0002394,6.357424,69,1,1.5429988,0.0,0.0
70,DIAGONAL_GAUSSIAN,6,22002,70,15.01732,6.2679625,8.749357,70,1,0.5324688,0.0,0.0
71,DIAGONAL_GAUSSIAN,6,22002,71,14.371999,5.0043216,9.367678,71,1,-0.38645554,0.0,0.0
72,DIAGONAL_GAUSSIAN,6,22002,72,12.865826,11.119963,1.745863,72,1,-0.5223198,0.0,0.0
73,DIAGONAL_GAUSSIAN,6,22002,73,14.411467,10.278996,4.13247,73,1,0.1352396,0.0,0.0
74,DIAGONAL_GAUSSIAN,6,22002,74,11.356892,13.072027,-1.7151356,73,0,-0.49879646,0.0,0.0
75,DIAGONAL_GAUSSIAN,6,22002,75,12.274238,9.235317,3.0389204,75,1,0.89161205,0.0,0.0
76,DIAGONAL_GAUSSIAN,6,22002,76,12.968567,9.588621,3.3799458,76,1,-0.47050285,0.0,0.0
77,DIAGONAL_GAUSSIAN,6,22002,77,11.162906,10.766443,0.39646244,77,1,0.3521576,0.0,0.0
78,DIAGONAL_GAUSSIAN,6,22002,78,15.593436,6.3499885,9.243448,78,1,-0.28153992,0.0,0.0
79,DIAGONAL_GAUSSIAN,6,22002,79,14.0050535,6.473787,7.5312667,79,1,0.42894363,0.0,0.0
80,DIAGONAL_GAUSSIAN,6,22002,80,15.242419,6.689523,8.5528965,80,1,-0.85656404,0.0,0.0
81,DIAGONAL_GAUSSIAN,6,22002,81,13.562599,5.127369,8.43523,81,1,0.011182785,0.0,0.0
82,DIAGONAL_GAUSSIAN,6,22002,82,14.119839,11.211219,2.9086199,82,1,-0.12673378,0.0,0.0
83,DIAGONAL_GAUSSIAN,6,22002,83,15.10905,8.301176,6.8078737,83,1,0.64280367,0.0,0.0
84,DIAGONAL_GAUSSIAN,6,22002,84,14.000759,4.1609244,9.839834,84,1,-0.16780472,0.0,0.0
85,DIAGONAL_GAUSSIAN,6,22002,85,11.195007,8.890823,2.304184,85,1,-0.85541725,0.0,0.0
86,DIAGONAL_GAUSSIAN,6,22002,86,13.427978,11.142578,2.2853994,86,1,0.016774178,0.0,0.0
87,DIAGONAL_GAUSSIAN,6,22002,87,4.3940706,5.1207404,-0.7266698,678,0,2.4702868,1.0,0.0
88,DIAGONAL_GAUSSIAN,6,22002,88,14.0655365,5.7468705,8.318666,88,1,0.18278885,0.0,0.0
89,DIAGONAL_GAUSSIAN,6,22002,89,13.364945,4.5016103,8.863335,89,1,0.5055561,0.0,0.0
90,DIAGONAL_GAUSSIAN,6,22002,90,14.505702,5.515728,8.989974,90,1,0.46339512,0.0,0.0
91,DIAGONAL_GAUSSIAN,6,22002,91,14.893866,5.0751386,9.8187275,91,1,-0.40675545,0.0,0.0
92,DIAGONAL_GAUSSIAN,6,22002,92,14.701301,8.204606,6.4966946,92,1,-0.60261154,0.0,0.0
93,DIAGONAL_GAUSSIAN,6,22002,93,10.711301,7.019361,3.6919398,93,1,-1.2108655,0.0,0.0
94,DIAGONAL_GAUSSIAN,6,22002,94,10.645795,12.058311,-1.4125166,95,0,-0.46812916,0.0,0.0
95,DIAGONAL_GAUSSIAN,6,22002,95,13.484435,5.5960135,7.8884215,95,1,0.031345367,0.0,0.0
96,DIAGONAL_GAUSSIAN,6,22002,96,13.875048,6.5851216,7.289926,96,1,-0.20355463,0.0,0.0
97,DIAGONAL_GAUSSIAN,6,22002,97,8.123288,9.886807,-1.7635193,98,0,0.7216244,0.0,0.0
98,DIAGONAL_GAUSSIAN,6,22002,98,14.268746,4.9916177,9.277128,98,1,0.052386284,0.0,0.0
99,DIAGONAL_GAUSSIAN,6,22002,99,12.408205,7.647302,4.760903,99,1,-1.4191346,0.0,0.0
100,DIAGONAL_GAUSSIAN,6,22002,100,14.471353,5.3959312,9.075421,100,1,0.014004707,0.0,0.0
101,DIAGONAL_GAUSSIAN,6,22002,101,13.914672,12.791553,1.1231194,101,1,0.37756443,0.0,0.0
102,DIAGONAL_GAUSSIAN,6,22002,102,13.383487,7.0252075,6.358279,102,1,0.22226381,0.0,0.0
103,DIAGONAL_GAUSSIAN,6,22002,103,14.208574,8.236671,5.971903,103,1,0.38045597,0.0,0.0
104,DIAGONAL_GAUSSIAN,6,22002,104,9.52244,10.969838,-1.4473982,379,0,1.2771549,0.0,0.0
105,DIAGONAL_GAUSSIAN,6,22002,105,14.098066,8.298371,5.799695,105,1,0.22297287,0.0,0.0
106,DIAGONAL_GAUSSIAN,6,22002,106,15.04174,5.312229,9.729511,106,1,-0.061585426,0.0,0.0
107,DIAGONAL_GAUSSIAN,6,22002,107,14.141327,4.8482394,9.293087,107,1,0.33307076,0.0,0.0
108,DIAGONAL_GAUSSIAN,6,22002,108,11.599478,11.480724,0.11875343,108,1,0.9625826,0.0,0.0
109,DIAGONAL_GAUSSIAN,6,22002,109,4.765536,5.1754107,-0.40987492,329,0,0.43991327,1.0,0.0
110,DIAGONAL_GAUSSIAN,6,22002,110,14.690773,5.6776733,9.0131,110,1,-0.26505852,0.0,0.0
111,DIAGONAL_GAUSSIAN,6,22002,111,15.191698,5.9671984,9.2245,111,1,0.0536232,0.0,0.0
112,DIAGONAL_GAUSSIAN,6,22002,112,4.299807,4.818553,-0.5187459,363,0,-0.5582819,0.0,0.0
113,DIAGONAL_GAUSSIAN,6,22002,113,13.844293,7.0228148,6.821478,113,1,0.2741561,0.0,0.0
114,DIAGONAL_GAUSSIAN,6,22002,114,6.688198,9.820289,-3.1320906,110,0,0.2625184,0.0,0.0
115,DIAGONAL_GAUSSIAN,6,22002,115,11.44364,9.205917,2.2377224,115,1,0.17301846,0.0,0.0
116,DIAGONAL_GAUSSIAN,6,22002,116,11.910811,6.11805,5.7927613,116,1,0.29604864,0.0,0.0
117,DIAGONAL_GAUSSIAN,6,22002,117,13.89082,5.389654,8.501165,117,1,-0.29341316,0.0,0.0
118,DIAGONAL_GAUSSIAN,6,22002,118,12.821473,9.055563,3.7659101,118,1,0.17039108,0.0,0.0
119,DIAGONAL_GAUSSIAN,6,22002,119,11.120607,8.424064,2.6965437,119,1,1.1683669,0.0,0.0
120,DIAGONAL_GAUSSIAN,6,22002,120,13.9850855,9.43478,4.5503054,120,1,0.60135746,0.0,0.0
121,DIAGONAL_GAUSSIAN,6,22002,121,12.309056,7.492933,4.8161235,121,1,-0.40791082,0.0,0.0
122,DIAGONAL_GAUSSIAN,6,22002,122,10.257858,5.6045365,4.6533217,122,1,0.19869661,0.0,0.0
123,DIAGONAL_GAUSSIAN,6,22002,123,11.173539,11.570822,-0.3972826,122,0,-0.36963844,0.0,0.0
124,DIAGONAL_GAUSSIAN,6,22002,124,10.002432,11.4030695,-1.4006376,121,0,0.75179195,0.0,0.0
125,DIAGONAL_GAUSSIAN,6,22002,125,14.022046,6.799545,7.2225013,125,1,-0.2265625,0.0,0.0
126,DIAGONAL_GAUSSIAN,6,22002,126,2.7315192,6.7579384,-4.026419,451,0,0.25658584,0.0,0.0
127,DIAGONAL_GAUSSIAN,6,22002,127,13.60703,10.9609585,2.6460714,127,1,0.038816452,0.0,0.0
128,DIAGONAL_GAUSSIAN,6,22002,128,13.029582,8.64664,4.382942,128,1,-0.43709564,0.0,0.0
129,DIAGONAL_GAUSSIAN,6,22002,129,14.3371105,5.443531,8.8935795,129,1,-0.16733265,0.0,0.0
130,DIAGONAL_GAUSSIAN,6,22002,130,13.587176,5.6768417,7.9103346,130,1,-0.006263256,0.0,0.0
131,DIAGONAL_GAUSSIAN,6,22002,131,12.218485,9.4387865,2.7796984,131,1,-0.5142317,0.0,0.0
132,DIAGONAL_GAUSSIAN,6,22002,132,12.311784,9.557463,2.754321,132,1,0.6877899,0.0,0.0
133,DIAGONAL_GAUSSIAN,6,22002,133,14.824061,5.322288,9.501774,133,1,-0.19479847,0.0,0.0
134,DIAGONAL_GAUSSIAN,6,22002,134,11.916832,8.715829,3.201003,134,1,-0.34312725,0.0,0.0
135,DIAGONAL_GAUSSIAN,6,22002,135,14.992349,5.477412,9.514936,135,1,-0.149539,0.0,0.0
136,DIAGONAL_GAUSSIAN,6,22002,136,14.02066,9.576029,4.4446316,136,1,2.5235863,0.0,0.0
137,DIAGONAL_GAUSSIAN,6,22002,137,13.938232,7.2864633,6.651769,137,1,-0.29940796,0.0,0.0
138,DIAGONAL_GAUSSIAN,6,22002,138,14.404391,9.798618,4.605773,138,1,-2.9895086,0.0,0.0
139,DIAGONAL_GAUSSIAN,6,22002,139,13.494088,6.5244403,6.969648,139,1,-0.7382102,0.0,0.0
140,DIAGONAL_GAUSSIAN,6,22002,140,13.441588,9.118851,4.3227377,140,1,0.31220627,0.0,0.0
141,DIAGONAL_GAUSSIAN,6,22002,141,14.025882,7.5685706,6.457311,141,1,0.78267574,0.0,0.0
142,DIAGONAL_GAUSSIAN,6,22002,142,13.765458,6.9416223,6.823836,142,1,-0.21075392,0.0,0.0
143,DIAGONAL_GAUSSIAN,6,22002,143,14.573312,5.6977696,8.875542,143,1,-0.46837616,0.0,0.0
144,DIAGONAL_GAUSSIAN,6,22002,144,8.176949,11.123162,-2.9462137,146,0,-0.70261097,0.0,0.0
145,DIAGONAL_GAUSSIAN,6,22002,145,6.806657,4.884333,1.9223237,145,1,-0.9955845,0.0,0.0
146,DIAGONAL_GAUSSIAN,6,22002,146,13.297913,4.815726,8.482187,146,1,0.51954556,0.0,0.0
147,DIAGONAL_GAUSSIAN,6,22002,147,13.670876,4.816978,8.853897,147,1,-0.06043625,0.0,0.0
148,DIAGONAL_GAUSSIAN,6,22002,148,13.450456,5.928863,7.5215926,148,1,0.06255102,0.0,0.0
149,DIAGONAL_GAUSSIAN,6,22002,149,14.352359,5.862833,8.489526,149,1,0.17887592,0.0,0.0
150,DIAGONAL_GAUSSIAN,6,22002,150,12.8814,7.392852,5.4885483,150,1,1.3144002,0.0,0.0
151,DIAGONAL_GAUSSIAN,6,22002,151,8.806897,11.225894,-2.4189968,162,0,0.2406969,0.0,0.0
152,DIAGONAL_GAUSSIAN,6,22002,152,13.746957,8.719865,5.027092,152,1,0.53363705,0.0,0.0
153,DIAGONAL_GAUSSIAN,6,22002,153,11.351256,11.37782,-0.026563644,203,0,1.0510731,1.0,0.0
154,DIAGONAL_GAUSSIAN,6,22002,154,14.471837,6.5272236,7.9446135,154,1,0.10602093,0.0,0.0
155,DIAGONAL_GAUSSIAN,6,22002,155,10.707105,11.491287,-0.78418255,154,0,-0.74771404,0.0,0.0
156,DIAGONAL_GAUSSIAN,6,22002,156,11.716031,10.52863,1.1874008,156,1,0.09816742,0.0,0.0
157,DIAGONAL_GAUSSIAN,6,22002,157,12.359637,8.190082,4.1695557,157,1,-0.03561783,0.0,0.0
158,DIAGONAL_GAUSSIAN,6,22002,158,10.330021,11.634158,-1.3041372,237,0,1.3245659,1.0,0.0
159,DIAGONAL_GAUSSIAN,6,22002,159,14.136331,8.3898735,5.746457,159,1,-0.18606853,0.0,0.0
160,DIAGONAL_GAUSSIAN,6,22002,160,14.378392,5.264086,9.114306,160,1,-0.85752964,0.0,0.0
161,DIAGONAL_GAUSSIAN,6,22002,161,14.280777,8.490765,5.7900124,161,1,0.14623356,0.0,0.0
162,DIAGONAL_GAUSSIAN,6,22002,162,14.0219965,9.508127,4.5138693,162,1,-1.1462431,0.0,0.0
163,DIAGONAL_GAUSSIAN,6,22002,163,11.224375,8.898067,2.3263073,163,1,-0.6580515,0.0,0.0
164,DIAGONAL_GAUSSIAN,6,22002,164,12.894944,9.776119,3.118825,164,1,-0.59277153,0.0,0.0
165,DIAGONAL_GAUSSIAN,6,22002,165,14.727492,7.83843,6.8890624,165,1,0.14312077,0.0,0.0
166,DIAGONAL_GAUSSIAN,6,22002,166,8.849158,7.853544,0.99561405,166,1,-2.976935,0.0,1.0
167,DIAGONAL_GAUSSIAN,6,22002,167,9.722873,13.274518,-3.5516453,164,0,0.28029156,0.0,0.0
168,DIAGONAL_GAUSSIAN,6,22002,168,12.260296,11.099631,1.1606646,168,1,-0.56304455,0.0,0.0
169,DIAGONAL_GAUSSIAN,6,22002,169,14.489155,7.3917365,7.0974183,169,1,0.096915245,0.0,0.0
170,DIAGONAL_GAUSSIAN,6,22002,170,12.340125,10.205373,2.1347523,170,1,-0.57317924,0.0,0.0
171,DIAGONAL_GAUSSIAN,6,22002,171,14.405713,9.811518,4.5941954,171,1,0.74222374,0.0,0.0
172,DIAGONAL_GAUSSIAN,6,22002,172,14.500552,8.630403,5.8701496,172,1,-0.07934952,0.0,0.0
173,DIAGONAL_GAUSSIAN,6,22002,173,14.690741,7.2705493,7.4201913,173,1,1.5473018,0.0,0.0
174,DIAGONAL_GAUSSIAN,6,22002,174,11.117482,8.094686,3.0227966,174,1,-1.5283651,0.0,0.0
175,DIAGONAL_GAUSSIAN,6,22002,175,11.757617,10.89017,0.8674469,175,1,-0.5908966,0.0,0.0
176,DIAGONAL_GAUSSIAN,6,22002,176,10.80663,13.962179,-3.155549,172,0,-1.1943893,0.0,0.0
177,DIAGONAL_GAUSSIAN,6,22002,177,13.007924,11.982616,1.0253077,177,1,-1.3073549,0.0,1.0
178,DIAGONAL_GAUSSIAN,6,22002,178,14.4813385,8.340166,6.1411724,178,1,-0.9782772,0.0,0.0
179,DIAGONAL_GAUSSIAN,6,22002,179,11.053174,11.166071,-0.11289692,180,0,0.27453423,1.0,0.0
180,DIAGONAL_GAUSSIAN,6,22002,180,12.211005,10.700913,1.5100918,180,1,0.28922272,0.0,0.0
181,DIAGONAL_GAUSSIAN,6,22002,181,13.205138,7.3586426,5.8464956,181,1,0.5298848,0.0,0.0
182,DIAGONAL_GAUSSIAN,6,22002,182,12.667147,7.081954,5.5851927,182,1,1.0549002,0.0,0.0
183,DIAGONAL_GAUSSIAN,6,22002,183,14.340851,6.802066,7.538785,183,1,-0.21162558,0.0,0.0
184,DIAGONAL_GAUSSIAN,6,22002,184,15.578348,7.626949,7.9513993,184,1,0.5507493,0.0,0.0
185,DIAGONAL_GAUSSIAN,6,22002,185,12.608522,9.996708,2.6118145,185,1,1.6954451,0.0,0.0
186,DIAGONAL_GAUSSIAN,6,22002,186,14.611368,11.628924,2.9824438,186,1,-0.40304184,0.0,0.0
187,DIAGONAL_GAUSSIAN,6,22002,187,10.527657,10.652635,-0.124978065,193,0,1.722003,1.0,0.0
188,DIAGONAL_GAUSSIAN,6,22002,188,14.784594,11.905626,2.8789673,188,1,0.25773716,0.0,0.0
189,DIAGONAL_GAUSSIAN,6,22002,189,13.222957,12.092524,1.1304331,189,1,0.09151745,0.0,0.0
190,DIAGONAL_GAUSSIAN,6,22002,190,10.904595,10.796825,0.107769966,190,1,2.799739,0.0,0.0
191,DIAGONAL_GAUSSIAN,6,22002,191,12.46231,9.238817,3.2234926,191,1,-1.2388954,0.0,0.0
192,DIAGONAL_GAUSSIAN,6,22002,192,3.9512405,7.4751177,-3.5238771,179,0,-0.13637209,0.0,0.0
193,DIAGONAL_GAUSSIAN,6,22002,193,14.787777,10.711,4.0767765,193,1,2.1574411,0.0,0.0
194,DIAGONAL_GAUSSIAN,6,22002,194,14.658341,8.342034,6.316307,194,1,0.6182456,0.0,0.0
195,DIAGONAL_GAUSSIAN,6,22002,195,13.192711,8.124681,5.0680294,195,1,0.10402727,0.0,0.0
196,DIAGONAL_GAUSSIAN,6,22002,196,9.023006,14.969467,-5.9464607,198,0,-0.567256,0.0,0.0
197,DIAGONAL_GAUSSIAN,6,22002,197,9.692559,7.481852,2.2107072,197,1,-0.55216646,0.0,0.0
198,DIAGONAL_GAUSSIAN,6,22002,198,13.314575,11.586833,1.7277422,198,1,0.54632473,0.0,0.0
199,DIAGONAL_GAUSSIAN,6,22002,199,9.943376,10.328938,-0.38556194,198,0,-0.75934696,0.0,0.0
200,DIAGONAL_GAUSSIAN,6,22002,200,12.707248,10.442218,2.26503,200,1,0.23747826,0.0,0.0
201,DIAGONAL_GAUSSIAN,6,22002,201,11.537365,11.87362,-0.33625507,193,0,-0.20399189,0.0,0.0
202,DIAGONAL_GAUSSIAN,6,22002,202,12.049739,10.026143,2.0235958,202,1,-0.12541008,0.0,0.0
203,DIAGONAL_GAUSSIAN,6,22002,203,7.019683,7.9135785,-0.8938956,153,0,-0.594676,0.0,0.0
204,DIAGONAL_GAUSSIAN,6,22002,204,10.594128,10.8742895,-0.28016186,200,0,-1.2153435,0.0,0.0
205,DIAGONAL_GAUSSIAN,6,22002,205,12.370004,7.802494,4.5675097,205,1,-0.21992779,0.0,0.0
206,DIAGONAL_GAUSSIAN,6,22002,206,12.687025,8.834766,3.8522587,206,1,0.14138031,0.0,0.0
207,DIAGONAL_GAUSSIAN,6,22002,207,12.539646,6.926363,5.613283,207,1,-0.29959536,0.0,0.0
208,DIAGONAL_GAUSSIAN,6,22002,208,3.5500913,10.740287,-7.1901956,260,0,-0.0003848076,0.0,0.0
209,DIAGONAL_GAUSSIAN,6,22002,209,12.319649,8.45738,3.8622684,209,1,1.4674406,0.0,0.0
210,DIAGONAL_GAUSSIAN,6,22002,210,13.298159,5.5835214,7.7146373,210,1,-0.14642572,0.0,0.0
211,DIAGONAL_GAUSSIAN,6,22002,211,13.679382,6.7683616,6.9110208,211,1,0.14840078,0.0,0.0
212,DIAGONAL_GAUSSIAN,6,22002,212,13.480478,5.582141,7.8983374,212,1,1.0077524,0.0,0.0
213,DIAGONAL_GAUSSIAN,6,22002,213,6.9660506,11.216197,-4.2501464,218,0,1.302484,0.0,0.0
214,DIAGONAL_GAUSSIAN,6,22002,214,12.62802,6.1154637,6.5125566,214,1,1.3580484,0.0,0.0
215,DIAGONAL_GAUSSIAN,6,22002,215,14.879468,9.6064205,5.2730474,215,1,-0.035668373,0.0,0.0
216,DIAGONAL_GAUSSIAN,6,22002,216,14.913396,7.4200034,7.4933925,216,1,-0.18909454,0.0,0.0
217,DIAGONAL_GAUSSIAN,6,22002,217,12.348237,7.8101883,4.5380487,217,1,0.5416436,0.0,0.0
218,DIAGONAL_GAUSSIAN,6,22002,218,14.600007,8.906845,5.693162,218,1,-0.035401344,0.0,0.0
219,DIAGONAL_GAUSSIAN,6,22002,219,12.225614,8.00131,4.2243032,219,1,1.0559158,0.0,0.0
220,DIAGONAL_GAUSSIAN,6,22002,220,15.066394,9.340218,5.7261763,220,1,0.009962082,0.0,0.0
221,DIAGONAL_GAUSSIAN,6,22002,221,11.883199,8.593753,3.2894459,221,1,0.4597969,0.0,0.0
222,DIAGONAL_GAUSSIAN,6,22002,222,13.169388,9.649124,3.5202637,222,1,2.7053428,0.0,0.0
223,DIAGONAL_GAUSSIAN,6,22002,223,14.390419,6.124219,8.2662,223,1,-0.75438213,0.0,0.0
224,DIAGONAL_GAUSSIAN,6,22002,224,14.517209,6.426957,8.090252,224,1,0.6819477,0.0,0.0
225,DIAGONAL_GAUSSIAN,6,22002,225,13.660785,7.0540776,6.606707,225,1,-0.040872574,0.0,0.0
226,DIAGONAL_GAUSSIAN,6,22002,226,3.1290927,7.1796703,-4.0505776,210,0,-0.49068785,0.0,0.0
227,DIAGONAL_GAUSSIAN,6,22002,227,9.131064,6.8710475,2.260017,227,1,0.491076,0.0,0.0
228,DIAGONAL_GAUSSIAN,6,22002,228,14.465013,5.3720384,9.092974,228,1,-0.5573149,0.0,0.0
229,DIAGONAL_GAUSSIAN,6,22002,229,14.288312,7.9362535,6.3520584,229,1,0.11982679,0.0,0.0
230,DIAGONAL_GAUSSIAN,6,22002,230,4.072275,8.031018,-3.958743,253,0,-0.36189842,0.0,0.0
231,DIAGONAL_GAUSSIAN,6,22002,231,10.078694,14.297028,-4.2183332,230,0,-0.28422356,0.0,0.0
232,DIAGONAL_GAUSSIAN,6,22002,232,11.206176,9.170226,2.0359497,232,1,0.0049238205,0.0,0.0
233,DIAGONAL_GAUSSIAN,6,22002,233,14.818054,8.318713,6.499341,233,1,0.9659109,0.0,0.0
234,DIAGONAL_GAUSSIAN,6,22002,234,9.015218,9.291834,-0.2766161,240,0,0.9460106,1.0,0.0
235,DIAGONAL_GAUSSIAN,6,22002,235,10.741883,11.223468,-0.48158455,225,0,0.77268124,1.0,0.0
236,DIAGONAL_GAUSSIAN,6,22002,236,10.997183,10.491362,0.5058212,236,1,0.23062897,0.0,0.0
237,DIAGONAL_GAUSSIAN,6,22002,237,13.860981,10.216456,3.6445246,237,1,-0.023799896,0.0,0.0
238,DIAGONAL_GAUSSIAN,6,22002,238,13.502276,11.705854,1.796422,238,1,-0.0107450485,0.0,0.0
239,DIAGONAL_GAUSSIAN,6,22002,239,12.692026,10.4082,2.2838259,239,1,-0.92995834,0.0,0.0
240,DIAGONAL_GAUSSIAN,6,22002,240,11.830278,13.942747,-2.1124687,238,0,-0.8200245,0.0,0.0
241,DIAGONAL_GAUSSIAN,6,22002,241,12.53677,11.954606,0.5821638,241,1,0.8893385,0.0,0.0
242,DIAGONAL_GAUSSIAN,6,22002,242,13.437722,7.6416326,5.7960896,242,1,-0.9561143,0.0,0.0
243,DIAGONAL_GAUSSIAN,6,22002,243,14.1740675,10.120603,4.053465,243,1,0.087225914,0.0,0.0
244,DIAGONAL_GAUSSIAN,6,22002,244,14.024574,10.357426,3.6671486,244,1,-0.0205822,0.0,0.0
245,DIAGONAL_GAUSSIAN,6,22002,245,13.234821,8.9116,4.323221,245,1,0.030409813,0.0,0.0
246,DIAGONAL_GAUSSIAN,6,22002,246,9.262318,9.755008,-0.4926901,251,0,-0.1712017,0.0,0.0
247,DIAGONAL_GAUSSIAN,6,22002,247,14.351292,5.4472203,8.904072,247,1,-0.10312462,0.0,0.0
248,DIAGONAL_GAUSSIAN,6,22002,248,11.736063,11.049276,0.68678665,248,1,0.10849857,0.0,0.0
249,DIAGONAL_GAUSSIAN,6,22002,249,14.730811,8.261877,6.468934,249,1,0.19370365,0.0,0.0
250,DIAGONAL_GAUSSIAN,6,22002,250,13.187939,12.564216,0.62372303,250,1,-0.96395206,0.0,1.0
251,DIAGONAL_GAUSSIAN,6,22002,251,11.97828,6.372341,5.605939,251,1,0.93633556,0.0,0.0
252,DIAGONAL_GAUSSIAN,6,22002,252,13.589768,8.415369,5.1743994,252,1,0.50901127,0.0,0.0
253,DIAGONAL_GAUSSIAN,6,22002,253,14.990138,6.2344184,8.75572,253,1,1.016511,0.0,0.0
254,DIAGONAL_GAUSSIAN,6,22002,254,13.109273,6.686611,6.422662,254,1,-0.40626097,0.0,0.0
255,DIAGONAL_GAUSSIAN,6,22002,255,13.524634,5.9738846,7.55075,255,1,1.1809053,0.0,0.0
256,DIAGONAL_GAUSSIAN,6,22002,256,11.924492,10.09563,1.8288622,256,1,-1.4331675,0.0,0.0
257,DIAGONAL_GAUSSIAN,6,22002,257,12.609598,8.73534,3.874258,257,1,-0.2455368,0.0,0.0
258,DIAGONAL_GAUSSIAN,6,22002,258,13.3903475,9.515187,3.8751602,258,1,1.5113392,0.0,0.0
259,DIAGONAL_GAUSSIAN,6,22002,259,13.31658,8.5528145,4.7637653,259,1,-1.0345688,0.0,0.0
260,DIAGONAL_GAUSSIAN,6,22002,260,12.294245,8.024655,4.2695894,260,1,-0.3688407,0.0,0.0
261,DIAGONAL_GAUSSIAN,6,22002,261,14.302062,8.00404,6.2980223,261,1,-0.7638893,0.0,0.0
262,DIAGONAL_GAUSSIAN,6,22002,262,13.4252825,7.55021,5.8750725,262,1,0.7963934,0.0,0.0
263,DIAGONAL_GAUSSIAN,6,22002,263,12.324016,10.999767,1.3242483,263,1,-0.43933582,0.0,0.0
264,DIAGONAL_GAUSSIAN,6,22002,264,15.256136,7.715061,7.5410748,264,1,0.07096577,0.0,0.0
265,DIAGONAL_GAUSSIAN,6,22002,265,-0.43252677,7.4722877,-7.9048142,727,0,0.3629036,0.0,0.0
266,DIAGONAL_GAUSSIAN,6,22002,266,12.083107,12.227416,-0.14430904,265,0,-0.38947487,0.0,0.0
267,DIAGONAL_GAUSSIAN,6,22002,267,14.31771,6.9979367,7.319773,267,1,0.24062347,0.0,0.0
268,DIAGONAL_GAUSSIAN,6,22002,268,14.166366,6.3614807,7.804885,268,1,-0.52179766,0.0,0.0
269,DIAGONAL_GAUSSIAN,6,22002,269,12.804027,11.637386,1.1666403,269,1,0.10243511,0.0,0.0
270,DIAGONAL_GAUSSIAN,6,22002,270,14.334504,11.147666,3.1868382,270,1,0.07188034,0.0,0.0
271,DIAGONAL_GAUSSIAN,6,22002,271,6.457259,15.412582,-8.955323,274,0,-0.3714609,0.0,0.0
272,DIAGONAL_GAUSSIAN,6,22002,272,13.059164,11.686197,1.3729668,272,1,-0.07710934,0.0,0.0
273,DIAGONAL_GAUSSIAN,6,22002,273,13.711311,10.31916,3.3921509,273,1,1.1483727,0.0,0.0
274,DIAGONAL_GAUSSIAN,6,22002,274,15.372013,6.678649,8.693364,274,1,-0.041537285,0.0,0.0
275,DIAGONAL_GAUSSIAN,6,22002,275,13.740627,8.236616,5.504011,275,1,-0.18687057,0.0,0.0
276,DIAGONAL_GAUSSIAN,6,22002,276,12.940155,9.281625,3.6585302,276,1,0.1998043,0.0,0.0
277,DIAGONAL_GAUSSIAN,6,22002,277,10.765191,12.941846,-2.1766548,278,0,-0.022007942,0.0,0.0
278,DIAGONAL_GAUSSIAN,6,22002,278,10.635443,12.831028,-2.1955853,279,0,0.5229902,0.0,0.0
279,DIAGONAL_GAUSSIAN,6,22002,279,14.239148,7.1059113,7.133237,279,1,-0.39809322,0.0,0.0
280,DIAGONAL_GAUSSIAN,6,22002,280,14.577738,8.069181,6.5085564,280,1,-0.3713069,0.0,0.0
281,DIAGONAL_GAUSSIAN,6,22002,281,10.34293,9.407874,0.93505573,281,1,-0.28195763,0.0,0.0
282,DIAGONAL_GAUSSIAN,6,22002,282,9.958603,12.347671,-2.3890676,285,0,-0.41194153,0.0,0.0
283,DIAGONAL_GAUSSIAN,6,22002,283,13.302239,7.526621,5.7756186,283,1,0.1236701,0.0,0.0
284,DIAGONAL_GAUSSIAN,6,22002,284,12.370434,5.5700407,6.800393,284,1,-1.2217932,0.0,0.0
285,DIAGONAL_GAUSSIAN,6,22002,285,10.401664,8.101156,2.3005075,285,1,-0.62429905,0.0,0.0
286,DIAGONAL_GAUSSIAN,6,22002,286,14.665906,6.868904,7.797002,286,1,-0.5258069,0.0,0.0
287,DIAGONAL_GAUSSIAN,6,22002,287,15.050081,4.272301,10.777781,287,1,0.065439224,0.0,0.0
288,DIAGONAL_GAUSSIAN,6,22002,288,14.251124,10.171251,4.079873,288,1,0.24629879,0.0,0.0
289,DIAGONAL_GAUSSIAN,6,22002,289,12.9173765,9.917408,2.9999685,289,1,-0.1739788,0.0,0.0
290,DIAGONAL_GAUSSIAN,6,22002,290,14.0272665,11.637513,2.3897533,290,1,-0.36265182,0.0,0.0
291,DIAGONAL_GAUSSIAN,6,22002,291,12.58132,6.5388565,6.0424633,291,1,0.13181925,0.0,0.0
292,DIAGONAL_GAUSSIAN,6,22002,292,13.382393,10.283611,3.0987816,292,1,-0.72695446,0.0,0.0
293,DIAGONAL_GAUSSIAN,6,22002,293,13.678969,6.222324,7.4566455,293,1,0.24184227,0.0,0.0
294,DIAGONAL_GAUSSIAN,6,22002,294,14.842019,6.1449122,8.697107,294,1,0.08792114,0.0,0.0
295,DIAGONAL_GAUSSIAN,6,22002,295,13.443178,9.889923,3.553255,295,1,0.04777813,0.0,0.0
296,DIAGONAL_GAUSSIAN,6,22002,296,12.677481,7.340484,5.3369966,296,1,1.0262351,0.0,0.0
297,DIAGONAL_GAUSSIAN,6,22002,297,15.182674,5.405951,9.776724,297,1,0.073711395,0.0,0.0
298,DIAGONAL_GAUSSIAN,6,22002,298,8.434286,8.85289,-0.4186039,274,0,-1.6128092,0.0,0.0
299,DIAGONAL_GAUSSIAN,6,22002,299,9.874272,10.924831,-1.050559,359,0,-1.8181558,0.0,0.0
300,DIAGONAL_GAUSSIAN,6,22002,300,13.156416,8.654207,4.5022087,300,1,0.009884834,0.0,0.0
301,DIAGONAL_GAUSSIAN,6,22002,301,13.46901,9.102359,4.3666515,301,1,0.5661249,0.0,0.0
302,DIAGONAL_GAUSSIAN,6,22002,302,8.458593,11.824954,-3.3663607,303,0,-0.043382645,0.0,0.0
303,DIAGONAL_GAUSSIAN,6,22002,303,11.59543,8.224518,3.3709126,303,1,1.0387778,0.0,0.0
304,DIAGONAL_GAUSSIAN,6,22002,304,13.30571,10.484626,2.821084,304,1,-0.90765,0.0,0.0
305,DIAGONAL_GAUSSIAN,6,22002,305,12.573733,8.230373,4.34336,305,1,-0.10054016,0.0,0.0
306,DIAGONAL_GAUSSIAN,6,22002,306,14.862689,5.4551063,9.407583,306,1,0.16298008,0.0,0.0
307,DIAGONAL_GAUSSIAN,6,22002,307,13.6530485,7.101535,6.5515137,307,1,-0.10879183,0.0,0.0
308,DIAGONAL_GAUSSIAN,6,22002,308,11.556853,10.470902,1.0859509,308,1,-0.28395653,0.0,0.0
309,DIAGONAL_GAUSSIAN,6,22002,309,12.767326,5.786927,6.980399,309,1,-0.5001092,0.0,0.0
310,DIAGONAL_GAUSSIAN,6,22002,310,12.064371,10.11114,1.9532309,310,1,0.79376316,0.0,0.0
311,DIAGONAL_GAUSSIAN,6,22002,311,13.85341,10.448358,3.4050522,311,1,-0.15393353,0.0,0.0
312,DIAGONAL_GAUSSIAN,6,22002,312,12.358855,6.9511666,5.4076886,312,1,0.25420046,0.0,0.0
313,DIAGONAL_GAUSSIAN,6,22002,313,13.735298,11.273685,2.4616127,313,1,0.3911867,0.0,0.0
314,DIAGONAL_GAUSSIAN,6,22002,314,12.72966,7.739801,4.989859,314,1,-0.42924166,0.0,0.0
315,DIAGONAL_GAUSSIAN,6,22002,315,9.317009,8.224876,1.0921326,315,1,0.0992918,0.0,0.0
316,DIAGONAL_GAUSSIAN,6,22002,316,13.759367,5.1386385,8.6207285,316,1,-0.05181408,0.0,0.0
317,DIAGONAL_GAUSSIAN,6,22002,317,3.464023,13.97468,-10.510656,318,0,0.24930191,0.0,0.0
318,DIAGONAL_GAUSSIAN,6,22002,318,14.017252,5.48909,8.528162,318,1,0.33961582,0.0,0.0
319,DIAGONAL_GAUSSIAN,6,22002,319,13.721131,8.459402,5.2617292,319,1,-0.14012241,0.0,0.0
320,DIAGONAL_GAUSSIAN,6,22002,320,13.579561,11.017327,2.562234,320,1,-0.02156353,0.0,0.0
321,DIAGONAL_GAUSSIAN,6,22002,321,13.937998,6.639762,7.298236,321,1,-0.07855129,0.0,0.0
322,DIAGONAL_GAUSSIAN,6,22002,322,14.496905,6.978433,7.518472,322,1,0.13548803,0.0,0.0
323,DIAGONAL_GAUSSIAN,6,22002,323,13.91785,6.2251596,7.69269,323,1,-0.1362195,0.0,0.0
324,DIAGONAL_GAUSSIAN,6,22002,324,13.156557,6.2040634,6.9524937,324,1,-0.32525635,0.0,0.0
325,DIAGONAL_GAUSSIAN,6,22002,325,13.11706,6.616544,6.500516,325,1,-0.13592911,0.0,0.0
326,DIAGONAL_GAUSSIAN,6,22002,326,13.024194,9.33434,3.6898537,326,1,1.436985,0.0,0.0
327,DIAGONAL_GAUSSIAN,6,22002,327,13.795952,6.819401,6.976551,327,1,0.05424118,0.0,0.0
328,DIAGONAL_GAUSSIAN,6,22002,328,13.023001,7.26557,5.7574306,328,1,0.1757307,0.0,0.0
329,DIAGONAL_GAUSSIAN,6,22002,329,9.630243,5.3573465,4.272897,329,1,0.2283721,0.0,0.0
330,DIAGONAL_GAUSSIAN,6,22002,330,13.878367,11.978968,1.8993998,330,1,0.66552925,0.0,0.0
331,DIAGONAL_GAUSSIAN,6,22002,331,15.146018,7.483711,7.6623073,331,1,0.069217205,0.0,0.0
332,DIAGONAL_GAUSSIAN,6,22002,332,14.409976,5.791166,8.618811,332,1,-0.2768135,0.0,0.0
333,DIAGONAL_GAUSSIAN,6,22002,333,13.758903,5.9835477,7.775355,333,1,0.15920067,0.0,0.0
334,DIAGONAL_GAUSSIAN,6,22002,334,6.7488074,13.692712,-6.9439044,102,0,0.13011456,0.0,0.0
335,DIAGONAL_GAUSSIAN,6,22002,335,11.955024,5.883882,6.0711417,335,1,0.33667517,0.0,0.0
336,DIAGONAL_GAUSSIAN,6,22002,336,7.3088818,8.574063,-1.2651815,350,0,0.09654045,0.0,0.0
337,DIAGONAL_GAUSSIAN,6,22002,337,4.5096984,14.107471,-9.597773,334,0,-0.21020126,0.0,0.0
338,DIAGONAL_GAUSSIAN,6,22002,338,2.201665,10.49258,-8.2909155,29,0,0.7810354,0.0,0.0
339,DIAGONAL_GAUSSIAN,6,22002,339,12.218322,6.9449863,5.2733355,339,1,0.8395033,0.0,0.0
340,DIAGONAL_GAUSSIAN,6,22002,340,14.291408,7.489241,6.8021665,340,1,-0.17001915,0.0,0.0
341,DIAGONAL_GAUSSIAN,6,22002,341,2.5904343,7.869301,-5.278867,155,0,2.107852,0.0,0.0
342,DIAGONAL_GAUSSIAN,6,22002,342,13.62298,13.2029505,0.42002964,342,1,0.05923748,0.0,0.0
343,DIAGONAL_GAUSSIAN,6,22002,343,13.792556,9.441173,4.351383,343,1,0.25920677,0.0,0.0
344,DIAGONAL_GAUSSIAN,6,22002,344,13.423493,5.7029657,7.7205276,344,1,-0.21614408,0.0,0.0
345,DIAGONAL_GAUSSIAN,6,22002,345,11.576707,14.587755,-3.0110483,690,0,0.021348953,0.0,0.0
346,DIAGONAL_GAUSSIAN,6,22002,346,13.331666,9.840651,3.4910154,346,1,1.0827599,0.0,0.0
347,DIAGONAL_GAUSSIAN,6,22002,347,13.082436,8.770167,4.3122683,347,1,-0.20457649,0.0,0.0
348,DIAGONAL_GAUSSIAN,6,22002,348,7.3452973,8.7922535,-1.4469562,341,0,-0.2699523,0.0,0.0
349,DIAGONAL_GAUSSIAN,6,22002,349,13.815703,10.542888,3.2728157,349,1,-0.25497627,0.0,0.0
350,DIAGONAL_GAUSSIAN,6,22002,350,14.027013,8.320598,5.706415,350,1,0.9326954,0.0,0.0
351,DIAGONAL_GAUSSIAN,6,22002,351,13.003834,6.3241076,6.679726,351,1,-0.1771493,0.0,0.0
352,DIAGONAL_GAUSSIAN,6,22002,352,13.966376,10.475699,3.4906769,352,1,-0.19687462,0.0,0.0
353,DIAGONAL_GAUSSIAN,6,22002,353,12.439046,11.244685,1.1943607,353,1,0.57567406,0.0,0.0
354,DIAGONAL_GAUSSIAN,6,22002,354,13.93669,4.713925,9.222765,354,1,-0.629817,0.0,0.0
355,DIAGONAL_GAUSSIAN,6,22002,355,11.663226,6.073086,5.5901403,355,1,1.464149,0.0,0.0
356,DIAGONAL_GAUSSIAN,6,22002,356,15.099432,12.008368,3.0910645,356,1,0.03461075,0.0,0.0
357,DIAGONAL_GAUSSIAN,6,22002,357,2.1589582,7.134603,-4.975645,975,0,0.55669117,0.0,0.0
358,DIAGONAL_GAUSSIAN,6,22002,358,9.170184,12.89813,-3.7279463,356,0,0.56858253,0.0,0.0
359,DIAGONAL_GAUSSIAN,6,22002,359,10.5389595,10.651202,-0.1122427,358,0,0.34490108,1.0,0.0
360,DIAGONAL_GAUSSIAN,6,22002,360,6.650312,8.962915,-2.3126035,150,0,1.1954618,0.0,0.0
361,DIAGONAL_GAUSSIAN,6,22002,361,7.8694015,4.088084,3.7813172,361,1,-1.766665,0.0,0.0
362,DIAGONAL_GAUSSIAN,6,22002,362,14.932293,7.193835,7.738458,362,1,-0.06856203,0.0,0.0
363,DIAGONAL_GAUSSIAN,6,22002,363,15.265782,3.480794,11.784988,363,1,0.31546783,0.0,0.0
364,DIAGONAL_GAUSSIAN,6,22002,364,15.003111,5.6191254,9.3839855,364,1,-0.084926605,0.0,0.0
365,DIAGONAL_GAUSSIAN,6,22002,365,13.143536,6.6191497,6.524386,365,1,0.040198326,0.0,0.0
366,DIAGONAL_GAUSSIAN,6,22002,366,13.862319,8.476384,5.385935,366,1,0.10362625,0.0,0.0
367,DIAGONAL_GAUSSIAN,6,22002,367,8.882259,6.7612243,2.121035,367,1,0.22657776,0.0,0.0
368,DIAGONAL_GAUSSIAN,6,22002,368,14.825322,8.863913,5.9614096,368,1,1.1675248,0.0,0.0
369,DIAGONAL_GAUSSIAN,6,22002,369,14.032089,10.595048,3.4370413,369,1,0.06971836,0.0,0.0
370,DIAGONAL_GAUSSIAN,6,22002,370,14.185261,8.799431,5.38583,370,1,0.5165262,0.0,0.0
371,DIAGONAL_GAUSSIAN,6,22002,371,10.663362,13.935095,-3.2717333,370,0,0.6033783,0.0,0.0
372,DIAGONAL_GAUSSIAN,6,22002,372,10.362794,11.597441,-1.2346468,371,0,-0.89363384,0.0,0.0
373,DIAGONAL_GAUSSIAN,6,22002,373,11.827781,11.1171055,0.71067524,373,1,-0.6920643,0.0,0.0
374,DIAGONAL_GAUSSIAN,6,22002,374,13.738668,9.511551,4.2271175,374,1,0.6275673,0.0,0.0
375,DIAGONAL_GAUSSIAN,6,22002,375,13.846346,9.070855,4.7754908,375,1,-0.69589996,0.0,0.0
376,DIAGONAL_GAUSSIAN,6,22002,376,14.405141,5.940706,8.464436,376,1,-0.615118,0.0,0.0
377,DIAGONAL_GAUSSIAN,6,22002,377,12.498111,10.171095,2.3270159,377,1,-0.89237976,0.0,0.0
378,DIAGONAL_GAUSSIAN,6,22002,378,14.194742,11.4296055,2.7651367,378,1,-0.9856558,0.0,0.0
379,DIAGONAL_GAUSSIAN,6,22002,379,13.996272,11.246619,2.7496529,379,1,-0.5159807,0.0,0.0
380,DIAGONAL_GAUSSIAN,6,22002,380,14.947255,10.418979,4.5282764,380,1,-0.9655199,0.0,0.0
381,DIAGONAL_GAUSSIAN,6,22002,381,13.557365,9.395337,4.1620283,381,1,-1.5876999,0.0,0.0
382,DIAGONAL_GAUSSIAN,6,22002,382,11.759344,12.680992,-0.921648,380,0,-0.056305885,0.0,0.0
383,DIAGONAL_GAUSSIAN,6,22002,383,11.554599,12.591277,-1.0366783,384,0,-0.32202053,0.0,0.0
384,DIAGONAL_GAUSSIAN,6,22002,384,15.007271,7.271101,7.73617,384,1,0.25913858,0.0,0.0
385,DIAGONAL_GAUSSIAN,6,22002,385,13.061606,12.53291,0.52869606,385,1,0.14415073,0.0,0.0
386,DIAGONAL_GAUSSIAN,6,22002,386,13.92853,13.678832,0.24969769,386,1,0.4263096,0.0,0.0
387,DIAGONAL_GAUSSIAN,6,22002,387,14.384194,6.543049,7.8411455,387,1,-0.4092598,0.0,0.0
388,DIAGONAL_GAUSSIAN,6,22002,388,14.237955,6.4762573,7.761698,388,1,-0.029236317,0.0,0.0
389,DIAGONAL_GAUSSIAN,6,22002,389,13.85295,9.6954975,4.1574526,389,1,-0.32059097,0.0,0.0
390,DIAGONAL_GAUSSIAN,6,22002,390,15.012122,7.5752544,7.4368677,390,1,-0.14609146,0.0,0.0
391,DIAGONAL_GAUSSIAN,6,22002,391,13.530244,8.768873,4.7613707,391,1,-1.5219193,0.0,0.0
392,DIAGONAL_GAUSSIAN,6,22002,392,14.152754,4.5796075,9.573147,392,1,-0.21535492,0.0,0.0
393,DIAGONAL_GAUSSIAN,6,22002,393,13.169933,10.781842,2.388091,393,1,-0.007813454,0.0,0.0
394,DIAGONAL_GAUSSIAN,6,22002,394,6.0756254,9.816182,-3.7405567,103,0,-1.5847473,0.0,0.0
395,DIAGONAL_GAUSSIAN,6,22002,395,12.542905,12.521808,0.021097183,395,1,0.8119631,0.0,0.0
396,DIAGONAL_GAUSSIAN,6,22002,396,13.961557,5.9514256,8.010132,396,1,-0.10856962,0.0,0.0
397,DIAGONAL_GAUSSIAN,6,22002,397,3.3120522,13.437085,-10.125032,396,0,-0.17956448,0.0,0.0
398,DIAGONAL_GAUSSIAN,6,22002,398,15.091846,3.5723789,11.519467,398,1,0.14767933,0.0,0.0
399,DIAGONAL_GAUSSIAN,6,22002,399,13.456628,7.41364,6.042988,399,1,0.81582975,0.0,0.0
400,DIAGONAL_GAUSSIAN,6,22002,400,13.437973,13.361299,0.07667446,400,1,-0.34368324,0.0,1.0
401,DIAGONAL_GAUSSIAN,6,22002,401,14.97457,6.56952,8.40505,401,1,0.54393005,0.0,0.0
402,DIAGONAL_GAUSSIAN,6,22002,402,13.108116,6.9378085,6.1703076,402,1,1.0843883,0.0,0.0
403,DIAGONAL_GAUSSIAN,6,22002,403,13.028992,8.439413,4.5895786,403,1,1.0141125,0.0,0.0
404,DIAGONAL_GAUSSIAN,6,22002,404,13.582599,9.098974,4.4836245,404,1,0.07385349,0.0,0.0
405,DIAGONAL_GAUSSIAN,6,22002,405,14.982346,6.533624,8.448721,405,1,-0.010649681,0.0,0.0
406,DIAGONAL_GAUSSIAN,6,22002,406,8.15522,13.837179,-5.681959,884,0,-0.08073187,0.0,0.0
407,DIAGONAL_GAUSSIAN,6,22002,407,15.034078,6.1748514,8.859226,407,1,-0.28191757,0.0,0.0
408,DIAGONAL_GAUSSIAN,6,22002,408,7.0066676,13.208609,-6.201941,586,0,0.28959513,0.0,0.0
409,DIAGONAL_GAUSSIAN,6,22002,409,5.4165277,9.198354,-3.781826,437,0,-1.3886614,0.0,0.0
410,DIAGONAL_GAUSSIAN,6,22002,410,13.90354,11.181678,2.7218618,410,1,0.2197609,0.0,0.0
411,DIAGONAL_GAUSSIAN,6,22002,411,14.170534,5.631494,8.53904,411,1,-0.7469783,0.0,0.0
412,DIAGONAL_GAUSSIAN,6,22002,412,12.265728,9.499789,2.7659388,412,1,0.006611824,0.0,0.0
413,DIAGONAL_GAUSSIAN,6,22002,413,14.013301,12.165831,1.8474703,413,1,0.46887684,0.0,0.0
414,DIAGONAL_GAUSSIAN,6,22002,414,15.647248,7.639338,8.00791,414,1,-0.6521263,0.0,0.0
415,DIAGONAL_GAUSSIAN,6,22002,415,5.1829085,7.347158,-2.1642494,860,0,-0.3139124,0.0,0.0
416,DIAGONAL_GAUSSIAN,6,22002,416,14.96347,8.567296,6.3961744,416,1,0.24627113,0.0,0.0
417,DIAGONAL_GAUSSIAN,6,22002,417,14.041626,6.008928,8.032698,417,1,0.04216671,0.0,0.0
418,DIAGONAL_GAUSSIAN,6,22002,418,11.88135,8.350474,3.5308752,418,1,1.8892632,0.0,0.0
419,DIAGONAL_GAUSSIAN,6,22002,419,14.87155,5.6086526,9.2628975,419,1,-0.4263773,0.0,0.0
420,DIAGONAL_GAUSSIAN,6,22002,420,14.578972,5.947631,8.631341,420,1,-0.18784809,0.0,0.0
421,DIAGONAL_GAUSSIAN,6,22002,421,7.985635,7.006359,0.9792757,421,1,1.0922308,0.0,0.0
422,DIAGONAL_GAUSSIAN,6,22002,422,15.826057,9.016432,6.8096256,422,1,1.3920479,0.0,0.0
423,DIAGONAL_GAUSSIAN,6,22002,423,3.6428273,4.3120556,-0.6692283,428,0,0.2651832,0.0,0.0
424,DIAGONAL_GAUSSIAN,6,22002,424,5.0395737,6.9969754,-1.9574018,627,0,0.27948332,0.0,0.0
425,DIAGONAL_GAUSSIAN,6,22002,425,14.263045,6.982378,7.2806673,425,1,-0.2417407,0.0,0.0
426,DIAGONAL_GAUSSIAN,6,22002,426,15.199874,5.59554,9.604334,426,1,0.70933723,0.0,0.0
427,DIAGONAL_GAUSSIAN,6,22002,427,9.82985,12.22129,-2.3914394,469,0,-0.68774986,0.0,0.0
428,DIAGONAL_GAUSSIAN,6,22002,428,12.718505,4.354899,8.3636055,428,1,-0.77235556,0.0,0.0
429,DIAGONAL_GAUSSIAN,6,22002,429,15.118097,7.391681,7.726416,429,1,-0.044891357,0.0,0.0
430,DIAGONAL_GAUSSIAN,6,22002,430,14.418281,4.7645645,9.653716,430,1,0.062939644,0.0,0.0
431,DIAGONAL_GAUSSIAN,6,22002,431,10.1618805,5.425588,4.7362924,431,1,-0.21022272,0.0,0.0
432,DIAGONAL_GAUSSIAN,6,22002,432,9.584091,12.33654,-2.752449,683,0,0.8397045,0.0,0.0
433,DIAGONAL_GAUSSIAN,6,22002,433,5.0837727,7.3886247,-2.304852,842,0,0.107102394,0.0,0.0
434,DIAGONAL_GAUSSIAN,6,22002,434,2.6718698,7.917978,-5.246108,445,0,-0.71145725,0.0,0.0
435,DIAGONAL_GAUSSIAN,6,22002,435,12.179261,11.648332,0.53092957,435,1,0.039941788,0.0,0.0
436,DIAGONAL_GAUSSIAN,6,22002,436,6.806673,9.67807,-2.871397,660,0,0.8441396,0.0,0.0
437,DIAGONAL_GAUSSIAN,6,22002,437,11.48093,11.626898,-0.14596748,460,0,-0.5196161,0.0,0.0
438,DIAGONAL_GAUSSIAN,6,22002,438,8.139252,6.2716575,1.8675942,438,1,0.54974365,0.0,0.0
439,DIAGONAL_GAUSSIAN,6,22002,439,15.305458,6.1386266,9.166832,439,1,0.0439291,0.0,0.0
440,DIAGONAL_GAUSSIAN,6,22002,440,10.302804,6.6797423,3.6230617,440,1,1.1499138,0.0,0.0
441,DIAGONAL_GAUSSIAN,6,22002,441,13.402204,6.7384586,6.663745,441,1,0.18251038,0.0,0.0
442,DIAGONAL_GAUSSIAN,6,22002,442,9.837106,10.580675,-0.7435694,663,0,1.255208,1.0,0.0
443,DIAGONAL_GAUSSIAN,6,22002,443,13.903454,4.6206803,9.282774,443,1,0.38938427,0.0,0.0
444,DIAGONAL_GAUSSIAN,6,22002,444,6.4256816,9.586515,-3.1608338,665,0,0.82494926,0.0,0.0
445,DIAGONAL_GAUSSIAN,6,22002,445,12.834015,10.959281,1.8747339,445,1,1.0468912,0.0,0.0
446,DIAGONAL_GAUSSIAN,6,22002,446,13.037238,9.826611,3.2106276,446,1,-0.22520924,0.0,0.0
447,DIAGONAL_GAUSSIAN,6,22002,447,8.17128,7.795521,0.37575912,447,1,1.990118,0.0,0.0
448,DIAGONAL_GAUSSIAN,6,22002,448,11.250781,6.5512304,4.6995506,448,1,2.3429413,0.0,0.0
449,DIAGONAL_GAUSSIAN,6,22002,449,11.948671,9.286122,2.662549,449,1,1.9693165,0.0,0.0
450,DIAGONAL_GAUSSIAN,6,22002,450,12.33374,7.735542,4.5981984,450,1,0.556798,0.0,0.0
451,DIAGONAL_GAUSSIAN,6,22002,451,9.376473,7.5178123,1.8586612,451,1,0.24052382,0.0,0.0
452,DIAGONAL_GAUSSIAN,6,22002,452,8.568822,6.649933,1.918889,452,1,-0.6537843,0.0,0.0
453,DIAGONAL_GAUSSIAN,6,22002,453,13.812486,7.8404894,5.9719963,453,1,-0.15970373,0.0,0.0
454,DIAGONAL_GAUSSIAN,6,22002,454,3.6826167,8.898173,-5.2155566,498,0,1.0800424,0.0,0.0
455,DIAGONAL_GAUSSIAN,6,22002,455,15.543738,5.361745,10.1819935,455,1,-0.20910263,0.0,0.0
456,DIAGONAL_GAUSSIAN,6,22002,456,15.968997,3.2977188,12.671278,456,1,-0.1591568,0.0,0.0
457,DIAGONAL_GAUSSIAN,6,22002,457,11.046117,8.025164,3.0209532,457,1,0.48530674,0.0,0.0
458,DIAGONAL_GAUSSIAN,6,22002,458,10.333465,5.240707,5.0927577,458,1,1.0093322,0.0,0.0
459,DIAGONAL_GAUSSIAN,6,22002,459,4.2341204,6.8760905,-2.6419702,740,0,0.82736754,0.0,0.0
460,DIAGONAL_GAUSSIAN,6,22002,460,12.171123,12.602297,-0.43117428,975,0,-0.36018467,0.0,0.0
461,DIAGONAL_GAUSSIAN,6,22002,461,4.1707735,12.064953,-7.8941793,917,0,0.7039809,0.0,0.0
462,DIAGONAL_GAUSSIAN,6,22002,462,8.750682,7.7093945,1.0412874,462,1,1.019114,0.0,0.0
463,DIAGONAL_GAUSSIAN,6,22002,463,5.750246,9.007526,-3.2572803,876,0,1.2445898,0.0,0.0
464,DIAGONAL_GAUSSIAN,6,22002,464,7.2596364,6.739107,0.52052927,464,1,-0.24862671,0.0,0.0
465,DIAGONAL_GAUSSIAN,6,22002,465,5.3747272,6.1609864,-0.7862592,795,0,1.5925517,1.0,0.0
466,DIAGONAL_GAUSSIAN,6,22002,466,8.865383,7.2664022,1.5989809,466,1,0.17547417,0.0,0.0
467,DIAGONAL_GAUSSIAN,6,22002,467,13.429943,8.395598,5.0343447,467,1,0.16175461,0.0,0.0
468,DIAGONAL_GAUSSIAN,6,22002,468,9.947854,6.600797,3.3470569,468,1,0.3367567,0.0,0.0
469,DIAGONAL_GAUSSIAN,6,22002,469,14.957618,5.4486403,9.508978,469,1,0.1280632,0.0,0.0
470,DIAGONAL_GAUSSIAN,6,22002,470,4.4734855,10.747351,-6.273865,762,0,0.42769384,0.0,0.0
471,DIAGONAL_GAUSSIAN,6,22002,471,3.503764,8.150556,-4.6467915,915,0,-0.36559105,0.0,0.0
472,DIAGONAL_GAUSSIAN,6,22002,472,15.550112,7.5372367,8.012875,472,1,0.47180176,0.0,0.0
473,DIAGONAL_GAUSSIAN,6,22002,473,10.088078,7.2458897,2.842188,473,1,0.24550581,0.0,0.0
474,DIAGONAL_GAUSSIAN,6,22002,474,13.814879,7.84115,5.9737296,474,1,-0.47945738,0.0,0.0
475,DIAGONAL_GAUSSIAN,6,22002,475,13.687804,4.44308,9.244724,475,1,-0.22127533,0.0,0.0
476,DIAGONAL_GAUSSIAN,6,22002,476,15.42267,3.7447913,11.677879,476,1,0.090875626,0.0,0.0
477,DIAGONAL_GAUSSIAN,6,22002,477,4.1766047,9.786732,-5.610127,748,0,-1.396246,0.0,0.0
478,DIAGONAL_GAUSSIAN,6,22002,478,8.543272,8.173224,0.37004757,478,1,-1.089181,0.0,1.0
479,DIAGONAL_GAUSSIAN,6,22002,479,8.92213,12.977298,-4.055168,751,0,0.30870724,0.0,0.0
480,DIAGONAL_GAUSSIAN,6,22002,480,7.7768593,8.334316,-0.557457,762,0,0.6729841,1.0,0.0
481,DIAGONAL_GAUSSIAN,6,22002,481,11.262764,10.315725,0.94703865,481,1,0.42271328,0.0,0.0
482,DIAGONAL_GAUSSIAN,6,22002,482,12.700916,13.6190815,-0.9181652,848,0,-0.16200256,0.0,0.0
483,DIAGONAL_GAUSSIAN,6,22002,483,11.0185995,11.431997,-0.4133978,663,0,1.7845621,1.0,0.0
484,DIAGONAL_GAUSSIAN,6,22002,484,14.339968,10.513535,3.8264332,484,1,0.24927711,0.0,0.0
485,DIAGONAL_GAUSSIAN,6,22002,485,6.233698,8.674383,-2.4406853,487,0,0.33872032,0.0,0.0
486,DIAGONAL_GAUSSIAN,6,22002,486,13.218686,11.23346,1.9852257,486,1,0.57496357,0.0,0.0
487,DIAGONAL_GAUSSIAN,6,22002,487,13.162745,8.685035,4.4777107,487,1,-0.009646416,0.0,0.0
488,DIAGONAL_GAUSSIAN,6,22002,488,5.6069274,6.980303,-1.3733754,896,0,1.9653349,1.0,0.0
489,DIAGONAL_GAUSSIAN,6,22002,489,10.118148,8.935077,1.1830711,489,1,-0.8095484,0.0,0.0
490,DIAGONAL_GAUSSIAN,6,22002,490,2.6435099,11.053741,-8.410232,327,0,0.057732582,0.0,0.0
491,DIAGONAL_GAUSSIAN,6,22002,491,9.17501,7.894361,1.2806487,491,1,0.7478609,0.0,0.0
492,DIAGONAL_GAUSSIAN,6,22002,492,8.067565,6.4537144,1.6138506,492,1,-0.17312288,0.0,0.0
493,DIAGONAL_GAUSSIAN,6,22002,493,6.784305,7.1816716,-0.39736652,553,0,-1.2307668,0.0,0.0
494,DIAGONAL_GAUSSIAN,6,22002,494,10.718263,9.886857,0.83140564,494,1,0.5864668,0.0,0.0
495,DIAGONAL_GAUSSIAN,6,22002,495,7.6723633,9.718737,-2.0463734,905,0,-0.12462568,0.0,0.0
496,DIAGONAL_GAUSSIAN,6,22002,496,12.994445,5.1947894,7.7996554,496,1,0.778214,0.0,0.0
497,DIAGONAL_GAUSSIAN,6,22002,497,11.430746,8.613192,2.8175545,497,1,-0.71774006,0.0,0.0
498,DIAGONAL_GAUSSIAN,6,22002,498,13.732077,5.6387706,8.093306,498,1,0.2553997,0.0,0.0
499,DIAGONAL_GAUSSIAN,6,22002,499,2.5855772,7.632622,-5.0470448,519,0,2.8107889,0.0,0.0
500,DIAGONAL_GAUSSIAN,6,22002,500,13.966049,8.023565,5.942484,500,1,-0.360137,0.0,0.0
501,DIAGONAL_GAUSSIAN,6,22002,501,9.9941435,8.319381,1.6747627,501,1,1.0910864,0.0,0.0
502,DIAGONAL_GAUSSIAN,6,22002,502,14.182638,11.737194,2.445444,502,1,-0.08859253,0.0,0.0
503,DIAGONAL_GAUSSIAN,6,22002,503,13.90042,7.225196,6.6752243,503,1,-0.60343695,0.0,0.0
504,DIAGONAL_GAUSSIAN,6,22002,504,12.926913,10.692449,2.2344646,504,1,0.7416878,0.0,0.0
505,DIAGONAL_GAUSSIAN,6,22002,505,12.31604,10.955682,1.3603582,505,1,-0.5740881,0.0,0.0
506,DIAGONAL_GAUSSIAN,6,22002,506,12.523103,6.8486967,5.674406,506,1,-0.21035528,0.0,0.0
507,DIAGONAL_GAUSSIAN,6,22002,507,5.410085,8.308775,-2.8986897,446,0,0.5195255,0.0,0.0
508,DIAGONAL_GAUSSIAN,6,22002,508,7.909508,10.279176,-2.3696675,620,0,1.3930707,0.0,0.0
509,DIAGONAL_GAUSSIAN,6,22002,509,8.720585,9.8873825,-1.1667976,865,0,0.049020767,0.0,0.0
510,DIAGONAL_GAUSSIAN,6,22002,510,11.784283,10.496482,1.2878008,510,1,0.960804,0.0,0.0
511,DIAGONAL_GAUSSIAN,6,22002,511,11.256101,10.889027,0.367074,511,1,1.0895967,0.0,0.0
512,DIAGONAL_GAUSSIAN,6,22002,512,14.179247,10.206383,3.9728642,512,1,-0.28708076,0.0,0.0
513,DIAGONAL_GAUSSIAN,6,22002,513,9.791999,10.569717,-0.77771854,875,0,0.013998032,0.0,0.0
514,DIAGONAL_GAUSSIAN,6,22002,514,15.657934,5.9552183,9.702716,514,1,0.052025795,0.0,0.0
515,DIAGONAL_GAUSSIAN,6,22002,515,2.7983892,9.323222,-6.5248327,655,0,-0.35970592,0.0,0.0
516,DIAGONAL_GAUSSIAN,6,22002,516,7.3846474,9.438462,-2.053815,870,0,0.6333451,0.0,0.0
517,DIAGONAL_GAUSSIAN,6,22002,517,10.426879,7.416166,3.010713,517,1,0.3243966,0.0,0.0
518,DIAGONAL_GAUSSIAN,6,22002,518,15.919713,7.3140054,8.605707,518,1,0.13637543,0.0,0.0
519,DIAGONAL_GAUSSIAN,6,22002,519,1.497737,12.836983,-11.339246,239,0,1.4662447,0.0,0.0
520,DIAGONAL_GAUSSIAN,6,22002,520,13.774937,10.033744,3.7411928,520,1,0.5948734,0.0,0.0
521,DIAGONAL_GAUSSIAN,6,22002,521,14.153176,9.620636,4.5325403,521,1,0.26864433,0.0,0.0
522,DIAGONAL_GAUSSIAN,6,22002,522,15.677487,4.4835773,11.193911,522,1,0.031419754,0.0,0.0
523,DIAGONAL_GAUSSIAN,6,22002,523,14.95614,7.360566,7.5955734,523,1,1.2440424,0.0,0.0
524,DIAGONAL_GAUSSIAN,6,22002,524,12.691416,11.464659,1.226757,524,1,0.39292622,0.0,0.0
525,DIAGONAL_GAUSSIAN,6,22002,525,14.618834,5.6185336,9.000299,525,1,0.26417542,0.0,0.0
526,DIAGONAL_GAUSSIAN,6,22002,526,11.337646,10.558506,0.7791395,526,1,-0.94541264,0.0,1.0
527,DIAGONAL_GAUSSIAN,6,22002,527,11.2135315,11.253941,-0.040409088,664,0,-0.41701794,0.0,0.0
528,DIAGONAL_GAUSSIAN,6,22002,528,14.437877,8.35374,6.084137,528,1,0.046616554,0.0,0.0
529,DIAGONAL_GAUSSIAN,6,22002,529,12.684288,8.153881,4.530407,529,1,1.2391405,0.0,0.0
530,DIAGONAL_GAUSSIAN,6,22002,530,10.832903,6.6476936,4.1852093,530,1,-0.71851873,0.0,0.0
531,DIAGONAL_GAUSSIAN,6,22002,531,10.080669,11.113236,-1.032567,826,0,0.42521667,0.0,0.0
532,DIAGONAL_GAUSSIAN,6,22002,532,14.007696,7.8701158,6.1375804,532,1,0.13812494,0.0,0.0
533,DIAGONAL_GAUSSIAN,6,22002,533,13.732417,4.900132,8.832285,533,1,0.28093338,0.0,0.0
534,DIAGONAL_GAUSSIAN,6,22002,534,6.9903436,11.683061,-4.692717,651,0,-0.51873684,0.0,0.0
535,DIAGONAL_GAUSSIAN,6,22002,535,10.135047,13.870315,-3.7352676,479,0,0.5575304,0.0,0.0
536,DIAGONAL_GAUSSIAN,6,22002,536,10.276525,10.149496,0.12702847,536,1,0.87106705,0.0,0.0
537,DIAGONAL_GAUSSIAN,6,22002,537,13.544935,9.825243,3.7196922,537,1,0.62652874,0.0,0.0
538,DIAGONAL_GAUSSIAN,6,22002,538,11.468266,6.154047,5.3142185,538,1,0.1806655,0.0,0.0
539,DIAGONAL_GAUSSIAN,6,22002,539,5.8871884,6.1925564,-0.30536795,519,0,-0.049316406,0.0,0.0
540,DIAGONAL_GAUSSIAN,6,22002,540,14.940605,5.028506,9.9121,540,1,0.22257519,0.0,0.0
541,DIAGONAL_GAUSSIAN,6,22002,541,7.441736,6.558272,0.88346434,541,1,0.11227703,0.0,0.0
542,DIAGONAL_GAUSSIAN,6,22002,542,12.279356,7.0563445,5.2230115,542,1,-0.3635111,0.0,0.0
543,DIAGONAL_GAUSSIAN,6,22002,543,13.742306,14.1879635,-0.44565773,422,0,-0.91138077,0.0,0.0
544,DIAGONAL_GAUSSIAN,6,22002,544,15.390119,6.982014,8.408104,544,1,-0.05320549,0.0,0.0
545,DIAGONAL_GAUSSIAN,6,22002,545,14.030569,4.649633,9.380936,545,1,0.022995949,0.0,0.0
546,DIAGONAL_GAUSSIAN,6,22002,546,9.149744,7.2925234,1.8572206,546,1,0.9568167,0.0,0.0
547,DIAGONAL_GAUSSIAN,6,22002,547,13.984579,8.006239,5.97834,547,1,0.04169178,0.0,0.0
548,DIAGONAL_GAUSSIAN,6,22002,548,12.385462,9.351243,3.0342188,548,1,0.86617374,0.0,0.0
549,DIAGONAL_GAUSSIAN,6,22002,549,13.993255,7.9215336,6.071721,549,1,0.07185793,0.0,0.0
550,DIAGONAL_GAUSSIAN,6,22002,550,13.672767,6.6346803,7.0380864,550,1,0.07184267,0.0,0.0
551,DIAGONAL_GAUSSIAN,6,22002,551,13.197229,9.637099,3.5601301,551,1,-0.49418545,0.0,0.0
552,DIAGONAL_GAUSSIAN,6,22002,552,3.8353899,4.5194755,-0.6840856,903,0,-1.1685715,0.0,0.0
553,DIAGONAL_GAUSSIAN,6,22002,553,10.760596,8.91454,1.846056,553,1,0.78103733,0.0,0.0
554,DIAGONAL_GAUSSIAN,6,22002,554,14.687448,5.887318,8.800129,554,1,0.18139267,0.0,0.0
555,DIAGONAL_GAUSSIAN,6,22002,555,13.487013,9.692818,3.7941952,555,1,-0.3905487,0.0,0.0
556,DIAGONAL_GAUSSIAN,6,22002,556,14.356925,6.3469033,8.010021,556,1,0.020557404,0.0,0.0
557,DIAGONAL_GAUSSIAN,6,22002,557,3.213367,8.247156,-5.033789,821,0,0.7164049,0.0,0.0
558,DIAGONAL_GAUSSIAN,6,22002,558,6.559751,6.2234454,0.33630562,558,1,-0.31184864,0.0,0.0
559,DIAGONAL_GAUSSIAN,6,22002,559,14.252699,5.6939583,8.558741,559,1,1.4946718,0.0,0.0
560,DIAGONAL_GAUSSIAN,6,22002,560,12.24693,10.024881,2.2220488,560,1,1.9275084,0.0,0.0
561,DIAGONAL_GAUSSIAN,6,22002,561,14.364,5.2658525,9.098148,561,1,0.114557266,0.0,0.0
562,DIAGONAL_GAUSSIAN,6,22002,562,6.778207,7.919711,-1.1415043,842,0,1.0655956,0.0,0.0
563,DIAGONAL_GAUSSIAN,6,22002,563,11.057711,9.675699,1.3820114,563,1,2.8369365,0.0,0.0
564,DIAGONAL_GAUSSIAN,6,22002,564,11.228627,8.381245,2.8473825,564,1,0.4881525,0.0,0.0
565,DIAGONAL_GAUSSIAN,6,22002,565,14.884664,6.971962,7.9127016,565,1,0.51855373,0.0,0.0
566,DIAGONAL_GAUSSIAN,6,22002,566,14.49806,6.3374743,8.160585,566,1,0.47502327,0.0,0.0
567,DIAGONAL_GAUSSIAN,6,22002,567,4.6723537,5.4579396,-0.7855859,549,0,-1.9644799,0.0,0.0
568,DIAGONAL_GAUSSIAN,6,22002,568,11.259425,7.7951837,3.4642415,568,1,0.53018427,0.0,0.0
569,DIAGONAL_GAUSSIAN,6,22002,569,13.468663,6.1460385,7.3226247,569,1,-0.36844492,0.0,0.0
570,DIAGONAL_GAUSSIAN,6,22002,570,14.64411,9.825156,4.8189535,570,1,-0.41894817,0.0,0.0
571,DIAGONAL_GAUSSIAN,6,22002,571,12.133675,5.986065,6.1476097,571,1,0.6154585,0.0,0.0
572,DIAGONAL_GAUSSIAN,6,22002,572,8.369114,10.535227,-2.166113,966,0,0.5861926,0.0,0.0
573,DIAGONAL_GAUSSIAN,6,22002,573,13.523688,4.0627246,9.460964,573,1,0.22216606,0.0,0.0
574,DIAGONAL_GAUSSIAN,6,22002,574,15.074559,3.370219,11.70434,574,1,-0.50994587,0.0,0.0
575,DIAGONAL_GAUSSIAN,6,22002,575,13.598461,5.463319,8.135142,575,1,1.3269415,0.0,0.0
576,DIAGONAL_GAUSSIAN,6,22002,576,13.930938,5.0119624,8.918976,576,1,0.0647316,0.0,0.0
577,DIAGONAL_GAUSSIAN,6,22002,577,12.736298,10.544925,2.1913729,577,1,-0.44710827,0.0,0.0
578,DIAGONAL_GAUSSIAN,6,22002,578,9.717315,9.290977,0.4263382,578,1,0.014093399,0.0,0.0
579,DIAGONAL_GAUSSIAN,6,22002,579,10.238525,7.7294617,2.5090637,579,1,-1.7016973,0.0,0.0
580,DIAGONAL_GAUSSIAN,6,22002,580,8.692801,11.951372,-3.2585707,428,0,0.6700449,0.0,0.0
581,DIAGONAL_GAUSSIAN,6,22002,581,14.270327,6.728304,7.5420227,581,1,0.024932861,0.0,0.0
582,DIAGONAL_GAUSSIAN,6,22002,582,2.7597885,6.2367687,-3.4769802,599,0,-0.4780085,0.0,0.0
583,DIAGONAL_GAUSSIAN,6,22002,583,15.686295,5.109379,10.576916,583,1,0.515234,0.0,0.0
584,DIAGONAL_GAUSSIAN,6,22002,584,3.384365,6.891971,-3.507606,929,0,-1.4810023,0.0,0.0
585,DIAGONAL_GAUSSIAN,6,22002,585,8.483479,8.802294,-0.31881523,631,0,-0.3102274,0.0,0.0
586,DIAGONAL_GAUSSIAN,6,22002,586,7.219116,7.1967216,0.022394657,586,1,0.2677064,0.0,0.0
587,DIAGONAL_GAUSSIAN,6,22002,587,10.122946,11.206225,-1.0832796,477,0,-0.7821083,0.0,0.0
588,DIAGONAL_GAUSSIAN,6,22002,588,9.42787,9.968135,-0.5402651,790,0,-0.48925114,0.0,0.0
589,DIAGONAL_GAUSSIAN,6,22002,589,15.524839,5.729458,9.795382,589,1,-0.823946,0.0,0.0
590,DIAGONAL_GAUSSIAN,6,22002,590,6.378858,8.938052,-2.559194,487,0,0.20595217,0.0,0.0
591,DIAGONAL_GAUSSIAN,6,22002,591,14.267048,5.3016124,8.965435,591,1,-1.0650954,0.0,0.0
592,DIAGONAL_GAUSSIAN,6,22002,592,13.638656,5.7471704,7.891485,592,1,0.47094917,0.0,0.0
593,DIAGONAL_GAUSSIAN,6,22002,593,13.080057,9.92837,3.1516867,593,1,0.15412617,0.0,0.0
594,DIAGONAL_GAUSSIAN,6,22002,594,14.501011,3.4428244,11.058187,594,1,-0.053282738,0.0,0.0
595,DIAGONAL_GAUSSIAN,6,22002,595,13.456079,11.439262,2.0168161,595,1,0.484807,0.0,0.0
596,DIAGONAL_GAUSSIAN,6,22002,596,1.9964947,14.184388,-12.187894,764,0,0.97557926,0.0,0.0
597,DIAGONAL_GAUSSIAN,6,22002,597,8.989256,8.243405,0.74585056,597,1,0.41649294,0.0,0.0
598,DIAGONAL_GAUSSIAN,6,22002,598,12.325409,10.229116,2.0962925,598,1,0.15682125,0.0,0.0
599,DIAGONAL_GAUSSIAN,6,22002,599,2.5810006,4.4040823,-1.8230817,470,0,0.07266998,0.0,0.0
600,DIAGONAL_GAUSSIAN,6,22002,600,6.3752484,5.9296327,0.44561577,600,1,0.37412167,0.0,0.0
601,DIAGONAL_GAUSSIAN,6,22002,601,11.180666,9.458494,1.7221718,601,1,-0.891572,0.0,0.0
602,DIAGONAL_GAUSSIAN,6,22002,602,5.26001,7.106272,-1.8462625,843,0,-0.567194,0.0,0.0
603,DIAGONAL_GAUSSIAN,6,22002,603,13.046754,7.9232125,5.1235414,603,1,1.7153797,0.0,0.0
604,DIAGONAL_GAUSSIAN,6,22002,604,13.763154,5.781067,7.982087,604,1,0.5087118,0.0,0.0
605,DIAGONAL_GAUSSIAN,6,22002,605,13.79807,5.5282736,8.269796,605,1,-0.26463318,0.0,0.0
606,DIAGONAL_GAUSSIAN,6,22002,606,16.51074,4.467716,12.043024,606,1,-0.013274193,0.0,0.0
607,DIAGONAL_GAUSSIAN,6,22002,607,13.696233,4.1035886,9.592644,607,1,0.12549973,0.0,0.0
608,DIAGONAL_GAUSSIAN,6,22002,608,5.3793526,5.3781404,0.00121212,608,1,-0.23636055,0.0,1.0
609,DIAGONAL_GAUSSIAN,6,22002,609,11.130514,10.008983,1.1215315,609,1,-0.6054878,0.0,0.0
610,DIAGONAL_GAUSSIAN,6,22002,610,13.056178,5.6385064,7.4176717,610,1,-0.50968313,0.0,0.0
611,DIAGONAL_GAUSSIAN,6,22002,611,7.643166,5.831197,1.8119693,611,1,-0.043875217,0.0,0.0
612,DIAGONAL_GAUSSIAN,6,22002,612,11.100289,10.72441,0.3758793,612,1,-2.2138195,0.0,1.0
613,DIAGONAL_GAUSSIAN,6,22002,613,15.080938,5.436385,9.644553,613,1,-0.51565075,0.0,0.0
614,DIAGONAL_GAUSSIAN,6,22002,614,13.641052,4.8506937,8.790359,614,1,0.03737545,0.0,0.0
615,DIAGONAL_GAUSSIAN,6,22002,615,9.9210615,6.468081,3.4529805,615,1,-0.13515997,0.0,0.0
616,DIAGONAL_GAUSSIAN,6,22002,616,11.360612,7.565427,3.795185,616,1,-0.28281784,0.0,0.0
617,DIAGONAL_GAUSSIAN,6,22002,617,13.0560465,9.361169,3.6948776,617,1,-0.72978115,0.0,0.0
618,DIAGONAL_GAUSSIAN,6,22002,618,6.1793985,10.879248,-4.699849,666,0,0.8124857,0.0,0.0
619,DIAGONAL_GAUSSIAN,6,22002,619,12.957074,13.677297,-0.7202225,846,0,0.16797638,0.0,0.0
620,DIAGONAL_GAUSSIAN,6,22002,620,10.889005,12.097572,-1.2085676,681,0,-0.25810814,0.0,0.0
621,DIAGONAL_GAUSSIAN,6,22002,621,14.286368,7.293737,6.9926314,621,1,0.34831953,0.0,0.0
622,DIAGONAL_GAUSSIAN,6,22002,622,11.846977,5.997316,5.8496614,622,1,-0.20929432,0.0,0.0
623,DIAGONAL_GAUSSIAN,6,22002,623,10.708729,10.299846,0.4088831,623,1,-0.062330246,0.0,0.0
624,DIAGONAL_GAUSSIAN,6,22002,624,12.190671,8.092126,4.098545,624,1,-0.6983175,0.0,0.0
625,DIAGONAL_GAUSSIAN,6,22002,625,13.96875,8.061896,5.9068537,625,1,-0.220088,0.0,0.0
626,DIAGONAL_GAUSSIAN,6,22002,626,11.458648,5.832658,5.62599,626,1,0.24442482,0.0,0.0
627,DIAGONAL_GAUSSIAN,6,22002,627,14.785675,3.9134014,10.872273,627,1,0.22893047,0.0,0.0
628,DIAGONAL_GAUSSIAN,6,22002,628,13.6285515,7.7327085,5.895843,628,1,-0.10859156,0.0,0.0
629,DIAGONAL_GAUSSIAN,6,22002,629,10.224889,12.712029,-2.4871407,696,0,1.2775402,0.0,0.0
630,DIAGONAL_GAUSSIAN,6,22002,630,11.257634,7.644109,3.6135254,630,1,0.49729872,0.0,0.0
631,DIAGONAL_GAUSSIAN,6,22002,631,9.531226,9.345419,0.18580723,631,1,0.5531845,0.0,0.0
632,DIAGONAL_GAUSSIAN,6,22002,632,5.7793193,11.975795,-6.1964755,733,0,-0.54983616,0.0,0.0
633,DIAGONAL_GAUSSIAN,6,22002,633,5.204701,3.6495726,1.5551283,633,1,-0.05590701,0.0,0.0
634,DIAGONAL_GAUSSIAN,6,22002,634,14.6413965,5.9471426,8.694254,634,1,0.66407585,0.0,0.0
635,DIAGONAL_GAUSSIAN,6,22002,635,2.7770326,5.9216957,-3.144663,626,0,-0.18991876,0.0,0.0
636,DIAGONAL_GAUSSIAN,6,22002,636,9.800854,11.806638,-2.005784,748,0,0.28291035,0.0,0.0
637,DIAGONAL_GAUSSIAN,6,22002,637,14.449083,4.6949635,9.75412,637,1,-0.35084724,0.0,0.0
638,DIAGONAL_GAUSSIAN,6,22002,638,13.041573,14.520296,-1.4787235,639,0,-0.09835243,0.0,0.0
639,DIAGONAL_GAUSSIAN,6,22002,639,12.657232,12.878477,-0.22124481,638,0,0.014902115,0.0,0.0
640,DIAGONAL_GAUSSIAN,6,22002,640,3.823848,13.571289,-9.747441,646,0,0.42447567,0.0,0.0
641,DIAGONAL_GAUSSIAN,6,22002,641,10.666446,6.175415,4.4910307,641,1,0.09407425,0.0,0.0
642,DIAGONAL_GAUSSIAN,6,22002,642,15.134106,6.4355226,8.698584,642,1,-0.7424879,0.0,0.0
643,DIAGONAL_GAUSSIAN,6,22002,643,4.723981,9.661142,-4.9371614,585,0,1.5907903,0.0,0.0
644,DIAGONAL_GAUSSIAN,6,22002,644,11.744268,5.4078307,6.3364377,644,1,-1.0223184,0.0,0.0
645,DIAGONAL_GAUSSIAN,6,22002,645,13.072006,7.879212,5.1927943,645,1,-0.11671972,0.0,0.0
646,DIAGONAL_GAUSSIAN,6,22002,646,15.093863,3.761139,11.332724,646,1,-0.56745243,0.0,0.0
647,DIAGONAL_GAUSSIAN,6,22002,647,14.516468,6.022517,8.493951,647,1,-0.3425684,0.0,0.0
648,DIAGONAL_GAUSSIAN,6,22002,648,8.534669,8.159284,0.37538528,648,1,0.13778687,0.0,0.0
649,DIAGONAL_GAUSSIAN,6,22002,649,12.681712,7.9901614,4.6915507,649,1,1.6594338,0.0,0.0
650,DIAGONAL_GAUSSIAN,6,22002,650,13.806422,6.1127515,7.6936707,650,1,0.45455885,0.0,0.0
651,DIAGONAL_GAUSSIAN,6,22002,651,9.846219,7.103797,2.742422,651,1,-1.198328,0.0,0.0
652,DIAGONAL_GAUSSIAN,6,22002,652,9.240772,8.920639,0.3201332,652,1,-0.16232586,0.0,0.0
653,DIAGONAL_GAUSSIAN,6,22002,653,2.4299645,7.735773,-5.3058085,471,0,-1.1158881,0.0,0.0
654,DIAGONAL_GAUSSIAN,6,22002,654,3.7681887,13.059238,-9.29105,627,0,-0.05626774,0.0,0.0
655,DIAGONAL_GAUSSIAN,6,22002,655,7.114962,5.531088,1.5838742,655,1,0.68220806,0.0,0.0
656,DIAGONAL_GAUSSIAN,6,22002,656,10.044442,10.103723,-0.059280396,436,0,0.16618347,1.0,0.0
657,DIAGONAL_GAUSSIAN,6,22002,657,12.039291,11.563199,0.47609234,657,1,0.025161743,0.0,0.0
658,DIAGONAL_GAUSSIAN,6,22002,658,13.421365,7.225416,6.1959486,658,1,-0.15709162,0.0,0.0
659,DIAGONAL_GAUSSIAN,6,22002,659,4.478527,10.406762,-5.928235,925,0,0.6228008,0.0,0.0
660,DIAGONAL_GAUSSIAN,6,22002,660,10.968965,11.444114,-0.47514915,864,0,0.15864754,0.0,0.0
661,DIAGONAL_GAUSSIAN,6,22002,661,14.36093,6.584107,7.7768235,661,1,-0.32580805,0.0,0.0
662,DIAGONAL_GAUSSIAN,6,22002,662,5.311354,8.254731,-2.943377,613,0,0.5360241,0.0,0.0
663,DIAGONAL_GAUSSIAN,6,22002,663,7.7471623,14.71787,-6.9707074,442,0,0.020743847,0.0,0.0
664,DIAGONAL_GAUSSIAN,6,22002,664,9.7591,10.564144,-0.8050442,527,0,-0.21627998,0.0,0.0
665,DIAGONAL_GAUSSIAN,6,22002,665,12.472365,6.8864536,5.5859118,665,1,0.09048748,0.0,0.0
666,DIAGONAL_GAUSSIAN,6,22002,666,13.650867,6.6064286,7.044439,666,1,0.94828796,0.0,0.0
667,DIAGONAL_GAUSSIAN,6,22002,667,13.689853,12.08822,1.6016331,667,1,-0.1292696,0.0,0.0
668,DIAGONAL_GAUSSIAN,6,22002,668,13.565378,8.527206,5.038172,668,1,-0.72075844,0.0,0.0
669,DIAGONAL_GAUSSIAN,6,22002,669,14.242964,8.110057,6.132907,669,1,-1.2347593,0.0,0.0
670,DIAGONAL_GAUSSIAN,6,22002,670,13.277513,11.515114,1.7623987,670,1,-0.1313715,0.0,0.0
671,DIAGONAL_GAUSSIAN,6,22002,671,11.05646,5.9426966,5.113764,671,1,0.1602025,0.0,0.0
672,DIAGONAL_GAUSSIAN,6,22002,672,12.825891,9.141144,3.6847467,672,1,0.5060749,0.0,0.0
673,DIAGONAL_GAUSSIAN,6,22002,673,14.025853,8.861064,5.164789,673,1,0.61903286,0.0,0.0
674,DIAGONAL_GAUSSIAN,6,22002,674,15.854227,4.6301246,11.224102,674,1,0.15130615,0.0,0.0
675,DIAGONAL_GAUSSIAN,6,22002,675,7.5958877,11.785891,-4.190003,654,0,1.1081166,0.0,0.0
676,DIAGONAL_GAUSSIAN,6,22002,676,8.980605,11.875913,-2.8953075,263,0,1.0579958,0.0,0.0
677,DIAGONAL_GAUSSIAN,6,22002,677,4.902552,4.8178177,0.08473444,677,1,-0.09583664,0.0,1.0
678,DIAGONAL_GAUSSIAN,6,22002,678,0.900167,8.821395,-7.921228,178,0,1.2026753,0.0,0.0
679,DIAGONAL_GAUSSIAN,6,22002,679,10.953085,8.436834,2.5162506,679,1,-0.5225668,0.0,0.0
680,DIAGONAL_GAUSSIAN,6,22002,680,13.1290045,5.3740983,7.754906,680,1,1.2106204,0.0,0.0
681,DIAGONAL_GAUSSIAN,6,22002,681,3.7324047,5.735644,-2.0032392,731,0,0.18203926,0.0,0.0
682,DIAGONAL_GAUSSIAN,6,22002,682,6.739522,7.5793433,-0.83982134,442,0,2.075357,1.0,0.0
683,DIAGONAL_GAUSSIAN,6,22002,683,10.836431,14.357719,-3.5212889,558,0,0.043266296,0.0,0.0
684,DIAGONAL_GAUSSIAN,6,22002,684,15.682301,4.885694,10.796606,684,1,-0.3914051,0.0,0.0
685,DIAGONAL_GAUSSIAN,6,22002,685,14.394992,4.6244745,9.770517,685,1,-0.63706017,0.0,0.0
686,DIAGONAL_GAUSSIAN,6,22002,686,4.8504434,7.6295342,-2.779091,740,0,-1.4012613,0.0,0.0
687,DIAGONAL_GAUSSIAN,6,22002,687,4.1408863,10.481142,-6.3402557,811,0,0.5636687,0.0,0.0
688,DIAGONAL_GAUSSIAN,6,22002,688,14.238156,6.443658,7.7944984,688,1,-0.370749,0.0,0.0
689,DIAGONAL_GAUSSIAN,6,22002,689,12.271895,11.34408,0.92781544,689,1,0.099583626,0.0,0.0
690,DIAGONAL_GAUSSIAN,6,22002,690,14.168451,10.913901,3.25455,690,1,0.033046722,0.0,0.0
691,DIAGONAL_GAUSSIAN,6,22002,691,10.485995,10.9829035,-0.4969082,570,0,0.68652725,1.0,0.0
692,DIAGONAL_GAUSSIAN,6,22002,692,13.224186,5.4427404,7.7814455,692,1,-1.5929589,0.0,0.0
693,DIAGONAL_GAUSSIAN,6,22002,693,15.112504,8.632189,6.480315,693,1,0.50819683,0.0,0.0
694,DIAGONAL_GAUSSIAN,6,22002,694,13.147431,6.809877,6.3375545,694,1,1.8152947,0.0,0.0
695,DIAGONAL_GAUSSIAN,6,22002,695,10.324024,8.187786,2.136238,695,1,0.40696812,0.0,0.0
696,DIAGONAL_GAUSSIAN,6,22002,696,9.448204,7.0675306,2.3806734,696,1,-1.2953978,0.0,0.0
697,DIAGONAL_GAUSSIAN,6,22002,697,10.223856,5.1846695,5.0391865,697,1,-0.6300502,0.0,0.0
698,DIAGONAL_GAUSSIAN,6,22002,698,10.932388,11.091388,-0.15899944,668,0,0.88414574,1.0,0.0
699,DIAGONAL_GAUSSIAN,6,22002,699,15.649221,4.9850025,10.664219,699,1,0.17585278,0.0,0.0
700,DIAGONAL_GAUSSIAN,6,22002,700,5.5263324,6.272244,-0.7459116,651,0,1.084661,1.0,0.0
701,DIAGONAL_GAUSSIAN,6,22002,701,14.236147,5.491761,8.744386,701,1,0.29520893,0.0,0.0
702,DIAGONAL_GAUSSIAN,6,22002,702,10.562137,6.285427,4.2767096,702,1,0.07808304,0.0,0.0
703,DIAGONAL_GAUSSIAN,6,22002,703,8.149623,7.472262,0.677361,703,1,-0.3374977,0.0,0.0
704,DIAGONAL_GAUSSIAN,6,22002,704,13.191379,7.479337,5.7120414,704,1,0.14027643,0.0,0.0
705,DIAGONAL_GAUSSIAN,6,22002,705,11.398492,8.71665,2.6818419,705,1,-0.17644978,0.0,0.0
706,DIAGONAL_GAUSSIAN,6,22002,706,3.768299,10.090359,-6.3220596,449,0,-0.63110733,0.0,0.0
707,DIAGONAL_GAUSSIAN,6,22002,707,14.79836,9.296131,5.5022287,707,1,0.049271584,0.0,0.0
708,DIAGONAL_GAUSSIAN,6,22002,708,9.4857235,8.752242,0.7334814,708,1,0.8362589,0.0,0.0
709,DIAGONAL_GAUSSIAN,6,22002,709,7.0365973,9.1549,-2.1183023,411,0,3.3168592,1.0,0.0
710,DIAGONAL_GAUSSIAN,6,22002,710,3.154015,8.06962,-4.915605,709,0,-0.83461,0.0,0.0
711,DIAGONAL_GAUSSIAN,6,22002,711,14.051562,8.599383,5.452179,711,1,-0.9677048,0.0,0.0
712,DIAGONAL_GAUSSIAN,6,22002,712,12.068645,6.7479568,5.320688,712,1,0.5216651,0.0,0.0
713,DIAGONAL_GAUSSIAN,6,22002,713,15.393921,7.7788677,7.615053,713,1,-0.20443726,0.0,0.0
714,DIAGONAL_GAUSSIAN,6,22002,714,14.751951,7.8380284,6.913923,714,1,1.5322928,0.0,0.0
715,DIAGONAL_GAUSSIAN,6,22002,715,8.202057,7.9103184,0.2917385,715,1,0.23209143,0.0,0.0
716,DIAGONAL_GAUSSIAN,6,22002,716,13.292005,10.9479065,2.344098,716,1,-0.3186388,0.0,0.0
717,DIAGONAL_GAUSSIAN,6,22002,717,13.765393,6.2243953,7.540998,717,1,0.15851784,0.0,0.0
718,DIAGONAL_GAUSSIAN,6,22002,718,10.562801,13.870547,-3.307746,821,0,-0.023356438,0.0,0.0
719,DIAGONAL_GAUSSIAN,6,22002,719,12.541907,5.9331007,6.6088066,719,1,1.9350109,0.0,0.0
720,DIAGONAL_GAUSSIAN,6,22002,720,9.716982,10.03009,-0.31310844,629,0,1.2280083,1.0,0.0
721,DIAGONAL_GAUSSIAN,6,22002,721,14.902837,7.633852,7.268985,721,1,-0.20992184,0.0,0.0
722,DIAGONAL_GAUSSIAN,6,22002,722,6.2196827,5.796742,0.42294073,722,1,-2.4353247,0.0,1.0
723,DIAGONAL_GAUSSIAN,6,22002,723,1.5309116,6.2304316,-4.69952,830,0,-1.5214,0.0,0.0
724,DIAGONAL_GAUSSIAN,6,22002,724,10.305836,10.128244,0.17759132,724,1,-0.5256605,0.0,1.0
725,DIAGONAL_GAUSSIAN,6,22002,725,10.619764,9.290286,1.3294783,725,1,-1.0489016,0.0,0.0
726,DIAGONAL_GAUSSIAN,6,22002,726,12.455608,8.431727,4.023881,726,1,0.6336651,0.0,0.0
727,DIAGONAL_GAUSSIAN,6,22002,727,13.928512,8.243083,5.6854286,727,1,-0.32833004,0.0,0.0
728,DIAGONAL_GAUSSIAN,6,22002,728,14.469145,6.5239005,7.9452443,728,1,0.17016745,0.0,0.0
729,DIAGONAL_GAUSSIAN,6,22002,729,1.3755674,5.918771,-4.5432034,634,0,1.250381,0.0,0.0
730,DIAGONAL_GAUSSIAN,6,22002,730,15.1300125,8.78822,6.341792,730,1,0.35110855,0.0,0.0
731,DIAGONAL_GAUSSIAN,6,22002,731,11.43844,9.896968,1.5414724,731,1,-1.0552101,0.0,0.0
732,DIAGONAL_GAUSSIAN,6,22002,732,13.780461,6.1089845,7.671477,732,1,0.13503933,0.0,0.0
733,DIAGONAL_GAUSSIAN,6,22002,733,11.514223,6.6383595,4.8758636,733,1,0.292418,0.0,0.0
734,DIAGONAL_GAUSSIAN,6,22002,734,13.33417,6.0913663,7.242804,734,1,0.32605457,0.0,0.0
735,DIAGONAL_GAUSSIAN,6,22002,735,7.417468,7.5550995,-0.13763142,439,0,0.00079393387,0.0,0.0
736,DIAGONAL_GAUSSIAN,6,22002,736,12.45488,5.7961164,6.6587634,736,1,-0.8004842,0.0,0.0
737,DIAGONAL_GAUSSIAN,6,22002,737,12.317457,8.088597,4.22886,737,1,0.8335142,0.0,0.0
738,DIAGONAL_GAUSSIAN,6,22002,738,12.775905,6.8759265,5.899978,738,1,0.22457075,0.0,0.0
739,DIAGONAL_GAUSSIAN,6,22002,739,15.176,3.8685496,11.30745,739,1,0.04311371,0.0,0.0
740,DIAGONAL_GAUSSIAN,6,22002,740,3.0532036,5.4150596,-2.361856,854,0,2.9994326,1.0,0.0
741,DIAGONAL_GAUSSIAN,6,22002,741,10.495003,7.7782116,2.7167912,741,1,1.7712917,0.0,0.0
742,DIAGONAL_GAUSSIAN,6,22002,742,6.181207,9.451844,-3.270637,713,0,0.021101952,0.0,0.0
743,DIAGONAL_GAUSSIAN,6,22002,743,6.0422683,9.251416,-3.209148,884,0,-0.4713893,0.0,0.0
744,DIAGONAL_GAUSSIAN,6,22002,744,2.3234277,6.9736586,-4.650231,733,0,0.9986391,0.0,0.0
745,DIAGONAL_GAUSSIAN,6,22002,745,13.975818,5.3962083,8.579609,745,1,-0.22080803,0.0,0.0
746,DIAGONAL_GAUSSIAN,6,22002,746,15.329671,4.3932447,10.936426,746,1,-0.7324009,0.0,0.0
747,DIAGONAL_GAUSSIAN,6,22002,747,6.0230756,8.979142,-2.9560666,430,0,0.3586974,0.0,0.0
748,DIAGONAL_GAUSSIAN,6,22002,748,8.403052,6.7167554,1.6862969,748,1,0.6777005,0.0,0.0
749,DIAGONAL_GAUSSIAN,6,22002,749,14.966546,5.659543,9.307003,749,1,0.45772552,0.0,0.0
750,DIAGONAL_GAUSSIAN,6,22002,750,10.902993,9.757223,1.1457701,750,1,0.19983006,0.0,0.0
751,DIAGONAL_GAUSSIAN,6,22002,751,11.951233,11.332401,0.61883163,751,1,-0.7995634,0.0,1.0
752,DIAGONAL_GAUSSIAN,6,22002,752,13.554804,7.194852,6.359952,752,1,0.25899982,0.0,0.0
753,DIAGONAL_GAUSSIAN,6,22002,753,12.544541,7.5889525,4.955589,753,1,0.5290718,0.0,0.0
754,DIAGONAL_GAUSSIAN,6,22002,754,7.44818,10.46008,-3.0119,487,0,1.4204149,0.0,0.0
755,DIAGONAL_GAUSSIAN,6,22002,755,10.52687,5.754331,4.7725387,755,1,0.29883957,0.0,0.0
756,DIAGONAL_GAUSSIAN,6,22002,756,10.944587,8.078457,2.8661299,756,1,0.5632925,0.0,0.0
757,DIAGONAL_GAUSSIAN,6,22002,757,6.0587215,12.072023,-6.013302,654,0,0.42353678,0.0,0.0
758,DIAGONAL_GAUSSIAN,6,22002,758,7.999374,5.864577,2.134797,758,1,1.4750977,0.0,0.0
759,DIAGONAL_GAUSSIAN,6,22002,759,13.560385,8.338944,5.2214403,759,1,-0.99092865,0.0,0.0
760,DIAGONAL_GAUSSIAN,6,22002,760,1.8655547,7.055072,-5.189517,819,0,-0.46685648,0.0,0.0
761,DIAGONAL_GAUSSIAN,6,22002,761,0.6902598,11.470556,-10.780296,208,0,3.4151697,0.0,0.0
762,DIAGONAL_GAUSSIAN,6,22002,762,13.581437,8.4889345,5.0925026,762,1,-0.6204376,0.0,0.0
763,DIAGONAL_GAUSSIAN,6,22002,763,14.702822,10.085175,4.617647,763,1,-0.48287582,0.0,0.0
764,DIAGONAL_GAUSSIAN,6,22002,764,8.52171,7.0544,1.4673104,764,1,0.12498665,0.0,0.0
765,DIAGONAL_GAUSSIAN,6,22002,765,13.760767,3.9748123,9.785954,765,1,0.45019817,0.0,0.0
766,DIAGONAL_GAUSSIAN,6,22002,766,11.503658,7.1422586,4.3613997,766,1,-0.300354,0.0,0.0
767,DIAGONAL_GAUSSIAN,6,22002,767,12.439278,9.70568,2.7335978,767,1,1.8878107,0.0,0.0
768,DIAGONAL_GAUSSIAN,6,22002,768,10.512495,11.649091,-1.1365957,805,0,1.7428627,1.0,0.0
769,DIAGONAL_GAUSSIAN,6,22002,769,14.077173,8.202464,5.874709,769,1,3.6766539,0.0,0.0
770,DIAGONAL_GAUSSIAN,6,22002,770,12.91125,5.491972,7.419278,770,1,-0.41604233,0.0,0.0
771,DIAGONAL_GAUSSIAN,6,22002,771,14.675894,7.9647374,6.7111564,771,1,-0.01946497,0.0,0.0
772,DIAGONAL_GAUSSIAN,6,22002,772,1.0105567,6.71467,-5.7041135,452,0,0.546288,0.0,0.0
773,DIAGONAL_GAUSSIAN,6,22002,773,4.4308968,9.135693,-4.704796,898,0,0.5003128,0.0,0.0
774,DIAGONAL_GAUSSIAN,6,22002,774,10.127811,6.583999,3.5438123,774,1,0.8287597,0.0,0.0
775,DIAGONAL_GAUSSIAN,6,22002,775,14.632625,6.167059,8.465566,775,1,0.02064228,0.0,0.0
776,DIAGONAL_GAUSSIAN,6,22002,776,13.6969,5.510301,8.1866,776,1,0.26328468,0.0,0.0
777,DIAGONAL_GAUSSIAN,6,22002,777,15.801958,6.721573,9.080385,777,1,0.45030594,0.0,0.0
778,DIAGONAL_GAUSSIAN,6,22002,778,7.5936236,6.8706446,0.72297907,778,1,0.80487585,0.0,0.0
779,DIAGONAL_GAUSSIAN,6,22002,779,14.651718,4.336791,10.314927,779,1,-0.10756397,0.0,0.0
780,DIAGONAL_GAUSSIAN,6,22002,780,13.86529,10.239281,3.626009,780,1,1.4811602,0.0,0.0
781,DIAGONAL_GAUSSIAN,6,22002,781,14.212272,4.4885902,9.723681,781,1,0.002702713,0.0,0.0
782,DIAGONAL_GAUSSIAN,6,22002,782,11.854176,10.20063,1.6535454,782,1,-0.031588554,0.0,0.0
783,DIAGONAL_GAUSSIAN,6,22002,783,16.065773,7.169763,8.896009,783,1,-0.32297325,0.0,0.0
784,DIAGONAL_GAUSSIAN,6,22002,784,6.219487,7.88345,-1.6639628,469,0,-0.46254015,0.0,0.0
785,DIAGONAL_GAUSSIAN,6,22002,785,12.526183,5.826625,6.6995583,785,1,0.82710266,0.0,0.0
786,DIAGONAL_GAUSSIAN,6,22002,786,14.97977,5.969527,9.010242,786,1,0.8165779,0.0,0.0
787,DIAGONAL_GAUSSIAN,6,22002,787,15.005002,9.381393,5.6236086,787,1,-1.2423258,0.0,0.0
788,DIAGONAL_GAUSSIAN,6,22002,788,9.707892,7.3338633,2.3740292,788,1,0.5521517,0.0,0.0
789,DIAGONAL_GAUSSIAN,6,22002,789,13.623299,9.958796,3.664503,789,1,0.17204475,0.0,0.0
790,DIAGONAL_GAUSSIAN,6,22002,790,6.581308,7.918695,-1.3373871,860,0,2.1851926,1.0,0.0
791,DIAGONAL_GAUSSIAN,6,22002,791,4.6114717,7.1787457,-2.567274,518,0,-0.4161229,0.0,0.0
792,DIAGONAL_GAUSSIAN,6,22002,792,11.675412,7.8374395,3.8379726,792,1,1.0563798,0.0,0.0
793,DIAGONAL_GAUSSIAN,6,22002,793,13.71912,8.704781,5.0143394,793,1,0.2246399,0.0,0.0
794,DIAGONAL_GAUSSIAN,6,22002,794,4.5401697,9.139022,-4.598852,601,0,1.3565521,0.0,0.0
795,DIAGONAL_GAUSSIAN,6,22002,795,10.206425,3.75423,6.4521947,795,1,0.04442835,0.0,0.0
796,DIAGONAL_GAUSSIAN,6,22002,796,14.349387,9.335119,5.014268,796,1,-0.0100803375,0.0,0.0
797,DIAGONAL_GAUSSIAN,6,22002,797,9.719809,8.846216,0.8735924,797,1,0.61209345,0.0,0.0
798,DIAGONAL_GAUSSIAN,6,22002,798,6.525242,9.126895,-2.601653,906,0,0.4124422,0.0,0.0
799,DIAGONAL_GAUSSIAN,6,22002,799,12.225412,8.663069,3.5623436,799,1,0.2781496,0.0,0.0
800,DIAGONAL_GAUSSIAN,6,22002,800,15.065107,4.5338655,10.531242,800,1,0.7457981,0.0,0.0
801,DIAGONAL_GAUSSIAN,6,22002,801,13.92854,6.518464,7.410076,801,1,-0.44283724,0.0,0.0
802,DIAGONAL_GAUSSIAN,6,22002,802,13.59086,8.123963,5.466897,802,1,0.5846977,0.0,0.0
803,DIAGONAL_GAUSSIAN,6,22002,803,13.077954,7.741652,5.3363023,803,1,0.33793354,0.0,0.0
804,DIAGONAL_GAUSSIAN,6,22002,804,7.9460206,6.482651,1.4633694,804,1,-1.6323037,0.0,1.0
805,DIAGONAL_GAUSSIAN,6,22002,805,12.206308,11.161466,1.0448427,805,1,-3.9497814,0.0,1.0
806,DIAGONAL_GAUSSIAN,6,22002,806,9.1695795,8.661236,0.5083437,806,1,0.5182228,0.0,0.0
807,DIAGONAL_GAUSSIAN,6,22002,807,15.079924,6.208623,8.871301,807,1,-1.1783752,0.0,0.0
808,DIAGONAL_GAUSSIAN,6,22002,808,12.040783,6.1133265,5.9274564,808,1,-0.64794827,0.0,0.0
809,DIAGONAL_GAUSSIAN,6,22002,809,8.309962,10.221647,-1.911685,923,0,-0.80446434,0.0,0.0
810,DIAGONAL_GAUSSIAN,6,22002,810,14.446595,12.319665,2.1269302,810,1,-0.2048397,0.0,0.0
811,DIAGONAL_GAUSSIAN,6,22002,811,4.583223,11.465865,-6.8826423,760,0,-0.36506462,0.0,0.0
812,DIAGONAL_GAUSSIAN,6,22002,812,14.4882965,6.97333,7.5149665,812,1,-0.14081192,0.0,0.0
813,DIAGONAL_GAUSSIAN,6,22002,813,6.9923825,7.722318,-0.72993565,618,0,0.76119375,1.0,0.0
814,DIAGONAL_GAUSSIAN,6,22002,814,12.063031,10.07204,1.9909916,814,1,1.3960752,0.0,0.0
815,DIAGONAL_GAUSSIAN,6,22002,815,13.944597,8.762578,5.182019,815,1,0.11020851,0.0,0.0
816,DIAGONAL_GAUSSIAN,6,22002,816,12.37816,9.958454,2.4197063,816,1,1.4991388,0.0,0.0
817,DIAGONAL_GAUSSIAN,6,22002,817,13.211126,10.475858,2.7352686,817,1,0.482975,0.0,0.0
818,DIAGONAL_GAUSSIAN,6,22002,818,7.772207,9.1032095,-1.3310027,466,0,0.16932201,0.0,0.0
819,DIAGONAL_GAUSSIAN,6,22002,819,13.788945,7.883464,5.9054813,819,1,-0.29583788,0.0,0.0
820,DIAGONAL_GAUSSIAN,6,22002,820,13.1387615,7.6719894,5.466772,820,1,0.7949133,0.0,0.0
821,DIAGONAL_GAUSSIAN,6,22002,821,13.178188,8.6917515,4.486437,821,1,0.018113136,0.0,0.0
822,DIAGONAL_GAUSSIAN,6,22002,822,14.89882,4.467752,10.431068,822,1,0.19375992,0.0,0.0
823,DIAGONAL_GAUSSIAN,6,22002,823,1.5534556,10.461118,-8.907662,854,0,2.8415298,0.0,0.0
824,DIAGONAL_GAUSSIAN,6,22002,824,14.727229,9.202167,5.5250626,824,1,-1.417759,0.0,0.0
825,DIAGONAL_GAUSSIAN,6,22002,825,13.30234,4.501829,8.80051,825,1,0.5085106,0.0,0.0
826,DIAGONAL_GAUSSIAN,6,22002,826,-0.8297235,5.220756,-6.0504794,588,0,0.1457262,0.0,0.0
827,DIAGONAL_GAUSSIAN,6,22002,827,13.356418,9.4791155,3.8773022,827,1,0.16823673,0.0,0.0
828,DIAGONAL_GAUSSIAN,6,22002,828,2.0581453,7.925289,-5.8671436,712,0,0.90143204,0.0,0.0
829,DIAGONAL_GAUSSIAN,6,22002,829,14.210627,8.154655,6.055971,829,1,-0.051935196,0.0,0.0
830,DIAGONAL_GAUSSIAN,6,22002,830,1.2257587,5.5672007,-4.341442,880,0,-0.18041754,0.0,0.0
831,DIAGONAL_GAUSSIAN,6,22002,831,13.101454,9.912795,3.1886587,831,1,-0.34559727,0.0,0.0
832,DIAGONAL_GAUSSIAN,6,22002,832,14.33056,6.91607,7.4144897,832,1,-1.2118797,0.0,0.0
833,DIAGONAL_GAUSSIAN,6,22002,833,11.838093,4.585309,7.252784,833,1,0.09536314,0.0,0.0
834,DIAGONAL_GAUSSIAN,6,22002,834,5.2083178,6.9487643,-1.7404466,253,0,1.9463701,1.0,0.0
835,DIAGONAL_GAUSSIAN,6,22002,835,10.734441,11.130236,-0.39579487,409,0,-0.102134705,0.0,0.0
836,DIAGONAL_GAUSSIAN,6,22002,836,14.186185,13.527895,0.6582899,836,1,-0.36230278,0.0,0.0
837,DIAGONAL_GAUSSIAN,6,22002,837,4.6138215,6.4760947,-1.8622732,678,0,-0.979805,0.0,0.0
838,DIAGONAL_GAUSSIAN,6,22002,838,12.918688,10.35567,2.5630178,838,1,-0.012120247,0.0,0.0
839,DIAGONAL_GAUSSIAN,6,22002,839,12.80531,10.254917,2.550393,839,1,-0.13674736,0.0,0.0
840,DIAGONAL_GAUSSIAN,6,22002,840,15.373028,9.03748,6.3355474,840,1,0.3584919,0.0,0.0
841,DIAGONAL_GAUSSIAN,6,22002,841,12.012461,7.1112804,4.9011803,841,1,0.70147324,0.0,0.0
842,DIAGONAL_GAUSSIAN,6,22002,842,9.292949,8.726497,0.566452,842,1,0.12787819,0.0,0.0
843,DIAGONAL_GAUSSIAN,6,22002,843,9.813643,6.518738,3.2949057,843,1,-0.62988997,0.0,0.0
844,DIAGONAL_GAUSSIAN,6,22002,844,13.644019,5.748294,7.8957253,844,1,1.1936798,0.0,0.0
845,DIAGONAL_GAUSSIAN,6,22002,845,6.3034587,7.8589597,-1.555501,419,0,-0.6646805,0.0,0.0
846,DIAGONAL_GAUSSIAN,6,22002,846,13.014293,12.076006,0.9382868,846,1,0.015544891,0.0,0.0
847,DIAGONAL_GAUSSIAN,6,22002,847,13.223934,10.720509,2.5034256,847,1,1.4125195,0.0,0.0
848,DIAGONAL_GAUSSIAN,6,22002,848,9.617634,11.192308,-1.5746746,482,0,0.43999004,0.0,0.0
849,DIAGONAL_GAUSSIAN,6,22002,849,10.080518,11.621865,-1.5413475,505,0,-1.0009422,0.0,0.0
850,DIAGONAL_GAUSSIAN,6,22002,850,12.001914,9.473819,2.5280952,850,1,0.8185787,0.0,0.0
851,DIAGONAL_GAUSSIAN,6,22002,851,11.461281,8.778348,2.6829329,851,1,0.020031929,0.0,0.0
852,DIAGONAL_GAUSSIAN,6,22002,852,10.512273,10.449217,0.06305599,852,1,1.388835,0.0,0.0
853,DIAGONAL_GAUSSIAN,6,22002,853,14.772286,5.2218895,9.550397,853,1,-0.3163414,0.0,0.0
854,DIAGONAL_GAUSSIAN,6,22002,854,13.251533,5.8402557,7.411277,854,1,-0.24141741,0.0,0.0
855,DIAGONAL_GAUSSIAN,6,22002,855,13.362923,8.693388,4.6695347,855,1,1.0360136,0.0,0.0
856,DIAGONAL_GAUSSIAN,6,22002,856,12.226176,8.48063,3.7455463,856,1,-1.4961395,0.0,0.0
857,DIAGONAL_GAUSSIAN,6,22002,857,10.49945,10.877321,-0.3778715,765,0,-1.2015333,0.0,0.0
858,DIAGONAL_GAUSSIAN,6,22002,858,13.921467,4.8824706,9.038996,858,1,0.2605629,0.0,0.0
859,DIAGONAL_GAUSSIAN,6,22002,859,15.080965,5.289908,9.791058,859,1,-0.29112434,0.0,0.0
860,DIAGONAL_GAUSSIAN,6,22002,860,8.404804,11.602227,-3.197423,919,0,0.63878155,0.0,0.0
861,DIAGONAL_GAUSSIAN,6,22002,861,11.463064,10.319708,1.1433563,861,1,-1.6568956,0.0,1.0
862,DIAGONAL_GAUSSIAN,6,22002,862,14.923866,4.0624933,10.861373,862,1,0.3525076,0.0,0.0
863,DIAGONAL_GAUSSIAN,6,22002,863,8.8052,8.840899,-0.035699844,643,0,3.5460634,1.0,0.0
864,DIAGONAL_GAUSSIAN,6,22002,864,9.879437,10.6595745,-0.78013706,867,0,1.1330233,1.0,0.0
865,DIAGONAL_GAUSSIAN,6,22002,865,12.60474,11.003321,1.6014194,865,1,1.2592087,0.0,0.0
866,DIAGONAL_GAUSSIAN,6,22002,866,9.7128725,14.598203,-4.88533,856,0,-0.21441841,0.0,0.0
867,DIAGONAL_GAUSSIAN,6,22002,867,13.796759,7.524025,6.2727337,867,1,-0.267128,0.0,0.0
868,DIAGONAL_GAUSSIAN,6,22002,868,9.031737,8.002334,1.0294037,868,1,-1.1842089,0.0,1.0
869,DIAGONAL_GAUSSIAN,6,22002,869,4.2044864,7.3308053,-3.126319,906,0,1.3870811,0.0,0.0
870,DIAGONAL_GAUSSIAN,6,22002,870,11.858118,9.7440605,2.1140575,870,1,0.065937996,0.0,0.0
871,DIAGONAL_GAUSSIAN,6,22002,871,14.289892,10.308455,3.9814367,871,1,0.5710468,0.0,0.0
872,DIAGONAL_GAUSSIAN,6,22002,872,7.436095,7.917879,-0.48178387,477,0,1.5231023,1.0,0.0
873,DIAGONAL_GAUSSIAN,6,22002,873,4.4185686,11.75165,-7.3330812,698,0,-0.413805,0.0,0.0
874,DIAGONAL_GAUSSIAN,6,22002,874,11.733415,10.910295,0.8231201,874,1,0.28415775,0.0,0.0
875,DIAGONAL_GAUSSIAN,6,22002,875,14.630644,7.5580297,7.072614,875,1,-0.10445356,0.0,0.0
876,DIAGONAL_GAUSSIAN,6,22002,876,4.0988626,9.74321,-5.644347,706,0,-1.3457584,0.0,0.0
877,DIAGONAL_GAUSSIAN,6,22002,877,9.751909,6.0605407,3.6913686,877,1,-2.3370347,0.0,0.0
878,DIAGONAL_GAUSSIAN,6,22002,878,11.154783,13.612935,-2.4581518,810,0,-0.054655075,0.0,0.0
879,DIAGONAL_GAUSSIAN,6,22002,879,10.291589,7.3296566,2.9619322,879,1,0.060999393,0.0,0.0
880,DIAGONAL_GAUSSIAN,6,22002,880,15.280299,4.8738174,10.406482,880,1,-0.02218914,0.0,0.0
881,DIAGONAL_GAUSSIAN,6,22002,881,13.750086,8.440172,5.3099136,881,1,-0.13430595,0.0,0.0
882,DIAGONAL_GAUSSIAN,6,22002,882,4.65572,7.816419,-3.160699,851,0,2.0767717,0.0,0.0
883,DIAGONAL_GAUSSIAN,6,22002,883,6.571415,7.8286214,-1.2572064,725,0,-0.19704103,0.0,0.0
884,DIAGONAL_GAUSSIAN,6,22002,884,12.037994,10.532413,1.5055819,884,1,0.50194645,0.0,0.0
885,DIAGONAL_GAUSSIAN,6,22002,885,9.096427,12.016762,-2.9203348,434,0,0.28018284,0.0,0.0
886,DIAGONAL_GAUSSIAN,6,22002,886,13.199934,5.542337,7.657597,886,1,0.26869392,0.0,0.0
887,DIAGONAL_GAUSSIAN,6,22002,887,2.955152,6.360392,-3.40524,824,0,-0.9726839,0.0,0.0
888,DIAGONAL_GAUSSIAN,6,22002,888,12.472493,7.7298985,4.7425947,888,1,-0.5643611,0.0,0.0
889,DIAGONAL_GAUSSIAN,6,22002,889,11.020544,8.874224,2.1463203,889,1,-1.0622149,0.0,0.0
890,DIAGONAL_GAUSSIAN,6,22002,890,12.703177,6.52983,6.1733475,890,1,0.022210598,0.0,0.0
891,DIAGONAL_GAUSSIAN,6,22002,891,14.761618,3.8188648,10.942753,891,1,0.31946564,0.0,0.0
892,DIAGONAL_GAUSSIAN,6,22002,892,13.608865,13.139752,0.4691124,892,1,-0.69073296,0.0,1.0
893,DIAGONAL_GAUSSIAN,6,22002,893,8.049749,8.24542,-0.19567108,767,0,-1.5951357,0.0,0.0
894,DIAGONAL_GAUSSIAN,6,22002,894,8.072764,8.331516,-0.25875187,771,0,-0.25926495,0.0,0.0
895,DIAGONAL_GAUSSIAN,6,22002,895,13.853563,10.600577,3.252986,895,1,-0.29354572,0.0,0.0
896,DIAGONAL_GAUSSIAN,6,22002,896,11.549754,8.308394,3.2413597,896,1,0.6348438,0.0,0.0
897,DIAGONAL_GAUSSIAN,6,22002,897,11.090382,6.9245224,4.165859,897,1,-2.6016712,0.0,0.0
898,DIAGONAL_GAUSSIAN,6,22002,898,12.933077,11.506396,1.4266806,898,1,-0.14003754,0.0,0.0
899,DIAGONAL_GAUSSIAN,6,22002,899,11.85359,10.793191,1.060399,899,1,0.07439518,0.0,0.0
900,DIAGONAL_GAUSSIAN,6,22002,900,13.718001,4.543643,9.174358,900,1,0.29381275,0.0,0.0
901,DIAGONAL_GAUSSIAN,6,22002,901,14.600823,5.9782085,8.622615,901,1,0.12587357,0.0,0.0
902,DIAGONAL_GAUSSIAN,6,22002,902,13.258004,9.081821,4.1761827,902,1,-0.15947247,0.0,0.0
903,DIAGONAL_GAUSSIAN,6,22002,903,14.87032,6.0769386,8.793382,903,1,0.29819202,0.0,0.0
904,DIAGONAL_GAUSSIAN,6,22002,904,13.459591,4.6791162,8.780475,904,1,0.47920704,0.0,0.0
905,DIAGONAL_GAUSSIAN,6,22002,905,8.801234,7.967602,0.83363247,905,1,-0.26935005,0.0,0.0
906,DIAGONAL_GAUSSIAN,6,22002,906,3.9650009,10.703067,-6.7380657,785,0,-0.45072174,0.0,0.0
907,DIAGONAL_GAUSSIAN,6,22002,907,5.5439625,9.825149,-4.281186,899,0,-1.1759639,0.0,0.0
908,DIAGONAL_GAUSSIAN,6,22002,908,9.16772,13.770324,-4.602604,895,0,-0.06853104,0.0,0.0
909,DIAGONAL_GAUSSIAN,6,22002,909,12.714683,10.24463,2.4700527,909,1,1.1100283,0.0,0.0
910,DIAGONAL_GAUSSIAN,6,22002,910,3.9147096,6.064229,-2.1495194,961,0,0.3854246,0.0,0.0
911,DIAGONAL_GAUSSIAN,6,22002,911,9.221361,8.17081,1.0505514,911,1,1.2366343,0.0,0.0
912,DIAGONAL_GAUSSIAN,6,22002,912,15.975997,8.378617,7.5973797,912,1,0.103964806,0.0,0.0
913,DIAGONAL_GAUSSIAN,6,22002,913,14.641394,6.7930493,7.8483443,913,1,0.11687851,0.0,0.0
914,DIAGONAL_GAUSSIAN,6,22002,914,13.250867,5.5962925,7.6545744,914,1,0.16717386,0.0,0.0
915,DIAGONAL_GAUSSIAN,6,22002,915,5.340883,9.04239,-3.701507,853,0,-0.107815504,0.0,0.0
916,DIAGONAL_GAUSSIAN,6,22002,916,14.235657,5.9161644,8.319492,916,1,-0.16700172,0.0,0.0
917,DIAGONAL_GAUSSIAN,6,22002,917,13.980401,8.005551,5.9748497,917,1,-0.7088289,0.0,0.0
918,DIAGONAL_GAUSSIAN,6,22002,918,12.261459,6.932062,5.329397,918,1,1.0968485,0.0,0.0
919,DIAGONAL_GAUSSIAN,6,22002,919,1.2824892,11.702907,-10.420418,788,0,0.32906628,0.0,0.0
920,DIAGONAL_GAUSSIAN,6,22002,920,8.770981,8.405965,0.36501598,920,1,0.7218504,0.0,0.0
921,DIAGONAL_GAUSSIAN,6,22002,921,11.464444,6.256409,5.208035,921,1,-1.399859,0.0,0.0
922,DIAGONAL_GAUSSIAN,6,22002,922,12.903819,5.8963046,7.0075145,922,1,-0.47267628,0.0,0.0
923,DIAGONAL_GAUSSIAN,6,22002,923,5.9635186,7.717846,-1.7543273,891,0,0.55833006,0.0,0.0
924,DIAGONAL_GAUSSIAN,6,22002,924,14.626855,6.9781427,7.648712,924,1,0.022479534,0.0,0.0
925,DIAGONAL_GAUSSIAN,6,22002,925,14.21245,5.831147,8.381303,925,1,-0.2847662,0.0,0.0
926,DIAGONAL_GAUSSIAN,6,22002,926,13.252398,9.099919,4.152478,926,1,0.30119133,0.0,0.0
927,DIAGONAL_GAUSSIAN,6,22002,927,14.277979,6.1308746,8.147104,927,1,-0.29898834,0.0,0.0
928,DIAGONAL_GAUSSIAN,6,22002,928,5.544497,10.331998,-4.787501,969,0,0.876019,0.0,0.0
929,DIAGONAL_GAUSSIAN,6,22002,929,6.4556794,6.1014376,0.35424185,929,1,3.4564033,0.0,0.0
930,DIAGONAL_GAUSSIAN,6,22002,930,10.708529,11.261267,-0.55273724,923,0,0.56399536,1.0,0.0
931,DIAGONAL_GAUSSIAN,6,22002,931,14.741324,6.5828733,8.158451,931,1,0.2300911,0.0,0.0
932,DIAGONAL_GAUSSIAN,6,22002,932,5.894174,11.600074,-5.7058997,923,0,0.5676904,0.0,0.0
933,DIAGONAL_GAUSSIAN,6,22002,933,13.470844,6.014016,7.456828,933,1,-0.12458038,0.0,0.0
934,DIAGONAL_GAUSSIAN,6,22002,934,14.598012,4.333549,10.264463,934,1,-0.22936916,0.0,0.0
935,DIAGONAL_GAUSSIAN,6,22002,935,13.038694,7.829619,5.2090755,935,1,-0.33274174,0.0,0.0
936,DIAGONAL_GAUSSIAN,6,22002,936,10.774457,7.1062098,3.6682472,936,1,-0.06916237,0.0,0.0
937,DIAGONAL_GAUSSIAN,6,22002,937,14.154265,6.7120075,7.442258,937,1,0.39798117,0.0,0.0
938,DIAGONAL_GAUSSIAN,6,22002,938,13.670459,8.517752,5.152707,938,1,1.077733,0.0,0.0
939,DIAGONAL_GAUSSIAN,6,22002,939,12.720068,7.986008,4.73406,939,1,0.46973038,0.0,0.0
940,DIAGONAL_GAUSSIAN,6,22002,940,13.698687,9.556717,4.1419697,940,1,0.8696127,0.0,0.0
941,DIAGONAL_GAUSSIAN,6,22002,941,12.497916,7.9485087,4.5494075,941,1,-0.31626654,0.0,0.0
942,DIAGONAL_GAUSSIAN,6,22002,942,3.543807,11.629549,-8.085742,964,0,0.50782967,0.0,0.0
943,DIAGONAL_GAUSSIAN,6,22002,943,14.169265,6.3511243,7.8181405,943,1,0.15983963,0.0,0.0
944,DIAGONAL_GAUSSIAN,6,22002,944,14.488389,7.490677,6.997712,944,1,-0.3651414,0.0,0.0
945,DIAGONAL_GAUSSIAN,6,22002,945,14.304783,6.0449715,8.259811,945,1,0.1138525,0.0,0.0
946,DIAGONAL_GAUSSIAN,6,22002,946,13.612508,7.8062773,5.8062305,946,1,0.16062784,0.0,0.0
947,DIAGONAL_GAUSSIAN,6,22002,947,11.738997,11.9659195,-0.22692204,992,0,-0.17555523,0.0,0.0
948,DIAGONAL_GAUSSIAN,6,22002,948,12.08266,6.5362835,5.546376,948,1,0.8188524,0.0,0.0
949,DIAGONAL_GAUSSIAN,6,22002,949,5.31897,7.0986724,-1.7797022,995,0,0.32502842,0.0,0.0
950,DIAGONAL_GAUSSIAN,6,22002,950,13.952911,7.0623865,6.890525,950,1,-0.21409559,0.0,0.0
951,DIAGONAL_GAUSSIAN,6,22002,951,14.324157,10.074981,4.249176,951,1,0.68643856,0.0,0.0
952,DIAGONAL_GAUSSIAN,6,22002,952,10.302527,8.461344,1.8411837,952,1,2.1367373,0.0,0.0
953,DIAGONAL_GAUSSIAN,6,22002,953,11.104275,7.5269737,3.577301,953,1,-0.59416866,0.0,0.0
954,DIAGONAL_GAUSSIAN,6,22002,954,13.901426,6.0765247,7.8249016,954,1,0.24739647,0.0,0.0
955,DIAGONAL_GAUSSIAN,6,22002,955,14.815077,4.671733,10.143344,955,1,0.21605968,0.0,0.0
956,DIAGONAL_GAUSSIAN,6,22002,956,14.875333,3.8149738,11.060359,956,1,-0.18572712,0.0,0.0
957,DIAGONAL_GAUSSIAN,6,22002,957,12.266981,8.288266,3.978715,957,1,-0.013688087,0.0,0.0
958,DIAGONAL_GAUSSIAN,6,22002,958,8.31284,9.576939,-1.2640982,663,0,-0.392663,0.0,0.0
959,DIAGONAL_GAUSSIAN,6,22002,959,13.566641,7.3822284,6.1844125,959,1,-0.66884947,0.0,0.0
960,DIAGONAL_GAUSSIAN,6,22002,960,7.5383887,10.890727,-3.3523383,923,0,0.6460061,0.0,0.0
961,DIAGONAL_GAUSSIAN,6,22002,961,12.138144,10.358076,1.7800674,961,1,-0.9129667,0.0,0.0
962,DIAGONAL_GAUSSIAN,6,22002,962,7.915572,7.2196016,0.69597054,962,1,0.5243683,0.0,0.0
963,DIAGONAL_GAUSSIAN,6,22002,963,-0.56609935,13.016458,-13.582557,335,0,0.12833881,0.0,0.0
964,DIAGONAL_GAUSSIAN,6,22002,964,9.025276,6.697161,2.328115,964,1,-2.6582284,0.0,1.0
965,DIAGONAL_GAUSSIAN,6,22002,965,13.925446,6.4969745,7.428471,965,1,-0.5519967,0.0,0.0
966,DIAGONAL_GAUSSIAN,6,22002,966,4.530245,8.410674,-3.8804293,563,0,0.6750026,0.0,0.0
967,DIAGONAL_GAUSSIAN,6,22002,967,5.4570746,12.897505,-7.44043,969,0,-0.5741782,0.0,0.0
968,DIAGONAL_GAUSSIAN,6,22002,968,6.099336,6.900771,-0.801435,521,0,0.5253129,0.0,0.0
969,DIAGONAL_GAUSSIAN,6,22002,969,10.286945,8.010727,2.2762184,969,1,-0.19393063,0.0,0.0
970,DIAGONAL_GAUSSIAN,6,22002,970,9.831863,8.449786,1.3820772,970,1,-0.038508415,0.0,0.0
971,DIAGONAL_GAUSSIAN,6,22002,971,14.862212,4.4615636,10.400648,971,1,-0.016841888,0.0,0.0
972,DIAGONAL_GAUSSIAN,6,22002,972,11.606965,8.422178,3.1847868,972,1,-0.57769203,0.0,0.0
973,DIAGONAL_GAUSSIAN,6,22002,973,8.779003,12.848683,-4.06968,5,0,-0.8536892,0.0,0.0
974,DIAGONAL_GAUSSIAN,6,22002,974,11.302481,6.703063,4.5994177,974,1,-2.018968,0.0,0.0
975,DIAGONAL_GAUSSIAN,6,22002,975,9.523483,10.04646,-0.5229769,460,0,0.40284824,0.0,0.0
976,DIAGONAL_GAUSSIAN,6,22002,976,12.807243,9.993842,2.8134012,976,1,0.5999279,0.0,0.0
977,DIAGONAL_GAUSSIAN,6,22002,977,14.777085,8.659857,6.1172285,977,1,0.1411171,0.0,0.0
978,DIAGONAL_GAUSSIAN,6,22002,978,10.727288,9.404513,1.3227749,978,1,-0.2488451,0.0,0.0
979,DIAGONAL_GAUSSIAN,6,22002,979,10.303501,12.965284,-2.6617832,975,0,-0.36852264,0.0,0.0
980,DIAGONAL_GAUSSIAN,6,22002,980,9.374172,5.9425893,3.431583,980,1,-0.53472424,0.0,0.0
981,DIAGONAL_GAUSSIAN,6,22002,981,9.528729,9.539845,-0.011116028,429,0,-0.19449806,0.0,0.0
982,DIAGONAL_GAUSSIAN,6,22002,982,4.1309,7.866709,-3.7358093,203,0,1.7994704,0.0,0.0
983,DIAGONAL_GAUSSIAN,6,22002,983,12.452769,7.565518,4.8872514,983,1,0.5850725,0.0,0.0
984,DIAGONAL_GAUSSIAN,6,22002,984,14.120668,3.7246268,10.396042,984,1,-0.12181854,0.0,0.0
985,DIAGONAL_GAUSSIAN,6,22002,985,9.687335,7.851515,1.8358202,985,1,-0.13140249,0.0,0.0
986,DIAGONAL_GAUSSIAN,6,22002,986,14.293173,5.3419275,8.951245,986,1,0.16605854,0.0,0.0
987,DIAGONAL_GAUSSIAN,6,22002,987,13.5860615,14.941607,-1.355546,998,0,-0.55184555,0.0,0.0
988,DIAGONAL_GAUSSIAN,6,22002,988,13.892722,6.292558,7.600164,988,1,0.83961344,0.0,0.0
989,DIAGONAL_GAUSSIAN,6,22002,989,11.595016,6.694934,4.9000816,989,1,2.2184691,0.0,0.0
990,DIAGONAL_GAUSSIAN,6,22002,990,14.728363,6.751964,7.976399,990,1,0.24467134,0.0,0.0
991,DIAGONAL_GAUSSIAN,6,22002,991,14.003974,9.096845,4.9071293,991,1,0.29281712,0.0,0.0
992,DIAGONAL_GAUSSIAN,6,22002,992,12.893226,11.168204,1.7250214,992,1,-0.17411137,0.0,0.0
993,DIAGONAL_GAUSSIAN,6,22002,993,14.466987,6.2805524,8.186434,993,1,0.1335907,0.0,0.0
994,DIAGONAL_GAUSSIAN,6,22002,994,12.783058,5.6901674,7.0928907,994,1,-0.098567486,0.0,0.0
995,DIAGONAL_GAUSSIAN,6,22002,995,15.399965,5.4047174,9.995248,995,1,-0.0242939,0.0,0.0
996,DIAGONAL_GAUSSIAN,6,22002,996,14.345056,6.460303,7.8847528,996,1,0.20252371,0.0,0.0
997,DIAGONAL_GAUSSIAN,6,22002,997,11.337061,11.06165,0.27541065,997,1,0.094944954,0.0,0.0
998,DIAGONAL_GAUSSIAN,6,22002,998,13.57493,12.870137,0.704793,998,1,0.087758064,0.0,0.0
999,DIAGONAL_GAUSSIAN,6,22002,999,5.2669306,6.1070433,-0.8401127,876,0,-0.5291147,0.0,0.0
0,DIAGONAL_GAUSSIAN,6,22003,0,14.00703,5.9749866,8.032043,0,1,0.08311653,0.0,0.0
1,DIAGONAL_GAUSSIAN,6,22003,1,12.459066,6.401448,6.0576186,1,1,0.47629213,0.0,0.0
2,DIAGONAL_GAUSSIAN,6,22003,2,14.320701,9.864641,4.4560595,2,1,0.02703762,0.0,0.0
3,DIAGONAL_GAUSSIAN,6,22003,3,13.344815,11.03728,2.3075352,3,1,1.2743979,0.0,0.0
4,DIAGONAL_GAUSSIAN,6,22003,4,14.054991,9.6147995,4.4401913,4,1,0.04214382,0.0,0.0
5,DIAGONAL_GAUSSIAN,6,22003,5,14.492871,6.3101993,8.1826725,5,1,-0.12460899,0.0,0.0
6,DIAGONAL_GAUSSIAN,6,22003,6,8.376688,10.601333,-2.2246447,5,0,0.40140247,0.0,0.0
7,DIAGONAL_GAUSSIAN,6,22003,7,13.723685,8.764572,4.959113,7,1,0.57787514,0.0,0.0
8,DIAGONAL_GAUSSIAN,6,22003,8,12.881203,10.343942,2.537261,8,1,0.47228146,0.0,0.0
9,DIAGONAL_GAUSSIAN,6,22003,9,13.248925,6.199215,7.0497103,9,1,-1.8059344,0.0,0.0
10,DIAGONAL_GAUSSIAN,6,22003,10,14.202857,7.103683,7.099174,10,1,1.291657,0.0,0.0
11,DIAGONAL_GAUSSIAN,6,22003,11,11.302245,9.127339,2.1749058,11,1,-1.424551,0.0,0.0
12,DIAGONAL_GAUSSIAN,6,22003,12,4.205272,6.2416797,-2.0364075,912,0,-1.2395728,0.0,0.0
13,DIAGONAL_GAUSSIAN,6,22003,13,5.119233,7.28464,-2.1654067,996,0,4.440959,1.0,0.0
14,DIAGONAL_GAUSSIAN,6,22003,14,14.204345,6.2867637,7.917581,14,1,-1.2438359,0.0,0.0
15,DIAGONAL_GAUSSIAN,6,22003,15,13.741982,7.7933297,5.9486527,15,1,0.49568033,0.0,0.0
16,DIAGONAL_GAUSSIAN,6,22003,16,14.127038,6.3504457,7.7765923,16,1,-0.87431145,0.0,0.0
17,DIAGONAL_GAUSSIAN,6,22003,17,10.441656,6.9915996,3.4500566,17,1,-1.6852336,0.0,0.0
18,DIAGONAL_GAUSSIAN,6,22003,18,11.903798,9.042771,2.8610268,18,1,0.2434578,0.0,0.0
19,DIAGONAL_GAUSSIAN,6,22003,19,13.639549,5.3205514,8.318998,19,1,0.08399105,0.0,0.0
20,DIAGONAL_GAUSSIAN,6,22003,20,13.590136,5.59239,7.9977455,20,1,0.28899384,0.0,0.0
21,DIAGONAL_GAUSSIAN,6,22003,21,3.3246975,7.3164344,-3.991737,138,0,-0.114877224,0.0,0.0
22,DIAGONAL_GAUSSIAN,6,22003,22,14.09777,7.4774156,6.620354,22,1,-0.9821582,0.0,0.0
23,DIAGONAL_GAUSSIAN,6,22003,23,9.105479,10.485586,-1.3801069,22,0,2.6988258,1.0,0.0
24,DIAGONAL_GAUSSIAN,6,22003,24,14.660925,3.7388532,10.922071,24,1,0.008997917,0.0,0.0
25,DIAGONAL_GAUSSIAN,6,22003,25,13.724412,8.944241,4.7801714,25,1,0.39681053,0.0,0.0
26,DIAGONAL_GAUSSIAN,6,22003,26,9.578479,14.466821,-4.888342,28,0,0.50160694,0.0,0.0
27,DIAGONAL_GAUSSIAN,6,22003,27,9.395425,13.8156395,-4.4202147,26,0,-0.3805895,0.0,0.0
28,DIAGONAL_GAUSSIAN,6,22003,28,13.919585,9.8449335,4.0746517,28,1,-1.4851303,0.0,0.0
29,DIAGONAL_GAUSSIAN,6,22003,29,15.09582,6.601965,8.493855,29,1,-0.31455994,0.0,0.0
30,DIAGONAL_GAUSSIAN,6,22003,30,13.33298,8.497658,4.8353224,30,1,-0.9226017,0.0,0.0
31,DIAGONAL_GAUSSIAN,6,22003,31,11.036682,13.292293,-2.2556105,32,0,-0.12274361,0.0,0.0
32,DIAGONAL_GAUSSIAN,6,22003,32,8.690979,8.006051,0.68492794,32,1,-0.99783134,0.0,1.0
33,DIAGONAL_GAUSSIAN,6,22003,33,9.323637,7.401581,1.9220562,33,1,0.86693716,0.0,0.0
34,DIAGONAL_GAUSSIAN,6,22003,34,3.9116383,11.87246,-7.960822,980,0,-0.46231556,0.0,0.0
35,DIAGONAL_GAUSSIAN,6,22003,35,13.803917,11.858864,1.9450531,35,1,0.29999352,0.0,0.0
36,DIAGONAL_GAUSSIAN,6,22003,36,14.524552,12.21085,2.3137026,36,1,-0.40981388,0.0,0.0
37,DIAGONAL_GAUSSIAN,6,22003,37,12.1438055,10.969037,1.1747684,37,1,-0.73813343,0.0,0.0
38,DIAGONAL_GAUSSIAN,6,22003,38,10.597588,7.1235075,3.47408,38,1,1.0660243,0.0,0.0
39,DIAGONAL_GAUSSIAN,6,22003,39,13.9214945,6.8442163,7.077278,39,1,-0.47483444,0.0,0.0
40,DIAGONAL_GAUSSIAN,6,22003,40,14.451398,12.387578,2.06382,40,1,-0.2049036,0.0,0.0
41,DIAGONAL_GAUSSIAN,6,22003,41,12.028739,9.076164,2.9525747,41,1,0.6748791,0.0,0.0
42,DIAGONAL_GAUSSIAN,6,22003,42,14.324072,7.521752,6.80232,42,1,-0.08580828,0.0,0.0
43,DIAGONAL_GAUSSIAN,6,22003,43,14.768268,4.389617,10.378651,43,1,-0.07381344,0.0,0.0
44,DIAGONAL_GAUSSIAN,6,22003,44,14.356409,7.16533,7.191079,44,1,0.08539152,0.0,0.0
45,DIAGONAL_GAUSSIAN,6,22003,45,4.90329,6.065588,-1.1622982,41,0,0.6520705,0.0,0.0
46,DIAGONAL_GAUSSIAN,6,22003,46,6.765029,12.897579,-6.1325502,47,0,0.6924672,0.0,0.0
47,DIAGONAL_GAUSSIAN,6,22003,47,14.875313,5.416742,9.4585705,47,1,0.20829582,0.0,0.0
48,DIAGONAL_GAUSSIAN,6,22003,48,13.94825,5.9438744,8.004375,48,1,0.3388481,0.0,0.0
49,DIAGONAL_GAUSSIAN,6,22003,49,7.51506,9.458221,-1.9431615,975,0,0.08142424,0.0,0.0
50,DIAGONAL_GAUSSIAN,6,22003,50,5.395134,11.097244,-5.7021103,62,0,0.46161604,0.0,0.0
51,DIAGONAL_GAUSSIAN,6,22003,51,10.082924,6.4605727,3.6223512,51,1,-2.8443885,0.0,0.0
52,DIAGONAL_GAUSSIAN,6,22003,52,14.749669,8.563416,6.1862535,52,1,0.86914635,0.0,0.0
53,DIAGONAL_GAUSSIAN,6,22003,53,14.284495,9.705037,4.579458,53,1,1.0130329,0.0,0.0
54,DIAGONAL_GAUSSIAN,6,22003,54,8.841914,14.01219,-5.1702757,66,0,-0.4461708,0.0,0.0
55,DIAGONAL_GAUSSIAN,6,22003,55,8.526116,11.07733,-2.5512133,64,0,-0.28234768,0.0,0.0
56,DIAGONAL_GAUSSIAN,6,22003,56,13.754132,8.548998,5.2051344,56,1,0.026024818,0.0,0.0
57,DIAGONAL_GAUSSIAN,6,22003,57,6.9255333,8.162867,-1.2373333,65,0,-0.84106016,0.0,0.0
58,DIAGONAL_GAUSSIAN,6,22003,58,13.868402,10.578396,3.2900057,58,1,0.2856474,0.0,0.0
59,DIAGONAL_GAUSSIAN,6,22003,59,13.292395,9.790231,3.502164,59,1,-0.21139908,0.0,0.0
60,DIAGONAL_GAUSSIAN,6,22003,60,11.588437,9.815623,1.7728138,60,1,0.6616316,0.0,0.0
61,DIAGONAL_GAUSSIAN,6,22003,61,14.127207,8.187909,5.9392977,61,1,-0.32375717,0.0,0.0
62,DIAGONAL_GAUSSIAN,6,22003,62,11.2538595,10.245175,1.0086842,62,1,0.1202364,0.0,0.0
63,DIAGONAL_GAUSSIAN,6,22003,63,15.056313,8.035245,7.0210676,63,1,-0.21973324,0.0,0.0
64,DIAGONAL_GAUSSIAN,6,22003,64,8.0046625,7.4702725,0.53439,64,1,-1.479703,0.0,1.0
65,DIAGONAL_GAUSSIAN,6,22003,65,15.044944,8.141728,6.9032154,65,1,0.2686634,0.0,0.0
66,DIAGONAL_GAUSSIAN,6,22003,66,14.121211,12.764601,1.3566103,66,1,-0.2915783,0.0,0.0
67,DIAGONAL_GAUSSIAN,6,22003,67,14.450108,11.032771,3.4173365,67,1,0.18931293,0.0,0.0
68,DIAGONAL_GAUSSIAN,6,22003,68,12.553848,13.393425,-0.8395767,66,0,0.39176846,0.0,0.0
69,DIAGONAL_GAUSSIAN,6,22003,69,13.4788885,6.893522,6.5853667,69,1,1.3150558,0.0,0.0
70,DIAGONAL_GAUSSIAN,6,22003,70,14.959059,6.257182,8.701877,70,1,0.5799494,0.0,0.0
71,DIAGONAL_GAUSSIAN,6,22003,71,14.382458,4.9837966,9.398661,71,1,-0.4174385,0.0,0.0
72,DIAGONAL_GAUSSIAN,6,22003,72,12.83111,11.114948,1.7161617,72,1,-0.49261856,0.0,0.0
73,DIAGONAL_GAUSSIAN,6,22003,73,14.427279,10.229246,4.1980333,73,1,0.0696764,0.0,0.0
74,DIAGONAL_GAUSSIAN,6,22003,74,11.330793,13.11718,-1.7863865,73,0,-0.42754555,0.0,0.0
75,DIAGONAL_GAUSSIAN,6,22003,75,12.311105,9.31604,2.9950647,75,1,0.9354677,0.0,0.0
76,DIAGONAL_GAUSSIAN,6,22003,76,13.016974,9.36656,3.6504145,76,1,-0.74097157,0.0,0.0
77,DIAGONAL_GAUSSIAN,6,22003,77,11.186993,10.718775,0.46821785,77,1,0.28040218,0.0,0.0
78,DIAGONAL_GAUSSIAN,6,22003,78,15.569337,6.29226,9.277077,78,1,-0.31516838,0.0,0.0
79,DIAGONAL_GAUSSIAN,6,22003,79,13.868894,6.5282288,7.340665,79,1,0.61954546,0.0,0.0
80,DIAGONAL_GAUSSIAN,6,22003,80,15.238718,6.848096,8.390622,80,1,-0.6942897,0.0,0.0
81,DIAGONAL_GAUSSIAN,6,22003,81,13.646854,5.2486706,8.398184,81,1,0.048229218,0.0,0.0
82,DIAGONAL_GAUSSIAN,6,22003,82,14.078043,11.15586,2.922183,82,1,-0.14029694,0.0,0.0
83,DIAGONAL_GAUSSIAN,6,22003,83,15.113358,7.9542108,7.159147,83,1,0.2915306,0.0,0.0
84,DIAGONAL_GAUSSIAN,6,22003,84,14.05322,4.188847,9.864372,84,1,-0.19234276,0.0,0.0
85,DIAGONAL_GAUSSIAN,6,22003,85,11.1674,8.950088,2.2173128,85,1,-0.7685461,0.0,0.0
86,DIAGONAL_GAUSSIAN,6,22003,86,13.391063,11.0561285,2.3349342,86,1,-0.03276062,0.0,0.0
87,DIAGONAL_GAUSSIAN,6,22003,87,4.2999744,5.3207693,-1.0207949,678,0,2.764412,1.0,0.0
88,DIAGONAL_GAUSSIAN,6,22003,88,14.040403,5.763634,8.27677,88,1,0.22468567,0.0,0.0
89,DIAGONAL_GAUSSIAN,6,22003,89,13.515822,4.510549,9.005274,89,1,0.36361694,0.0,0.0
90,DIAGONAL_GAUSSIAN,6,22003,90,14.494909,5.6689606,8.825949,90,1,0.6274204,0.0,0.0
91,DIAGONAL_GAUSSIAN,6,22003,91,14.918784,5.1706724,9.748112,91,1,-0.33613968,0.0,0.0
92,DIAGONAL_GAUSSIAN,6,22003,92,14.72411,7.9303765,6.793733,92,1,-0.8996501,0.0,0.0
93,DIAGONAL_GAUSSIAN,6,22003,93,11.24182,6.9829626,4.2588577,93,1,-1.7777834,0.0,0.0
94,DIAGONAL_GAUSSIAN,6,22003,94,10.319987,12.161004,-1.8410168,95,0,-0.039628983,0.0,0.0
95,DIAGONAL_GAUSSIAN,6,22003,95,13.475683,5.5403323,7.935351,95,1,-0.015583992,0.0,0.0
96,DIAGONAL_GAUSSIAN,6,22003,96,13.826666,6.702638,7.1240277,96,1,-0.037656307,0.0,0.0
97,DIAGONAL_GAUSSIAN,6,22003,97,8.144411,9.910758,-1.7663469,98,0,0.724452,0.0,0.0
98,DIAGONAL_GAUSSIAN,6,22003,98,14.331975,4.936351,9.395624,98,1,-0.06610966,0.0,0.0
99,DIAGONAL_GAUSSIAN,6,22003,99,12.255421,7.9649143,4.2905064,99,1,-0.9487381,0.0,0.0
100,DIAGONAL_GAUSSIAN,6,22003,100,14.507905,5.2745194,9.233385,100,1,-0.14395905,0.0,0.0
101,DIAGONAL_GAUSSIAN,6,22003,101,13.921153,12.758346,1.1628075,101,1,0.33787632,0.0,0.0
102,DIAGONAL_GAUSSIAN,6,22003,102,13.370489,6.870146,6.5003433,102,1,0.08019972,0.0,0.0
103,DIAGONAL_GAUSSIAN,6,22003,103,14.187776,8.198895,5.98888,103,1,0.36347866,0.0,0.0
104,DIAGONAL_GAUSSIAN,6,22003,104,9.20577,11.141941,-1.9361715,379,0,1.7659283,0.0,0.0
105,DIAGONAL_GAUSSIAN,6,22003,105,14.139843,8.247278,5.892565,105,1,0.13010311,0.0,0.0
106,DIAGONAL_GAUSSIAN,6,22003,106,15.030192,5.304379,9.725813,106,1,-0.057887077,0.0,0.0
107,DIAGONAL_GAUSSIAN,6,22003,107,13.994563,5.097294,8.897269,107,1,0.7288885,0.0,0.0
108,DIAGONAL_GAUSSIAN,6,22003,108,11.701006,11.26014,0.44086552,108,1,0.6404705,0.0,0.0
109,DIAGONAL_GAUSSIAN,6,22003,109,4.636722,4.7088118,-0.07208967,329,0,0.10212803,1.0,0.0
110,DIAGONAL_GAUSSIAN,6,22003,110,14.632518,5.6366444,8.995873,110,1,-0.2478323,0.0,0.0
111,DIAGONAL_GAUSSIAN,6,22003,111,15.152492,5.971804,9.180687,111,1,0.09743595,0.0,0.0
112,DIAGONAL_GAUSSIAN,6,22003,112,4.1660633,4.94211,-0.77604675,363,0,-0.30098104,0.0,0.0
113,DIAGONAL_GAUSSIAN,6,22003,113,13.946663,7.1144247,6.832238,113,1,0.2633958,0.0,0.0
114,DIAGONAL_GAUSSIAN,6,22003,114,6.6456842,9.567191,-2.921507,110,0,0.05193472,0.0,0.0
115,DIAGONAL_GAUSSIAN,6,22003,115,11.319617,9.144839,2.174778,115,1,0.23596287,0.0,0.0
116,DIAGONAL_GAUSSIAN,6,22003,116,11.988242,6.1421676,5.8460746,116,1,0.24273539,0.0,0.0
117,DIAGONAL_GAUSSIAN,6,22003,117,13.959908,5.4027166,8.557191,117,1,-0.34943867,0.0,0.0
118,DIAGONAL_GAUSSIAN,6,22003,118,12.868427,8.969454,3.8989735,118,1,0.037327766,0.0,0.0
119,DIAGONAL_GAUSSIAN,6,22003,119,11.035277,8.398078,2.6371994,119,1,1.2277112,0.0,0.0
120,DIAGONAL_GAUSSIAN,6,22003,120,14.088162,9.280012,4.8081503,120,1,0.34351254,0.0,0.0
121,DIAGONAL_GAUSSIAN,6,22003,121,12.122877,7.5755787,4.5472984,121,1,-0.13908577,0.0,0.0
122,DIAGONAL_GAUSSIAN,6,22003,122,10.234473,5.688319,4.546154,122,1,0.30586433,0.0,0.0
123,DIAGONAL_GAUSSIAN,6,22003,123,11.144536,11.378992,-0.23445606,122,0,-0.532465,0.0,0.0
124,DIAGONAL_GAUSSIAN,6,22003,124,9.803646,11.53912,-1.7354736,121,0,1.086628,0.0,0.0
125,DIAGONAL_GAUSSIAN,6,22003,125,13.9627495,6.665827,7.2969227,125,1,-0.3009839,0.0,0.0
126,DIAGONAL_GAUSSIAN,6,22003,126,2.7897415,6.495459,-3.7057176,451,0,-0.06411576,0.0,0.0
127,DIAGONAL_GAUSSIAN,6,22003,127,13.660289,10.818251,2.8420382,127,1,-0.15715027,0.0,0.0
128,DIAGONAL_GAUSSIAN,6,22003,128,12.994438,8.814032,4.1804066,128,1,-0.23456001,0.0,0.0
129,DIAGONAL_GAUSSIAN,6,22003,129,14.365011,5.4993186,8.865692,129,1,-0.1394453,0.0,0.0
130,DIAGONAL_GAUSSIAN,6,22003,130,13.582715,5.695871,7.886844,130,1,0.017227173,0.0,0.0
131,DIAGONAL_GAUSSIAN,6,22003,131,12.186241,9.48096,2.7052813,131,1,-0.43981457,0.0,0.0
132,DIAGONAL_GAUSSIAN,6,22003,132,12.529307,9.644173,2.8851347,132,1,0.5569763,0.0,0.0
133,DIAGONAL_GAUSSIAN,6,22003,133,14.806485,5.272859,9.533627,133,1,-0.22665119,0.0,0.0
134,DIAGONAL_GAUSSIAN,6,22003,134,12.086362,8.58194,3.5044222,134,1,-0.64654636,0.0,0.0
135,DIAGONAL_GAUSSIAN,6,22003,135,14.92977,5.6929307,9.236839,135,1,0.12855816,0.0,0.0
136,DIAGONAL_GAUSSIAN,6,22003,136,14.058096,9.544105,4.5139914,136,1,2.4542265,0.0,0.0
137,DIAGONAL_GAUSSIAN,6,22003,137,13.986817,7.3367653,6.650052,137,1,-0.29769087,0.0,0.0
138,DIAGONAL_GAUSSIAN,6,22003,138,14.39825,9.866062,4.5321875,138,1,-2.915923,0.0,0.0
139,DIAGONAL_GAUSSIAN,6,22003,139,13.455515,6.549631,6.905884,139,1,-0.6744461,0.0,0.0
140,DIAGONAL_GAUSSIAN,6,22003,140,13.464083,9.213801,4.2502813,140,1,0.38466263,0.0,0.0
141,DIAGONAL_GAUSSIAN,6,22003,141,13.868888,7.306146,6.5627418,141,1,0.67724514,0.0,0.0
142,DIAGONAL_GAUSSIAN,6,22003,142,13.784664,7.023317,6.7613473,142,1,-0.14826536,0.0,0.0
143,DIAGONAL_GAUSSIAN,6,22003,143,14.562726,5.7126007,8.850125,143,1,-0.4429598,0.0,0.0
144,DIAGONAL_GAUSSIAN,6,22003,144,8.258575,11.069364,-2.8107882,146,0,-0.83803654,0.0,0.0
145,DIAGONAL_GAUSSIAN,6,22003,145,7.030752,4.875809,2.154943,145,1,-1.2282038,0.0,0.0
146,DIAGONAL_GAUSSIAN,6,22003,146,13.332857,4.9425755,8.390282,146,1,0.61145115,0.0,0.0
147,DIAGONAL_GAUSSIAN,6,22003,147,13.603361,4.744646,8.858715,147,1,-0.06525421,0.0,0.0
148,DIAGONAL_GAUSSIAN,6,22003,148,13.433395,5.8739123,7.559483,148,1,0.024660587,0.0,0.0
149,DIAGONAL_GAUSSIAN,6,22003,149,14.240126,5.775179,8.464947,149,1,0.20345497,0.0,0.0
150,DIAGONAL_GAUSSIAN,6,22003,150,13.120522,7.308329,5.8121924,150,1,0.99075603,0.0,0.0
151,DIAGONAL_GAUSSIAN,6,22003,151,8.781156,11.014528,-2.2333727,162,0,0.055072784,0.0,0.0
152,DIAGONAL_GAUSSIAN,6,22003,152,13.726645,8.874928,4.851717,152,1,0.70901203,0.0,0.0
153,DIAGONAL_GAUSSIAN,6,22003,153,11.40678,11.228174,0.17860603,153,1,0.8459034,0.0,0.0
154,DIAGONAL_GAUSSIAN,6,22003,154,14.461658,6.3462753,8.115382,154,1,-0.06474781,0.0,0.0
155,DIAGONAL_GAUSSIAN,6,22003,155,10.767915,11.399384,-0.6314688,154,0,-0.9004278,0.0,0.0
156,DIAGONAL_GAUSSIAN,6,22003,156,11.588777,10.567672,1.0211048,156,1,0.26446342,0.0,0.0
157,DIAGONAL_GAUSSIAN,6,22003,157,12.431311,8.614189,3.8171215,157,1,0.31681633,0.0,0.0
158,DIAGONAL_GAUSSIAN,6,22003,158,10.407309,11.292886,-0.8855772,237,0,0.90600586,1.0,0.0
159,DIAGONAL_GAUSSIAN,6,22003,159,14.141667,8.238137,5.90353,159,1,-0.34314156,0.0,0.0
160,DIAGONAL_GAUSSIAN,6,22003,160,14.369372,5.638951,8.730421,160,1,-0.47364426,0.0,0.0
161,DIAGONAL_GAUSSIAN,6,22003,161,14.248337,8.644955,5.603382,161,1,0.3328638,0.0,0.0
162,DIAGONAL_GAUSSIAN,6,22003,162,13.953466,9.468714,4.4847527,162,1,-1.1171265,0.0,0.0
163,DIAGONAL_GAUSSIAN,6,22003,163,11.329861,9.102791,2.2270699,163,1,-0.55881405,0.0,0.0
164,DIAGONAL_GAUSSIAN,6,22003,164,12.796258,9.894846,2.901412,164,1,-0.37535858,0.0,0.0
165,DIAGONAL_GAUSSIAN,6,22003,165,14.716245,7.600664,7.1155806,165,1,-0.08339739,0.0,0.0
166,DIAGONAL_GAUSSIAN,6,22003,166,8.686289,7.743827,0.94246197,166,1,-2.9237828,0.0,1.0
167,DIAGONAL_GAUSSIAN,6,22003,167,9.827716,13.16056,-3.3328438,164,0,0.06149006,0.0,0.0
168,DIAGONAL_GAUSSIAN,6,22003,168,12.134429,11.261813,0.8726158,168,1,-0.2749958,0.0,0.0
169,DIAGONAL_GAUSSIAN,6,22003,169,14.554721,7.317635,7.237086,169,1,-0.042752266,0.0,0.0
170,DIAGONAL_GAUSSIAN,6,22003,170,12.13404,10.356306,1.7777338,170,1,-0.21616077,0.0,0.0
171,DIAGONAL_GAUSSIAN,6,22003,171,14.483203,9.8310585,4.6521444,171,1,0.6842747,0.0,0.0
172,DIAGONAL_GAUSSIAN,6,22003,172,14.448569,8.429676,6.0188932,172,1,-0.22809315,0.0,0.0
173,DIAGONAL_GAUSSIAN,6,22003,173,14.576558,7.4625306,7.1140275,173,1,1.8534656,0.0,0.0
174,DIAGONAL_GAUSSIAN,6,22003,174,11.024742,7.904892,3.1198502,174,1,-1.6254187,0.0,0.0
175,DIAGONAL_GAUSSIAN,6,22003,175,11.657759,11.006038,0.651721,175,1,-0.3751707,0.0,0.0
176,DIAGONAL_GAUSSIAN,6,22003,176,11.2052145,13.902748,-2.6975336,172,0,-1.6524048,0.0,0.0
177,DIAGONAL_GAUSSIAN,6,22003,177,13.05184,12.033363,1.0184765,177,1,-1.3005238,0.0,1.0
178,DIAGONAL_GAUSSIAN,6,22003,178,14.460265,8.538424,5.9218416,178,1,-0.7589464,0.0,0.0
179,DIAGONAL_GAUSSIAN,6,22003,179,11.029856,11.125305,-0.09544945,180,0,0.25708675,1.0,0.0
180,DIAGONAL_GAUSSIAN,6,22003,180,12.107761,10.684478,1.4232836,180,1,0.37603092,0.0,0.0
181,DIAGONAL_GAUSSIAN,6,22003,181,13.157731,7.4233227,5.7344084,181,1,0.64197206,0.0,0.0
182,DIAGONAL_GAUSSIAN,6,22003,182,12.58721,7.1589885,5.428221,182,1,1.2118716,0.0,0.0
183,DIAGONAL_GAUSSIAN,6,22003,183,14.285613,6.833712,7.451901,183,1,-0.124741554,0.0,0.0
184,DIAGONAL_GAUSSIAN,6,22003,184,15.451405,7.709936,7.7414684,184,1,0.7606802,0.0,0.0
185,DIAGONAL_GAUSSIAN,6,22003,185,12.70132,10.010371,2.6909485,185,1,1.6163111,0.0,0.0
186,DIAGONAL_GAUSSIAN,6,22003,186,14.631519,11.9041815,2.7273378,186,1,-0.14793587,0.0,0.0
187,DIAGONAL_GAUSSIAN,6,22003,187,10.391398,10.830914,-0.4395151,193,0,2.03654,1.0,0.0
188,DIAGONAL_GAUSSIAN,6,22003,188,14.731599,11.989507,2.7420921,188,1,0.3946123,0.0,0.0
189,DIAGONAL_GAUSSIAN,6,22003,189,13.217838,12.124197,1.0936413,189,1,0.12830925,0.0,0.0
190,DIAGONAL_GAUSSIAN,6,22003,190,10.822626,10.769529,0.05309677,190,1,2.854412,0.0,0.0
191,DIAGONAL_GAUSSIAN,6,22003,191,12.580386,9.269787,3.3105993,191,1,-1.3260021,0.0,0.0
192,DIAGONAL_GAUSSIAN,6,22003,192,3.634833,7.7819586,-4.1471252,179,0,0.486876,0.0,0.0
193,DIAGONAL_GAUSSIAN,6,22003,193,14.8183775,10.667682,4.150696,193,1,2.0835218,0.0,0.0
194,DIAGONAL_GAUSSIAN,6,22003,194,14.663413,8.428418,6.234995,194,1,0.6995578,0.0,0.0
195,DIAGONAL_GAUSSIAN,6,22003,195,13.076283,8.056024,5.02026,195,1,0.15179682,0.0,0.0
196,DIAGONAL_GAUSSIAN,6,22003,196,8.99608,14.92307,-5.9269896,198,0,-0.58672714,0.0,0.0
197,DIAGONAL_GAUSSIAN,6,22003,197,9.323144,7.2044706,2.1186733,197,1,-0.4601326,0.0,0.0
198,DIAGONAL_GAUSSIAN,6,22003,198,13.243033,11.601279,1.6417542,198,1,0.6323128,0.0,0.0
199,DIAGONAL_GAUSSIAN,6,22003,199,9.991007,10.117512,-0.1265049,198,0,-1.018404,0.0,0.0
200,DIAGONAL_GAUSSIAN,6,22003,200,12.622602,10.413639,2.2089634,200,1,0.29354477,0.0,0.0
201,DIAGONAL_GAUSSIAN,6,22003,201,11.457432,11.843749,-0.38631725,193,0,-0.15392971,0.0,0.0
202,DIAGONAL_GAUSSIAN,6,22003,202,12.13778,10.04174,2.0960398,202,1,-0.19785404,0.0,0.0
203,DIAGONAL_GAUSSIAN,6,22003,203,6.995561,7.963407,-0.9678459,153,0,-0.5207257,0.0,0.0
204,DIAGONAL_GAUSSIAN,6,22003,204,10.601661,11.161156,-0.559495,200,0,-0.93601036,0.0,0.0
205,DIAGONAL_GAUSSIAN,6,22003,205,12.418468,7.851968,4.5665007,205,1,-0.2189188,0.0,0.0
206,DIAGONAL_GAUSSIAN,6,22003,206,12.760527,9.020194,3.7403326,206,1,0.2533064,0.0,0.0
207,DIAGONAL_GAUSSIAN,6,22003,207,12.420819,6.916831,5.5039883,207,1,-0.19030046,0.0,0.0
208,DIAGONAL_GAUSSIAN,6,22003,208,3.4875848,10.268199,-6.780614,260,0,-0.40996647,0.0,0.0
209,DIAGONAL_GAUSSIAN,6,22003,209,12.421586,8.316518,4.105068,209,1,1.2246408,0.0,0.0
210,DIAGONAL_GAUSSIAN,6,22003,210,13.2414255,5.5363584,7.705067,210,1,-0.1368556,0.0,0.0
211,DIAGONAL_GAUSSIAN,6,22003,211,13.714535,6.6621118,7.052423,211,1,0.006998539,0.0,0.0
212,DIAGONAL_GAUSSIAN,6,22003,212,13.409211,5.3985643,8.010647,212,1,0.89544296,0.0,0.0
213,DIAGONAL_GAUSSIAN,6,22003,213,6.9039187,11.072437,-4.1685185,218,0,1.2208562,0.0,0.0
214,DIAGONAL_GAUSSIAN,6,22003,214,12.695842,6.05899,6.636852,214,1,1.2337532,0.0,0.0
215,DIAGONAL_GAUSSIAN,6,22003,215,14.925232,9.560286,5.3649464,215,1,-0.12756729,0.0,0.0
216,DIAGONAL_GAUSSIAN,6,22003,216,14.949931,7.4717245,7.4782066,216,1,-0.17390871,0.0,0.0
217,DIAGONAL_GAUSSIAN,6,22003,217,12.239629,7.9429135,4.2967153,217,1,0.7829771,0.0,0.0
218,DIAGONAL_GAUSSIAN,6,22003,218,14.601062,8.820452,5.78061,218,1,-0.122849464,0.0,0.0
219,DIAGONAL_GAUSSIAN,6,22003,219,11.811136,7.765461,4.0456753,219,1,1.2345438,0.0,0.0
220,DIAGONAL_GAUSSIAN,6,22003,220,15.006805,9.39814,5.6086655,220,1,0.12747288,0.0,0.0
221,DIAGONAL_GAUSSIAN,6,22003,221,11.988326,8.448078,3.540248,221,1,0.20899487,0.0,0.0
222,DIAGONAL_GAUSSIAN,6,22003,222,13.198736,9.633747,3.564989,222,1,2.6606174,0.0,0.0
223,DIAGONAL_GAUSSIAN,6,22003,223,14.476893,6.1347613,8.342133,223,1,-0.83031464,0.0,0.0
224,DIAGONAL_GAUSSIAN,6,22003,224,14.452772,6.4956064,7.9571657,224,1,0.8150339,0.0,0.0
225,DIAGONAL_GAUSSIAN,6,22003,225,13.67552,6.961411,6.714109,225,1,-0.14827442,0.0,0.0
226,DIAGONAL_GAUSSIAN,6,22003,226,3.096116,7.5485744,-4.4524584,210,0,-0.088807106,0.0,0.0
227,DIAGONAL_GAUSSIAN,6,22003,227,8.850425,6.7867017,2.063723,227,1,0.6873698,0.0,0.0
228,DIAGONAL_GAUSSIAN,6,22003,228,14.409152,5.4391747,8.969977,228,1,-0.43431854,0.0,0.0
229,DIAGONAL_GAUSSIAN,6,22003,229,14.313597,7.9764977,6.337099,229,1,0.13478613,0.0,0.0
230,DIAGONAL_GAUSSIAN,6,22003,230,4.0254607,7.73877,-3.7133093,253,0,-0.6073322,0.0,0.0
231,DIAGONAL_GAUSSIAN,6,22003,231,9.850139,14.260692,-4.410553,230,0,-0.09200382,0.0,0.0
232,DIAGONAL_GAUSSIAN,6,22003,232,11.078237,9.132693,1.9455433,232,1,0.09533024,0.0,0.0
233,DIAGONAL_GAUSSIAN,6,22003,233,14.945699,8.180229,6.7654696,233,1,0.6997824,0.0,0.0
234,DIAGONAL_GAUSSIAN,6,22003,234,8.98853,9.018126,-0.029595375,262,0,0.69898987,1.0,0.0
235,DIAGONAL_GAUSSIAN,6,22003,235,10.74721,11.159206,-0.41199684,225,0,0.7030935,1.0,0.0
236,DIAGONAL_GAUSSIAN,6,22003,236,11.00792,10.25411,0.7538099,236,1,-0.017359734,0.0,0.0
237,DIAGONAL_GAUSSIAN,6,22003,237,13.886118,10.301176,3.5849419,237,1,0.035782814,0.0,0.0
238,DIAGONAL_GAUSSIAN,6,22003,238,13.233066,11.743301,1.4897642,238,1,0.29591274,0.0,0.0
239,DIAGONAL_GAUSSIAN,6,22003,239,12.738046,10.336003,2.4020424,239,1,-1.0481749,0.0,0.0
240,DIAGONAL_GAUSSIAN,6,22003,240,11.727928,14.113948,-2.3860197,238,0,-0.5464735,0.0,0.0
241,DIAGONAL_GAUSSIAN,6,22003,241,12.588016,12.033677,0.55433846,241,1,0.91716385,0.0,0.0
242,DIAGONAL_GAUSSIAN,6,22003,242,13.45858,7.75573,5.70285,242,1,-0.8628745,0.0,0.0
243,DIAGONAL_GAUSSIAN,6,22003,243,14.0861225,10.151612,3.9345102,243,1,0.20618057,0.0,0.0
244,DIAGONAL_GAUSSIAN,6,22003,244,14.041329,10.31275,3.7285795,244,1,-0.08201313,0.0,0.0
245,DIAGONAL_GAUSSIAN,6,22003,245,13.240596,8.8156595,4.4249363,245,1,-0.071305275,0.0,0.0
246,DIAGONAL_GAUSSIAN,6,22003,246,9.77521,9.5304785,0.2447319,246,1,-0.9086237,0.0,1.0
247,DIAGONAL_GAUSSIAN,6,22003,247,14.2165985,5.237178,8.979421,247,1,-0.17847347,0.0,0.0
248,DIAGONAL_GAUSSIAN,6,22003,248,11.7869215,11.03064,0.75628185,248,1,0.039003372,0.0,0.0
249,DIAGONAL_GAUSSIAN,6,22003,249,14.760199,8.28638,6.473819,249,1,0.18881893,0.0,0.0
250,DIAGONAL_GAUSSIAN,6,22003,250,13.120325,12.7210045,0.3993206,250,1,-0.73954964,0.0,1.0
251,DIAGONAL_GAUSSIAN,6,22003,251,11.884394,6.513609,5.3707848,251,1,1.1714897,0.0,0.0
252,DIAGONAL_GAUSSIAN,6,22003,252,13.625086,8.456432,5.1686535,252,1,0.51475716,0.0,0.0
253,DIAGONAL_GAUSSIAN,6,22003,253,15.022298,6.2726994,8.7495985,253,1,1.0226326,0.0,0.0
254,DIAGONAL_GAUSSIAN,6,22003,254,13.09422,6.7157464,6.3784738,254,1,-0.36207294,0.0,0.0
255,DIAGONAL_GAUSSIAN,6,22003,255,13.584466,5.887937,7.696529,255,1,1.0351262,0.0,0.0
256,DIAGONAL_GAUSSIAN,6,22003,256,12.137732,9.805694,2.332038,256,1,-1.9363432,0.0,0.0
257,DIAGONAL_GAUSSIAN,6,22003,257,12.596621,8.815606,3.7810144,257,1,-0.1522932,0.0,0.0
258,DIAGONAL_GAUSSIAN,6,22003,258,13.536911,9.324832,4.212079,258,1,1.1744204,0.0,0.0
259,DIAGONAL_GAUSSIAN,6,22003,259,13.440356,8.435075,5.0052814,259,1,-1.2760849,0.0,0.0
260,DIAGONAL_GAUSSIAN,6,22003,260,12.24864,8.099054,4.1495857,260,1,-0.248837,0.0,0.0
261,DIAGONAL_GAUSSIAN,6,22003,261,14.316522,7.7412415,6.57528,261,1,-1.0411472,0.0,0.0
262,DIAGONAL_GAUSSIAN,6,22003,262,13.500802,7.5216475,5.9791546,262,1,0.6923113,0.0,0.0
263,DIAGONAL_GAUSSIAN,6,22003,263,12.201923,10.795517,1.4064064,263,1,-0.5214939,0.0,0.0
264,DIAGONAL_GAUSSIAN,6,22003,264,15.157599,7.7478704,7.409729,264,1,0.20231152,0.0,0.0
265,DIAGONAL_GAUSSIAN,6,22003,265,-0.2856096,7.143807,-7.4294167,727,0,-0.11249399,0.0,0.0
266,DIAGONAL_GAUSSIAN,6,22003,266,12.125848,12.340354,-0.21450615,265,0,-0.31927776,0.0,0.0
267,DIAGONAL_GAUSSIAN,6,22003,267,14.217762,7.200707,7.017055,267,1,0.54334164,0.0,0.0
268,DIAGONAL_GAUSSIAN,6,22003,268,14.147493,6.4199286,7.727565,268,1,-0.44447756,0.0,0.0
269,DIAGONAL_GAUSSIAN,6,22003,269,12.628301,11.73268,0.89562035,269,1,0.37345505,0.0,0.0
270,DIAGONAL_GAUSSIAN,6,22003,270,14.425489,11.122701,3.3027887,270,1,-0.044070244,0.0,0.0
271,DIAGONAL_GAUSSIAN,6,22003,271,6.3295026,15.346037,-9.016535,274,0,-0.31024933,0.0,0.0
272,DIAGONAL_GAUSSIAN,6,22003,272,13.057223,11.521572,1.5356512,272,1,-0.23979378,0.0,0.0
273,DIAGONAL_GAUSSIAN,6,22003,273,13.767349,10.571074,3.1962757,273,1,1.3442478,0.0,0.0
274,DIAGONAL_GAUSSIAN,6,22003,274,15.373091,6.6039414,8.76915,274,1,-0.11732292,0.0,0.0
275,DIAGONAL_GAUSSIAN,6,22003,275,13.729813,8.273532,5.4562807,275,1,-0.13914013,0.0,0.0
276,DIAGONAL_GAUSSIAN,6,22003,276,12.892262,9.15727,3.734992,276,1,0.123342514,0.0,0.0
277,DIAGONAL_GAUSSIAN,6,22003,277,10.622142,12.804651,-2.1825094,278,0,-0.016153336,0.0,0.0
278,DIAGONAL_GAUSSIAN,6,22003,278,10.729054,12.889309,-2.1602545,279,0,0.48765945,0.0,0.0
279,DIAGONAL_GAUSSIAN,6,22003,279,14.185235,7.1102195,7.0750155,279,1,-0.33987188,0.0,0.0
280,DIAGONAL_GAUSSIAN,6,22003,280,14.533509,8.086568,6.4469414,280,1,-0.3096919,0.0,0.0
281,DIAGONAL_GAUSSIAN,6,22003,281,10.1840515,9.289646,0.89440536,281,1,-0.24130726,0.0,0.0
282,DIAGONAL_GAUSSIAN,6,22003,282,9.986891,12.41453,-2.427639,285,0,-0.37337017,0.0,0.0
283,DIAGONAL_GAUSSIAN,6,22003,283,13.375644,7.9151363,5.4605074,283,1,0.43878126,0.0,0.0
284,DIAGONAL_GAUSSIAN,6,22003,284,12.260519,5.6466756,6.6138434,284,1,-1.0352435,0.0,0.0
285,DIAGONAL_GAUSSIAN,6,22003,285,10.571366,7.9162035,2.6551628,285,1,-0.9789543,0.0,0.0
286,DIAGONAL_GAUSSIAN,6,22003,286,14.656111,6.8186936,7.837417,286,1,-0.5662222,0.0,0.0
287,DIAGONAL_GAUSSIAN,6,22003,287,14.997098,4.2490373,10.74806,287,1,0.09515953,0.0,0.0
288,DIAGONAL_GAUSSIAN,6,22003,288,14.269532,10.294198,3.9753342,288,1,0.3508377,0.0,0.0
289,DIAGONAL_GAUSSIAN,6,22003,289,13.045893,10.067167,2.9787254,289,1,-0.15273571,0.0,0.0
290,DIAGONAL_GAUSSIAN,6,22003,290,13.94418,11.581212,2.3629675,290,1,-0.33586597,0.0,0.0
291,DIAGONAL_GAUSSIAN,6,22003,291,12.492622,6.5673294,5.925293,291,1,0.24898958,0.0,0.0
292,DIAGONAL_GAUSSIAN,6,22003,292,13.378553,10.259894,3.118659,292,1,-0.7468319,0.0,0.0
293,DIAGONAL_GAUSSIAN,6,22003,293,13.658235,6.126982,7.5312524,293,1,0.16723537,0.0,0.0
294,DIAGONAL_GAUSSIAN,6,22003,294,14.825963,6.1256156,8.700348,294,1,0.08468056,0.0,0.0
295,DIAGONAL_GAUSSIAN,6,22003,295,13.4750805,9.822005,3.6530752,295,1,-0.052042007,0.0,0.0
296,DIAGONAL_GAUSSIAN,6,22003,296,12.654025,7.496234,5.157791,296,1,1.2054405,0.0,0.0
297,DIAGONAL_GAUSSIAN,6,22003,297,15.127091,5.219559,9.907532,297,1,-0.05709648,0.0,0.0
298,DIAGONAL_GAUSSIAN,6,22003,298,8.572836,8.9376545,-0.36481857,274,0,-1.6665945,0.0,0.0
299,DIAGONAL_GAUSSIAN,6,22003,299,10.016027,10.846111,-0.83008385,359,0,-2.038631,0.0,0.0
300,DIAGONAL_GAUSSIAN,6,22003,300,13.177903,8.628296,4.5496073,300,1,-0.037513733,0.0,0.0
301,DIAGONAL_GAUSSIAN,6,22003,301,13.506964,9.058078,4.448886,301,1,0.48389053,0.0,0.0
302,DIAGONAL_GAUSSIAN,6,22003,302,8.475405,11.681799,-3.2063942,303,0,-0.20334911,0.0,0.0
303,DIAGONAL_GAUSSIAN,6,22003,303,11.515545,8.125952,3.3895931,303,1,1.0200973,0.0,0.0
304,DIAGONAL_GAUSSIAN,6,22003,304,13.235833,10.621231,2.614602,304,1,-0.70116806,0.0,0.0
305,DIAGONAL_GAUSSIAN,6,22003,305,12.609397,8.026268,4.583129,305,1,-0.34030914,0.0,0.0
306,DIAGONAL_GAUSSIAN,6,22003,306,14.827738,5.398748,9.428989,306,1,0.1415739,0.0,0.0
307,DIAGONAL_GAUSSIAN,6,22003,307,13.599433,7.16193,6.437503,307,1,0.0052189827,0.0,0.0
308,DIAGONAL_GAUSSIAN,6,22003,308,11.46509,10.23144,1.2336502,308,1,-0.43165588,0.0,0.0
309,DIAGONAL_GAUSSIAN,6,22003,309,12.801913,5.926849,6.8750644,309,1,-0.39477444,0.0,0.0
310,DIAGONAL_GAUSSIAN,6,22003,310,12.214857,9.883155,2.3317022,310,1,0.4152918,0.0,0.0
311,DIAGONAL_GAUSSIAN,6,22003,311,13.88359,10.439302,3.4442873,311,1,-0.19316864,0.0,0.0
312,DIAGONAL_GAUSSIAN,6,22003,312,12.478008,7.0273237,5.4506845,312,1,0.21120453,0.0,0.0
313,DIAGONAL_GAUSSIAN,6,22003,313,13.7097,11.191623,2.518077,313,1,0.33472252,0.0,0.0
314,DIAGONAL_GAUSSIAN,6,22003,314,12.717988,7.363813,5.354175,314,1,-0.79355764,0.0,0.0
315,DIAGONAL_GAUSSIAN,6,22003,315,9.478681,8.163152,1.3155289,315,1,-0.1241045,0.0,0.0
316,DIAGONAL_GAUSSIAN,6,22003,316,13.76462,5.1213193,8.643301,316,1,-0.0743866,0.0,0.0
317,DIAGONAL_GAUSSIAN,6,22003,317,3.5355797,13.947283,-10.411703,318,0,0.15034866,0.0,0.0
318,DIAGONAL_GAUSSIAN,6,22003,318,14.029328,5.5424724,8.486856,318,1,0.38092136,0.0,0.0
319,DIAGONAL_GAUSSIAN,6,22003,319,13.738749,8.440106,5.298642,319,1,-0.17703533,0.0,0.0
320,DIAGONAL_GAUSSIAN,6,22003,320,13.557739,11.044318,2.513421,320,1,0.027249336,0.0,0.0
321,DIAGONAL_GAUSSIAN,6,22003,321,13.983441,6.6306043,7.352837,321,1,-0.13315248,0.0,0.0
322,DIAGONAL_GAUSSIAN,6,22003,322,14.570475,7.0713997,7.499075,322,1,0.15488529,0.0,0.0
323,DIAGONAL_GAUSSIAN,6,22003,323,13.921427,6.180363,7.7410636,323,1,-0.1845932,0.0,0.0
324,DIAGONAL_GAUSSIAN,6,22003,324,13.147504,6.270227,6.877277,324,1,-0.25003958,0.0,0.0
325,DIAGONAL_GAUSSIAN,6,22003,325,13.155375,6.6678977,6.487477,325,1,-0.122889996,0.0,0.0
326,DIAGONAL_GAUSSIAN,6,22003,326,13.302278,8.86088,4.4413977,326,1,0.685441,0.0,0.0
327,DIAGONAL_GAUSSIAN,6,22003,327,13.843589,6.769783,7.073806,327,1,-0.043013573,0.0,0.0
328,DIAGONAL_GAUSSIAN,6,22003,328,13.159886,7.3146315,5.845255,328,1,0.08790636,0.0,0.0
329,DIAGONAL_GAUSSIAN,6,22003,329,9.749243,5.377271,4.3719716,329,1,0.12929726,0.0,0.0
330,DIAGONAL_GAUSSIAN,6,22003,330,13.902428,11.9918165,1.9106112,330,1,0.65431786,0.0,0.0
331,DIAGONAL_GAUSSIAN,6,22003,331,15.182909,7.563289,7.61962,331,1,0.11190462,0.0,0.0
332,DIAGONAL_GAUSSIAN,6,22003,332,14.395638,5.7000875,8.695551,332,1,-0.35355377,0.0,0.0
333,DIAGONAL_GAUSSIAN,6,22003,333,13.855747,6.098424,7.7573233,333,1,0.17723227,0.0,0.0
334,DIAGONAL_GAUSSIAN,6,22003,334,6.706366,13.67666,-6.9702935,102,0,0.15650368,0.0,0.0
335,DIAGONAL_GAUSSIAN,6,22003,335,12.028411,5.804846,6.223565,335,1,0.18425179,0.0,0.0
336,DIAGONAL_GAUSSIAN,6,22003,336,7.0427217,8.639815,-1.5970936,350,0,0.4284525,0.0,0.0
337,DIAGONAL_GAUSSIAN,6,22003,337,4.6751947,14.196581,-9.521386,334,0,-0.28658772,0.0,0.0
338,DIAGONAL_GAUSSIAN,6,22003,338,1.8861322,10.214479,-8.328347,29,0,0.81846714,0.0,0.0
339,DIAGONAL_GAUSSIAN,6,22003,339,12.123916,7.1941843,4.9297314,339,1,1.1831074,0.0,0.0
340,DIAGONAL_GAUSSIAN,6,22003,340,14.325308,7.547707,6.777601,340,1,-0.14545345,0.0,0.0
341,DIAGONAL_GAUSSIAN,6,22003,341,2.5019445,7.8412495,-5.339305,155,0,2.1682901,0.0,0.0
342,DIAGONAL_GAUSSIAN,6,22003,342,13.583563,13.288407,0.29515553,342,1,0.1841116,0.0,0.0
343,DIAGONAL_GAUSSIAN,6,22003,343,13.7862425,9.54747,4.2387724,343,1,0.3718176,0.0,0.0
344,DIAGONAL_GAUSSIAN,6,22003,344,13.528753,5.554052,7.9747014,344,1,-0.47031784,0.0,0.0
345,DIAGONAL_GAUSSIAN,6,22003,345,11.563989,14.587934,-3.0239449,690,0,0.03424549,0.0,0.0
346,DIAGONAL_GAUSSIAN,6,22003,346,13.321179,9.789556,3.5316238,346,1,1.0421515,0.0,0.0
347,DIAGONAL_GAUSSIAN,6,22003,347,13.33643,8.540831,4.795599,347,1,-0.6879072,0.0,0.0
348,DIAGONAL_GAUSSIAN,6,22003,348,7.340823,8.745381,-1.4045582,341,0,-0.31235027,0.0,0.0
349,DIAGONAL_GAUSSIAN,6,22003,349,13.9322405,10.638239,3.2940016,349,1,-0.27616215,0.0,0.0
350,DIAGONAL_GAUSSIAN,6,22003,350,14.04414,8.25171,5.79243,350,1,0.84668064,0.0,0.0
351,DIAGONAL_GAUSSIAN,6,22003,351,13.012862,6.38717,6.6256924,351,1,-0.12311554,0.0,0.0
352,DIAGONAL_GAUSSIAN,6,22003,352,13.961581,10.518981,3.4426003,352,1,-0.14879799,0.0,0.0
353,DIAGONAL_GAUSSIAN,6,22003,353,12.581537,11.455111,1.1264267,353,1,0.6436081,0.0,0.0
354,DIAGONAL_GAUSSIAN,6,22003,354,13.901682,4.8468647,9.054817,354,1,-0.46186924,0.0,0.0
355,DIAGONAL_GAUSSIAN,6,22003,355,11.334815,6.357905,4.97691,355,1,2.0773792,0.0,0.0
356,DIAGONAL_GAUSSIAN,6,22003,356,15.106713,12.0457945,3.0609188,356,1,0.06475639,0.0,0.0
357,DIAGONAL_GAUSSIAN,6,22003,357,2.206763,7.143769,-4.937006,975,0,0.5180521,0.0,0.0
358,DIAGONAL_GAUSSIAN,6,22003,358,9.376999,13.099066,-3.7220669,356,0,0.56270313,0.0,0.0
359,DIAGONAL_GAUSSIAN,6,22003,359,10.38226,10.428366,-0.046105385,358,0,0.27876377,1.0,0.0
360,DIAGONAL_GAUSSIAN,6,22003,360,6.7220373,8.881257,-2.1592197,150,0,1.042078,0.0,0.0
361,DIAGONAL_GAUSSIAN,6,22003,361,7.9033947,4.2230916,3.680303,361,1,-1.6656508,0.0,0.0
362,DIAGONAL_GAUSSIAN,6,22003,362,14.919445,7.1131864,7.8062587,362,1,-0.13636255,0.0,0.0
363,DIAGONAL_GAUSSIAN,6,22003,363,15.236012,3.514839,11.721173,363,1,0.37928295,0.0,0.0
364,DIAGONAL_GAUSSIAN,6,22003,364,14.98684,5.5029974,9.483843,364,1,-0.18478394,0.0,0.0
365,DIAGONAL_GAUSSIAN,6,22003,365,13.14945,6.545653,6.6037974,365,1,-0.03921318,0.0,0.0
366,DIAGONAL_GAUSSIAN,6,22003,366,13.868796,8.557932,5.3108644,366,1,0.17869663,0.0,0.0
367,DIAGONAL_GAUSSIAN,6,22003,367,9.024263,6.6425757,2.3816876,367,1,-0.034074783,0.0,0.0
368,DIAGONAL_GAUSSIAN,6,22003,368,14.790609,8.950014,5.8405952,368,1,1.2883391,0.0,0.0
369,DIAGONAL_GAUSSIAN,6,22003,369,14.094636,10.49554,3.5990963,369,1,-0.092336655,0.0,0.0
370,DIAGONAL_GAUSSIAN,6,22003,370,14.254684,8.810449,5.444236,370,1,0.45812035,0.0,0.0
371,DIAGONAL_GAUSSIAN,6,22003,371,10.575915,13.943762,-3.3678465,370,0,0.6994915,0.0,0.0
372,DIAGONAL_GAUSSIAN,6,22003,372,10.3664055,11.650977,-1.2845716,371,0,-0.843709,0.0,0.0
373,DIAGONAL_GAUSSIAN,6,22003,373,11.800036,11.096931,0.703105,373,1,-0.684494,0.0,0.0
374,DIAGONAL_GAUSSIAN,6,22003,374,13.744973,9.302803,4.44217,374,1,0.4125147,0.0,0.0
375,DIAGONAL_GAUSSIAN,6,22003,375,13.816444,9.172045,4.6443996,375,1,-0.56480885,0.0,0.0
376,DIAGONAL_GAUSSIAN,6,22003,376,14.397648,5.949628,8.44802,376,1,-0.59870243,0.0,0.0
377,DIAGONAL_GAUSSIAN,6,22003,377,12.524583,10.412925,2.111658,377,1,-0.677022,0.0,0.0
378,DIAGONAL_GAUSSIAN,6,22003,378,14.16459,11.476708,2.6878815,378,1,-0.90840054,0.0,0.0
379,DIAGONAL_GAUSSIAN,6,22003,379,14.004267,11.548313,2.4559536,379,1,-0.22228146,0.0,0.0
380,DIAGONAL_GAUSSIAN,6,22003,380,14.798722,10.605915,4.192807,380,1,-0.63005066,0.0,0.0
381,DIAGONAL_GAUSSIAN,6,22003,381,13.441631,9.302103,4.1395283,381,1,-1.5651999,0.0,0.0
382,DIAGONAL_GAUSSIAN,6,22003,382,11.872098,12.7032585,-0.83116055,380,0,-0.14679337,0.0,0.0
383,DIAGONAL_GAUSSIAN,6,22003,383,11.611518,12.552368,-0.94085026,384,0,-0.4178486,0.0,0.0
384,DIAGONAL_GAUSSIAN,6,22003,384,15.025037,7.206638,7.818399,384,1,0.17690945,0.0,0.0
385,DIAGONAL_GAUSSIAN,6,22003,385,13.03472,12.594783,0.4399376,385,1,0.2329092,0.0,0.0
386,DIAGONAL_GAUSSIAN,6,22003,386,13.865448,13.661006,0.20444202,386,1,0.47156525,0.0,0.0
387,DIAGONAL_GAUSSIAN,6,22003,387,14.384898,6.471533,7.9133654,387,1,-0.48147964,0.0,0.0
388,DIAGONAL_GAUSSIAN,6,22003,388,14.263269,6.516397,7.7468724,388,1,-0.014410973,0.0,0.0
389,DIAGONAL_GAUSSIAN,6,22003,389,13.904263,9.60755,4.296713,389,1,-0.45985126,0.0,0.0
390,DIAGONAL_GAUSSIAN,6,22003,390,14.966751,7.4520664,7.5146847,390,1,-0.22390842,0.0,0.0
391,DIAGONAL_GAUSSIAN,6,22003,391,13.429558,8.885477,4.5440807,391,1,-1.3046293,0.0,0.0
392,DIAGONAL_GAUSSIAN,6,22003,392,14.146613,4.561335,9.585278,392,1,-0.22748566,0.0,0.0
393,DIAGONAL_GAUSSIAN,6,22003,393,13.32311,10.762485,2.560625,393,1,-0.18034744,0.0,0.0
394,DIAGONAL_GAUSSIAN,6,22003,394,6.4036646,9.801888,-3.3982239,103,0,-1.9270802,0.0,0.0
395,DIAGONAL_GAUSSIAN,6,22003,395,12.645829,12.514142,0.13168716,395,1,0.7013731,0.0,0.0
396,DIAGONAL_GAUSSIAN,6,22003,396,13.931014,5.8990617,8.031952,396,1,-0.13038969,0.0,0.0
397,DIAGONAL_GAUSSIAN,6,22003,397,3.3112469,13.422518,-10.111271,396,0,-0.193326,0.0,0.0
398,DIAGONAL_GAUSSIAN,6,22003,398,15.07659,3.5285084,11.548081,398,1,0.119065285,0.0,0.0
399,DIAGONAL_GAUSSIAN,6,22003,399,13.709709,7.0274105,6.6822987,399,1,0.17651892,0.0,0.0
400,DIAGONAL_GAUSSIAN,6,22003,400,13.497543,13.400572,0.09697151,400,1,-0.3639803,0.0,1.0
401,DIAGONAL_GAUSSIAN,6,22003,401,14.981331,6.523085,8.458246,401,1,0.4907341,0.0,0.0
402,DIAGONAL_GAUSSIAN,6,22003,402,13.162513,6.938739,6.223774,402,1,1.0309219,0.0,0.0
403,DIAGONAL_GAUSSIAN,6,22003,403,13.016466,8.391951,4.6245155,403,1,0.97917557,0.0,0.0
404,DIAGONAL_GAUSSIAN,6,22003,404,13.596663,9.080966,4.5156975,404,1,0.04178047,0.0,0.0
405,DIAGONAL_GAUSSIAN,6,22003,405,15.046013,6.055076,8.990936,405,1,-0.552865,0.0,0.0
406,DIAGONAL_GAUSSIAN,6,22003,406,8.129974,13.859522,-5.7295475,884,0,-0.03314352,0.0,0.0
407,DIAGONAL_GAUSSIAN,6,22003,407,14.975047,6.134721,8.840326,407,1,-0.26301765,0.0,0.0
408,DIAGONAL_GAUSSIAN,6,22003,408,7.0476875,13.081751,-6.0340633,586,0,0.12171745,0.0,0.0
409,DIAGONAL_GAUSSIAN,6,22003,409,5.246512,9.251114,-4.004602,437,0,-1.1658854,0.0,0.0
410,DIAGONAL_GAUSSIAN,6,22003,410,13.907826,11.155058,2.7527685,410,1,0.18885422,0.0,0.0
411,DIAGONAL_GAUSSIAN,6,22003,411,14.263854,5.7105856,8.553268,411,1,-0.7612071,0.0,0.0
412,DIAGONAL_GAUSSIAN,6,22003,412,12.122515,9.590633,2.5318813,412,1,0.24066925,0.0,0.0
413,DIAGONAL_GAUSSIAN,6,22003,413,14.047557,12.125885,1.9216719,413,1,0.39467525,0.0,0.0
414,DIAGONAL_GAUSSIAN,6,22003,414,15.656908,7.894477,7.762431,414,1,-0.40664768,0.0,0.0
415,DIAGONAL_GAUSSIAN,6,22003,415,5.2421207,7.3865614,-2.1444407,860,0,-0.33372116,0.0,0.0
416,DIAGONAL_GAUSSIAN,6,22003,416,14.98059,8.599382,6.3812075,416,1,0.2612381,0.0,0.0
417,DIAGONAL_GAUSSIAN,6,22003,417,14.110643,5.647912,8.462731,417,1,-0.38786697,0.0,0.0
418,DIAGONAL_GAUSSIAN,6,22003,418,11.523378,8.286122,3.237256,418,1,2.1828823,0.0,0.0
419,DIAGONAL_GAUSSIAN,6,22003,419,14.7979355,5.696661,9.1012745,419,1,-0.2647543,0.0,0.0
420,DIAGONAL_GAUSSIAN,6,22003,420,14.565394,5.8672314,8.698163,420,1,-0.25467014,0.0,0.0
421,DIAGONAL_GAUSSIAN,6,22003,421,7.622919,7.022477,0.60044193,421,1,1.4710646,0.0,0.0
422,DIAGONAL_GAUSSIAN,6,22003,422,15.845047,8.794487,7.05056,422,1,1.1511135,0.0,0.0
423,DIAGONAL_GAUSSIAN,6,22003,423,3.538191,4.2351103,-0.6969192,428,0,0.2928741,0.0,0.0
424,DIAGONAL_GAUSSIAN,6,22003,424,5.009995,7.060196,-2.050201,727,0,0.3722825,0.0,0.0
425,DIAGONAL_GAUSSIAN,6,22003,425,14.284181,7.027337,7.2568436,425,1,-0.21791697,0.0,0.0
426,DIAGONAL_GAUSSIAN,6,22003,426,15.266774,5.4768715,9.789903,426,1,0.5237684,0.0,0.0
427,DIAGONAL_GAUSSIAN,6,22003,427,9.786759,12.2732525,-2.486493,469,0,-0.5926962,0.0,0.0
428,DIAGONAL_GAUSSIAN,6,22003,428,12.880254,4.4806113,8.399643,428,1,-0.808393,0.0,0.0
429,DIAGONAL_GAUSSIAN,6,22003,429,15.0847025,7.313517,7.7711854,429,1,-0.089660645,0.0,0.0
430,DIAGONAL_GAUSSIAN,6,22003,430,14.421815,4.7163315,9.705483,430,1,0.011172295,0.0,0.0
431,DIAGONAL_GAUSSIAN,6,22003,431,10.340318,5.446,4.8943176,431,1,-0.368248,0.0,0.0
432,DIAGONAL_GAUSSIAN,6,22003,432,9.413845,11.936548,-2.5227032,683,0,0.60995865,0.0,0.0
433,DIAGONAL_GAUSSIAN,6,22003,433,5.297569,7.605496,-2.3079271,842,0,0.11017752,0.0,0.0
434,DIAGONAL_GAUSSIAN,6,22003,434,2.7566073,8.299757,-5.54315,445,0,-0.41441536,0.0,0.0
435,DIAGONAL_GAUSSIAN,6,22003,435,12.054987,11.557049,0.49793816,435,1,0.0729332,0.0,0.0
436,DIAGONAL_GAUSSIAN,6,22003,436,6.9433956,9.929926,-2.9865303,660,0,0.95927286,0.0,0.0
437,DIAGONAL_GAUSSIAN,6,22003,437,11.551058,11.695604,-0.14454651,460,0,-0.5210371,0.0,0.0
438,DIAGONAL_GAUSSIAN,6,22003,438,8.389909,6.6207056,1.7692032,438,1,0.6481347,0.0,0.0
439,DIAGONAL_GAUSSIAN,6,22003,439,15.341557,6.201212,9.140345,439,1,0.07041645,0.0,0.0
440,DIAGONAL_GAUSSIAN,6,22003,440,10.507311,6.8686695,3.6386414,440,1,1.1343341,0.0,0.0
441,DIAGONAL_GAUSSIAN,6,22003,441,13.428789,6.6628647,6.7659245,441,1,0.08033085,0.0,0.0
442,DIAGONAL_GAUSSIAN,6,22003,442,9.570916,10.781074,-1.2101574,663,0,1.721796,1.0,0.0
443,DIAGONAL_GAUSSIAN,6,22003,443,13.899288,4.58209,9.317198,443,1,0.35496044,0.0,0.0
444,DIAGONAL_GAUSSIAN,6,22003,444,6.2244406,9.416381,-3.1919403,665,0,0.85605574,0.0,0.0
445,DIAGONAL_GAUSSIAN,6,22003,445,12.958337,10.911231,2.0471058,445,1,0.87451935,0.0,0.0
446,DIAGONAL_GAUSSIAN,6,22003,446,12.97739,9.787829,3.189561,446,1,-0.20414257,0.0,0.0
447,DIAGONAL_GAUSSIAN,6,22003,447,7.9814224,7.996666,-0.01524353,975,0,2.3811207,1.0,0.0
448,DIAGONAL_GAUSSIAN,6,22003,448,11.317133,6.3901405,4.9269924,448,1,2.1154995,0.0,0.0
449,DIAGONAL_GAUSSIAN,6,22003,449,11.852765,9.582559,2.2702065,449,1,2.361659,0.0,0.0
450,DIAGONAL_GAUSSIAN,6,22003,450,12.312905,7.310567,5.0023384,450,1,0.15265799,0.0,0.0
451,DIAGONAL_GAUSSIAN,6,22003,451,9.498066,7.3922224,2.1058435,451,1,-0.006658554,0.0,0.0
452,DIAGONAL_GAUSSIAN,6,22003,452,8.910553,6.4565005,2.4540524,452,1,-1.1889477,0.0,0.0
453,DIAGONAL_GAUSSIAN,6,22003,453,13.897693,7.9811077,5.916585,453,1,-0.10429239,0.0,0.0
454,DIAGONAL_GAUSSIAN,6,22003,454,4.007083,8.949102,-4.9420195,498,0,0.8065052,0.0,0.0
455,DIAGONAL_GAUSSIAN,6,22003,455,15.549531,5.3666677,10.182863,455,1,-0.20997238,0.0,0.0
456,DIAGONAL_GAUSSIAN,6,22003,456,15.875475,3.2809186,12.594557,456,1,-0.08243561,0.0,0.0
457,DIAGONAL_GAUSSIAN,6,22003,457,11.082574,7.766432,3.316142,457,1,0.19011784,0.0,0.0
458,DIAGONAL_GAUSSIAN,6,22003,458,10.182705,5.555827,4.626878,458,1,1.4752121,0.0,0.0
459,DIAGONAL_GAUSSIAN,6,22003,459,4.455221,6.9947276,-2.5395064,740,0,0.7249038,0.0,0.0
460,DIAGONAL_GAUSSIAN,6,22003,460,12.201656,12.508913,-0.3072567,975,0,-0.48410225,0.0,0.0
461,DIAGONAL_GAUSSIAN,6,22003,461,4.1031303,11.999791,-7.896661,917,0,0.7064624,0.0,0.0
462,DIAGONAL_GAUSSIAN,6,22003,462,8.546211,7.638575,0.90763617,462,1,1.1527653,0.0,0.0
463,DIAGONAL_GAUSSIAN,6,22003,463,5.636241,9.315657,-3.6794157,876,0,1.6667252,0.0,0.0
464,DIAGONAL_GAUSSIAN,6,22003,464,7.3843126,6.947226,0.43708658,464,1,-0.16518402,0.0,0.0
465,DIAGONAL_GAUSSIAN,6,22003,465,5.700068,6.1643353,-0.46426725,795,0,1.2705598,1.0,0.0
466,DIAGONAL_GAUSSIAN,6,22003,466,8.817023,7.423662,1.3933611,466,1,0.38109398,0.0,0.0
467,DIAGONAL_GAUSSIAN,6,22003,467,13.392736,8.308219,5.0845175,467,1,0.1115818,0.0,0.0
468,DIAGONAL_GAUSSIAN,6,22003,468,10.142622,6.6361694,3.5064526,468,1,0.17736101,0.0,0.0
469,DIAGONAL_GAUSSIAN,6,22003,469,15.094938,5.4783444,9.616594,469,1,0.020446777,0.0,0.0
470,DIAGONAL_GAUSSIAN,6,22003,470,4.502068,10.705177,-6.2031093,762,0,0.3569379,0.0,0.0
471,DIAGONAL_GAUSSIAN,6,22003,471,3.5118558,8.014678,-4.502822,915,0,-0.5095606,0.0,0.0
472,DIAGONAL_GAUSSIAN,6,22003,472,15.557259,7.5050225,8.052237,472,1,0.4324398,0.0,0.0
473,DIAGONAL_GAUSSIAN,6,22003,473,10.0628805,7.2128634,2.850017,473,1,0.23767662,0.0,0.0
474,DIAGONAL_GAUSSIAN,6,22003,474,13.796603,7.870915,5.9256883,474,1,-0.43141603,0.0,0.0
475,DIAGONAL_GAUSSIAN,6,22003,475,13.636543,4.5865426,9.050001,475,1,-0.0265522,0.0,0.0
476,DIAGONAL_GAUSSIAN,6,22003,476,15.445519,3.5941608,11.851358,476,1,-0.082603455,0.0,0.0
477,DIAGONAL_GAUSSIAN,6,22003,477,3.925502,9.119576,-5.1940746,748,0,-1.8122983,0.0,0.0
478,DIAGONAL_GAUSSIAN,6,22003,478,8.735154,7.954103,0.78105116,478,1,-1.5001845,0.0,1.0
479,DIAGONAL_GAUSSIAN,6,22003,479,8.92738,12.997501,-4.070122,751,0,0.32366085,0.0,0.0
480,DIAGONAL_GAUSSIAN,6,22003,480,7.5835843,8.37443,-0.7908454,762,0,0.90637255,1.0,0.0
481,DIAGONAL_GAUSSIAN,6,22003,481,11.155267,10.19652,0.9587469,481,1,0.41100502,0.0,0.0
482,DIAGONAL_GAUSSIAN,6,22003,482,12.521011,13.554276,-1.0332651,848,0,-0.046902657,0.0,0.0
483,DIAGONAL_GAUSSIAN,6,22003,483,10.726439,11.295305,-0.5688658,663,0,1.9400301,1.0,0.0
484,DIAGONAL_GAUSSIAN,6,22003,484,14.317838,10.383313,3.9345245,484,1,0.14118576,0.0,0.0
485,DIAGONAL_GAUSSIAN,6,22003,485,6.2375236,8.479295,-2.2417712,487,0,0.13980627,0.0,0.0
486,DIAGONAL_GAUSSIAN,6,22003,486,13.267841,11.028973,2.2388687,486,1,0.32132053,0.0,0.0
487,DIAGONAL_GAUSSIAN,6,22003,487,13.094574,8.827389,4.267185,487,1,0.2008791,0.0,0.0
488,DIAGONAL_GAUSSIAN,6,22003,488,5.38705,6.9311023,-1.5440521,896,0,2.1360116,1.0,0.0
489,DIAGONAL_GAUSSIAN,6,22003,489,10.28584,8.930423,1.3554173,489,1,-0.9818945,0.0,0.0
490,DIAGONAL_GAUSSIAN,6,22003,490,2.6242745,10.863762,-8.239488,327,0,-0.11301136,0.0,0.0
491,DIAGONAL_GAUSSIAN,6,22003,491,9.149347,7.7923093,1.357038,491,1,0.6714716,0.0,0.0
492,DIAGONAL_GAUSSIAN,6,22003,492,7.847635,6.553797,1.293838,492,1,0.14688969,0.0,0.0
493,DIAGONAL_GAUSSIAN,6,22003,493,6.6358905,6.724534,-0.08864355,553,0,-1.5394897,0.0,0.0
494,DIAGONAL_GAUSSIAN,6,22003,494,10.944922,10.020529,0.92439365,494,1,0.49347878,0.0,0.0
495,DIAGONAL_GAUSSIAN,6,22003,495,7.6371846,9.77266,-2.1354756,905,0,-0.035523415,0.0,0.0
496,DIAGONAL_GAUSSIAN,6,22003,496,12.915739,5.146893,7.768846,496,1,0.8090234,0.0,0.0
497,DIAGONAL_GAUSSIAN,6,22003,497,11.5761795,8.564606,3.0115738,497,1,-0.9117594,0.0,0.0
498,DIAGONAL_GAUSSIAN,6,22003,498,13.755314,5.7124996,8.042814,498,1,0.30589104,0.0,0.0
499,DIAGONAL_GAUSSIAN,6,22003,499,2.8694391,7.221029,-4.3515897,519,0,2.1153338,0.0,0.0
500,DIAGONAL_GAUSSIAN,6,22003,500,13.939672,8.106186,5.8334866,500,1,-0.25113964,0.0,0.0
501,DIAGONAL_GAUSSIAN,6,22003,501,10.1117525,8.413087,1.6986656,501,1,1.0671835,0.0,0.0
502,DIAGONAL_GAUSSIAN,6,22003,502,14.42396,11.582921,2.8410387,502,1,-0.48418713,0.0,0.0
503,DIAGONAL_GAUSSIAN,6,22003,503,13.852746,7.271335,6.581411,503,1,-0.5096235,0.0,0.0
504,DIAGONAL_GAUSSIAN,6,22003,504,13.153574,10.616009,2.5375652,504,1,0.4385872,0.0,0.0
505,DIAGONAL_GAUSSIAN,6,22003,505,12.391964,10.789903,1.6020613,505,1,-0.81579113,0.0,0.0
506,DIAGONAL_GAUSSIAN,6,22003,506,12.122678,6.876415,5.246263,506,1,0.21778774,0.0,0.0
507,DIAGONAL_GAUSSIAN,6,22003,507,5.1893754,8.465473,-3.2760978,446,0,0.89693356,0.0,0.0
508,DIAGONAL_GAUSSIAN,6,22003,508,7.962388,10.286037,-2.3236494,620,0,1.3470526,0.0,0.0
509,DIAGONAL_GAUSSIAN,6,22003,509,8.7996025,9.643757,-0.84415436,865,0,-0.2736225,0.0,0.0
510,DIAGONAL_GAUSSIAN,6,22003,510,11.839899,10.531332,1.308567,510,1,0.9400377,0.0,0.0
511,DIAGONAL_GAUSSIAN,6,22003,511,11.224218,10.935178,0.28904057,511,1,1.1676302,0.0,0.0
512,DIAGONAL_GAUSSIAN,6,22003,512,14.217191,10.234681,3.9825096,512,1,-0.29672623,0.0,0.0
513,DIAGONAL_GAUSSIAN,6,22003,513,9.820846,10.6185465,-0.7977009,875,0,0.03398037,0.0,0.0
514,DIAGONAL_GAUSSIAN,6,22003,514,15.62315,5.9880195,9.63513,514,1,0.11961174,0.0,0.0
515,DIAGONAL_GAUSSIAN,6,22003,515,2.718592,9.264741,-6.5461493,655,0,-0.3383894,0.0,0.0
516,DIAGONAL_GAUSSIAN,6,22003,516,7.214538,9.536558,-2.32202,870,0,0.9015503,0.0,0.0
517,DIAGONAL_GAUSSIAN,6,22003,517,10.246815,7.392052,2.8547626,517,1,0.48034716,0.0,0.0
518,DIAGONAL_GAUSSIAN,6,22003,518,15.918017,7.482487,8.43553,518,1,0.3065529,0.0,0.0
519,DIAGONAL_GAUSSIAN,6,22003,519,1.6184415,12.677297,-11.058855,239,0,1.185854,0.0,0.0
520,DIAGONAL_GAUSSIAN,6,22003,520,13.804345,9.7218895,4.0824556,520,1,0.2536106,0.0,0.0
521,DIAGONAL_GAUSSIAN,6,22003,521,14.097152,9.449418,4.6477337,521,1,0.15345097,0.0,0.0
522,DIAGONAL_GAUSSIAN,6,22003,522,15.726523,4.4239116,11.302612,522,1,-0.07728195,0.0,0.0
523,DIAGONAL_GAUSSIAN,6,22003,523,14.9262495,7.579699,7.3465505,523,1,1.4930654,0.0,0.0
524,DIAGONAL_GAUSSIAN,6,22003,524,12.692696,11.49189,1.2008057,524,1,0.4188776,0.0,0.0
525,DIAGONAL_GAUSSIAN,6,22003,525,14.644931,5.634808,9.010122,525,1,0.25435257,0.0,0.0
526,DIAGONAL_GAUSSIAN,6,22003,526,11.179494,10.674979,0.5045147,526,1,-0.6707878,0.0,1.0
527,DIAGONAL_GAUSSIAN,6,22003,527,11.333986,11.390182,-0.05619526,664,0,-0.40123177,0.0,0.0
528,DIAGONAL_GAUSSIAN,6,22003,528,14.383737,8.406619,5.9771175,528,1,0.15363598,0.0,0.0
529,DIAGONAL_GAUSSIAN,6,22003,529,12.699433,8.004907,4.6945267,529,1,1.0750208,0.0,0.0
530,DIAGONAL_GAUSSIAN,6,22003,530,10.500366,6.5033755,3.9969907,530,1,-0.53030014,0.0,0.0
531,DIAGONAL_GAUSSIAN,6,22003,531,9.712195,10.611859,-0.8996639,826,0,0.29231358,0.0,0.0
532,DIAGONAL_GAUSSIAN,6,22003,532,14.023301,7.928497,6.0948043,532,1,0.18090105,0.0,0.0
533,DIAGONAL_GAUSSIAN,6,22003,533,13.758836,4.8293014,8.929535,533,1,0.1836834,0.0,0.0
534,DIAGONAL_GAUSSIAN,6,22003,534,7.050199,11.797808,-4.7476087,651,0,-0.46384525,0.0,0.0
535,DIAGONAL_GAUSSIAN,6,22003,535,10.039314,13.852659,-3.813345,479,0,0.6356077,0.0,0.0
536,DIAGONAL_GAUSSIAN,6,22003,536,10.392988,10.229818,0.16316986,536,1,0.83492565,0.0,0.0
537,DIAGONAL_GAUSSIAN,6,22003,537,13.642654,9.845752,3.7969027,537,1,0.5493183,0.0,0.0
538,DIAGONAL_GAUSSIAN,6,22003,538,10.939388,5.7189655,5.2204227,538,1,0.27446127,0.0,0.0
539,DIAGONAL_GAUSSIAN,6,22003,539,6.2628098,6.6777363,-0.41492653,519,0,0.060242176,0.0,0.0
540,DIAGONAL_GAUSSIAN,6,22003,540,14.896172,5.0279818,9.86819,540,1,0.2664852,0.0,0.0
541,DIAGONAL_GAUSSIAN,6,22003,541,7.425321,6.3936095,1.0317116,541,1,-0.03597021,0.0,0.0
542,DIAGONAL_GAUSSIAN,6,22003,542,12.392629,7.2217007,5.170928,542,1,-0.3114276,0.0,0.0
543,DIAGONAL_GAUSSIAN,6,22003,543,13.53773,14.260372,-0.72264194,422,0,-0.63439655,0.0,0.0
544,DIAGONAL_GAUSSIAN,6,22003,544,15.431782,6.875013,8.556768,544,1,-0.20186996,0.0,0.0
545,DIAGONAL_GAUSSIAN,6,22003,545,14.081974,4.6524734,9.429501,545,1,-0.025568962,0.0,0.0
546,DIAGONAL_GAUSSIAN,6,22003,546,9.338114,7.3872576,1.9508562,546,1,0.8631811,0.0,0.0
547,DIAGONAL_GAUSSIAN,6,22003,547,13.955599,7.9058294,6.0497694,547,1,-0.029737473,0.0,0.0
548,DIAGONAL_GAUSSIAN,6,22003,548,12.5569515,9.226856,3.3300953,548,1,0.57029724,0.0,0.0
549,DIAGONAL_GAUSSIAN,6,22003,549,13.817692,8.01495,5.802742,549,1,0.340837,0.0,0.0
550,DIAGONAL_GAUSSIAN,6,22003,550,13.737582,6.6631484,7.074434,550,1,0.03549528,0.0,0.0
551,DIAGONAL_GAUSSIAN,6,22003,551,12.938571,9.633221,3.3053503,551,1,-0.23940563,0.0,0.0
552,DIAGONAL_GAUSSIAN,6,22003,552,3.7632656,4.511517,-0.74825144,903,0,-1.1044056,0.0,0.0
553,DIAGONAL_GAUSSIAN,6,22003,553,10.505728,8.704661,1.8010664,553,1,0.8260269,0.0,0.0
554,DIAGONAL_GAUSSIAN,6,22003,554,14.672482,5.8858027,8.786678,554,1,0.19484329,0.0,0.0
555,DIAGONAL_GAUSSIAN,6,22003,555,13.191371,9.799879,3.391492,555,1,0.012154579,0.0,0.0
556,DIAGONAL_GAUSSIAN,6,22003,556,14.4438095,6.3249335,8.1188755,556,1,-0.08829689,0.0,0.0
557,DIAGONAL_GAUSSIAN,6,22003,557,3.137332,8.211596,-5.0742636,821,0,0.7568793,0.0,0.0
558,DIAGONAL_GAUSSIAN,6,22003,558,6.7669764,6.3960605,0.3709159,558,1,-0.3464589,0.0,0.0
559,DIAGONAL_GAUSSIAN,6,22003,559,14.118037,5.7758374,8.342199,559,1,1.7112131,0.0,0.0
560,DIAGONAL_GAUSSIAN,6,22003,560,12.293019,9.932763,2.3602562,560,1,1.7893009,0.0,0.0
561,DIAGONAL_GAUSSIAN,6,22003,561,14.388078,5.285812,9.102266,561,1,0.1104393,0.0,0.0
562,DIAGONAL_GAUSSIAN,6,22003,562,6.1609735,7.622593,-1.4616194,842,0,1.3857107,0.0,0.0
563,DIAGONAL_GAUSSIAN,6,22003,563,10.872873,9.840281,1.0325928,563,1,3.186355,0.0,0.0
564,DIAGONAL_GAUSSIAN,6,22003,564,11.201727,8.388638,2.8130894,564,1,0.5224457,0.0,0.0
565,DIAGONAL_GAUSSIAN,6,22003,565,14.88445,7.041391,7.843059,565,1,0.5881963,0.0,0.0
566,DIAGONAL_GAUSSIAN,6,22003,566,14.561672,6.2517676,8.309904,566,1,0.32570457,0.0,0.0
567,DIAGONAL_GAUSSIAN,6,22003,567,4.798231,5.55576,-0.7575288,549,0,-1.992537,0.0,0.0
568,DIAGONAL_GAUSSIAN,6,22003,568,11.418006,7.606231,3.8117747,568,1,0.18265104,0.0,0.0
569,DIAGONAL_GAUSSIAN,6,22003,569,13.550966,6.204343,7.3466234,569,1,-0.39244366,0.0,0.0
570,DIAGONAL_GAUSSIAN,6,22003,570,14.569229,9.795086,4.774143,570,1,-0.37413788,0.0,0.0
571,DIAGONAL_GAUSSIAN,6,22003,571,11.800018,5.6065483,6.19347,571,1,0.5695982,0.0,0.0
572,DIAGONAL_GAUSSIAN,6,22003,572,8.456733,10.640591,-2.183858,966,0,0.6039376,0.0,0.0
573,DIAGONAL_GAUSSIAN,6,22003,573,13.550569,4.0334926,9.5170765,573,1,0.16605377,0.0,0.0
574,DIAGONAL_GAUSSIAN,6,22003,574,15.072453,3.4888558,11.583597,574,1,-0.38920307,0.0,0.0
575,DIAGONAL_GAUSSIAN,6,22003,575,13.6012745,5.3814683,8.219807,575,1,1.2422771,0.0,0.0
576,DIAGONAL_GAUSSIAN,6,22003,576,13.945606,5.0272202,8.918386,576,1,0.06532097,0.0,0.0
577,DIAGONAL_GAUSSIAN,6,22003,577,12.824067,10.828902,1.9951649,577,1,-0.25090027,0.0,0.0
578,DIAGONAL_GAUSSIAN,6,22003,578,9.641248,9.456049,0.18519878,578,1,0.2552328,0.0,0.0
579,DIAGONAL_GAUSSIAN,6,22003,579,10.470764,7.792702,2.678062,579,1,-1.8706956,0.0,0.0
580,DIAGONAL_GAUSSIAN,6,22003,580,8.968317,11.6870165,-2.7186995,428,0,0.13017368,0.0,0.0
581,DIAGONAL_GAUSSIAN,6,22003,581,14.248134,6.8249736,7.42316,581,1,0.14379549,0.0,0.0
582,DIAGONAL_GAUSSIAN,6,22003,582,2.681746,6.526702,-3.844956,599,0,-0.1100328,0.0,0.0
583,DIAGONAL_GAUSSIAN,6,22003,583,15.527005,5.1449685,10.382036,583,1,0.7101135,0.0,0.0
584,DIAGONAL_GAUSSIAN,6,22003,584,3.3297837,6.65902,-3.3292363,929,0,-1.6593721,0.0,0.0
585,DIAGONAL_GAUSSIAN,6,22003,585,8.70196,8.984801,-0.28284168,631,0,-0.34620094,0.0,0.0
586,DIAGONAL_GAUSSIAN,6,22003,586,7.063259,7.029624,0.03363514,586,1,0.2564659,0.0,0.0
587,DIAGONAL_GAUSSIAN,6,22003,587,10.343749,11.29793,-0.9541807,477,0,-0.9112072,0.0,0.0
588,DIAGONAL_GAUSSIAN,6,22003,588,9.604666,10.027907,-0.42324162,790,0,-0.6062746,0.0,0.0
589,DIAGONAL_GAUSSIAN,6,22003,589,15.37307,5.389355,9.983715,589,1,-1.0122795,0.0,0.0
590,DIAGONAL_GAUSSIAN,6,22003,590,6.2090983,8.935375,-2.7262769,487,0,0.37303495,0.0,0.0
591,DIAGONAL_GAUSSIAN,6,22003,591,14.427131,4.7778673,9.649263,591,1,-1.7489238,0.0,0.0
592,DIAGONAL_GAUSSIAN,6,22003,592,13.6419735,5.8113947,7.830579,592,1,0.5318556,0.0,0.0
593,DIAGONAL_GAUSSIAN,6,22003,593,12.963646,9.907595,3.0560513,593,1,0.24976158,0.0,0.0
594,DIAGONAL_GAUSSIAN,6,22003,594,14.4717,3.434817,11.036882,594,1,-0.031978607,0.0,0.0
595,DIAGONAL_GAUSSIAN,6,22003,595,13.339182,11.537727,1.8014545,595,1,0.7001686,0.0,0.0
596,DIAGONAL_GAUSSIAN,6,22003,596,2.048953,14.298625,-12.249672,764,0,1.0373573,0.0,0.0
597,DIAGONAL_GAUSSIAN,6,22003,597,8.937193,8.116328,0.8208647,597,1,0.34147882,0.0,0.0
598,DIAGONAL_GAUSSIAN,6,22003,598,12.349821,10.402984,1.9468374,598,1,0.30627632,0.0,0.0
599,DIAGONAL_GAUSSIAN,6,22003,599,2.6249418,4.765804,-2.140862,470,0,0.39045024,0.0,0.0
600,DIAGONAL_GAUSSIAN,6,22003,600,6.4924,5.8353806,0.6570196,600,1,0.16271782,0.0,0.0
601,DIAGONAL_GAUSSIAN,6,22003,601,11.281544,9.482439,1.7991047,601,1,-0.9685049,0.0,0.0
602,DIAGONAL_GAUSSIAN,6,22003,602,5.3853464,7.075632,-1.6902857,843,0,-0.72317076,0.0,0.0
603,DIAGONAL_GAUSSIAN,6,22003,603,12.935299,7.632181,5.3031178,603,1,1.5358033,0.0,0.0
604,DIAGONAL_GAUSSIAN,6,22003,604,13.569812,5.9634643,7.6063476,604,1,0.8844514,0.0,0.0
605,DIAGONAL_GAUSSIAN,6,22003,605,13.681321,5.702849,7.978472,605,1,0.02669096,0.0,0.0
606,DIAGONAL_GAUSSIAN,6,22003,606,16.473383,4.479642,11.993741,606,1,0.036008835,0.0,0.0
607,DIAGONAL_GAUSSIAN,6,22003,607,13.724196,4.0649567,9.65924,607,1,0.058903694,0.0,0.0
608,DIAGONAL_GAUSSIAN,6,22003,608,5.4795594,5.274887,0.20467234,608,1,-0.43982077,0.0,1.0
609,DIAGONAL_GAUSSIAN,6,22003,609,11.107981,10.224195,0.8837862,609,1,-0.36774254,0.0,0.0
610,DIAGONAL_GAUSSIAN,6,22003,610,12.516341,5.8236427,6.6926985,610,1,0.21529007,0.0,0.0
611,DIAGONAL_GAUSSIAN,6,22003,611,8.027364,5.8431864,2.1841774,611,1,-0.41608334,0.0,0.0
612,DIAGONAL_GAUSSIAN,6,22003,612,10.850303,10.908706,-0.058403015,870,0,-1.7795372,0.0,0.0
613,DIAGONAL_GAUSSIAN,6,22003,613,14.891961,5.2506733,9.641288,613,1,-0.51238537,0.0,0.0
614,DIAGONAL_GAUSSIAN,6,22003,614,13.709588,5.1452355,8.564352,614,1,0.26338196,0.0,0.0
615,DIAGONAL_GAUSSIAN,6,22003,615,9.308796,6.408887,2.899909,615,1,0.41791153,0.0,0.0
616,DIAGONAL_GAUSSIAN,6,22003,616,11.725202,8.293148,3.4320536,616,1,0.08031368,0.0,0.0
617,DIAGONAL_GAUSSIAN,6,22003,617,13.04832,9.352863,3.6954565,617,1,-0.73036003,0.0,0.0
618,DIAGONAL_GAUSSIAN,6,22003,618,6.4029503,11.310861,-4.9079103,666,0,1.0205469,0.0,0.0
619,DIAGONAL_GAUSSIAN,6,22003,619,12.857376,13.696536,-0.83915997,846,0,0.28691387,0.0,0.0
620,DIAGONAL_GAUSSIAN,6,22003,620,11.029875,12.33539,-1.3055153,681,0,-0.16116047,0.0,0.0
621,DIAGONAL_GAUSSIAN,6,22003,621,13.956711,7.257081,6.69963,621,1,0.6413212,0.0,0.0
622,DIAGONAL_GAUSSIAN,6,22003,622,11.873858,6.035058,5.8388004,622,1,-0.1984334,0.0,0.0
623,DIAGONAL_GAUSSIAN,6,22003,623,10.457479,9.937785,0.5196934,623,1,-0.17314053,0.0,0.0
624,DIAGONAL_GAUSSIAN,6,22003,624,12.218522,7.783742,4.43478,624,1,-1.0345526,0.0,0.0
625,DIAGONAL_GAUSSIAN,6,22003,625,13.923017,8.1140785,5.808938,625,1,-0.122172356,0.0,0.0
626,DIAGONAL_GAUSSIAN,6,22003,626,11.10953,5.6424985,5.467032,626,1,0.40338278,0.0,0.0
627,DIAGONAL_GAUSSIAN,6,22003,627,14.693403,3.942217,10.751186,627,1,0.35001755,0.0,0.0
628,DIAGONAL_GAUSSIAN,6,22003,628,13.796283,7.9259644,5.8703184,628,1,-0.08306694,0.0,0.0
629,DIAGONAL_GAUSSIAN,6,22003,629,10.172546,12.669506,-2.4969597,696,0,1.2873592,0.0,0.0
630,DIAGONAL_GAUSSIAN,6,22003,630,11.40602,7.8627725,3.5432477,630,1,0.5675764,0.0,0.0
631,DIAGONAL_GAUSSIAN,6,22003,631,9.366985,9.169311,0.19767475,631,1,0.541317,0.0,0.0
632,DIAGONAL_GAUSSIAN,6,22003,632,6.1362867,11.864692,-5.728405,733,0,-1.0179067,0.0,0.0
633,DIAGONAL_GAUSSIAN,6,22003,633,4.453342,3.3271627,1.1261792,633,1,0.3730421,0.0,0.0
634,DIAGONAL_GAUSSIAN,6,22003,634,14.648327,5.9993567,8.64897,634,1,0.7093601,0.0,0.0
635,DIAGONAL_GAUSSIAN,6,22003,635,2.6734245,5.6721735,-2.998749,626,0,-0.33583283,0.0,0.0
636,DIAGONAL_GAUSSIAN,6,22003,636,9.671412,11.841924,-2.1705112,748,0,0.44763756,0.0,0.0
637,DIAGONAL_GAUSSIAN,6,22003,637,14.5645485,4.605298,9.95925,637,1,-0.5559778,0.0,0.0
638,DIAGONAL_GAUSSIAN,6,22003,638,13.072717,14.4959135,-1.4231968,639,0,-0.15387917,0.0,0.0
639,DIAGONAL_GAUSSIAN,6,22003,639,12.635377,12.840359,-0.2049818,638,0,-0.0013608932,0.0,0.0
640,DIAGONAL_GAUSSIAN,6,22003,640,3.8508692,13.754106,-9.903236,646,0,0.58027077,0.0,0.0
641,DIAGONAL_GAUSSIAN,6,22003,641,10.907016,6.1152596,4.791756,641,1,-0.20665121,0.0,0.0
642,DIAGONAL_GAUSSIAN,6,22003,642,15.022141,6.349809,8.672333,642,1,-0.71623707,0.0,0.0
643,DIAGONAL_GAUSSIAN,6,22003,643,4.7811055,9.792012,-5.0109067,585,0,1.6645355,0.0,0.0
644,DIAGONAL_GAUSSIAN,6,22003,644,11.921565,5.3070183,6.614547,644,1,-1.3004274,0.0,0.0
645,DIAGONAL_GAUSSIAN,6,22003,645,13.063525,7.6784945,5.3850307,645,1,-0.30895615,0.0,0.0
646,DIAGONAL_GAUSSIAN,6,22003,646,15.07035,3.728152,11.342197,646,1,-0.57692623,0.0,0.0
647,DIAGONAL_GAUSSIAN,6,22003,647,14.456559,5.972002,8.484557,647,1,-0.3331747,0.0,0.0
648,DIAGONAL_GAUSSIAN,6,22003,648,8.615978,8.247121,0.36885738,648,1,0.14431477,0.0,0.0
649,DIAGONAL_GAUSSIAN,6,22003,649,12.76319,8.002,4.7611904,649,1,1.5897942,0.0,0.0
650,DIAGONAL_GAUSSIAN,6,22003,650,13.621576,6.188897,7.432679,650,1,0.7155504,0.0,0.0
651,DIAGONAL_GAUSSIAN,6,22003,651,9.861581,7.1843514,2.6772294,651,1,-1.1331353,0.0,0.0
652,DIAGONAL_GAUSSIAN,6,22003,652,9.564844,8.74982,0.8150244,652,1,-0.657217,0.0,0.0
653,DIAGONAL_GAUSSIAN,6,22003,653,2.2695017,7.757287,-5.4877853,471,0,-0.9339113,0.0,0.0
654,DIAGONAL_GAUSSIAN,6,22003,654,3.6899211,13.03138,-9.341458,627,0,-0.005859375,0.0,0.0
655,DIAGONAL_GAUSSIAN,6,22003,655,6.912791,5.3019457,1.6108451,655,1,0.6552372,0.0,0.0
656,DIAGONAL_GAUSSIAN,6,22003,656,10.246786,10.123141,0.12364483,656,1,-0.016741753,0.0,0.0
657,DIAGONAL_GAUSSIAN,6,22003,657,12.052773,11.67589,0.3768835,657,1,0.124370575,0.0,0.0
658,DIAGONAL_GAUSSIAN,6,22003,658,13.420822,7.099714,6.3211083,658,1,-0.28225136,0.0,0.0
659,DIAGONAL_GAUSSIAN,6,22003,659,4.350685,10.350723,-6.000038,925,0,0.6946039,0.0,0.0
660,DIAGONAL_GAUSSIAN,6,22003,660,10.971155,11.523514,-0.5523586,864,0,0.23585701,0.0,0.0
661,DIAGONAL_GAUSSIAN,6,22003,661,14.372113,6.576617,7.7954965,661,1,-0.344481,0.0,0.0
662,DIAGONAL_GAUSSIAN,6,22003,662,5.387815,8.426237,-3.038422,613,0,0.6310692,0.0,0.0
663,DIAGONAL_GAUSSIAN,6,22003,663,7.5509915,14.724025,-7.173033,442,0,0.22306967,0.0,0.0
664,DIAGONAL_GAUSSIAN,6,22003,664,9.785671,10.560735,-0.7750635,527,0,-0.24626064,0.0,0.0
665,DIAGONAL_GAUSSIAN,6,22003,665,12.73839,6.9288354,5.8095546,665,1,-0.13315535,0.0,0.0
666,DIAGONAL_GAUSSIAN,6,22003,666,13.750317,6.2821226,7.468194,666,1,0.5245328,0.0,0.0
667,DIAGONAL_GAUSSIAN,6,22003,667,13.676618,12.179977,1.4966402,667,1,-0.024276733,0.0,0.0
668,DIAGONAL_GAUSSIAN,6,22003,668,13.515911,8.716625,4.799286,668,1,-0.48187256,0.0,0.0
669,DIAGONAL_GAUSSIAN,6,22003,669,14.21465,8.133769,6.080881,669,1,-1.1827335,0.0,0.0
670,DIAGONAL_GAUSSIAN,6,22003,670,13.254777,11.593083,1.6616936,670,1,-0.030666351,0.0,0.0
671,DIAGONAL_GAUSSIAN,6,22003,671,11.129482,5.866349,5.263133,671,1,0.010833263,0.0,0.0
672,DIAGONAL_GAUSSIAN,6,22003,672,12.706171,9.113711,3.5924597,672,1,0.59836197,0.0,0.0
673,DIAGONAL_GAUSSIAN,6,22003,673,14.167624,8.596578,5.571047,673,1,0.21277523,0.0,0.0
674,DIAGONAL_GAUSSIAN,6,22003,674,15.80173,4.553369,11.248362,674,1,0.12704659,0.0,0.0
675,DIAGONAL_GAUSSIAN,6,22003,675,7.302161,11.522469,-4.2203074,654,0,1.138421,0.0,0.0
676,DIAGONAL_GAUSSIAN,6,22003,676,9.041193,11.829885,-2.7886915,263,0,0.9513798,0.0,0.0
677,DIAGONAL_GAUSSIAN,6,22003,677,4.8507376,4.890647,-0.039909363,624,0,0.028807163,0.0,0.0
678,DIAGONAL_GAUSSIAN,6,22003,678,0.8675918,9.077043,-8.209451,178,0,1.4908981,0.0,0.0
679,DIAGONAL_GAUSSIAN,6,22003,679,10.753184,8.6875925,2.0655918,679,1,-0.071908,0.0,0.0
680,DIAGONAL_GAUSSIAN,6,22003,680,13.04318,5.446255,7.5969253,680,1,1.3686013,0.0,0.0
681,DIAGONAL_GAUSSIAN,6,22003,681,3.464499,5.5745945,-2.1100955,678,0,0.2888956,0.0,0.0
682,DIAGONAL_GAUSSIAN,6,22003,682,6.9152117,6.918352,-0.0031404495,442,0,1.2386761,1.0,0.0
683,DIAGONAL_GAUSSIAN,6,22003,683,10.616448,14.3007345,-3.684286,558,0,0.20626354,0.0,0.0
684,DIAGONAL_GAUSSIAN,6,22003,684,15.616924,4.99717,10.619755,684,1,-0.21455383,0.0,0.0
685,DIAGONAL_GAUSSIAN,6,22003,685,14.391969,4.6395164,9.752453,685,1,-0.61899567,0.0,0.0
686,DIAGONAL_GAUSSIAN,6,22003,686,4.6826134,7.60736,-2.9247465,740,0,-1.2556057,0.0,0.0
687,DIAGONAL_GAUSSIAN,6,22003,687,4.2799196,10.132289,-5.8523693,811,0,0.0757823,0.0,0.0
688,DIAGONAL_GAUSSIAN,6,22003,688,14.224336,6.445897,7.7784386,688,1,-0.35468912,0.0,0.0
689,DIAGONAL_GAUSSIAN,6,22003,689,12.364574,11.464932,0.899642,689,1,0.12775707,0.0,0.0
690,DIAGONAL_GAUSSIAN,6,22003,690,14.119248,10.919799,3.1994495,690,1,0.08814716,0.0,0.0
691,DIAGONAL_GAUSSIAN,6,22003,691,10.204422,10.914809,-0.71038723,570,0,0.9000063,1.0,0.0
692,DIAGONAL_GAUSSIAN,6,22003,692,13.276688,5.7456145,7.531073,692,1,-1.3425865,0.0,0.0
693,DIAGONAL_GAUSSIAN,6,22003,693,15.06677,8.769334,6.2974358,693,1,0.6910763,0.0,0.0
694,DIAGONAL_GAUSSIAN,6,22003,694,13.232283,6.8083525,6.42393,694,1,1.728919,0.0,0.0
695,DIAGONAL_GAUSSIAN,6,22003,695,10.303054,8.441983,1.8610706,695,1,0.6821356,0.0,0.0
696,DIAGONAL_GAUSSIAN,6,22003,696,9.16314,7.4506574,1.7124829,696,1,-0.6272073,0.0,0.0
697,DIAGONAL_GAUSSIAN,6,22003,697,10.187582,5.3242245,4.8633575,697,1,-0.45422125,0.0,0.0
698,DIAGONAL_GAUSSIAN,6,22003,698,11.084591,11.146655,-0.06206417,668,0,0.78721046,1.0,0.0
699,DIAGONAL_GAUSSIAN,6,22003,699,15.635923,4.9348598,10.701063,699,1,0.13900852,0.0,0.0
700,DIAGONAL_GAUSSIAN,6,22003,700,5.4028363,6.2457743,-0.84293795,651,0,1.1816874,1.0,0.0
701,DIAGONAL_GAUSSIAN,6,22003,701,14.187721,5.6462364,8.541485,701,1,0.49810982,0.0,0.0
702,DIAGONAL_GAUSSIAN,6,22003,702,10.706032,6.349733,4.356299,702,1,-0.0015063286,0.0,0.0
703,DIAGONAL_GAUSSIAN,6,22003,703,8.315503,7.3832045,0.93229866,703,1,-0.59243536,0.0,0.0
704,DIAGONAL_GAUSSIAN,6,22003,704,13.084634,7.551069,5.533565,704,1,0.31875277,0.0,0.0
705,DIAGONAL_GAUSSIAN,6,22003,705,11.593608,9.025082,2.5685263,705,1,-0.06313419,0.0,0.0
706,DIAGONAL_GAUSSIAN,6,22003,706,3.8439696,10.345636,-6.501667,449,0,-0.45149994,0.0,0.0
707,DIAGONAL_GAUSSIAN,6,22003,707,14.7749195,9.288202,5.486717,707,1,0.0647831,0.0,0.0
708,DIAGONAL_GAUSSIAN,6,22003,708,9.3866,8.826086,0.5605135,708,1,1.0092268,0.0,0.0
709,DIAGONAL_GAUSSIAN,6,22003,709,6.8634667,9.494629,-2.6311622,411,0,3.829719,1.0,0.0
710,DIAGONAL_GAUSSIAN,6,22003,710,2.9947112,7.962149,-4.9674377,709,0,-0.7827773,0.0,0.0
711,DIAGONAL_GAUSSIAN,6,22003,711,13.939191,8.488149,5.451042,711,1,-0.966568,0.0,0.0
712,DIAGONAL_GAUSSIAN,6,22003,712,11.988686,6.8691244,5.119561,712,1,0.7227917,0.0,0.0
713,DIAGONAL_GAUSSIAN,6,22003,713,15.397017,7.8110857,7.585931,713,1,-0.1753149,0.0,0.0
714,DIAGONAL_GAUSSIAN,6,22003,714,14.667937,8.071225,6.596712,714,1,1.8495035,0.0,0.0
715,DIAGONAL_GAUSSIAN,6,22003,715,8.332082,7.7507463,0.58133554,715,1,-0.057505608,0.0,0.0
716,DIAGONAL_GAUSSIAN,6,22003,716,13.387267,10.678144,2.7091227,716,1,-0.68366337,0.0,0.0
717,DIAGONAL_GAUSSIAN,6,22003,717,13.764978,6.0601745,7.704804,717,1,-0.005288124,0.0,0.0
718,DIAGONAL_GAUSSIAN,6,22003,718,10.360007,13.879284,-3.5192766,821,0,0.18817425,0.0,0.0
719,DIAGONAL_GAUSSIAN,6,22003,719,12.451301,5.978705,6.4725957,719,1,2.0712218,0.0,0.0
720,DIAGONAL_GAUSSIAN,6,22003,720,9.368462,10.268577,-0.900115,629,0,1.8150148,1.0,0.0
721,DIAGONAL_GAUSSIAN,6,22003,721,14.810617,7.7286043,7.082013,721,1,-0.022950172,0.0,0.0
722,DIAGONAL_GAUSSIAN,6,22003,722,6.6279325,5.755274,0.8726587,722,1,-2.8850427,0.0,1.0
723,DIAGONAL_GAUSSIAN,6,22003,723,1.1930411,6.3354263,-5.1423855,472,0,-1.0785346,0.0,0.0
724,DIAGONAL_GAUSSIAN,6,22003,724,9.971902,10.075054,-0.103152275,780,0,-0.24491692,0.0,0.0
725,DIAGONAL_GAUSSIAN,6,22003,725,10.657024,9.438661,1.2183638,725,1,-0.93778706,0.0,0.0
726,DIAGONAL_GAUSSIAN,6,22003,726,12.408287,8.533126,3.8751612,726,1,0.7823849,0.0,0.0
727,DIAGONAL_GAUSSIAN,6,22003,727,13.924027,8.2849045,5.639123,727,1,-0.28202438,0.0,0.0
728,DIAGONAL_GAUSSIAN,6,22003,728,14.47522,6.247652,8.227568,728,1,-0.112155914,0.0,0.0
729,DIAGONAL_GAUSSIAN,6,22003,729,1.1900729,6.181007,-4.990934,819,0,1.6981115,0.0,0.0
730,DIAGONAL_GAUSSIAN,6,22003,730,15.095977,8.685319,6.410658,730,1,0.28224277,0.0,0.0
731,DIAGONAL_GAUSSIAN,6,22003,731,11.486784,9.94347,1.543314,731,1,-1.0570517,0.0,0.0
732,DIAGONAL_GAUSSIAN,6,22003,732,13.5786915,6.0519547,7.5267367,732,1,0.27977943,0.0,0.0
733,DIAGONAL_GAUSSIAN,6,22003,733,11.438243,6.507625,4.930618,733,1,0.23766375,0.0,0.0
734,DIAGONAL_GAUSSIAN,6,22003,734,13.29487,5.8991656,7.3957047,734,1,0.17315388,0.0,0.0
735,DIAGONAL_GAUSSIAN,6,22003,735,7.220868,7.774459,-0.5535908,439,0,0.4167533,0.0,0.0
736,DIAGONAL_GAUSSIAN,6,22003,736,12.119914,5.776029,6.343885,736,1,-0.48560572,0.0,0.0
737,DIAGONAL_GAUSSIAN,6,22003,737,12.118854,7.981079,4.1377745,737,1,0.92459965,0.0,0.0
738,DIAGONAL_GAUSSIAN,6,22003,738,12.698795,6.813867,5.884928,738,1,0.23962069,0.0,0.0
739,DIAGONAL_GAUSSIAN,6,22003,739,15.080543,3.8088396,11.271703,739,1,0.07886124,0.0,0.0
740,DIAGONAL_GAUSSIAN,6,22003,740,2.995138,5.5155687,-2.5204308,854,0,3.1580074,1.0,0.0
741,DIAGONAL_GAUSSIAN,6,22003,741,10.433911,7.8525023,2.581409,741,1,1.9066739,0.0,0.0
742,DIAGONAL_GAUSSIAN,6,22003,742,6.243112,9.413641,-3.170529,713,0,-0.079006195,0.0,0.0
743,DIAGONAL_GAUSSIAN,6,22003,743,6.0469112,9.29712,-3.2502089,884,0,-0.43032837,0.0,0.0
744,DIAGONAL_GAUSSIAN,6,22003,744,2.3691094,7.2008986,-4.831789,655,0,1.1801972,0.0,0.0
745,DIAGONAL_GAUSSIAN,6,22003,745,14.020471,5.3980722,8.622398,745,1,-0.2635975,0.0,0.0
746,DIAGONAL_GAUSSIAN,6,22003,746,15.321363,4.39379,10.927574,746,1,-0.7235489,0.0,0.0
747,DIAGONAL_GAUSSIAN,6,22003,747,6.1048455,8.99616,-2.891314,430,0,0.29394484,0.0,0.0
748,DIAGONAL_GAUSSIAN,6,22003,748,8.03108,6.192238,1.8388424,748,1,0.52515507,0.0,0.0
749,DIAGONAL_GAUSSIAN,6,22003,749,14.909193,5.127814,9.78138,749,1,-0.016651154,0.0,0.0
750,DIAGONAL_GAUSSIAN,6,22003,750,10.844545,9.740179,1.1043663,750,1,0.24123383,0.0,0.0
751,DIAGONAL_GAUSSIAN,6,22003,751,12.084367,11.16152,0.9228468,751,1,-1.1035786,0.0,1.0
752,DIAGONAL_GAUSSIAN,6,22003,752,13.3017845,7.1133194,6.188465,752,1,0.43048668,0.0,0.0
753,DIAGONAL_GAUSSIAN,6,22003,753,12.601375,7.6540775,4.947297,753,1,0.5373635,0.0,0.0
754,DIAGONAL_GAUSSIAN,6,22003,754,7.47532,10.300526,-2.8252058,487,0,1.2337208,0.0,0.0
755,DIAGONAL_GAUSSIAN,6,22003,755,10.675479,6.0057616,4.6697173,755,1,0.40166092,0.0,0.0
756,DIAGONAL_GAUSSIAN,6,22003,756,11.277533,8.261788,3.0157442,756,1,0.41367817,0.0,0.0
757,DIAGONAL_GAUSSIAN,6,22003,757,6.0313187,12.0420685,-6.01075,654,0,0.42098475,0.0,0.0
758,DIAGONAL_GAUSSIAN,6,22003,758,7.9400234,6.003341,1.9366822,758,1,1.6732125,0.0,0.0
759,DIAGONAL_GAUSSIAN,6,22003,759,13.435412,8.563698,4.8717146,759,1,-0.6412029,0.0,0.0
760,DIAGONAL_GAUSSIAN,6,22003,760,1.8576949,7.159342,-5.301647,819,0,-0.3547263,0.0,0.0
761,DIAGONAL_GAUSSIAN,6,22003,761,0.8049265,11.317649,-10.512722,208,0,3.1475954,0.0,0.0
762,DIAGONAL_GAUSSIAN,6,22003,762,13.609863,8.293542,5.3163214,762,1,-0.8442564,0.0,0.0
763,DIAGONAL_GAUSSIAN,6,22003,763,14.637336,10.190923,4.446413,763,1,-0.3116417,0.0,0.0
764,DIAGONAL_GAUSSIAN,6,22003,764,8.568497,7.373946,1.1945505,764,1,0.39774656,0.0,0.0
765,DIAGONAL_GAUSSIAN,6,22003,765,13.698914,3.9564068,9.742507,765,1,0.49364567,0.0,0.0
766,DIAGONAL_GAUSSIAN,6,22003,766,11.913226,6.9884334,4.924793,766,1,-0.8637471,0.0,0.0
767,DIAGONAL_GAUSSIAN,6,22003,767,12.351352,9.693791,2.6575603,767,1,1.9638481,0.0,0.0
768,DIAGONAL_GAUSSIAN,6,22003,768,10.3606,11.431205,-1.0706043,805,0,1.6768713,1.0,0.0
769,DIAGONAL_GAUSSIAN,6,22003,769,14.372859,7.716086,6.656773,769,1,2.89459,0.0,0.0
770,DIAGONAL_GAUSSIAN,6,22003,770,12.817058,5.1826024,7.634455,770,1,-0.6312194,0.0,0.0
771,DIAGONAL_GAUSSIAN,6,22003,771,14.622109,7.7644424,6.857667,771,1,-0.16597557,0.0,0.0
772,DIAGONAL_GAUSSIAN,6,22003,772,0.98853993,7.188744,-6.200204,452,0,1.0423784,0.0,0.0
773,DIAGONAL_GAUSSIAN,6,22003,773,4.207893,9.169745,-4.9618526,898,0,0.7573695,0.0,0.0
774,DIAGONAL_GAUSSIAN,6,22003,774,10.535033,7.102112,3.4329214,774,1,0.93965054,0.0,0.0
775,DIAGONAL_GAUSSIAN,6,22003,775,14.594022,6.102016,8.492006,775,1,-0.00579834,0.0,0.0
776,DIAGONAL_GAUSSIAN,6,22003,776,13.66722,5.501337,8.165883,776,1,0.28400135,0.0,0.0
777,DIAGONAL_GAUSSIAN,6,22003,777,15.825545,6.574663,9.250882,777,1,0.279809,0.0,0.0
778,DIAGONAL_GAUSSIAN,6,22003,778,7.984186,7.0852094,0.8989768,778,1,0.6288781,0.0,0.0
779,DIAGONAL_GAUSSIAN,6,22003,779,14.655123,4.287877,10.367246,779,1,-0.15988255,0.0,0.0
780,DIAGONAL_GAUSSIAN,6,22003,780,13.894583,10.245759,3.6488237,780,1,1.4583454,0.0,0.0
781,DIAGONAL_GAUSSIAN,6,22003,781,14.084118,4.4465322,9.637586,781,1,0.08879852,0.0,0.0
782,DIAGONAL_GAUSSIAN,6,22003,782,11.860064,10.2496,1.6104631,782,1,0.011493683,0.0,0.0
783,DIAGONAL_GAUSSIAN,6,22003,783,16.030964,7.0892167,8.941748,783,1,-0.36871147,0.0,0.0
784,DIAGONAL_GAUSSIAN,6,22003,784,6.1071396,7.820249,-1.7131095,469,0,-0.4133935,0.0,0.0
785,DIAGONAL_GAUSSIAN,6,22003,785,12.49413,5.949731,6.5443993,785,1,0.98226166,0.0,0.0
786,DIAGONAL_GAUSSIAN,6,22003,786,14.963472,5.932573,9.030899,786,1,0.7959213,0.0,0.0
787,DIAGONAL_GAUSSIAN,6,22003,787,14.996457,9.204925,5.7915325,787,1,-1.4102497,0.0,0.0
788,DIAGONAL_GAUSSIAN,6,22003,788,9.726606,7.2982717,2.4283347,788,1,0.49784613,0.0,0.0
789,DIAGONAL_GAUSSIAN,6,22003,789,13.719587,9.935045,3.784542,789,1,0.052005768,0.0,0.0
790,DIAGONAL_GAUSSIAN,6,22003,790,6.690839,7.714733,-1.0238943,860,0,1.8716998,1.0,0.0
791,DIAGONAL_GAUSSIAN,6,22003,791,4.536103,6.9195647,-2.383462,518,0,-0.59993505,0.0,0.0
792,DIAGONAL_GAUSSIAN,6,22003,792,11.717423,7.7414885,3.975935,792,1,0.91841745,0.0,0.0
793,DIAGONAL_GAUSSIAN,6,22003,793,13.785825,8.731848,5.053977,793,1,0.18500233,0.0,0.0
794,DIAGONAL_GAUSSIAN,6,22003,794,5.1164017,9.019524,-3.903122,601,0,0.6608219,0.0,0.0
795,DIAGONAL_GAUSSIAN,6,22003,795,9.982125,4.3356776,5.6464477,795,1,0.8501754,0.0,0.0
796,DIAGONAL_GAUSSIAN,6,22003,796,14.363176,9.307419,5.0557575,796,1,-0.05156994,0.0,0.0
797,DIAGONAL_GAUSSIAN,6,22003,797,9.389525,8.916753,0.4727726,797,1,1.0129132,0.0,0.0
798,DIAGONAL_GAUSSIAN,6,22003,798,7.2090683,9.306043,-2.0969744,906,0,-0.09223652,0.0,0.0
799,DIAGONAL_GAUSSIAN,6,22003,799,12.128961,8.548071,3.5808897,799,1,0.2596035,0.0,0.0
800,DIAGONAL_GAUSSIAN,6,22003,800,15.123042,4.546884,10.576159,800,1,0.70088196,0.0,0.0
801,DIAGONAL_GAUSSIAN,6,22003,801,13.937418,6.5088534,7.4285645,801,1,-0.46132565,0.0,0.0
802,DIAGONAL_GAUSSIAN,6,22003,802,13.515951,8.154555,5.361396,802,1,0.6901989,0.0,0.0
803,DIAGONAL_GAUSSIAN,6,22003,803,12.954802,7.868947,5.0858545,803,1,0.5883813,0.0,0.0
804,DIAGONAL_GAUSSIAN,6,22003,804,7.986322,6.612112,1.3742099,804,1,-1.5431442,0.0,1.0
805,DIAGONAL_GAUSSIAN,6,22003,805,12.648623,10.665303,1.9833202,805,1,-4.888259,0.0,1.0
806,DIAGONAL_GAUSSIAN,6,22003,806,8.960485,8.672713,0.28777218,806,1,0.7387943,0.0,0.0
807,DIAGONAL_GAUSSIAN,6,22003,807,15.044635,6.289782,8.754852,807,1,-1.0619268,0.0,0.0
808,DIAGONAL_GAUSSIAN,6,22003,808,11.866942,6.0292735,5.837669,808,1,-0.5581608,0.0,0.0
809,DIAGONAL_GAUSSIAN,6,22003,809,8.166565,10.35327,-2.1867046,923,0,-0.5294447,0.0,0.0
810,DIAGONAL_GAUSSIAN,6,22003,810,14.4200945,12.172127,2.2479677,810,1,-0.3258772,0.0,0.0
811,DIAGONAL_GAUSSIAN,6,22003,811,4.74085,11.519738,-6.778888,760,0,-0.46881866,0.0,0.0
812,DIAGONAL_GAUSSIAN,6,22003,812,14.542441,6.904598,7.637843,812,1,-0.26368856,0.0,0.0
813,DIAGONAL_GAUSSIAN,6,22003,813,6.798792,7.4770746,-0.67828274,618,0,0.70954084,1.0,0.0
814,DIAGONAL_GAUSSIAN,6,22003,814,11.94724,10.066896,1.8803434,814,1,1.5067234,0.0,0.0
815,DIAGONAL_GAUSSIAN,6,22003,815,13.8938875,8.5706625,5.323225,815,1,-0.030997276,0.0,0.0
816,DIAGONAL_GAUSSIAN,6,22003,816,12.363015,10.073921,2.289094,816,1,1.6297512,0.0,0.0
817,DIAGONAL_GAUSSIAN,6,22003,817,13.29211,10.522369,2.769741,817,1,0.44850254,0.0,0.0
818,DIAGONAL_GAUSSIAN,6,22003,818,8.245703,8.881767,-0.6360645,466,0,-0.52561617,0.0,0.0
819,DIAGONAL_GAUSSIAN,6,22003,819,13.781383,7.8930755,5.888307,819,1,-0.27866364,0.0,0.0
820,DIAGONAL_GAUSSIAN,6,22003,820,13.185036,7.5908623,5.5941734,820,1,0.66751194,0.0,0.0
821,DIAGONAL_GAUSSIAN,6,22003,821,13.320844,8.754806,4.566038,821,1,-0.06148815,0.0,0.0
822,DIAGONAL_GAUSSIAN,6,22003,822,14.986401,4.43192,10.554481,822,1,0.070347786,0.0,0.0
823,DIAGONAL_GAUSSIAN,6,22003,823,1.4559222,10.62009,-9.164167,854,0,3.0980349,0.0,0.0
824,DIAGONAL_GAUSSIAN,6,22003,824,14.518122,9.011335,5.5067863,824,1,-1.3994827,0.0,0.0
825,DIAGONAL_GAUSSIAN,6,22003,825,13.531344,4.2969327,9.234411,825,1,0.07460976,0.0,0.0
826,DIAGONAL_GAUSSIAN,6,22003,826,-0.7914944,5.467959,-6.2594533,588,0,0.3547001,0.0,0.0
827,DIAGONAL_GAUSSIAN,6,22003,827,13.426214,9.371385,4.0548296,827,1,-0.009290695,0.0,0.0
828,DIAGONAL_GAUSSIAN,6,22003,828,2.2388146,7.639773,-5.400958,712,0,0.43524647,0.0,0.0
829,DIAGONAL_GAUSSIAN,6,22003,829,14.135324,8.180221,5.955103,829,1,0.04893303,0.0,0.0
830,DIAGONAL_GAUSSIAN,6,22003,830,1.2493798,5.633742,-4.384362,880,0,-0.13749743,0.0,0.0
831,DIAGONAL_GAUSSIAN,6,22003,831,13.193789,9.768898,3.4248905,831,1,-0.5818291,0.0,0.0
832,DIAGONAL_GAUSSIAN,6,22003,832,14.231468,6.9883814,7.243087,832,1,-1.0404768,0.0,0.0
833,DIAGONAL_GAUSSIAN,6,22003,833,12.190579,4.5841494,7.60643,833,1,-0.25828314,0.0,0.0
834,DIAGONAL_GAUSSIAN,6,22003,834,5.331161,7.0369706,-1.7058096,253,0,1.9117332,1.0,0.0
835,DIAGONAL_GAUSSIAN,6,22003,835,10.646523,11.082814,-0.43629074,409,0,-0.061638832,0.0,0.0
836,DIAGONAL_GAUSSIAN,6,22003,836,14.1300745,13.634931,0.4951439,836,1,-0.19915676,0.0,0.0
837,DIAGONAL_GAUSSIAN,6,22003,837,4.6218576,6.4378185,-1.8159609,678,0,-1.0261173,0.0,0.0
838,DIAGONAL_GAUSSIAN,6,22003,838,12.974761,10.521285,2.453476,838,1,0.097421646,0.0,0.0
839,DIAGONAL_GAUSSIAN,6,22003,839,12.7276325,10.290479,2.4371538,839,1,-0.023508072,0.0,0.0
840,DIAGONAL_GAUSSIAN,6,22003,840,15.3066,9.159778,6.146822,840,1,0.54721737,0.0,0.0
841,DIAGONAL_GAUSSIAN,6,22003,841,11.768012,6.669751,5.098261,841,1,0.5043926,0.0,0.0
842,DIAGONAL_GAUSSIAN,6,22003,842,9.42011,8.79053,0.62957954,842,1,0.06475067,0.0,0.0
843,DIAGONAL_GAUSSIAN,6,22003,843,9.8490715,6.2570233,3.5920482,843,1,-0.9270325,0.0,0.0
844,DIAGONAL_GAUSSIAN,6,22003,844,13.780825,5.6886315,8.092194,844,1,0.99721146,0.0,0.0
845,DIAGONAL_GAUSSIAN,6,22003,845,6.3922668,8.001943,-1.6096759,419,0,-0.6105056,0.0,0.0
846,DIAGONAL_GAUSSIAN,6,22003,846,12.933239,11.990629,0.9426098,846,1,0.011221886,0.0,0.0
847,DIAGONAL_GAUSSIAN,6,22003,847,13.22988,10.614167,2.6157131,847,1,1.3002319,0.0,0.0
848,DIAGONAL_GAUSSIAN,6,22003,848,9.593668,11.187231,-1.5935631,482,0,0.45887852,0.0,0.0
849,DIAGONAL_GAUSSIAN,6,22003,849,10.1091795,11.702187,-1.5930071,505,0,-0.94928265,0.0,0.0
850,DIAGONAL_GAUSSIAN,6,22003,850,11.855283,9.322663,2.5326195,850,1,0.8140545,0.0,0.0
851,DIAGONAL_GAUSSIAN,6,22003,851,11.350454,8.716484,2.6339703,851,1,0.06899452,0.0,0.0
852,DIAGONAL_GAUSSIAN,6,22003,852,10.463964,10.4950285,-0.031064034,489,0,1.482955,1.0,0.0
853,DIAGONAL_GAUSSIAN,6,22003,853,14.80951,5.208114,9.601397,853,1,-0.36734104,0.0,0.0
854,DIAGONAL_GAUSSIAN,6,22003,854,13.40595,5.8961835,7.509766,854,1,-0.3399067,0.0,0.0
855,DIAGONAL_GAUSSIAN,6,22003,855,13.4268675,8.123768,5.3030996,855,1,0.40244865,0.0,0.0
856,DIAGONAL_GAUSSIAN,6,22003,856,12.029969,8.504225,3.5257444,856,1,-1.2763376,0.0,0.0
857,DIAGONAL_GAUSSIAN,6,22003,857,10.268363,11.144627,-0.8762636,765,0,-0.7031412,0.0,0.0
858,DIAGONAL_GAUSSIAN,6,22003,858,13.902152,4.9534106,8.948742,858,1,0.35081673,0.0,0.0
859,DIAGONAL_GAUSSIAN,6,22003,859,14.974982,5.1208353,9.854147,859,1,-0.3542137,0.0,0.0
860,DIAGONAL_GAUSSIAN,6,22003,860,8.435897,11.575398,-3.1395016,919,0,0.58086014,0.0,0.0
861,DIAGONAL_GAUSSIAN,6,22003,861,11.536181,10.234467,1.3017149,861,1,-1.8152542,0.0,1.0
862,DIAGONAL_GAUSSIAN,6,22003,862,14.935451,4.083132,10.852319,862,1,0.36156178,0.0,0.0
863,DIAGONAL_GAUSSIAN,6,22003,863,8.80655,8.955345,-0.14879513,643,0,3.6591587,1.0,0.0
864,DIAGONAL_GAUSSIAN,6,22003,864,9.811295,10.567218,-0.7559233,867,0,1.1088095,1.0,0.0
865,DIAGONAL_GAUSSIAN,6,22003,865,12.869817,11.209872,1.6599445,865,1,1.2006836,0.0,0.0
866,DIAGONAL_GAUSSIAN,6,22003,866,9.659388,14.583876,-4.924488,856,0,-0.17526054,0.0,0.0
867,DIAGONAL_GAUSSIAN,6,22003,867,13.801311,7.5616374,6.239673,867,1,-0.23406744,0.0,0.0
868,DIAGONAL_GAUSSIAN,6,22003,868,9.12228,8.337132,0.78514767,868,1,-0.93995285,0.0,1.0
869,DIAGONAL_GAUSSIAN,6,22003,869,4.397291,7.451834,-3.054543,906,0,1.3153052,0.0,0.0
870,DIAGONAL_GAUSSIAN,6,22003,870,11.966429,9.774269,2.1921597,870,1,-0.012164116,0.0,0.0
871,DIAGONAL_GAUSSIAN,6,22003,871,14.318199,10.274531,4.043668,871,1,0.50881577,0.0,0.0
872,DIAGONAL_GAUSSIAN,6,22003,872,6.98737,7.8445144,-0.85714436,477,0,1.8984628,1.0,0.0
873,DIAGONAL_GAUSSIAN,6,22003,873,4.445871,11.797895,-7.3520246,698,0,-0.3948617,0.0,0.0
874,DIAGONAL_GAUSSIAN,6,22003,874,11.506112,10.961532,0.54458046,874,1,0.5626974,0.0,0.0
875,DIAGONAL_GAUSSIAN,6,22003,875,14.634649,7.52807,7.1065793,875,1,-0.13841867,0.0,0.0
876,DIAGONAL_GAUSSIAN,6,22003,876,4.188182,9.932605,-5.744423,706,0,-1.2456827,0.0,0.0
877,DIAGONAL_GAUSSIAN,6,22003,877,9.462375,6.340543,3.121832,877,1,-1.767498,0.0,0.0
878,DIAGONAL_GAUSSIAN,6,22003,878,11.288698,13.722822,-2.434124,810,0,-0.0786829,0.0,0.0
879,DIAGONAL_GAUSSIAN,6,22003,879,10.276943,7.1341004,3.1428428,879,1,-0.119911194,0.0,0.0
880,DIAGONAL_GAUSSIAN,6,22003,880,15.3345995,4.859577,10.475022,880,1,-0.09072971,0.0,0.0
881,DIAGONAL_GAUSSIAN,6,22003,881,13.783616,8.471724,5.3118925,881,1,-0.13628483,0.0,0.0
882,DIAGONAL_GAUSSIAN,6,22003,882,4.627893,7.601677,-2.973784,851,0,1.8898568,0.0,0.0
883,DIAGONAL_GAUSSIAN,6,22003,883,6.7774076,7.8692827,-1.0918751,725,0,-0.3623724,0.0,0.0
884,DIAGONAL_GAUSSIAN,6,22003,884,11.96107,10.637103,1.323967,884,1,0.6835613,0.0,0.0
885,DIAGONAL_GAUSSIAN,6,22003,885,9.104423,11.767426,-2.663003,434,0,0.02285099,0.0,0.0
886,DIAGONAL_GAUSSIAN,6,22003,886,13.195181,5.4771175,7.7180634,886,1,0.20822763,0.0,0.0
887,DIAGONAL_GAUSSIAN,6,22003,887,2.9255137,6.3476825,-3.4221687,911,0,-0.95575523,0.0,0.0
888,DIAGONAL_GAUSSIAN,6,22003,888,12.413384,7.6133256,4.800059,888,1,-0.6218252,0.0,0.0
889,DIAGONAL_GAUSSIAN,6,22003,889,10.887907,8.783964,2.1039429,889,1,-1.0198374,0.0,0.0
890,DIAGONAL_GAUSSIAN,6,22003,890,12.621936,6.389084,6.232852,890,1,-0.03729391,0.0,0.0
891,DIAGONAL_GAUSSIAN,6,22003,891,14.752534,3.8200457,10.932488,891,1,0.32973003,0.0,0.0
892,DIAGONAL_GAUSSIAN,6,22003,892,13.616342,13.066087,0.5502548,892,1,-0.7718754,0.0,1.0
893,DIAGONAL_GAUSSIAN,6,22003,893,7.639951,8.472645,-0.8326936,767,0,-0.9581132,0.0,0.0
894,DIAGONAL_GAUSSIAN,6,22003,894,8.022079,8.763534,-0.7414541,771,0,0.22343731,0.0,0.0
895,DIAGONAL_GAUSSIAN,6,22003,895,13.88658,10.47183,3.41475,895,1,-0.45530987,0.0,0.0
896,DIAGONAL_GAUSSIAN,6,22003,896,11.578363,8.432893,3.1454706,896,1,0.7307329,0.0,0.0
897,DIAGONAL_GAUSSIAN,6,22003,897,11.187825,6.9420667,4.2457585,897,1,-2.6815705,0.0,0.0
898,DIAGONAL_GAUSSIAN,6,22003,898,12.755705,11.466962,1.288743,898,1,-0.0020999908,0.0,0.0
899,DIAGONAL_GAUSSIAN,6,22003,899,11.653492,10.611801,1.0416908,899,1,0.09310341,0.0,0.0
900,DIAGONAL_GAUSSIAN,6,22003,900,13.84935,4.5122476,9.337103,900,1,0.13106823,0.0,0.0
901,DIAGONAL_GAUSSIAN,6,22003,901,14.598217,5.977501,8.620716,901,1,0.12777233,0.0,0.0
902,DIAGONAL_GAUSSIAN,6,22003,902,13.387234,9.27013,4.1171036,902,1,-0.100393295,0.0,0.0
903,DIAGONAL_GAUSSIAN,6,22003,903,14.874636,5.9826727,8.891963,903,1,0.19961071,0.0,0.0
904,DIAGONAL_GAUSSIAN,6,22003,904,13.486648,4.680792,8.805856,904,1,0.45382595,0.0,0.0
905,DIAGONAL_GAUSSIAN,6,22003,905,8.822738,8.042415,0.780323,905,1,-0.21604061,0.0,0.0
906,DIAGONAL_GAUSSIAN,6,22003,906,4.1378093,10.683202,-6.5453925,785,0,-0.64339495,0.0,0.0
907,DIAGONAL_GAUSSIAN,6,22003,907,5.420472,9.685954,-4.265482,899,0,-1.191668,0.0,0.0
908,DIAGONAL_GAUSSIAN,6,22003,908,9.128806,13.852542,-4.723736,895,0,0.05260086,0.0,0.0
909,DIAGONAL_GAUSSIAN,6,22003,909,12.634975,10.425943,2.209032,909,1,1.3710489,0.0,0.0
910,DIAGONAL_GAUSSIAN,6,22003,910,3.8374376,5.7406535,-1.9032159,961,0,0.13912106,0.0,0.0
911,DIAGONAL_GAUSSIAN,6,22003,911,8.728116,7.633466,1.0946503,911,1,1.1925354,0.0,0.0
912,DIAGONAL_GAUSSIAN,6,22003,912,15.854588,8.413809,7.4407787,912,1,0.26056576,0.0,0.0
913,DIAGONAL_GAUSSIAN,6,22003,913,14.712764,6.799858,7.9129057,913,1,0.052317142,0.0,0.0
914,DIAGONAL_GAUSSIAN,6,22003,914,13.25392,5.6390514,7.614868,914,1,0.2068801,0.0,0.0
915,DIAGONAL_GAUSSIAN,6,22003,915,5.3852134,9.162467,-3.7772536,853,0,-0.032068968,0.0,0.0
916,DIAGONAL_GAUSSIAN,6,22003,916,14.237581,6.037674,8.199907,916,1,-0.047416687,0.0,0.0
917,DIAGONAL_GAUSSIAN,6,22003,917,13.9322,7.9213934,6.010807,917,1,-0.74478626,0.0,0.0
918,DIAGONAL_GAUSSIAN,6,22003,918,12.217762,6.9650865,5.2526755,918,1,1.1735702,0.0,0.0
919,DIAGONAL_GAUSSIAN,6,22003,919,1.2400337,11.740204,-10.50017,788,0,0.40881824,0.0,0.0
920,DIAGONAL_GAUSSIAN,6,22003,920,8.80074,8.378392,0.42234802,920,1,0.66451836,0.0,0.0
921,DIAGONAL_GAUSSIAN,6,22003,921,11.6213455,6.4498672,5.1714783,921,1,-1.3633022,0.0,0.0
922,DIAGONAL_GAUSSIAN,6,22003,922,12.952349,5.7956343,7.1567144,922,1,-0.62187624,0.0,0.0
923,DIAGONAL_GAUSSIAN,6,22003,923,5.953415,7.3587794,-1.4053645,891,0,0.20936728,0.0,0.0
924,DIAGONAL_GAUSSIAN,6,22003,924,14.609097,6.7433925,7.865704,924,1,-0.19451237,0.0,0.0
925,DIAGONAL_GAUSSIAN,6,22003,925,14.226027,5.801102,8.424925,925,1,-0.3283882,0.0,0.0
926,DIAGONAL_GAUSSIAN,6,22003,926,13.253327,9.040666,4.2126617,926,1,0.2410078,0.0,0.0
927,DIAGONAL_GAUSSIAN,6,22003,927,14.369896,5.9419847,8.427912,927,1,-0.57979584,0.0,0.0
928,DIAGONAL_GAUSSIAN,6,22003,928,5.494487,10.166486,-4.671999,969,0,0.7605171,0.0,0.0
929,DIAGONAL_GAUSSIAN,6,22003,929,6.6450047,6.251645,0.39335966,929,1,3.4172854,0.0,0.0
930,DIAGONAL_GAUSSIAN,6,22003,930,10.890543,11.19186,-0.30131721,923,0,0.31257534,1.0,0.0
931,DIAGONAL_GAUSSIAN,6,22003,931,14.721848,6.4100733,8.311774,931,1,0.07676792,0.0,0.0
932,DIAGONAL_GAUSSIAN,6,22003,932,6.2172346,11.615397,-5.398163,923,0,0.2599535,0.0,0.0
933,DIAGONAL_GAUSSIAN,6,22003,933,13.503719,5.9805493,7.52317,933,1,-0.19092226,0.0,0.0
934,DIAGONAL_GAUSSIAN,6,22003,934,14.581828,4.3099685,10.27186,934,1,-0.23676586,0.0,0.0
935,DIAGONAL_GAUSSIAN,6,22003,935,13.100553,7.801445,5.2991076,935,1,-0.42277384,0.0,0.0
936,DIAGONAL_GAUSSIAN,6,22003,936,10.291774,7.6295676,2.6622062,936,1,0.9368787,0.0,0.0
937,DIAGONAL_GAUSSIAN,6,22003,937,14.0376005,6.61985,7.4177504,937,1,0.4224887,0.0,0.0
938,DIAGONAL_GAUSSIAN,6,22003,938,13.740361,8.286294,5.454067,938,1,0.7763729,0.0,0.0
939,DIAGONAL_GAUSSIAN,6,22003,939,12.745441,8.124676,4.6207657,939,1,0.5830245,0.0,0.0
940,DIAGONAL_GAUSSIAN,6,22003,940,13.677741,9.212774,4.464967,940,1,0.5466156,0.0,0.0
941,DIAGONAL_GAUSSIAN,6,22003,941,12.491609,7.868306,4.6233025,941,1,-0.3901615,0.0,0.0
942,DIAGONAL_GAUSSIAN,6,22003,942,3.4551108,11.525802,-8.070691,964,0,0.49277878,0.0,0.0
943,DIAGONAL_GAUSSIAN,6,22003,943,14.196273,6.3487945,7.8474784,943,1,0.13050175,0.0,0.0
944,DIAGONAL_GAUSSIAN,6,22003,944,14.494131,7.6519976,6.8421335,944,1,-0.20956278,0.0,0.0
945,DIAGONAL_GAUSSIAN,6,22003,945,14.286513,5.9793005,8.307213,945,1,0.06645107,0.0,0.0
946,DIAGONAL_GAUSSIAN,6,22003,946,13.429311,7.739089,5.690222,946,1,0.2766366,0.0,0.0
947,DIAGONAL_GAUSSIAN,6,22003,947,11.579208,11.812854,-0.23364544,992,0,-0.16883183,0.0,0.0
948,DIAGONAL_GAUSSIAN,6,22003,948,12.317846,6.746046,5.5718,948,1,0.7934284,0.0,0.0
949,DIAGONAL_GAUSSIAN,6,22003,949,5.139256,7.1695147,-2.0302587,995,0,0.5755849,0.0,0.0
950,DIAGONAL_GAUSSIAN,6,22003,950,13.976673,7.082942,6.893731,950,1,-0.21730185,0.0,0.0
951,DIAGONAL_GAUSSIAN,6,22003,951,14.457483,10.1253605,4.332123,951,1,0.6034918,0.0,0.0
952,DIAGONAL_GAUSSIAN,6,22003,952,10.474468,8.525308,1.9491606,952,1,2.0287604,0.0,0.0
953,DIAGONAL_GAUSSIAN,6,22003,953,11.096047,7.47259,3.6234574,953,1,-0.64032507,0.0,0.0
954,DIAGONAL_GAUSSIAN,6,22003,954,13.972768,6.143749,7.8290186,954,1,0.24327946,0.0,0.0
955,DIAGONAL_GAUSSIAN,6,22003,955,14.787739,4.757324,10.030415,955,1,0.32898903,0.0,0.0
956,DIAGONAL_GAUSSIAN,6,22003,956,14.822594,3.8055255,11.017068,956,1,-0.14243603,0.0,0.0
957,DIAGONAL_GAUSSIAN,6,22003,957,12.644462,7.6015296,5.042932,957,1,-1.0779052,0.0,0.0
958,DIAGONAL_GAUSSIAN,6,22003,958,8.4696455,9.451859,-0.982214,663,0,-0.6745472,0.0,0.0
959,DIAGONAL_GAUSSIAN,6,22003,959,13.501872,7.530172,5.9717,959,1,-0.45613718,0.0,0.0
960,DIAGONAL_GAUSSIAN,6,22003,960,7.408169,10.92041,-3.5122414,923,0,0.80590916,0.0,0.0
961,DIAGONAL_GAUSSIAN,6,22003,961,12.209885,10.428011,1.7818737,961,1,-0.914773,0.0,0.0
962,DIAGONAL_GAUSSIAN,6,22003,962,8.046947,7.07386,0.97308636,962,1,0.24725246,0.0,0.0
963,DIAGONAL_GAUSSIAN,6,22003,963,-0.55943936,12.95429,-13.51373,335,0,0.05951214,0.0,0.0
964,DIAGONAL_GAUSSIAN,6,22003,964,9.124046,6.9006844,2.223362,964,1,-2.5534754,0.0,1.0
965,DIAGONAL_GAUSSIAN,6,22003,965,13.905986,6.4088354,7.4971504,965,1,-0.62067604,0.0,0.0
966,DIAGONAL_GAUSSIAN,6,22003,966,4.6104803,8.341401,-3.7309208,563,0,0.5254941,0.0,0.0
967,DIAGONAL_GAUSSIAN,6,22003,967,5.4306364,13.002676,-7.5720396,969,0,-0.44256878,0.0,0.0
968,DIAGONAL_GAUSSIAN,6,22003,968,6.551041,7.054715,-0.50367403,521,0,0.22755194,0.0,0.0
969,DIAGONAL_GAUSSIAN,6,22003,969,10.242447,8.02096,2.221487,969,1,-0.13919926,0.0,0.0
970,DIAGONAL_GAUSSIAN,6,22003,970,9.819702,8.460155,1.3595476,970,1,-0.015978813,0.0,0.0
971,DIAGONAL_GAUSSIAN,6,22003,971,14.588985,4.6205096,9.968475,971,1,0.4153309,0.0,0.0
972,DIAGONAL_GAUSSIAN,6,22003,972,11.37934,8.328022,3.0513182,972,1,-0.4442234,0.0,0.0
973,DIAGONAL_GAUSSIAN,6,22003,973,8.676745,13.087299,-4.410554,5,0,-0.5128155,0.0,0.0
974,DIAGONAL_GAUSSIAN,6,22003,974,11.341708,6.810205,4.531503,974,1,-1.9510536,0.0,0.0
975,DIAGONAL_GAUSSIAN,6,22003,975,9.560633,10.192228,-0.6315956,460,0,0.511467,0.0,0.0
976,DIAGONAL_GAUSSIAN,6,22003,976,12.827703,9.992191,2.8355122,976,1,0.57781696,0.0,0.0
977,DIAGONAL_GAUSSIAN,6,22003,977,14.857532,8.65466,6.2028713,977,1,0.05547428,0.0,0.0
978,DIAGONAL_GAUSSIAN,6,22003,978,10.694463,9.472251,1.2222118,978,1,-0.14828205,0.0,0.0
979,DIAGONAL_GAUSSIAN,6,22003,979,10.251582,12.884662,-2.6330795,975,0,-0.39722633,0.0,0.0
980,DIAGONAL_GAUSSIAN,6,22003,980,9.433799,6.206029,3.2277699,980,1,-0.33091116,0.0,0.0
981,DIAGONAL_GAUSSIAN,6,22003,981,9.649261,9.518294,0.13096714,981,1,-0.33658123,0.0,1.0
982,DIAGONAL_GAUSSIAN,6,22003,982,4.678758,7.4203343,-2.7415762,203,0,0.8052373,0.0,0.0
983,DIAGONAL_GAUSSIAN,6,22003,983,12.478228,7.423197,5.055031,983,1,0.41729307,0.0,0.0
984,DIAGONAL_GAUSSIAN,6,22003,984,14.111416,3.6422153,10.4692,984,1,-0.1949768,0.0,0.0
985,DIAGONAL_GAUSSIAN,6,22003,985,9.7455435,7.15791,2.5876336,985,1,-0.8832159,0.0,0.0
986,DIAGONAL_GAUSSIAN,6,22003,986,14.298672,5.2740602,9.024611,986,1,0.092692375,0.0,0.0
987,DIAGONAL_GAUSSIAN,6,22003,987,13.6161375,14.953072,-1.3369341,998,0,-0.57045746,0.0,0.0
988,DIAGONAL_GAUSSIAN,6,22003,988,13.737729,6.28047,7.457259,988,1,0.9825182,0.0,0.0
989,DIAGONAL_GAUSSIAN,6,22003,989,11.766326,6.4964795,5.2698464,989,1,1.8487043,0.0,0.0
990,DIAGONAL_GAUSSIAN,6,22003,990,14.657162,6.9107428,7.746419,990,1,0.47465134,0.0,0.0
991,DIAGONAL_GAUSSIAN,6,22003,991,13.922077,9.064214,4.8578634,991,1,0.34208298,0.0,0.0
992,DIAGONAL_GAUSSIAN,6,22003,992,12.849843,11.160672,1.6891708,992,1,-0.13826084,0.0,0.0
993,DIAGONAL_GAUSSIAN,6,22003,993,14.494095,6.2698507,8.224244,993,1,0.09578037,0.0,0.0
994,DIAGONAL_GAUSSIAN,6,22003,994,12.658757,5.543022,7.115735,994,1,-0.1214118,0.0,0.0
995,DIAGONAL_GAUSSIAN,6,22003,995,15.412157,5.4090056,10.003151,995,1,-0.032197,0.0,0.0
996,DIAGONAL_GAUSSIAN,6,22003,996,14.435788,6.557161,7.8786273,996,1,0.20864916,0.0,0.0
997,DIAGONAL_GAUSSIAN,6,22003,997,11.430604,11.147144,0.28345966,997,1,0.08689594,0.0,0.0
998,DIAGONAL_GAUSSIAN,6,22003,998,13.500482,12.856064,0.64441776,998,1,0.14813328,0.0,0.0
999,DIAGONAL_GAUSSIAN,6,22003,999,5.354236,6.110836,-0.7565999,876,0,-0.6126275,0.0,0.0
